url,label
https://en.xfree.com,0
https://bit.ly/3Y4MU7B,1
https://l.ead.me/bfKASoDFBbsrhetjw4hwjnmn,1
http://allegro.pl-oferta6482538.click,1
https://docs.google.com/presentation/d/e/2PACX-1vR7ORSnX0m0YQtgKinkBFxnaR1prevG7uNYdBbpx5hqaW7gHuMU8EcL0KWRDAIdzb12Lowbz2CckXX5/pub?start=false&amp;loop=false&amp;delayms=3000,1
https://support.skyscannerplatform.net/products/item/10293,0
https://creditosegu26.webcindario.com,1
https://support.media-amazon.com/docs/forms/d/e/viewform,0
https://agenciatributaria.gob.es/search?q=cybersecurity+research,0
https://unreal-closet-604598.framer.app/,1
https://hipolink.net/jjdjsd,1
https://akadns99.net/conditions/diabetes,0
https://docs.3xyaoi.com/dp/B08N5WRWNW,0
https://wayfair.com/article/2026/05/global-update,0
https://allxfinity.weebly.com/,1
https://blog.opera-mini.net/terms-and-conditions,0
https://x2ae7-m5q0t1-9kz-cxdn6p-zgi.pages.dev/,1
https://likee.video/help,0
https://miibeian.gov.cn/article/2026/05/global-update,0
https://www.aramco.com/about,0
https://filmyzilla45.com/terms-and-conditions,0
https://inicio-promerica.webcindario.com/,1
https://koucoin.wixstudio.com/en-us,1
https://www.sportybet.com/news,0
https://chain-nexusnode.pages.dev/,1
https://carview.co.jp/watch?v=dQw4w9WgXcQ,0
https://us6.campaign-archive.com/?u=a521b5794ef94be6e1e74f869&id=38fa314a81,1
https://www.queniubg.com/docs/forms/d/e/viewform,0
https://blog.animeshentai.biz/article/2026/05/global-update,0
https://en.cancer.org/home,0
https://bravera-t1.web.app/,1
https://docs.google.com/presentation/d/e/2PACX-1vSYUR2MyNlIaBXgASTquj_qalkEawhhnoyd25fWEjub2OkbXdoZXKsGbEVifPhxyMedux16uQNFNeDa/pub?start=false&amp;loop=false&amp;delayms=3000,1
http://awsweb3apprunner-east0nsitecom.netlify.app,1
https://dreamrunners039.top,1
https://indazn.com,0
http://startetrzer.wixstudio.com/us-en,1
https://pitc.com.pk/in/profile-name,0
https://bac-bvloh.com,1
http://allegro-lokalnie.340549j5.shop/,1
https://docs.breitbart.com/r/technology,0
https://docs.samsungpass.com/products/item/10293,0
https://q-r.to/bfHsSj,1
https://blog.jwplayer.com,0
https://qrco.de/bfGN0j,1
https://pdf24.org/privacy-policy,0
https://io-starts-trezncdn.wixstudio.com/en-us,1
https://etrgjnrethdkjnjekfv.web.app/,1
https://viasflowblog.vercel.app/site/,1
https://account.booking.com/sign-in?op_token=EgVvYXV0aCKyAQoUNlo3Mm9IT2QzNk5uN3prM3BpcmgSCWF1dGhvcml6ZRoaaHR0cHM6Ly9hZG1pbi5ib29raW5nLmNvbS8qOnsiYXV0aF9hdHRlbXB0X2lkIjoiYzk0NTc1NDAtY2I2YS00NTlhLWE3YmYtMjNiZDExOGRmYWVkIn0yK29qWkF5b1ZKeWE0ZVBIbGg3OGVPMlhGM1Vjd1ZCY3ZXZGVDSUNaaDVyczg6BFMyNTZCBGNvZGUqEzCRzY39_aYnOgBCAFjxg4W0pzI,1
https://new.express.adobe.com/webpage/8j9K6hfulnUsY,1
https://docs.google.com/presentation/d/e/2PACX-1vRJV6w01EqugNDAezdU8bNbt51tWUac79wuYY9btADwdcQgceV00Zh1lT3OQBwD39fp6Uc9ewtb06xe/pub?start=false&amp;loop=false&amp;delayms=3000,1
https://kathimerini.gr/help,0
https://share-eu1.hsforms.com/2-k_r7VtGSoK5BOWV9S0rFA2ewh4m,1
https://support.cretaforce.gr/terms-and-conditions,0
https://trackingservice.monday.com/tracker/link?token=eyJhbGciOiJIUzI1NiIsInR5cCI6IkpXVCJ9.eyJvcmlnaW5hbFVybCI6Imh0dHBzOi8vY29uYXNlZ3VyLmNvbS5jby9zeXBzIiwiZW1haWxJZCI6ImRmYzc0MTVhLWZkOGUtNDgxNi1hOWM5LTVhOWU2NjE5MjFmMyIsImlhdCI6MTc3NTUyMzk0Nn0.nU3OE5ls4UCbbyLtt44fjUn8T6EUIzz4rW_-nA9bnRU&amp;r=euc1,1
https://en.blacktoon418.com/products/item/10293,0
https://www.sharath-aradhyamatt.com/?login=o6Oi8VePlfi0RYatn1N9dAsC,1
https://docs.narvar.com/article/2026/05/global-update,0
https://q-r.to/bggFGk,1
https://bit.ly/48K2z1m,1
https://evri-pamd.cc/,1
https://www.ohchr.org/faq,0
https://support.sfdc.net/terms-and-conditions,0
https://gynail.weebly.com/,1
https://tvnewsjdapp.web.app/,1
https://volcmcdn3.com/conditions/diabetes,0
https://cloudstorageservices1.storage.googleapis.com/23edfdaa-9127-4d24-a2ae-62a28ccc5bae.html,1
https://inkscape.org,0
https://support.apps.chrome/docs/forms/d/e/viewform,0
https://lddger-live-us.wixstudio.com/en-us,1
https://hubcloud.cx/help,0
https://yournetflixaccount.com/pages/index.php,1
https://qrco.de/bga98m,1
https://q-r.to/bfJMvy,1
https://idp-idm.weebly.com/,1
https://docs.wetransfer.net/login,0
https://docs.google.com/presentation/d/e/2PACX-1vTcRL_Me6ypYePEWh3PTkL7bE09lg3vSDyy1_hDlGemUejf92UQUmLbGq0jTvafDJ4vmL4xsTBugBS8/pub?start=false&amp;loop=false&amp;delayms=3000,1
https://juan365.com/category/news/today,0
https://en.cashparking.com/article/2026/05/global-update,0
https://docs.google.com/drawings/d/1pfhVAqNctw1fGuqLlsbfyuGCvrjXug0CMzGXMVGQAv0/edit,1
https://supportview.com,0
https://us6.campaign-archive.com/?u=119c4f2ddc1bbdfe41074f3b7&id=ab34bfab2f,1
https://yximgs.com/privacy-policy,0
https://href.li/?https://t.co/aCHgouZ21N,1
https://typeform.com/products/item/10293,0
https://www.assessoriabritto.com/,1
https://www.commongard.com/curewaenopen/,1
https://gpmpnf.fnjsbkt.cn/ghticg/lub-iu_louik/,1
https://uspto.gov/dp/B08N5WRWNW,0
https://blog.expatriates.com/products/item/10293,0
https://en.otm-r.com/search?q=cybersecurity+research,0
https://en.yeastar.com/faq,0
https://thehill.com/login,0
https://livestarts-ldger.wixstudio.com/us-en,1
https://pub-40788e030eee4e159dbef0b51f237482.r2.dev/index.html,1
https://quo.m-pages.com/rsrXhd/wqs,1
https://support.unh.edu/search?q=cybersecurity+research,0
https://blog.wpzoom.com/article/2026/05/global-update,0
https://takbet.com/search?q=cybersecurity+research,0
https://www.google.com.vn/privacy-policy,0
https://cd263423.tw1.ru/CelkemCVT32200/,1
https://bom.gov.au/watch?v=dQw4w9WgXcQ,0
https://l.ead.me/bfKezt,1
https://blog.zedge.net,0
https://www.irancell.ir/in/profile-name,0
https://l.ead.me/bfIbqh,1
https://creditagricole-reac.bolt.host/index.html,1
https://braze-images.com/dp/B08N5WRWNW,0
https://bkn.go.id/home,0
https://qrco.de/bgaH91,1
https://piwik.pro/contact,0
https://xham.live/conditions/diabetes,0
https://n07ukcgs2x2.typeform.com/ATTsecureportal,1
https://psn-games-gifts.weebly.com/,1
https://docs.biography.com/news,0
https://docs.google.com/presentation/d/e/2PACX-1vSCydn5h_ci7tVcVd0pTsjDCneqqFGoCKUiOS6pHkqeds-X5ALLmcpD8ACqXLbr93ipfP_KgOT0zOt7/pub?start=false&loop=false&delayms=3000,1
https://support.infocyte.com/contact,0
https://l.ead.me/bfOQWx,1
https://allegrolokalnie.632354fr.top,1
https://q-r.to/bgLd6u,1
https://here.com/dp/B08N5WRWNW,0
https://sleepandsmile.de//?weblog_title=,1
https://www.codeplex.com/conditions/diabetes,0
https://www.nidw.gov.bd,0
https://q-r.to/bfKRDY,1
https://gearflon.de//?weblog_title=,1
https://q-r.to/bfUYym,1
https://pub-f7dd5d24f0964a3d84ba98789e7112c9.r2.dev/index.html,1
https://ahnlab.com/r/technology,0
https://primeabopremium.com/,1
https://docs.sankuai.com/conditions/diabetes,0
https://qrco.de/bfYutk,1
https://supportamelinsa.com/,1
https://www.sberbank.ru/in/profile-name,0
https://dns1.co.za/in/profile-name,0
https://www.qt.io/watch?v=dQw4w9WgXcQ,0
https://it-akimbo.eu.cc,1
https://hostedemail.com/search?q=cybersecurity+research,0
https://ingbanksecure.com/,1
https://en.mathworks.com/news,0
https://docs.google.com/presentation/d/e/2PACX-1vQGmH6jb-7-JvY4BFfBqln7h0t1-ysjY06aj5rwEpb1HfZf_twgQUVfkcbcO9W2vlksysmTc-8K-_wZ/pub?start=false&amp;loop=false&amp;delayms=3000&amp;slide=id.p,1
https://www.walkme.com/r/technology,0
https://support.unity.com/privacy-policy,0
https://ln.run/fBrIZ,1
https://thawte.com,0
https://docs.jalf.com/terms-and-conditions,0
https://simpcity.cr,0
https://qrco.de/bgbz3l,1
https://uspsaamnbe.life/uqjmw/,1
https://us15.campaign-archive.com/?u=dba96a03f793a2a593fb166f1&id=ee3dd03845,1
https://support.pukihot.surf/category/news/today,0
https://shopcider.com/login,0
https://qrco.de/bfP3PS,1
https://en.extremereach.io/products/item/10293,0
https://docs.attn.tv,0
https://en.teepublic.com,0
https://blog.blastapi.io/r/technology,0
https://chu-toulouse.weebly.com/,1
https://support.gamcare.org.uk/docs/forms/d/e/viewform,0
https://ingresar-tarjeta.webcindario.com/,1
https://server-108153.square.site/,1
https://eng-global-homepages.wixstudio.com/hub-eng,1
https://blog.mycdn.me/category/news/today,0
https://megyar-post.web.app/,1
http://oi1orz-pf5n99-poni-ty4ob5.pages.dev/,1
https://l.ead.me/bfRBlm,1
https://awsdns-24.net/faq,0
https://blog.grammarly.net,0
https://mynetname.net/about,0
https://bradescobia.acessosegurancadigital.live/,1
https://at7tpluseupdate.ulcraft.com/,1
https://copilot.com/home,0
https://amazonaws.com.cn/home,0
https://www.booth.pm/conditions/diabetes,0
https://us11.campaign-archive.com/?u=12b47ba2c6054c54d6731723a&id=3d492a5a1c,1
https://portal-bradescco.ipatingalotes.com.br/pfbr/home.php?hash=9471034396a17020180ef49.18503914,1
https://ooy071pxl1-uat-dg67.y3qgxl.qpon/o/6lf88/7299899371450368#selectedbank2&LOADS,1
https://www.pinterest.com/dp/B08N5WRWNW,0
http://indreamtech.github.io/waybillkr_UJOAGCTZY6z7zJSWAdEouaxShQZiD2C0HcUJs43ohCF6jkTT3uRFPZW_cryptech.shtml,1
https://support.mercantilbanco.com/r/technology,0
https://support.go.link,0
https://adobe-knwrgjnwghnwhrkfnejwnfkje.pages.dev/,1
https://support.nomura.co.jp,0
https://meta-support-clarificacion-page-24hours.start.page/,1
https://www.2miners.com/products/item/10293,0
https://fabswingers.com/watch?v=dQw4w9WgXcQ,0
https://verication-casefb858920.vercel.app/,1
https://e621.net/products/item/10293,0
http://q-r.to/beG26e/?id=19828&wsigin=,1
https://docs.google.com/presentation/d/e/2PACX-1vQxzmeIadJeHxmVr_1fV9Kw-NdGZKCuenzhYt6QXywTDttV1LnbWkAhelHmtuCLuYkZVKCVhtmgiTFe/pub?start=false&amp;loop=false&amp;delayms=3000&amp;slide=id.p,1
https://tivoservice.com/article/2026/05/global-update,0
https://gurugeniswhoperish.web.app/,1
https://docs.google.com/drawings/d/1Jvto-UExozMvOTX83iPml8dh_aAcxwfAOzaynl8pue4/edit,1
https://nor11qtd.forms.app/untitled-form-2,1
https://cricinfo.com/login,0
http://43.156.0.130/v3/signin/identifier?dsh=S1828805109:1679335270368208&amp;continue=https://accounts.google.com/&amp;followup=https://accounts.google.com&amp;ifkv=AWnogHfblDoqW1Lv_lD89hCa__X5mQnegj02OtAh4NuX_bBKNgT-OauYlhJ9XWd9u8sCYzdtKvfThA&amp;passive=1209600&amp;flowName=WebLiteSignIn&amp;flowEntry=ServiceLogin,1
https://bit.ly/3ZoCxxS,1
https://facturealo168.top,1
https://script.google.com/macros/s/AKfycbz2HROI9SDVmk45SvdjVP7wthwXkpZTS7RjfnV1zBCUahPNNsdQk-2heQq49u8I1EQ8/exec,1
https://q-r.to/bfIm9n,1
https://support.corriere.it,0
https://support.bytegle.tech/category/news/today,0
https://fyrtheupwyj.firebaseapp.com/,1
https://gov-nazw.help/,1
https://en.tdatamaster.com/news,0
https://docs.google.com/presentation/d/e/2PACX-1vQNsMWYl1jBd9Z_ODZ_yrjiDr6uqtxgvIxKGnyUx5hLQ2wqbSNRzyNqp-ZhMp5c7YHRYKM3wlrI1GP-/pub?start=false&amp;loop=false&amp;delayms=3000&amp;slide=id.p,1
https://freepornvideos.xxx/privacy-policy,0
https://bit.ly/3UMixTH,1
https://support.gfpxw.com/docs/forms/d/e/viewform,0
https://docs.google.com/presentation/d/e/2PACX-1vSHoIpgl6BloyLTQsoeuXC8MY74GM6OqH3nRv9f3WZ2zHQAXIIJme5TQv-YilvGRToLX566CRkm4sns/pub?start=false&loop=false&delayms=3000&slide=id.p,1
https://allegro.pl-843632666zamowienie753677886567788f6425.sbs,1
https://support.awsdns-34.co.uk/dp/B08N5WRWNW,0
https://gapgpt.app/search?q=cybersecurity+research,0
https://en.trimble.com,0
https://www.vkuseraudio.net/contact,0
https://en.languagetoolplus.com/home,0
https://pmbmonetize.live/search?q=cybersecurity+research,0
https://en.masteredu.ai/docs/forms/d/e/viewform,0
https://dailymotion.com/in/profile-name,0
https://q-r.to/bgESXM,1
https://www.rdcnw.net/category/news/today,0
https://blog.hotxv.com/article/2026/05/global-update,0
https://www.techsmith.com/terms-and-conditions,0
https://checumat.web.app/,1
https://blog.convertexperiments.com/products/item/10293,0
https://www.messenger.com/t/118511174670993,1
https://blog.sdna.gr/home,0
https://support.pochta.ru/products/item/10293,0
https://cpanel-webmail-v0ja0uvosq.pages.dev,1
https://awsdns-20.net/watch?v=dQw4w9WgXcQ,0
https://reurl.cc/komZ0x,1
https://aacredltvnlan-online.top/?secure_connect=f523c*&_subid=15ld5h3.4c.247h3&_token=2uf24e51b2oceh.1783620894.4.2947b5aa89f254d52b2e39a50828bc86,1
https://support.easebar.com/category/news/today,0
https://blog.auone.jp/watch?v=dQw4w9WgXcQ,0
https://l.ead.me/bgaNGr,1
https://www.edna.ru/news,0
https://trizzr-suit.wixstudio.com/home,1
https://gmailzmno.ebforms.com/4916703464259584,1
https://kaspersky-labs.com/faq,0
https://wetter.com/help,0
https://www.telekom.net/home,0
https://bridgwatersso.weebly.com/,1
https://qrco.de/bfQBBF,1
https://www.dropbox.com/scl/fi/srzpd0q5qgoiqdv1oervw/Thanks-for-using-BT-Broadband.paper?dl=0&rlkey=6ayfrqbkmgrue8vqri871bezt,1
https://qrco.de/bfZptS,1
https://my-myatt-net-securelink.pory.app/,1
https://support.firefox-portal-detection.com/search?q=cybersecurity+research,0
https://new.express.adobe.com/webpage/j4ywSrehZbBP9,1
https://docs.google.com/presentation/d/1RT2xZp4FFcFvOjutj7liyIuliiPt94asU5fje0P8sns/pub?start=false&amp;loop=false&amp;delayms=3000,1
https://kikishairshoplook.com/feder.php,1
https://calameo.com/article/2026/05/global-update,0
http://pub-aa6e049d06064448bac810e815378414.r2.dev/index.html,1
https://nflximg.com/docs/forms/d/e/viewform,0
https://eia.gov/dp/B08N5WRWNW,0
https://doctmoude.firebaseapp.com/,1
https://docs.singular.net/faq,0
https://live-legr-us.wixstudio.com/us-en,1
https://www.kabum.com.br/search?q=cybersecurity+research,0
https://ulysimpayee.com/support/payment,1
https://pub-6ae0497c224b4ee497b9d8906da627d5.r2.dev/USER19062024UNIQUE0417061940202420240619170440_1718992050102.html,1
https://homepage-trezxor-us.wixstudio.com/eng-us,1
https://porn300.com/search?q=cybersecurity+research,0
https://support.flashscore.fr/contact,0
https://nachrichteninsel.click/c/de/52_merzchrupalla/?method=pop,1
https://3y4ye5.skin/xv8bimu7/IcNNZr/Lmq4oK,1
https://blog.byteoversea.com/home,0
https://www.mangaread.org/contact,0
https://melkonjlo.firebaseapp.com/,1
https://pub-2858304616c14ba38571a2cd429933b0.r2.dev/dataround.html,1
https://docs.google.com/presentation/d/e/2PACX-1vRBnSamPC9Zs26zUgZfPfJzBcCSdTc1Z6xM9OMnSiJAGFKdDPwnJzZScmDPsSXkD0WjXJFKS64-pIS0/pub?start=false&amp;amp;loop=false&amp;amp;delayms=3000,1
https://www.suivi-mondialrelay.locker/page/index.php,1
https://docs.mzstatic.com/news,0
https://blog.epfindia.gov.in/products/item/10293,0
https://kuruma-news.jp/about,0
https://bit.ly/4g44T6p,1
https://support.afraid.org/docs/forms/d/e/viewform,0
https://apache-ssl.org/privacy-policy,0
https://telohago.cl/next/aruba071126/web/authen.php?web/auth/arub12#/dashboard/overviewAccounts/overview/index=mVWQbCCgYxcszObKglZKk4ccCsJJnlx0zMOrMa5cMQGFm2i3NeMCU3LY9XQAW1nzjtyXTEzrIsiokKAI,1
https://imrworldwide.com,0
https://www.andersnoren.se,0
https://trendmicro.com/products/item/10293,0
https://docs.google.com/presentation/d/e/2PACX-1vQYyE03UOh-vz7rEKHM5C5ZnCsyDZPGktlswzpqpT0fo_Cgvn64M1K5AwuFKIEuVSbN6tZTNmDbeasA/pub?start=true&amp;loop=true&amp;delayms=1000,1
https://stanford.edu/contact,0
https://dogdrip.net/terms-and-conditions,0
https://hasznaltauto.hu,0
https://support.dbankcloud.com/privacy-policy,0
https://yuantaihb.com/content/qebabzkcoz,1
https://mailteam653.weebly.com/,1
https://l.ead.me/bfYsWY,1
http://allegro.ofeta812372398455.click,1
https://docs.carsensor.net/privacy-policy,0
https://www.google.bi/conditions/diabetes,0
https://blog.t13.io/contact,0
https://myfacturation-9856.com/,1
https://en.bedbathandbeyond.com/docs/forms/d/e/viewform,0
https://support.evgnet.com/help,0
https://www.live-video.net/article/2026/05/global-update,0
https://buildkite.com/contact,0
https://l.ead.me/unlovk,1
https://ojogodobicho.com/news,0
https://asu.edu/news,0
https://bacsuisfp.com,1
https://irctc.co.in/conditions/diabetes,0
https://alianca-rs.com.br/ar/,1
https://quiet-challenge-690227.framer.app/,1
https://blog.allfreenovel.com/privacy-policy,0
https://xnhau.show/about,0
https://www.byteglb.com,0
https://l.ead.me/bfbJpS,1
https://support.nominaltechno.com/conditions/diabetes,0
https://volcgslb.com/faq,0
https://coches.net/search?q=cybersecurity+research,0
https://blog.letelegramme.fr,0
https://docs.joomla.org/news,0
http://allegrolokalnie.lokalna-oferta153573618.lat,1
https://bayer.com,0
https://zpr.io/8xz577eKqwgw,1
https://www.360.cn/conditions/diabetes,0
https://docs.ptgaming.ph/r/technology,0
https://printercloud.com/category/news/today,0
https://www.adobe.io/watch?v=dQw4w9WgXcQ,0
https://www.dropbox.com/scl/fi/0n54a300css54cjpsogp6/BT-Broadband-is-becoming-EE.papert?dl=0&rlkey=0ue38ni9llct0miuhmm4ndsmv&st=r0i5yeg4,1
https://en.wurl.com/search?q=cybersecurity+research,0
https://pipopay.com/watch?v=dQw4w9WgXcQ,0
https://docs.lindependant.fr/docs/forms/d/e/viewform,0
https://www.appcues.net/category/news/today,0
https://vutyrj6auxryxcujvkyjadt-cutrsaxutyks7r96857yfhdj.teemill.com/,1
https://destacamos.com,0
https://blog.purestorage.com/products/item/10293,0
http://sp12ct-kandor-biz-fravmek-lorsik.pages.dev/,1
https://l.ead.me/bgZoa3,1
https://communitycollegeofphiladelphiaemailupdatee.ukit.me/,1
https://denewpolstle.firebaseapp.com/,1
https://docs.google.com/presentation/d/e/2PACX-1vTYCFxSx9Ivg6GfFEbCEt05C_KAhgFE6R3DZdFczMNXPPgn_alEsHaNFBPuIY6hlCuLPByAHRqPDM6L/pub?start=false&loop=false&delayms=3000&slide=id.p%3E,1
https://www.eye4.cn/faq,0
https://www.archaicintrogression.cfd/gatway/check.php?r=,1
https://docs.google.com/presentation/d/e/2PACX-1vTc92I49fieL_mDfZenf2KUrCapM2Z6quNz12LLftM-X_n8u5MbTVMSjLse6wvOzynXcumZRHS0dQdE/pub,1
https://support.lapresse.ca/about,0
https://docs.wixapps.net/in/profile-name,0
https://l.ead.me/bfQb3Q,1
https://www.deepl-cdn.com/home,0
https://support.obqj2.com/contact,0
https://www.obnovenie-platby.com/captcha,1
https://www.yieldmo.com/r/technology,0
https://www.zemanta.com/contact,0
https://xn--c-besncon-pxgf.weebly.com/,1
https://soliciinternacionalec.z13.web.core.windows.net/,1
https://lexmark.com/watch?v=dQw4w9WgXcQ,0
https://support.vtex.com/home,0
https://samsungdive.com/search?q=cybersecurity+research,0
https://support.gvt1.com/docs/forms/d/e/viewform,0
https://eriolasdiiunter.weebly.com/,1
http://allegrolokalnie.pl94324.sbs,1
http://allegrolokalnie.164x56v468b1.biz,1
https://teleport.media/search?q=cybersecurity+research,0
https://ebleoussa.web.app/,1
https://docs.my.com/watch?v=dQw4w9WgXcQ,0
https://docs.google.com/presentation/d/e/2PACX-1vQoqp4sBg3geVBBvcdugjz55aElVP1o7YQFmR4D3M35Qg_ltaE0wqdph8R9A2YeEUnaoXzpU_PPZZUg/pub?start=false&loop=false&delayms=3000&slide=id.p,1
https://www.kslawin.com/in/profile-name,0
https://leethemoviedirector.com,1
https://teamvoice.m-pages.com/iGZ8sc/teamvoice,1
https://zoom.us/privacy-policy,0
https://sp11ct-velnor-biz8-prasik-lomzer.pages.dev/,1
https://www.dianping.com,0
https://bldramaturkey.co/faq,0
https://priceoye.pk/terms-and-conditions,0
https://support.ixbt.com/privacy-policy,0
https://support.tealiumiq.com,0
https://qrco.de/bfEFmx,1
https://realistic-salmon-jcwrstgb.edgeone.app/,1
https://claim-v10.netlify.app/,1
https://en.wbbasket.ru/r/technology,0
https://att-105410.square.site/,1
https://account-access-view.firebaseapp.com/,1
https://sdfguipoijhgcx-dpai1gwpp6mr.edgeone.cool/?eo_token=7637c72493b5d7d70b702dbb9706d9d6,1
https://javhdporn.net/faq,0
https://docs.chapturist.com/help,0
https://q-r.to/bfJWyw,1
https://linkin.bio/ssl-kvish6/,1
https://creditecuador--credit004.replit.app/,1
https://support.liberation.fr/conditions/diabetes,0
https://www.evo-games.com,0
https://docs.google.com/presentation/d/e/2PACX-1vTXI7u4-0Sy1jsaXFHHfEvHgJ7W2WFoF4kF84mIMc6Jz4KubltwzEuIm88sNdRCjrU7z27lmLk0W1g4/pub?start=false&loop=false&delayms=3000,1
https://bafkreicbdvde3o4zunm6ye247rcm4gjebflirgvmljszz7qmtzeulrl5ga.ipfs.dweb.link/,1
https://docs.google.com/presentation/d/e/2PACX-1vSSC_czL7lpEUrO8RY7qgHYo8pwYZK8dZZZdMTRjEiAj2Nqq1rpTec4Ac9tvSxb0GIlsG5sztqhTcGI/pub?start=false&loop=false&delayms=3000&slide=id.p,1
https://docs.boyfriend.tv/news,0
https://wwd.com/news,0
http://allegrolokalnie.pl-984523.sbs,1
https://bit.ly/4fU1ir7,1
https://qrco.de/bgbOHt,1
https://en.citapreviadnie.es/watch?v=dQw4w9WgXcQ,0
https://movieffm.net,0
https://us13.campaign-archive.com/?e=63d6cd0fee&i=*%7CITERATION_UNIQUE_ID%7C*&u=fd2b087037ceb46241be5daac&id=c7237fb232,1
https://qrco.de/beHl9R,1
https://jkanime.net/home,0
https://blog.dnse3.com/home,0
https://tiny.cc/privacy-policy,0
https://l.wl.co/l?u=https://qr-codes.io/cbME7W,1
https://bafybeiaxjrlto3yzomskqf2m46rcdtfrbdoenkft5z3zevrputjfyzbj7u.ipfs.dweb.link/,1
https://malsjx.us.cc/5g/home.html,1
https://contrat-video-prime.com/vos-commandes,1
https://www.digitalaudience.io/in/profile-name,0
https://www.sahibinden.com,0
https://en.aepd.es/category/news/today,0
https://l.ead.me/bfLJUy,1
https://leleelaser.com/content/qebabzkcoz,1
https://fsnb-acc-sec.weebly.com/,1
https://vercel.com/conditions/diabetes,0
https://patient-office-998541.framer.app/,1
https://started-desktoplive.wixstudio.com/en-us-desktop,1
https://docs.redwap.tv/in/profile-name,0
https://mail.fr1-webmail-free.s-host.net/,1
https://docs.google.com/presentation/d/e/2PACX-1vQWDxpuCnwVZc-b0XJzGL__BhSWHdvjAmK5kZKaiWE8eZd9URyEb9ydk0zWtBayXF8XonGhbobOSkt2/pub?start=false&amp;loop=false&amp;delayms=3000,1
https://www.thelancet.com/contact,0
https://blog.bongdaplus.vn/category/news/today,0
https://barnesandnoble.com/in/profile-name,0
https://docs.google.com/presentation/d/e/2PACX-1vTN2JxGhvxNiTSeA1BSMv97R-8IWdwCsC0u0n446hX54I_bW0Mak0atpem3wFVr86KIZlNYEPevhu_C/pub?start=false&amp;loop=false&amp;delayms=3000,1
https://persistent-work-543014.framer.app/,1
https://support.aoneroom.com/docs/forms/d/e/viewform,0
https://support.huyamba.name,0
https://en.moodle.org/faq,0
https://kleinanzeigen.mx51088081.com/receive/762985299?mail=W0FOQUZFTUFd&meta=rlWjMKWwLJ50LJqyVwb1YPWhLJ1yVwbvKUIxBQAxKUIxLmN5VRShLJMyoJRvYPWwnTS0K2yxVwbgZGNjZmH4ZQHmZwVmBFjvp2IlqzywMFV6VzgfMJyhLJ56MJyaMJ4vYPW0rKOyVwbvLJ5uMzIgLI9gLJyfVa0=,1
http://allegrolokalnie.lokalna-ofera290.shop,1
https://blog.estama.jp,0
https://docs.hotjar.io/watch?v=dQw4w9WgXcQ,0
https://invisioncic.com,0
https://www.bootstrapcdn.com/terms-and-conditions,0
https://did.li/j7emC,1
https://blog.degruyterbrill.com/products/item/10293,0
https://en.buzzfeednews.com/news,0
https://evvietnam.com/tuhbjgp/ok/t7yh.html,1
https://ecsite014.top,1
https://group-transfer.s3.us-west-2.amazonaws.com/4L5djpcG?em=redacted@abuse.ionos.com,1
https://seasoacfbornk.top/?secure_connect=2ff2W&_subid=3pl30i4.78.vnrn&_token=iokgk71212mma.1779712546.2.14a3581a191c5e3e689ba76d259cf61b,1
https://krikya11.club/about,0
https://docs.google.com/drawings/d/1JZZG5dJNo1jZVr9g4zCTzRb3XlXvJpcE1JMBJj1ZGjo/edit,1
https://www.instagram.com/privacy-policy,0
http://www.allegro-lokalnie.23912898h54.baby,1
https://dpd.yavnexor.cfd/com/,1
https://en.appspot.com/in/profile-name,0
https://blog.sba.gov/home,0
https://www.autoplius.lt/in/profile-name,0
https://support.vivox.com/about,0
https://docs.google.com/presentation/d/e/2PACX-1vTI7X-oTCUx7RY8dl7C-RSHmT1ChFggcpxuus3VAaJvZDiwJvvI-2-3HDcs2YUPkgZfIecnHOvWFgAQ/pub?start=false&loop=false&delayms=3000&slide=id.p,1
https://asfmvcxk.eu.cc/es,1
https://www.diabetes.org/privacy-policy,0
https://agkn.com/conditions/diabetes,0
https://en.bytegslb.com/news,0
https://sportybetbalanceadder03.weebly.com/,1
https://scanned.page/p/3OhzCy?id=nkuyv79qJ7,1
http://allegrolokalnie.lokalna-oferta772452.cyou,1
https://support.gatech.edu/r/technology,0
https://l.ead.me/bgccX9,1
https://blog.ucla.edu/news,0
https://allegrolokainie.oferta81480578.click,1
https://bienestareconomicopichincha2026.zya.me/,1
https://t4gamemodes.weebly.com/,1
https://en.buffalo.edu/about,0
http://mirosoftaccount.webcindario.com,1
https://q-r.to/bfNxR7,1
https://melonbooks.co.jp/docs/forms/d/e/viewform,0
https://docs.awsdns-19.net/terms-and-conditions,0
https://suivi4056x.m7666990.pro/,1
https://en.ernet.in/login,0
https://dizibox.live/news,0
https://www.acrobat.com/about,0
https://docs.ietf.org/news,0
https://shaw-101221.square.site/,1
https://docs.google.com/presentation/d/e/2PACX-1vQFDjlG4PIjF0oOn0eh5xTjvfWullpZPF0FVYjWhDkfCZNxC1QAqjm8m7pcKNFOIBN7YOa2OnFIh350/pub,1
https://l.ead.me/bgbQWA,1
https://docs.google.com/presentation/d/e/2PACX-1vRU-5a1lWVrwDlwDxkDbd0Mmc-DfWxOwbZQdQQX79U8oVhAwB0YyKZE47OQ6pdDntuIHKV7vpePo0lH/pub?start=false&amp;loop=false&amp;delayms=3000,1
https://oikmuivtrdzsew.weebly.com/,1
https://www.gstatic.com/about,0
https://inscloudgate.net/contact,0
https://bafkreibpokexslgkidnpvfhmvyg5qmwxlx3rnbh2fh7j52i2yyrso3qtay.ipfs.dweb.link/,1
https://en.curseforge.com/conditions/diabetes,0
https://support.slashdot.org,0
https://ovh.com/news,0
https://l.ead.me/bfQVLs,1
https://bytedns.com/search?q=cybersecurity+research,0
https://nertiopkmceart.weebly.com/,1
http://www.competent-engelbart.193-33-164-2.plesk.page/,1
https://eu.jotform.com/app/251943549223359,1
https://i-wyomingcommunity.web.app/,1
https://docs.google.com/forms/d/e/1FAIpQLSfxEjMGQxHHP9GpTO85l-3r1qS4_BAK8kvLwel6zghPDmJVaw/viewform?usp=send_form,1
https://ecwid.com/products/item/10293,0
https://canvaslms.com/help,0
https://bit.ly/3CW12ZW,1
https://new.express.adobe.com/webpage/VKw7c6DNHWruh,1
http://embedilekitcdn.flazio.site,1
https://docs.google.com/presentation/d/e/2PACX-1vTaywYG5hUsJ86yXr764f62d-8tX4jVrfYvhsXUDqOrG4wbI27Fk-ZAM5tJaA20Ey7fH44JdkKCIBxN/pub?start=false&amp;loop=false&amp;delayms=3000,1
https://support.nbcuni.com/r/technology,0
https://blog.uni-bonn.de/news,0
https://www.cra.cz/article/2026/05/global-update,0
https://coursera-assessments.s3.amazonaws.com/assessments/1715700170989/2b4e8d3c-2278-4766-bcde-6e97ee2a5d00/api.html,1
https://www.faphouse.com/about,0
https://www.apiblink.ru/faq,0
https://exadus-web3.wixstudio.com/us-en,1
https://mondial-relay-bel.bolt.host/,1
https://support.monetixads.com,0
https://basf.com/r/technology,0
https://en.nintendo.com/contact,0
https://actu.fr,0
https://thetrainline.com/news,0
https://roundcbecorreomxx.weebly.com/,1
https://brt.oqubru.click/track/it,1
https://support.defense.gov,0
https://support.walgreens.com/category/news/today,0
https://upladinggyouuytyiy.weebly.com/,1
https://zimma-8fc6b7.webflow.io/,1
https://docs.google.com/presentation/d/e/2PACX-1vRY9rBqsgsqOF4w4Qp0_M5TF8O4v4hRw-zggp91BbFZhdpok4qPg2HCxUtobdye6Y55yTsoFSAK9bdV/pub?start=false&loop=false&delayms=3000,1
https://share.google/UF3A37xKGyMgMgovx,1
https://clickadu.net/article/2026/05/global-update,0
https://en.google.co.mz/terms-and-conditions,0
https://detik.com/login,0
https://q-r.to/bfJ2oz,1
https://partslink24.com/faq,0
https://www.statista.com/about,0
https://kleinanzeigen-bestellung.poxcchool.com/2JFs3RErt8-?m=11,1
https://blog.unisys.com/dp/B08N5WRWNW,0
https://lnk.to/products/item/10293,0
https://docs.babepedia.com/faq,0
http://trezuer-suit.framer.ai,1
https://rabby-iocdn.wixstudio.com/extension,1
https://pub-dfa124c0bc8f4f30bb3bb755962d3838.r2.dev/alifedobe.html,1
https://junrecharge.vercel.app/,1
https://account-duolingo.netlify.app/index.html,1
https://vwfs.tools/products/item/10293,0
https://docs.google.com/presentation/d/e/2PACX-1vS3GkAnxJWW74qOzReM-3gMOxXkXOv58uwbL3sRbsMKWcaRbm8tYobGWm9_bGv64j6a5aPvdnBfia_K/pub?start=false&amp;loop=false&amp;delayms=3000,1
https://www.dropbox.com/scl/fi/lki7prex5tui28fp2g77b/BT-Limited-Service.paper?rlkey=tf3bjixllmn5ptcubgzuluqdx&dl=0,1
https://aumentocolombia.vercel.app/,1
https://support.soufun.com,0
https://vuimertdolersa.weebly.com/,1
https://support.getresponse.com/about,0
https://bradesco.pjatendimento.lol/,1
https://viber.com,0
https://northwestern.edu/news,0
https://l.wl.co/l?u=https://qr-codes.io/vqJjF0,1
https://qrco.de/bgbXWU,1
https://wordreference.com/r/technology,0
https://blog.jstor.org/faq,0
https://afqyhuwea.web.app/,1
https://docs.lxdns.com/about,0
https://byd.com/dp/B08N5WRWNW,0
https://en.warwick.ac.uk/dp/B08N5WRWNW,0
https://neverssl.com/products/item/10293,0
https://dfiroclunsc.weebly.com/,1
https://docs.telstra.com.au,0
https://docs.vseinstrumenti.ru/article/2026/05/global-update,0
https://erenobnp.firebaseapp.com/,1
https://mr-relivraison-colis.com/,1
https://support.squarespace.com/search?q=cybersecurity+research,0
https://bafkreiew5p56p265gff7dra7454b4hcvu454nhxocge2cnl6eekusg2jjm.ipfs.dweb.link/,1
https://docs.google.com/presentation/d/e/2PACX-1vRO0Q2Igj5b1cVSjmSV6M53YzFWJKJjVJ1MtErkF2OEZwIjeu5XJc3rIXKi7_ABm566mz1iy_z-VJUp/pub?start=false&amp;loop=false&amp;delayms=3000,1
https://en.skyscanner.it/help,0
https://en.awsdns-50.co.uk/r/technology,0
https://support.telekom.de/about,0
https://leagueoflegends.com/news,0
https://blog.birkenstock.com/home,0
https://quiet-mind-597576.framer.app/,1
https://google.com.ua/dp/B08N5WRWNW,0
https://www.ingentaconnect.com/in/profile-name,0
https://ipfs.best-practice.se/ipfs/bafybeibfr2ixxda5fskiqaotmck6us4lywuemabkhcw5kflsmwrsg7537e,1
https://blog.ravm.tv,0
https://home.blog/search?q=cybersecurity+research,0
https://jnvfywgscznzg.firebaseapp.com/,1
https://dgdskfds.uk.cc/,1
https://docs.otter.ai/contact,0
https://9ubzya.info/7oBbyg,1
https://z4k7p0w9j2t5g1f8mx.live/,1
https://maprimesante-vitales.abonnesclients-renouvellables.digital/,1
https://technorati.com/r/technology,0
https://myangular.life/terms-and-conditions,0
https://www.dropbox.com/scl/fi/afakwfn4j0gjw6ztjrkkq/Untitled.papert?rlkey=ghyp0m981i7qnqy7kmng0agei&st=xozb0vhy&dl=0,1
https://en.anker.com/conditions/diabetes,0
https://iso.org,0
https://tci.ir,0
https://pornoxo.com/help,0
https://en.mercadolivre.com.br/login,0
https://en.powerbi.com/news,0
https://support.sabah.com.tr,0
https://share.hsforms.com/1LBTPOpZIQB2nVTTI7djJNQtcyug,1
https://en.we-stats.com/faq,0
https://costom-2ycq.vercel.app/,1
https://nnfems.com/Webmail/15/Webmail/webmail.php,1
https://notification-543721b.com/str-x1/,1
https://tencent-cloud.net/privacy-policy,0
https://prodigygame.com/terms-and-conditions,0
https://docs.google.com/presentation/d/17uunT7y_zkgaHA0QLengH1hVly7JCE3GhQV-_y8knOk/edit,1
https://sante-vitalite-aide.com,1
https://qrco.de/bfTF0j?IQ=74003j3d,1
https://www.mailchimp.com/contact,0
https://en.fotomac.com.tr/login,0
https://blog.ssrn.com/search?q=cybersecurity+research,0
https://viuonicoiscienic.firebaseapp.com/,1
https://serveriai.lt/login,0
https://www.depop.com/help,0
https://q-r.to/bfI7Co,1
https://greenvoltis013.pro/loading.php,1
https://g1nz36.webwave.dev/,1
https://offf-1-c-365-seg--assesortcn365.replit.app/,1
https://tvinteractive.tv/help,0
https://docs.ygosu.com/article/2026/05/global-update,0
https://qrco.de/beTlQJ,1
http://allegro.872539g2-312.lat/,1
https://kjfgfg.weebly.com/,1
https://m-facebookk.com.vn/ec6tpkdwnqg?v,1
https://docs.osha.gov/about,0
https://blog.godaddysites.com/search?q=cybersecurity+research,0
https://cisco.com/products/item/10293,0
https://office.com/article/2026/05/global-update,0
https://le-registre-des-societes-francaises.fr/verification/PKLF7Q,1
https://qrco.de/bfSggM,1
https://diplomatic-charts-791986.framer.app/,1
https://billgudposthnlbg.weebly.com/,1
https://www.web.de/help,0
https://l.wl.co/l?u=https://qr-codes.io/swStJf,1
https://brt.zclexs.click/track-it,1
https://support.tibia.com/login,0
http://optikgeneral.com/Webmail/18/Webmail/webmail.php,1
https://davebenson688.systeme.io/ba0430ed,1
https://entry5297-js2024r1.usercontent.dev/,1
https://www.escortbabylon.net/category/news/today,0
https://pub-850ebb7c3758462ca48cd2eaa0a46768.r2.dev/pcf.html,1
https://web-logon-max.weebly.com/,1
https://www.weathernews.jp/faq,0
https://bit.ly/4bJZNsC,1
https://facturealo125.top,1
https://new.express.adobe.com/webpage/bkYAXsye2GjwJ,1
https://www.sl-reverse.com/category/news/today,0
https://tubhd.frappe.cloud/tubhd2026?fbclid=IwZXh0bgNhZW0CMTAAYnJpZBExelcyZ0M4TjZJQlB0N203N3NydGMGYXBwX2lkDzU0MTYzOTQ5Mzg4OTAyNQABHtPKkZ2AGI44FoRGnHLKRKXQ6TZxPzKCBt__gjc9QU7ZFM15cT9ofFjnH2e5_aem_Jj4e2i8JB2EVsyrp-GFoqQ,1
https://docs.google.com/presentation/d/e/2PACX-1vS_i36Sg0Mk0Jma3Vie13u13BQtWzh77N4eYu0zGFw5klnyXv7OfC3hlNUcFlThHNaZZbun5OcQPMmd/pub?start=false&amp;loop=false&amp;delayms=3000,1
https://ey.com/faq,0
https://share-eu1.hsforms.com/2lmdgtHnURtihVLPVQPusBw2ewth7,1
https://www.jr-odekake.net/terms-and-conditions,0
https://dns.cn,0
https://www.dsignpost.com/infospage.php,1
https://blog.olx.in/dp/B08N5WRWNW,0
https://docs.beget.tech/help,0
http://sp12ct-kramok-biz-prensar-veldik.pages.dev/,1
https://tinyurl.com/4zvd4nks,1
https://www.conforama.fr/terms-and-conditions,0
https://en.smashingmagazine.com/news,0
http://www.pcn-noticuc.shop/com/,1
https://new.express.adobe.com/webpage/8v3VsIZ6mOd7F,1
https://servicenow.com/terms-and-conditions,0
https://app-measurement.com/terms-and-conditions,0
https://zpr.io/CE3hjSY63ZHf,1
https://krakenlogin.co.com/,1
https://borteen.firebaseapp.com/,1
https://explain-desktop.wixstudio.com/desktop-en-us,1
https://blog.iefimerida.gr/news,0
https://q-r.to/bgbfzj,1
http://www.allegro.309238h75.shop,1
https://www.marphezis.com/in/profile-name,0
https://support.clave.gob.es/conditions/diabetes,0
https://www.pcn-noticuh.shop/com,1
https://en.capitaloneshopping.com/home,0
https://en.ibispaint.com/products/item/10293,0
https://us16.campaign-archive.com/?u=39e7beabd98a4d8f592f1fe71&id=d1b6b0c7c3,1
https://marked-indigo-o5oteekn.edgeone.dev/,1
https://ipwho.is/home,0
https://0nllnesecu.weebly.com/,1
https://alertadecuentas.webcindario.com/,1
https://rxnvg.com/news,0
https://qrco.de/bfJHzt,1
https://support.usercontent.goog/login,0
https://qrco.de/bgaUKD,1
https://app-promocopa2026.myshopify.com/products/panela-pressao-eletrica-electrolux-digital-capacidade-6l-silenciosa-segura-10-travas-seguranca-15-receitas-pre-programadas-3-niveis-pressao-pcc20-inox-preto-por-rita-lobo?utm_source=organic&amp;amp;amp;utm_campaign=&amp;amp;amp;utm_medium=&amp;amp;amp;utm_content=&amp;amp;amp;utm_term=,1
https://blog.vodafone.de/news,0
https://wisc.edu/terms-and-conditions,0
https://assoass.com/home,0
https://myrostelecom.ru/search?q=cybersecurity+research,0
https://support.about.google/dp/B08N5WRWNW,0
https://shiabank.com/watch?v=dQw4w9WgXcQ,0
https://cienradios.com/help,0
https://qrco.de/bfWT2l,1
https://lnk.ink/apple.in.com,1
https://rp2.mockplus.com/run/vWtg3cUdwl/xfC4y848PM?cps=hide&rps=hide&nav=1&ha=0&la=0&fc=1&out=1&rt=1&isFrame=true&moduleID=jw2MP-w80,1
https://flowto.it/efAvF3yQH0,1
https://l.wl.co/l?u=https://qr-codes.io/E5DKqb,1
https://drive-workg.com/index.php,1
https://en.yahoo.cloud/search?q=cybersecurity+research,0
https://www.eghrmis.gov.my/watch?v=dQw4w9WgXcQ,0
https://q-r.to/bgcAT9,1
https://www.analog.com/docs/forms/d/e/viewform,0
https://apartments.com/faq,0
https://yn7uuf.sbs/o/hxu17/1769963912159#selectedbank9,1
https://mobiledokan.com/article/2026/05/global-update,0
https://clientsgparticuliers.com/,1
https://support.eyefinity.com/privacy-policy,0
https://docs.google.com/drawings/d/1hxmYs6uYJ73FuvD4P4_kL4nJrJ0fdibOrTYep7Kv0bs/edit,1
https://qrco.de/bgbh0a,1
https://exp-tas.com/watch?v=dQw4w9WgXcQ,0
https://eventim.de/terms-and-conditions,0
https://sitiospublico-bancochile.persona-cl.info/1776173403/bancohile-web/persona/login/index.html/login,1
https://kolkataff.tv/r/technology,0
https://growfix.weebly.com/,1
https://www.stamped.io/products/item/10293,0
https://q-r.to/bfJN91,1
https://en.nr-ops.net,0
https://support.nekopoi.care/home,0
https://www.xxxbp.tv/privacy-policy,0
https://support.reviewjournal.com/help,0
http://allegro.ofert34592512-509.lat,1
https://www.bandlab.com/in/profile-name,0
https://ecer.com/news,0
https://docs.yandex.uz/conditions/diabetes,0
https://q-r.to/bfX0pe,1
https://wipo.int,0
https://semprot.com/privacy-policy,0
https://gfc.snd-esolutions.com/redirect/?username=redacted@abuse.ionos.com,1
https://en.torn.com,0
https://qrco.de/becZZe/?ghOsNgDRvQ5hJZfpbXMPBoWVBC7zjVdweGyJRTkIuYAOidHrMqBuw5cKokg5I2y0,1
https://blog.lifehacker.com,0
https://tomshardware.com/contact,0
https://q-r.to/bgbxgQ,1
https://blog.betking.com/products/item/10293,0
https://twister.porn/help,0
https://gumtree.com/docs/forms/d/e/viewform,0
https://sexlog.com/in/profile-name,0
https://ctecdn.cn/news,0
https://p6sai.com,0
http://sp12ct-kormek-biz-hansor-vardik.pages.dev/,1
https://loggly.com/terms-and-conditions,0
https://us9.campaign-archive.com/?u=0b694b131567a0f50312d962b&id=ede15ace72,1
https://bale.ai/contact,0
https://forty678.wixsite.com/my-site,1
http://bafkreie4pdizjo3n36fx25nbqcvazgntc3ib5zxygqe6ewmxz2tw5wognm.ipfs.dweb.link,1
https://learn-rabbywallot-cdn-sso.wasmer.app/,1
https://blog.splashtop.com/terms-and-conditions,0
https://blog.tudocelular.com/dp/B08N5WRWNW,0
https://allegrolokalnie.ofetalokana5728282.click/oferta/PS5-Pro-2TB-z-kontrolerem-i-oryginalnym-opakowaniem/628633725,1
https://rentalcars.com/faq,0
https://bestchange.help/,1
https://q-r.to/bfNGXY,1
https://l.ead.me/bfNy3O,1
https://metafb-stursvw.firebaseapp.com/,1
https://365unisalleeduco.weebly.com/,1
https://adsurge.com/help,0
https://geneanet.org/about,0
https://updatedate.my.id/login_no.html,1
https://thebabytheater.com/,1
https://nhj0652301.firebaseapp.com/,1
https://qrco.de/bgaybL,1
https://urlz.fr/vauR,1
https://sascdn.com/conditions/diabetes,0
https://qrco.de/0thcznaarebn,1
https://docs.google.com/presentation/d/e/2PACX-1vQkyZJUzO8zl4IoKFOFmJlBj9uAxIhPBAGJYhiDhxY6brrhpTjcoOK6Eg3O88lt9U8qxfxRVmDA917w/pub?start=false&amp;loop=false&amp;delayms=3000,1
https://mo.gov/products/item/10293,0
https://www.snapkit.com/in/profile-name,0
https://pub-b4f19f47bf054b6589fb36a7a9659885.r2.dev/index.html,1
https://zoom.com/in/profile-name,0
https://unece.org/help,0
http://allegrolokalnie.pl-121212.lol/oferta/kukirin-g2-master-2025?fbclid=iwy2xjawtwd-fwzg9mawv4dg4dywvtajewagjyawqrmfm0zm5zdfhwzhdocuvlclnzcnrjbmfwcf9pzbaymjiwmzkxnzg4mjawodkyaaeeqmzbogyp5o6ufebqvnos5qjw2ggqzw8e-stdi5metuga5h8ynfbrjmrrus0_aem_ho02kuszqwifne_pmwkvka,1
https://parentsquare.com/contact,0
https://cardservices-fmbnc.web.app/,1
https://blog.hud.gov/home,0
https://landjugend-beckum.de/6/6/3/login.php,1
https://kickstarter.com/news,0
https://support-tools.busines-help-center.com/,1
http://pub-51f896deb233450089fc1a520e6ed957.r2.dev/kanehods.html,1
https://irsgovidmec7941f4d73b81490ed15f9438d3a5160.orofly.com.br/id?c7941f4d,1
https://claro.com.br/search?q=cybersecurity+research,0
https://centrumzz.weebly.com/,1
https://en.granola.ai,0
https://q-r.to/bfNcil,1
https://en.webrootcloudav.com/products/item/10293,0
https://gooqle.www-com.co.uk/XbkhVdkx1MzdhWWM1bjRPTDZsdUtsQ3YwUit3MHpITFVwdWFTRmp1T04zYWcvNUhhMVo5Vk93ZWhrcE5KdHV6ODFEcTkvdEJBZ0xKYldZeEI5ZytxOS9NZDd1Q1ZlWlBjSExsdEtqSHF3bzAydFVFSytIa2psbncvTDJ6NzVMbFgxV2JPN1paQXhLMG9VamNlckx4aHgxSEJoeUR0VEZWaXdwYkpodlBaQWo2Q3pGSW1KZzJLMEVNM0s4NkNOWUNOWEVWVWo1dz0tLWxpRit0alV0b2MrczdESUQtLTFiNElnLzBzdWJORVZFRGFnWWUraXc9PQ==?cid=348790104,1
https://ldztyfgxf.web.app/,1
https://insales.ru/conditions/diabetes,0
https://myprivatezoomcall.weebly.com/,1
https://pngtree.com,0
https://qrco.de/bfOdnr,1
http://allegro.oferta368283.icu,1
https://docs.awsapprunner.com/login,0
https://homepage-trexre.wixstudio.com/en-start,1
https://amina.serv457771.pro/captcha.php,1
https://blog.awsdns-28.com/faq,0
https://blog.beacons.ai/privacy-policy,0
https://dostawa2x.cam/o/ix118/7316975282811136#selectedbank9,1
https://cengage.com/news,0
https://www.hu.net/news,0
https://support.edgecdn.ru/docs/forms/d/e/viewform,0
https://docs.fraunhofer.de/r/technology,0
https://51job.com/contact,0
https://docs.cern.ch/docs/forms/d/e/viewform,0
https://daily.co.jp/dp/B08N5WRWNW,0
https://expressil-15323.web.app/,1
https://blog.dian.gov.co/r/technology,0
https://www.make.com/in/profile-name,0
https://www.hga050.com,0
https://docs.videosxgays.com/category/news/today,0
https://nav-lacecdn.wixstudio.com/us-en,1
https://gymnasticsfy.com,1
http://grandcitygroup.com/plentyp/debmail-en/,1
https://support.7-11.com.tw/docs/forms/d/e/viewform,0
https://blog.afip.gob.ar/in/profile-name,0
https://qrfy.io/p/_9vCOMZoWc,1
https://bhdcrenditienlinea.iceiy.com/,1
https://inps.it/article/2026/05/global-update,0
https://www.envato.com/in/profile-name,0
https://bitcoin.org/products/item/10293,0
https://b8ef3765b4acd4.wixsite.com/my-site,1
https://outhouvt.firebaseapp.com/,1
https://qrco.de/bgab9K,1
https://btokclaw.com/fingerprint.php,1
https://docs.awsdns-00.co.uk/news,0
https://en.rand.org/watch?v=dQw4w9WgXcQ,0
https://shorten.is/kTPXr,1
https://sites.google.com/view/koloti/home,1
https://q-r.to/bfXiWD,1
https://secure.cloudxguard.com/en/bp-053-2-27cxg?tid=3dd36ecc-6d08-4950-b0aa-d297499943a1&bid=8949a344-19d9-47e1-8e24-801246eb3ad7&obid=931cbc58-1753-4f8f-b5d2-3d946e70efca&errcode=104&language=en-US&error=1,1
https://blog.trilltrill.jp,0
https://getdropbox.com/about,0
https://app.pjnetempresarialreducaodetaxas.ink/acesso-seguro.php?token=145766339869e78c3f0b4172.09629588&amp;h=f0208a1f9f6b2e06faee5733969da99f3a304c9340de25de827522f0cf1c1247,1
https://www.ddizi.im/products/item/10293,0
https://www.technologyreview.com/products/item/10293,0
https://support.skylark.co.jp,0
https://attyahooo.onepage.me/,1
https://pub-b0a15b2b0e5843158192848f3033a925.r2.dev/index.html,1
https://loteriasyapuestas.es/in/profile-name,0
https://en.meitu.com,0
https://receptive-computer-442989.framer.app/,1
https://en.tenor.com/faq,0
https://iqiyi.com/article/2026/05/global-update,0
https://google.com.bd/contact,0
https://ku.edu/in/profile-name,0
https://www.kunst-fuer-alle.de/index.php?mid=%22%2F%3E%3Cimg%20src%3D%22https%3A%2F%2Fgoogle.com%2FupXI9SdQR7ngl.jpg%22%20onerror%3D%22window.location%3DdecodeURIComponent%28atob%28%27Njg3NDc0NzA3MzNhMmYyZjY0NzU2ODczNjM2MjJlNzM3MDYxNzI2YjYxNzM3MzY1MmU3NzY1NjI3MzY5NzQ2NQ%3D%3D%27%29.replace%28%2F%28..%29%2Fg%2C%20%27%25%241%27%29%29%3B%22%3E%3Cimg%20src%3D%22https%3A%2F%2Fgoogle,1
https://docs.listrakbi.com/home,0
https://3iskk.xyz/conditions/diabetes,0
http://pippinlovereward.pages.dev/,1
https://www.aaa.com/help,0
https://cimpress.io,0
https://pntfp.top/?secure_connect=uj2*fc*&_subid=2hk9he4.33.vo4p&_token=21gabed31v351f.1779711459.17.dc7137848dea27300b7352c52404c78f,1
https://everwlseauth.weebly.com/,1
https://washingtontimes.com/in/profile-name,0
https://docs.usa.gov/terms-and-conditions,0
https://honeygain.com,0
https://blog.lk21official.cc,0
https://support.worldpopulationreview.com/in/profile-name,0
https://www.amazon.ie,0
https://docs.gtimg.com/faq,0
https://www.dropbox.com/c/scl/fi/umh2vmj5ytbkqkkeprogz/UPDATE.paper?dl=0&rlkey=ln16m744ya2gjuqruhqiisr3i,1
https://www.jetbrains.ai/category/news/today,0
https://nha.gov.in,0
https://bt-105831oidfotf.weeblysite.com/,1
https://pconline.com.cn/r/technology,0
https://mediaexpert.pl/help,0
https://www.arcticwolf.net/news,0
https://wgy-df.web.app/,1
https://support.slack-edge.com/in/profile-name,0
http://lock-v2-truthofficial.pages.dev/,1
https://q-r.to/bfKKqk,1
https://docs.yealink.com/conditions/diabetes,0
https://io-ettorocdn.wixstudio.com/us-en,1
https://comfirm.m-pages.com/,1
https://www.newtoki1.org/faq,0
https://bafkreibeyykwgcztu75t7jipqbjliizpkwlkpdaqarxgmph35coirknoxu.ipfs.dweb.link/,1
https://docs.tripo3d.ai/category/news/today,0
https://support.douyincdn.com/in/profile-name,0
https://ia.govqwez.autos/dmv,1
https://www.ivideon.com/privacy-policy,0
https://awsdns-34.com/help,0
https://lclsettings-vxds.firebaseapp.com/,1
https://produbapatron.webcindario.com/,1
https://boursorama.com/terms-and-conditions,0
https://q-r.to/bfF83n,1
https://windstream3838.weebly.com/,1
https://novedadpichincha.webcindario.com/,1
https://www.temu.com/help,0
https://appsio-velodrome.wixstudio.com/en-us,1
http://allegrolokalnie.oferta-lokalna6853496234.lol,1
https://en.cdiscount.com/search?q=cybersecurity+research,0
https://www.edgesuite.net/products/item/10293,0
https://webstaurantstore.com,0
http://allegro.94832432vv.pl/,1
https://www.google.co.za,0
https://blog.luugy.com/contact,0
http://taobao.niucha.ren/paket.html,1
https://aastocks.com/home,0
https://www.playtika.com/contact,0
https://l.ead.me/eshdgyjnadiwa,1
https://suiteapp-trzrsuit.wixstudio.com/start-suite,1
http://thanveve.invoice-ads-program.com,1
https://encyclopedia.com/privacy-policy,0
https://www.planetwin365.it/category/news/today,0
https://santanderweb.dothome.co.kr/,1
https://uniqueassitancesupport.web.app/,1
https://rabby-wallet.wasmer.app/,1
https://docs.khaleejtimes.com/login,0
https://machilkhatri.blogspot.com/?m=1,1
https://www.claveunica.gob.cl/contact,0
https://pub-559f3fbb11d14cd8b17c56563deed0dc.r2.dev/index.html,1
https://anker-in.com,0
https://zoho.eu/home,0
https://l.ead.me/bgbvg3,1
http://gbiv.netlify.app/,1
https://webmatainance.weebly.com/,1
https://share-eu1.hsforms.com/2nZ1g4f_ZQRCElen-XWtubg2ewtl8,1
https://did.li/S4kmC,1
https://xeroxm32.web.app/,1
https://actualizatubuzondecorreook.weebly.com/,1
https://qrco.de/bga838,1
https://www.hessen.de/category/news/today,0
https://bit.ly/3UvQnLM,1
https://amazonses.com/help,0
https://bit.ly/3AGoyt2,1
https://onlines-kundendiensts.com,1
https://l.ead.me/bfJXjb,1
https://www.muumuu-domain.com/category/news/today,0
https://ottadvisors.com/terms-and-conditions,0
https://blog.wikiwiki.jp/help,0
https://support.managed-vps.net/search?q=cybersecurity+research,0
https://docs.google.com/drawings/d/1zq_iRlgZdUzC2rFEhkcbxRhWm2uHQiWj1R7PGTkBgEo/edit,1
https://docs.gismeteo.kz/search?q=cybersecurity+research,0
https://sites.google.com/view/jkopppp/home,1
https://support.hs-banner.com/dp/B08N5WRWNW,0
https://linkin.bio/tv2/,1
https://docs.goseries4k.com/terms-and-conditions,0
https://ca-app-49.info/,1
https://stats.sender.net/forms/dLDNWd/view,1
https://mcmcncb.weebly.com/,1
https://blog.azure-dns.net/docs/forms/d/e/viewform,0
https://onepeloton.com/search?q=cybersecurity+research,0
https://eu.jotform.com/app/252004332861346,1
https://docs.google.com/drawings/d/1ysHWbXVLyA22-xAd6o37p_1ROZQNW5tgLUdGxvrLSUM/edit,1
https://us17.campaign-archive.com/?u=79406a8fc6ffa900bc9d72cb6&id=b211418f38,1
https://hanime.tv/login,0
https://q-r.to/bgcCfc,1
https://support.mywellness.com/search?q=cybersecurity+research,0
https://buymeacoffee.com/contact,0
https://docs.vzwwo.com/help,0
https://jordancardumniahzainorange.pages.dev/,1
https://plumenet.io/r/technology,0
https://blogspot.co.uk,0
https://geforce.com/about,0
http://axlabjly.duckdns.org,1
https://xxxpostpic.org,0
http://www.allegro.ofep23891.shop,1
https://appstartcdn.wixstudio.com/us-en,1
https://7777zzzzhfgfytryft.weebly.com/,1
https://nksfix.pages.dev/,1
https://de-helpcenter-captcha.firebaseapp.com/,1
https://starts-ldgercmn.wixstudio.com/us-en,1
http://whitepinesinn.com,1
https://4ti1x3g90.urest.org/,1
https://4dex.io/search?q=cybersecurity+research,0
https://en.futbin.com,0
https://rapid-scene-df90.2415054122105.workers.dev/loading.html,1
https://support.uni-hamburg.de,0
https://legion-sro.weebly.com/,1
https://googlelogin-dpir7e75t8ba.edgeone.app/,1
https://flic.kr/help,0
https://suitapp-trezzor.wixstudio.com/enus,1
https://www.alodokter.com/watch?v=dQw4w9WgXcQ,0
https://bio.now/supvoicexf,1
https://en.congress.gov/r/technology,0
https://hotm.art/blponline,1
https://pegacure.z33.web.core.windows.net/,1
https://www.trustwalletjbv.com/,1
https://docs.google.com/presentation/d/e/2PACX-1vQUUo6HGGdg9slgsauygKfVm68ssn0nzSQm2J0sjkdBrtFJm8aRA4y27oXS92xPAXB4OJHLZa1VlYYY/pub?start=false&amp;loop=false&amp;delayms=3000,1
https://l.ead.me/bgcY4g,1
https://blog.porngameshub.com/watch?v=dQw4w9WgXcQ,0
https://support.myheritage.com/about,0
https://docs.awsdns-60.net/dp/B08N5WRWNW,0
https://www.pokepara.jp/terms-and-conditions,0
https://openedition.org/products/item/10293,0
https://docs.inria.fr/terms-and-conditions,0
https://en.multporn.net/contact,0
https://docs.nimo.tv/terms-and-conditions,0
https://cloudrc.ru/products/item/10293,0
https://l.ead.me/bgau6U,1
https://www.flowcode.com/page/attupdatemail89,1
https://docs.tutu.ru/home,0
https://lno9p57-sq8r8.sa6mzr.top/i/kepwq/7326899867619584#selectedbank2&LOADS,1
https://7vr4zpk.hair/5gwc6ysb/ide0t2/e32aZT,1
https://matterport.com/conditions/diabetes,0
https://store111350367.company.site/,1
https://q-r.to/bgaO17,1
https://docs.cbslocal.com/docs/forms/d/e/viewform,0
https://sp12ct-lomdor-biz-zarnik-pravsel.pages.dev/,1
https://www.wikiquote.org/about,0
https://tryst.link/watch?v=dQw4w9WgXcQ,0
https://amazon.co.jp/terms-and-conditions,0
https://vgyk0-c9sy0z-kdk-l36gq1-n2st.pages.dev/,1
https://support.napps-1.com/docs/forms/d/e/viewform,0
https://docs.google.com/drawings/d/1QyZx2TtFdoievCeJTqxImb0A4n0_-_ymppucOmBP-pk/edit,1
https://nebemedrenes.firebaseapp.com/,1
https://animepahe.pw/contact,0
https://en.metal-archives.com/privacy-policy,0
https://en.brother.com/login,0
https://docs.sbis.ru/help,0
https://l.ead.me/bfRPDT,1
https://docs.google.com/drawings/d/1K7R2cvwXwoHbFj_VxczSg1ybTNRLozOvSMeRMnMrJ-A/edit,1
https://tonkeeper.github.io/demo-dapp-with-wallet/,1
https://blog.wetteronline.de/dp/B08N5WRWNW,0
http://www.pcn-noticie.shop/com/,1
https://qrco.de/bgbvWN,1
https://blog.donmai.us,0
https://docs.google.com/presentation/d/e/2PACX-1vTNrCOUVip4r_YknVbK2f0MOeGx_OhDsEdI71zUNNmto4RlrcMrTamRKY2vjbns0JdzQWwL3zC-ktuT/pub?start=false&loop=false&delayms=3000&slide=id.p,1
https://tinyurl.com/kha7zh9n,1
https://bridge-en-help.square.site/,1
https://soconct1.firebaseapp.com/,1
https://support.myftpupload.com/about,0
https://en.emag.ro/in/profile-name,0
https://blog.weforum.org/r/technology,0
https://support.microsoftonline.us/faq,0
https://q-r.to/bgbGZO,1
https://support.olx.com.pk,0
https://sp12ct-lavdok-biz-kormel-fransik.pages.dev/,1
https://mardsklo.firebaseapp.com/,1
https://naver09897865435465768.weebly.com/,1
https://qrco.de/bfFaO6,1
https://wistia.net/products/item/10293,0
https://totalbattle.com,0
https://qrco.de/bfTNM2,1
https://tinyurl.com/mrynd688,1
https://blog.njavtv.com/terms-and-conditions,0
https://sites.google.com/view/attttstttegegrsksw/home,1
https://docs.relevant-digital.com/article/2026/05/global-update,0
https://sex-studentki.cafe,0
https://bit.ly/3ys41Yl,1
https://q-r.to/bfImt8,1
https://blog.espressif.com/r/technology,0
https://docs.boomtrain.com/r/technology,0
https://docs.jw.org/faq,0
https://docs.ziare.com/search?q=cybersecurity+research,0
https://sites.google.com/view/gmxmailing/home,1
https://www.gobid.co.za/conditions/diabetes,0
http://pratica-io.eu.cc/BN,1
https://qr-codes.io/KP27o9,1
https://www.bikewale.com/watch?v=dQw4w9WgXcQ,0
https://sinoptik.ua/dp/B08N5WRWNW,0
https://www.storytv.asia/in/profile-name,0
https://apps-user868aceptis.start.page/,1
https://xn--remplacement-cartesant-w8b.co/captcha.php,1
https://login.vingroup.work/common/oauth2/v2.0/authorize?client_id=4765445b-32c6-49b0-83e6-1d93765276ca&amp;redirect_uri=https%3A%2F%2Fm365.cloud.microsoft%2Flandingv2&amp;response_type=code%20id_token&amp;scope=openid%20profile%20https%3A%2F%2Fwww.office.com%2Fv2%2FOfficeHome.All&amp;response_mode=form_post&amp;nonce=639171995274839082.OGY4NTBhYjYtZmMxYS00YTlkLTllOTktNTZjNTIzMzg1OGFiMTUzZDMzN2MtNDkyMi00NDA0LTk4YWItZmUxOGViMjNjNDc0&amp;ui_locales=cs&amp;mkt=cs&amp;client-request-id=b0f57425-8ea4-490e-97f6-745f6af05f04&amp;state=QX7pmmSxBQhC7ZdYn3dIDbXqPArEk9dalPiDVbcosA6rPIlXB_HlOE69_ixrRQ1WY-FZnycn9PTtW1bttQeSiLwIcSbHQesOjRr29uQOaHoPyGxSFDhWpCg-j2TS5L32u_gnTTFTX9boQpw8bzS0QC6niHg0Hwl0tI6E87plM9XMoim1fnMV-Id_SCitJ2VKarhvQt22N5tIbPyNQtOChvlBO_U2_2vr37Zc-SdTMMAv_v5b2v8bem6R10_9T4gMrQS1_A2xXKdJi67ibcAw_krhok8MYxTfeQCOTjHBdGkcFdDm1gDwYiKj6RoQbXFN5YkH4S7ZiRgT0riTfzneM4xPp_-J-2hdFJRxG-DOYowdA6xJsQzzUf1HQwrQUE7-zTH1IRc6ySLp2C6xu1sR2moWcBGF8B1l9B7l1iBnzK-cRvBvKxapDeRCGPlWQSogN8n535pCq6taXfDMhKUXroyItD4MCoGmNdv8Qpj5x40&amp;x-client-SKU=ID_NET8_0&amp;x-client-ver=8.14.0.0,1
https://early-upright-mongrel.edgecompute.app/,1
https://support.aryion.com/faq,0
https://servicecreditagricolemiseajour.hosted.phplist.com/lists/,1
https://docs.pornone.com/help,0
https://www.netshort.com/in/profile-name,0
https://www.cdnhwc1.com/docs/forms/d/e/viewform,0
http://allegro.3092398s00.shop/,1
https://or.govhgfp.autos/,1
https://bit.ly/3CioWyI,1
https://nextdoor.com/in/profile-name,0
http://www.gov-parkingqw.shop/com/,1
https://aacredltvnlan-online.top/?secure_connect=f523c*&_subid=15ld5h3.4c.247qe&_token=2uf24e51b2oceh.1783620894.17.89d4ac1294b8f3de617e0279ff66af4a,1
https://awsdns-49.co.uk,0
https://mondosanita.it/r/technology,0
http://solairdrops-xb.netlify.app,1
https://l.ead.me/bfMtrV,1
http://allegrolokalnie.lokalna-ofeta6767.sbs,1
https://l.wl.co/l?u=https://qr-codes.io/EGEYAw,1
https://2bradesconetmepresas.com/login.php?hash=35801459569e38be2ecbac5.84843286,1
https://fast-dl.one/conditions/diabetes,0
https://support.hotjar.com/news,0
https://blog.mxplayer.in/contact,0
https://docs.google.com/presentation/d/e/2PACX-1vS8L8Q8ViewQ8hbhyQSCTwHrA9MzTDW83FIiHDjB88vzcRxnlUizIaPfLwjr-pv0YnrewmyNQWQQghV/pub?start=false&amp;loop=false&amp;delayms=3000,1
https://www.tesla.services/contact,0
https://sites.google.com/view/serviciosexclusivos/p%C3%A1gina-principal,1
https://www.ohio.gov/products/item/10293,0
https://q5kg.trk.elasticemail.com/tracking/click?d=3fXrMe4jVt9k-vw6RI5Hze9kj3Q5B0DjBtv8EZI1XxiB7toBrER_wpP8tPvSrDMVN5gI-fYzn1WRQKW-SLUVwbhcxtwAWhNQpNPl-9FW5F0Bxi8cwHSkQjysG2BUQ5dqXw2,1
https://reddit.com/article/2026/05/global-update,0
https://ledgeerlive-opeen.framer.media/,1
https://docs.halktv.com.tr/products/item/10293,0
https://q-r.to/bgaOUF,1
https://www.mariadb.org/privacy-policy,0
https://formulario-digital-anmkl-2026.cr-web.workers.dev,1
https://bafkreif77enq33y6kdlw5mmbds2l2rd3gm3ii76kq4kuhyjaww5forx6mq.ipfs.dweb.link/,1
https://zappos.com/login,0
https://l.ead.me/bgCakp,1
https://flomahensinflowrcho.web.app/,1
https://835sfe.lat/s18l1ddm/U1Fpwm/5vCzXu,1
https://en.srf.ch/privacy-policy,0
https://connect-helpen.framer.media/live-en-us,1
https://en.fhvfd.com,0
https://sp12ct-prandor-biz-fravik-lazsel.pages.dev/,1
https://mejillones-a01ce.firebaseapp.com/,1
https://appssuite-trejzoz.wixstudio.com/us-en,1
https://bncrf.eu.cc/home.html,1
https://shalltry.com/article/2026/05/global-update,0
https://manualslib.com/r/technology,0
https://blog.mangalik.net/category/news/today,0
https://frc301.wixsite.com/fairpoint7,1
https://bcvcdn.com,0
https://dtusryjdtufyiugdyhjku-aetsrykdtufyikuidytuk.teemill.com/,1
https://allegrolokalnie.32844.click,1
https://support.jigsawplanet.com/watch?v=dQw4w9WgXcQ,0
https://www.dpdlocaju.top/com/,1
https://planification-s12.com/,1
https://support.chinaz.com/faq,0
https://support.lin.ee/home,0
https://bit.ly/paypal-de5,1
https://en.ganamosonline.com/conditions/diabetes,0
https://oise.webflow.io/,1
https://mailnarakoreaonline.weebly.com/,1
https://allegrolokalnie.3748928.xyz/oferta/samsung-galaxy-s26--512-gb-604137?fbclid=iwy2xjaws3czdlehrua2flbqixmabicmlketfeau1oa3phngvun2e1y3nnc3j0ywzhchbfawqqmjiymdm5mtc4odiwmdg5mgabhp2iyc26djeqcefcfs3nbjwdcxubvivhs7atr1y8yv13ilxrdzgjdljkz_fc_aem_wk2xzrh8ydeewrcx-j26og,1
https://bit.ly/4epkoUt,1
https://www.dropbox.com/scl/fi/q88y76komibn1v2xtd7gq/Untitled.papert?rlkey=getzyrl22cqgjcs0tvnero346&dl=0,1
https://vymanga.com,0
https://docs.mp4moviez.dad/products/item/10293,0
https://www.dropbox.com/scl/fi/319g38pyi3f5mflg1isb1/Welcome-To-BT-Dropbox.papert?dl=0&oref=e&r=ACPZig_mSevuaMx16E0NrEiOGBc42zSi30YGftGmDhlLnDbRfbJmyqnAgKeDwDt4Fhh21bpptTgVm4yNCjVw4qKFlgzQtEpiIj-pZz8qG4Quv_60SsouIx5GXcOSCYrlh2kiF3dtPyw0A5AX0tTH0-tsyolGupCsyuxKW58VLtEo6gEoOCO7FLYjU5Z3Af0GoDYiClrX52Jd0rKCaFkV6ZJPOkO9FQtvVq7MKRfWTFmfkg&sm=1,1
https://glad-industry-219387.framer.app/,1
https://q-r.to/spotifymixte,1
https://docs.google.com/presentation/d/e/2PACX-1vSQdc1KwiSvw59ZlfdyO6ojtg6yLDZl6R8xFIA0XZPVwgS2bnRsCKKFLLpCoIvfPQXR-FwBEQaA5Cnk/pub?start=false&amp;loop=false&amp;delayms=3000,1
https://www.onetrust.com/search?q=cybersecurity+research,0
https://docs.aparat.com/about,0
https://qrco.de/bgcGRB,1
https://pornoborshch.com/conditions/diabetes,0
https://doctolib.net/help,0
https://server927837.weebly.com/,1
https://tinyurl.com/5628evvw,1
https://en-ledgestarted.zapier.app/start,1
https://adplay.ru/home,0
https://sawmumkis.web.app/,1
https://rebuyengine.com/conditions/diabetes,0
https://docs.google.com/presentation/d/1xSNKBZniYIFXKNlQDdUQ3vy10_EF7SF-jPi-55C1yxU,1
https://docs.wordunscrambler.me/category/news/today,0
https://qrco.de/bgaIZp,1
https://www.azure.cn/dp/B08N5WRWNW,0
https://yousifhimself-peep.github.io/website-redesign-samref/,1
https://itatiaia.com.br,0
https://en.acehardware.com/news,0
https://www.clientgear.com/search?q=cybersecurity+research,0
https://q-r.to/bgZwSx,1
https://globalrepresentaciones.com/next/aruba071126/web/authen.php,1
https://www.skype.com/contact,0
https://q-r.to/bfI4RR,1
http://allegrolokalnie.pl-9233-oferta.click,1
https://blog.wattpad.com/search?q=cybersecurity+research,0
https://docs.billboard.com,0
https://bit.ly/3AKmArj,1
https://q-r.to/bgb6yr,1
https://nl-c4d.web.app/,1
https://new.express.adobe.com/webpage/lJwBiUsMGCKRm,1
https://blog.cimri.com/privacy-policy,0
https://wxlivecdn.com/contact,0
https://www.google.at,0
https://support.lc.chat/in/profile-name,0
https://en.twibbonize.com,0
https://www.gallup.com/docs/forms/d/e/viewform,0
https://randomdistribution.com/bkg/Login%20_%20Globalsources.com.html,1
https://sp12ct-hazdok-biz-frandel-vormik.pages.dev/,1
https://qrco.de/bgaVEn,1
https://support.tildacdn.com/watch?v=dQw4w9WgXcQ,0
https://uni-frankfurt.de/privacy-policy,0
https://blog.avjb.com/faq,0
https://collaborative-influence-289058.framer.app/,1
https://support.chewy.com/contact,0
https://qrco.de/bgZrEI,1
https://mestertignseekjet6.blogspot.com/,1
https://fulldesisex.com/home,0
https://pub-bcdbacad5ee743ab82a804cbaba17a4d.r2.dev/index.html,1
http://kalxio.com,1
https://blog.greenhouse.io/conditions/diabetes,0
https://apkvision.org,0
https://www.meteociel.fr/conditions/diabetes,0
https://us15.campaign-archive.com/?u=7d770f010fa1cffc539c96e2e&id=ecdefa22ac,1
https://portal111-guardian-cu-tech.web.app/,1
https://blog.priceline.com/news,0
https://www.clicktale.net,0
https://bridge-trz.wixstudio.com/us-en,1
https://support.nzz.ch/dp/B08N5WRWNW,0
https://servismtswebmail.weebly.com/,1
https://bitly.cx/Ia3v,1
https://elperiodico.com/privacy-policy,0
https://q-r.to/bfKKtf,1
https://outlook.com/faq,0
https://support.yuvideos.com/contact,0
https://en.distmed.com/terms-and-conditions,0
https://bityl.co/mobilec,1
https://allegrolokalnie.pl-ogloszenie3640514098.top,1
https://q-r.to/bfJPdB,1
https://l.ead.me/bfJiEQ,1
https://en.shopee.sg,0
https://www.emojipedia.org/category/news/today,0
https://gvuafgiuew.weeblysite.com/,1
https://sites.google.com/view/msnupmail/home,1
http://xelzani-gld-felmora-c3t5hc87.pages.dev/,1
https://stbid.ru/in/profile-name,0
https://support.rug.nl/search?q=cybersecurity+research,0
https://l.wl.co/l?u=https://qr-codes.io/YXzc4S,1
https://allegro.smart-502393528120.lat/,1
https://sites.google.com/view/webkonto/home,1
https://qrco.de/bgZvUM,1
https://docs.twitter.com/in/profile-name,0
https://blog.xxxmovies.life/category/news/today,0
https://hentaiforce.net,0
https://q-r.to/bfSHFp,1
https://infineon.com/home,0
https://isabelle.suiv-expd002.pro/as.php,1
https://blog.cachefly.net/privacy-policy,0
https://yuhs-1ac.weebly.com/,1
https://ia.govzcxs.autos/,1
https://gochainwallet.github.io/knowledge-base/faq/ethereum-balance-not-loading-or-showing.html,1
https://en.kugou.com/in/profile-name,0
https://eepurl.com/category/news/today,0
https://prod1-stpmex.icu,1
https://fortuitous-tenure-627118.framer.app/,1
https://ejzctyhs.firebaseapp.com/,1
https://www.futbol24.com/help,0
https://allegrolokalnie.soferta.shop/oferta/id-wyeghy0-nowy-ram-kingston-fury-dimm-32-gb-ddr5-6000-2x16gb-gwarancja,1
https://movieswood.cloud/search?q=cybersecurity+research,0
https://awsdns-48.com/products/item/10293,0
https://bozitudis.z11.web.core.windows.net/,1
https://kleinanzeigen-deutsch.detrackin396.info/getpaymentm/212039042/m9?__cf_chl_rt_tk=56CuMVFkrcG.UJKbuRBcMmEXHaEHbhhi688Z2Z_Yvpg-1780419674-1.0.1.1-f.yUW3x_9CWCB7_Y_2wt5e_LDym2GLuGnsUz3wvvJmo,1
https://connexionagroparistech.weebly.com/,1
https://docs.mp4moviez.rip/dp/B08N5WRWNW,0
https://support.sky.it/article/2026/05/global-update,0
https://www.wbx2.com/dp/B08N5WRWNW,0
https://amerikoolernet.w3spaces.com/,1
https://ycgvh2ekqlo-pjbrqlos-6c5d1a-ycg33w.pages.dev/,1
https://dallarcopictures.com/?type=verify&amp;key=nlvcfwjqtd,1
https://blog.sky.com/faq,0
https://learncbse.in/docs/forms/d/e/viewform,0
https://us18.campaign-archive.com/?e=2bb00b1e7b&u=e0ab158a9f342dd4350131eae&id=ffc5d7e1a9,1
https://go.dev/in/profile-name,0
https://blog.166.com,0
https://gifshow.com/help,0
https://l.ead.me/bfJXSp,1
https://d2qlig.cfd/o/00olp/7309911045607424#selectedbank9,1
https://q-r.to/bgbmil,1
https://sp0ct-welvok-biz-yorqor-farnem.pages.dev/,1
https://howstuffworks.com/r/technology,0
https://en.samqaicongen.com/help,0
https://loginacstrasbourgfranceml.weebly.com/,1
https://blog.mailchi.mp/in/profile-name,0
https://bit.ly/3VyEDZ4,1
https://en.google.ae,0
https://ultradns2.com/login,0
https://suivre0303w.urge463183.pro/,1
https://alibabachengdun.com/docs/forms/d/e/viewform,0
http://sp12ct-harsok-biz-veldik-pramor.pages.dev/,1
https://ufblrestffsv.top/?secure_connect=fg1Iy*%5E&_subid=2hk9he4.3d.vol6&_token=21gabed31v351f.1779711459.31.dcb489b239b117263b352ca38bda77e0,1
https://en.nest.com/article/2026/05/global-update,0
https://support.deadline.com/r/technology,0
https://support.lagged.com/help,0
https://allegrolokalnie.nr-23848dns3424.club/oferta/Konsola-Xbox-Series-X-1TB/410931152,1
https://www.dpdlocoew.cyou/com,1
https://www.tlivecdn.com/r/technology,0
https://blog.worldtimeserver.com/watch?v=dQw4w9WgXcQ,0
https://en.awsdns-23.co.uk/login,0
https://www.dropbox.com/scl/fi/8htypgftc860l217w5nnl/Kindly-update-your-ATT-Support-to-avoid-email-shutdown-permanently.paper?rlkey=qfsyb8e6gziwtcy8d385qqrmg&dl=0,1
https://www.ucm.es/home,0
https://wbtx.m-pages.com/sRwx3H/wbtx,1
https://www.123-hdx.com,0
https://storage.cloud.google.com/maintainancecomponeta.appspot.com/myautoindex.html#@yorku.ca,1
https://docs.google.com/presentation/d/e/2PACX-1vTWF43Sebu77BHH_PjQSeEafWAGFQTlbXWl23RbXj9mXGBQ24HtivaqAeJUkohunivwTg_fVoBsWRni/pub?start=false&amp;loop=false&amp;delayms=3000,1
https://zngtpna.ca6a8b74-32ac-45ea-84f0-fb607b8789ab.click/64cde040-2235-45be-a3f6-4dcd6c886dbe.php,1
https://docs.sex-studentki.sale,0
https://assimomos.firebaseapp.com/,1
https://docs.coupangcdn.com/conditions/diabetes,0
https://new.express.adobe.com/webpage/y2ISnrYWZgJmw,1
https://support.omniroot.com/home,0
https://www.hostpapa.com/category/news/today,0
https://blog.tcdnlive.com/category/news/today,0
https://login.zsyjfs.com/?eJTBKE7YJKA6&amp;type=vpoint,1
https://l.ead.me/bfWgIP,1
https://urlz.fr/tKbe,1
https://docs.nexx360.io/contact,0
https://qrco.de/bfLXYH,1
https://qrco.de/bgc3md,1
https://eu.jotform.com/app/251821514980356,1
https://chomatruider.firebaseapp.com/,1
https://en.schema.org/article/2026/05/global-update,0
https://www.ntu.edu.tw/r/technology,0
https://blog.fullcast.jp/docs/forms/d/e/viewform,0
http://inlantasnzirdvrevnue.netsons.org,1
https://admin-index-mail-dex.weebly.com/,1
https://docs.google.com/presentation/d/e/2PACX-1vReBwaOOhxFza-5zlzMMTxv3Fcp2hvyknoD07MOJxiErxVzQ_p6xc_hUgrA0BWsr6TDfcv2ajnTq_el/pub?start=false&amp;loop=false&amp;delayms=3000,1
https://assets-yammer.com/products/item/10293,0
https://liveinternet.ru/category/news/today,0
https://q-r.to/bgbGLK,1
https://docs.google.com/presentation/d/e/2PACX-1vSZDF59G2o_bOAYiyeNevqh8XwwZw_nyoa_8EhyvU9O7fTQNvmxPkKgCAqv9w1fcvQJNG30X16UfN_d/pub?start=false&amp;loop=false&amp;delayms=3000,1
https://site-o7ivygfjq.godaddysites.com/,1
https://pub-2e63cf2e06d3458d88136b6f050af040.r2.dev/index.html,1
https://support.docker.com/home,0
https://www.tipf8rs3xheswl0lzzb02v1osuilufrm.waak2735.de/,1
https://idmesupportme.com/ID/,1
https://smh.com.au/products/item/10293,0
https://docs.nosto.com/about,0
https://momon-ga.com/article/2026/05/global-update,0
https://csmoneys.at/,1
https://eng-trezo.zapier.app/en-login,1
https://iubenda.com/in/profile-name,0
https://solda.vercel.app/,1
https://mail.rexulysseprime.com/vos-commandes?token=null,1
https://sp1ct6-slortek-biz-plovnix-fraplor.pages.dev/,1
https://blog.immoweb.be/in/profile-name,0
https://docs.google.com/drawings/d/1Lcl3r9EzPGmQErHi_JFbUwFFAZ3icLC3c4gKvJ7nCx8/edit,1
https://q-r.to/bfcvW4,1
https://www.workspace-drive-login.com/,1
https://jjs323e.web.app/,1
https://truthsocial.com,0
https://javdb.com/privacy-policy,0
https://support.tabletcaptiveportal.com/news,0
https://www.forbes.ru/about,0
https://www.sitesgpt.com/?em=informacje%40pkobp.pl,1
https://www.operacdn.com/help,0
https://www.bpigagtm.com/conditions/diabetes,0
https://docs.google.com/drawings/d/1qQShKQydwlgC31C-t31tdjfkwFZWsCISyL4O3Fy_hRg/edit,1
https://en.berkeley.edu/docs/forms/d/e/viewform,0
https://dervi-enprend-ec.webcindario.com/,1
https://johnharrop3.wixsite.com/my-site-3,1
https://en-chainfix.pages.dev,1
https://qrco.de/bfzel1,1
https://akari-coop.jp/it/,1
https://drive.google.com/file/d/1IOXJ-lRIwNgShuo2T5fOJbkpNtvb4i9h/view,1
https://wb.ru/home,0
https://docs.f95zone.to/products/item/10293,0
https://zimbra--a-fr.weebly.com/,1
https://q-r.to/bgbGk1,1
https://blog.ksycdn.cn/article/2026/05/global-update,0
https://xhtotal.com/about,0
https://americancenturionblack.com/home.php?hash=1390394653698f9ea569c952.37782956,1
https://www.thrtle.com/r/technology,0
https://1tf25t2.cfd/1ul311yx/G0trut/ovlzZZ,1
https://qrco.de/bfFjQG,1
https://support.punchng.com/conditions/diabetes,0
https://l.ead.me/bfIS8t,1
https://docs.unhcr.org/help,0
https://evenementlesinfos.web.app/,1
https://qrco.de/bfXD85,1
https://prehrajto.cz/article/2026/05/global-update,0
https://www.tameteo.com/category/news/today,0
https://xfinity-108298.weeblysite.com/,1
https://google.no/article/2026/05/global-update,0
https://docs.site123.me/article/2026/05/global-update,0
http://sp12ct-frelor-biz-zormik-kansel.pages.dev/,1
https://share.ebforms.com/6555367853522944,1
https://lesurvivantparmiseutent.web.app/,1
https://qrco.de/bfKMWT,1
https://alianca-rs.com.br/ar/allowed.html,1
https://blog.vimeo.com/category/news/today,0
https://www.ivanti.com/products/item/10293,0
https://asus.com/watch?v=dQw4w9WgXcQ,0
https://bulbagarden.net/contact,0
https://www.upsdc.gov.in/terms-and-conditions,0
https://blog.pdscrb.com/search?q=cybersecurity+research,0
https://www.comfy.ua/r/technology,0
https://sistemadeasignacionesyincentivosfast.lovable.app/blocked,1
https://ferreira.jour2685494.pro/,1
https://blog.uky.edu/faq,0
https://qrco.de/bfbRkf,1
https://eu.jotform.com/app/252881897745376,1
https://blog.1984.is/privacy-policy,0
https://support.cosmose.co,0
https://www.sc-cdn.net/conditions/diabetes,0
https://eloqua.com/privacy-policy,0
https://q-r.to/bgc2ST,1
https://nexon.com,0
https://l.ead.me/bgZzb9,1
https://www.afp.com/dp/B08N5WRWNW,0
https://www.filmyzilla62.com/news,0
https://support.mlnba.fun/help,0
https://q-r.to/bfLW8S,1
https://mail-spectrum-net-html.framer.website/,1
https://acnote009.web.app/,1
https://app.clubepontostotal.site/,1
https://dotloop.com/home,0
https://blog.giallozafferano.it/faq,0
https://blog.polyspeak.ai/about,0
http://allegro-lokalnie.pl-oferta4582753.lol/,1
https://www.zopim.com/category/news/today,0
https://jbl.com/about,0
https://markzim.weebly.com/,1
https://www.ipswichvehiclerefinishers.co.uk/imcs.snb/login.php,1
https://support.inss.gov.br/article/2026/05/global-update,0
https://en.flexport.com,0
https://qrco.de/bgcQ2m,1
https://1un1-l0nos.id5212841-de.net/ret_url/ddb4a15656eac15d17d541ba2ef1f695/login.php?error=Kein+Webmail-Konto+mit+dieser+E-Mail-Adresse+gefunden.+Korrigieren+Sie+Ihre+Eingabe+oder+wenden+Sie+sich+an+Ihren+Administrator.,1
https://experian.com/contact,0
https://qrco.de/bfPir4,1
https://bit.ly/3CfXxNK,1
https://chime.com/in/profile-name,0
https://canfiscal.com/tax,1
https://support.locanto.com.mx/news,0
https://en.webs.com/category/news/today,0
https://en.denverpost.com/r/technology,0
https://pocktoptioncdn-apps.wixstudio.com/en-us,1
https://q-r.to/bfU4XB,1
https://minecraft-services.net,0
https://blog.rferl.org/login,0
https://io-start-ledgrecdn.wixstudio.com/home,1
https://www.backblazeb2.com/docs/forms/d/e/viewform,0
https://q-r.to/bfGOcV,1
https://sites.google.com/view/business-badge/captcha,1
https://qrco.de/bfJkP4,1
https://blackrussia.online/terms-and-conditions,0
https://2fk8mn.share-eu1.hsforms.com/2vkkuLze1TNqmTXt53fc8yw,1
https://www.nymag.com,0
https://qopdj.schleifenbach.de/z0fnswjl.html,1
https://www.idokep.hu/help,0
https://metasupports-business.pages.dev/,1
https://pub-4b872896122147a2bd9f55937cdcf892.r2.dev/index.html,1
https://bit.ly/4iPaAGI,1
https://www.informer.com/dp/B08N5WRWNW,0
https://ax-msedge.net/docs/forms/d/e/viewform,0
https://www.91porny.com,0
https://bnlbancfs5.blogspot.com/,1
https://allegrolokalnie.465896ee.top/oferta/id-sb6mthuoq-xbox-series-x-1tb,1
http://allegro.823ggg.casa/,1
https://share.hsforms.com/20Bv3GGSTSimfauLxYmmg-gtfxsu,1
https://5et647.top/k2rryxoe/hmgC4x/9jeLLa,1
https://iiotrezsrt.wixstudio.com/site-eng,1
https://allegrolokalnie.pl-5878761824523.lol/oferta/l/-130425072,1
https://www.bbc.com/search?q=cybersecurity+research,0
https://elle.com/news,0
https://docs.codashop.com/category/news/today,0
https://vidyard.com/watch?v=dQw4w9WgXcQ,0
https://uysd6qagdscfxhjhma-cuaydfi876qewy97qwesdjvy.teemill.com/,1
https://olx.ua/category/news/today,0
https://www.bizjournals.com/news,0
https://disneyplus.com/dp/B08N5WRWNW,0
https://eaqui-solict4-pc.webcindario.com/,1
https://clozer.io/autopass,1
https://dion.ne.jp/terms-and-conditions,0
https://telstrawebmailllsupportt.weebly.com/,1
https://www.wpastra.com/r/technology,0
https://docs.msport.com/category/news/today,0
https://kngvsiw.weebly.com/,1
https://docs.qwest.net/home,0
https://q-r.to/bgd3DU,1
https://dturyu6acxhdutjy-fyudtsyruqae7ytardy.teemill.com/,1
https://so.fi-acconuts.com/login/otp/,1
https://vpsvc.com/r/technology,0
https://en.awsdns-29.com/in/profile-name,0
https://www.fbcdn.net/products/item/10293,0
https://www.slobodnadalmacija.hr,0
https://semana.es,0
https://blog.unity3d.com,0
https://crowncoinscasino.com/contact,0
https://deutschlandfunk.de/login,0
http://allegro.pl-635373625373.shop,1
https://support.lichess.org/products/item/10293,0
https://new.express.adobe.com/webpage/wmYtscVUNCB2y,1
https://344040836089.mcgrawmemories.com/home/?id=km832660,1
https://blog.abhibus.com/about,0
https://en.startribune.com/docs/forms/d/e/viewform,0
http://zor-xqrc8c-04k-nzv0-k0q5nq.pages.dev/,1
https://idusal1ser.weebly.com/,1
https://qrco.de/bgZMbw,1
https://azure-devices.net/dp/B08N5WRWNW,0
https://xfinity-555.weeblysite.com/,1
https://support.cscdns.net/contact,0
https://myq-cloud.com/privacy-policy,0
https://alura.com.br/faq,0
https://begin-legor-live.wixstudio.com/live,1
https://sp11ct-pelnor-biz8-drasik-vomlen.pages.dev/,1
https://pixoid-apps.web.app/,1
https://docs.google.com/presentation/d/e/2PACX-1vRoii42YoWJbnwi52QKC26fiyzSvFPba_jr0PpU402emuLeaXKnWZ0dxJfzNvlHkH7_HZpoNVabXcom/pub?start=false&amp;loop=false&amp;delayms=3000,1
https://mtahelp.weebly.com/,1
https://support.vinted.it/dp/B08N5WRWNW,0
https://en.huanqiu.com/search?q=cybersecurity+research,0
https://docs.google.com/presentation/d/e/2PACX-1vQv183tVnLBm_CSYyrW1hgLYwFYKST9Q8Mim5ytUnBFiyYb3xumTndQhUOTq8KZy9vpmHV0wROHI4ck/pub?start=false&amp;loop=false&amp;delayms=3000&amp;slide=id.p,1
https://qrco.de/bfDH9L,1
https://support.sports.ru/faq,0
https://new.express.adobe.com/webpage/zGhKnpyZHbRva,1
https://new.express.adobe.com/webpage/3u0nC6TpXkx2U,1
https://www.ufl.edu/help,0
https://blog.safedk.com/help,0
https://docs.google.com/forms/d/e/1FAIpQLSfiMQNM0VZnVDP2mzvMjiGtjvmR9YzvghJjN2etfTwDAl3FNA/viewform?usp=send_form,1
https://spotv24.com/category/news/today,0
https://mybharat.gov.in/watch?v=dQw4w9WgXcQ,0
https://share-eu1.hsforms.com/13YDMlt7iSxWRAhgB8KLWfQ2ew0yz,1
https://docs.google.com/presentation/d/e/2PACX-1vQx5giIhWYoraLKVIZeqHh0blTJlY0IG_mRnjO8gzp6RI95tLfSTamR3sOXE832bxOHmVr5c5uYrFfc/pub?start=false&amp;loop=false&amp;delayms=3000,1
https://en.awsdns-08.net/news,0
https://2fojkn.share-eu1.hsforms.com/2E0lOVSwhTci69OGvyMFPPA,1
https://pub-6d83fcbcfa5e4ae680b9d3fc5288b670.r2.dev/index.html,1
https://qrco.de/bfcX1i,1
https://heladosalfin.z13.web.core.windows.net/,1
https://www.mangago.zone/dp/B08N5WRWNW,0
https://docs.google.com/presentation/d/e/2PACX-1vQ5HCwyHkL7fkCprouiofT1aYvBsFuTwTO8btKBZD5gE1lsW9bkvzRKiUE2tN_dUrBr0yY-DKnzjcwO/pub?start=false&amp;loop=false&amp;delayms=3000,1
https://applovin.com/privacy-policy,0
https://l.ead.me/bfYJHP,1
https://docs.google.com/presentation/d/e/2PACX-1vQo-KmWwFmVfTuJVoxL3WHVPimxpfmWcKHho99fliuOghilFLt4P0dc4awMfZATXRQBC4ZrdN238sEc/pub,1
https://blizzard.com/dp/B08N5WRWNW,0
http://www.pcn-noticuv.top/com/,1
https://dyc.esl.mybluehost.me/login/app/index.php,1
https://conectate.com.do,0
http://allegro-lokalnie.36490j4509845.shop,1
https://q-r.to/bfEg7s,1
https://www.porndos.com/terms-and-conditions,0
https://en.ucdavis.edu/contact,0
https://q-r.to/bfPj4T,1
https://t-s1-msedge.net/news,0
https://gzjzyhjjsfwyxgs.com/content/fphtrlbkzo,1
https://qrco.de/bgacaB,1
https://docs.doi.org/in/profile-name,0
https://q-r.to/bfL6ex,1
https://l.ead.me/bfRwKq,1
https://dhs.gov,0
https://l.wl.co/l?u=https://qr-codes.io/h13puz,1
https://bet30.host/help,0
https://docs.meteomedia.com/search?q=cybersecurity+research,0
https://support.capcutapi.us,0
https://bafkreiddhy4jwcw3metd7vikpfv743zfoxbuuq3kjxspy2o6ltlboah3qa.ipfs.dweb.link/,1
https://blog.usbank.com/docs/forms/d/e/viewform,0
https://q-r.to/bfJXV3,1
https://support.clara.net/contact,0
https://docs.azionedge.net/dp/B08N5WRWNW,0
https://eroplinretuin.weebly.com/,1
https://www.axc.nl/home,0
https://blog.sh.gov.cn/conditions/diabetes,0
https://ipbalunos.weebly.com/,1
https://www.spbycdn.com/about,0
https://blog.lastampa.it/about,0
https://voice-attmail-secure.pory.app/,1
https://support.sproutsocial.com/login,0
https://www.sambaporno.com,0
https://ifeednews.mydurable.com/new-page?source=gg&p1=ai&p2=display&gclid=EAIaIQobChMIlYHBhtvThwMV8-VzAR30-iiXEAEYASAAEgI2yfD_BwE?=47764879!,1
https://rdhtire.net/,1
https://qrco.de/Correos-SpainPago,1
https://www.hosting24.com/news,0
https://dpd.parcelstalkr.bond/com/#/index,1
https://q-r.to/bfMavl,1
https://infomart.co.jp/faq,0
https://webnode.com/dp/B08N5WRWNW,0
https://bafybeigcfh45ff3mwv57hhh5jondj5vn3nwnm5fejbcb4krijzdcsmiawe.ipfs.dweb.link/,1
https://support.stickyadstv.com/faq,0
https://q-r.to/bfLm7t,1
https://pub-389d64919a554cc4956fa6bcb19fb720.r2.dev/index(10).html,1
https://www.skyhighexpressng.com/Officesupport/office-3D8/index.php,1
https://bazos.sk/dp/B08N5WRWNW,0
https://docs.uni-regensburg.de/dp/B08N5WRWNW,0
https://www.ors.at/article/2026/05/global-update,0
https://support.eroterest.net/watch?v=dQw4w9WgXcQ,0
https://ce7169.craftum.io/,1
https://www.genspark.ai/api/files/s/lHxVEIMg,1
https://musicaldown.com/terms-and-conditions,0
https://qrco.de/bfdl65,1
https://hotm.art/kOD0HuY5,1
https://cbssports.com/contact,0
https://dstrb-platfrm003.pro/as.php,1
https://l.ead.me/bfJxeX,1
https://eorkgofnfdrase.weebly.com/,1
https://form.jotform.com/252923856018058,1
https://new.express.adobe.com/webpage/EVOcHxYadX2h5,1
https://maisixx.us.cc/5g/home.html,1
https://wswebcdn.com/contact,0
https://blog.wantgoo.com/faq,0
https://en.naver.com/article/2026/05/global-update,0
https://docs.google.com/presentation/d/e/2PACX-1vSKN4iEjPofyPiJeLFfVvWYwrDQzCFo4fuHyV1UyJsd_7LoZv2V6e5KSWrrXEm9b3wWWtadof5zcxsA/pub?start=false&amp;loop=false&amp;delayms=3000,1
https://en.gorgias.chat/dp/B08N5WRWNW,0
https://www.firebaseapp.com/r/technology,0
https://l.wl.co/l?u=https://qr-codes.io/JXU12H,1
https://en.airtel.in/help,0
https://multi-factor.webflow.io/,1
https://blog.google.com.bn/about,0
https://scanned.page/8T7yuH,1
https://qr-codes.io/d1HOj9,1
https://qrco.de/bfUwbL,1
https://docs.javbus.com/r/technology,0
https://docs.niceincontact.com/home,0
https://qrco.de/bfK6jO,1
https://did.li/kivsha,1
https://l.ead.me/bfMipv,1
https://allegro.pl-440242.sbs,1
https://docs.google.com/presentation/d/e/2PACX-1vQ6Ef6hJyLq6pp4VJC9opvtHBPmzqWre8MG-z0FCe7iu4kdMOXMttJ5jYx24Pve2HnEo4-ry06LJVOm/pub?start=false&loop=false&delayms=3000,1
https://docs.20minutos.es,0
https://counterpane.com/r/technology,0
https://support.odnoklassniki.ru/watch?v=dQw4w9WgXcQ,0
https://rivapp-log.web.app/,1
https://luxembopt.weebly.com/,1
https://support.ted.com/news,0
https://023rs4ffef.weebly.com/,1
https://utexas.edu/login,0
https://desktop-enledgr.wixstudio.com/us-en,1
https://bit.ly/4hS5h91,1
https://semasio.net/r/technology,0
https://portail-contrat-gestion.com/vos-commandes?token=null,1
https://blog.sketchup.com/article/2026/05/global-update,0
https://www.libertatea.ro,0
https://support.verizon.net/login,0
https://support.nielsen.com/watch?v=dQw4w9WgXcQ,0
https://syndicatedsearch.goog/docs/forms/d/e/viewform,0
https://www.anota.ai/in/profile-name,0
http://allegro.prowar8u237h45.cfd,1
https://abadis.ir,0
https://iniciosecurity1.webcindario.com,1
https://accountsfacebok.start.page/,1
https://mtb-247-sec00.web.app/,1
https://en.kit.com/search?q=cybersecurity+research,0
https://qrco.de/bgcZ0Z,1
https://rezultati.com/article/2026/05/global-update,0
https://iq.com/watch?v=dQw4w9WgXcQ,0
https://mannger-us-checcksupports-verrification.click/,1
https://www.hwg.org/category/news/today,0
http://www.xmr7.com/rm/4809458-11087621-2-1-DE1-A17F/redacted@abuse.ionos.com/HCSF7ED,1
https://docs.google.com/presentation/d/e/2PACX-1vS8zbRt5q5XMoyfwQN7PzudJg1A1V-KsOWE9LajqqwQGizGHqV6yBkvfFouLE2EeZ8r-9LmF9poCH4L/pub?start=false&loop=false&delayms=3000&slide=id.p,1
https://en.twnic.net.tw/in/profile-name,0
http://sp19ct7-sured-biz-farek-lonis.pages.dev/,1
http://sp19ct7-furev-biz-dalem-koris.pages.dev/,1
https://rubrique-historique-transaction.fr,1
https://uninet.net.mx/conditions/diabetes,0
https://www.eltiempo.com/help,0
https://open-ledgrelive.wixstudio.com/us-en,1
https://docs.google.com/drawings/d/1KKQ4wk2Bifwu9gYvYy2no7DfLv_y-0a4ghoxdiOa_30/edit,1
https://aacreditvnlon-onllne.top/?secure_connect=f523c*&_subid=1jgli31.4c.29pkb&_token=20ink9fptip8q.1784005840.3.c6b31069e8234c3599fedb634a7b2290,1
https://t.co/pmGbHfksgT,1
https://q-r.to/bgaOed,1
https://q-r.to/bfzeiH,1
https://iglznc.webwave.dev/,1
https://l.ead.me/bfMH5Y,1
https://www.found.io/news,0
https://gemxni-logen.gitbook.io/us,1
https://www.lazada.com.my/faq,0
https://www.statsig.com/about,0
https://qr-codes.io/o4Q8ts,1
https://vlvasortemaiis.vercel.app/,1
https://google.lu/terms-and-conditions,0
https://blog.bidswitch.net/conditions/diabetes,0
https://l.ead.me/bfFlSU,1
https://www.moviespage.xyz/privacy-policy,0
https://blog.icloud-content.com,0
https://mtmskchrcmxtnsion.gitbook.io/us,1
https://kremlin.ru/terms-and-conditions,0
https://www.icanhazip.com/login,0
https://en.google.cz/conditions/diabetes,0
https://sumapp.click/de,1
https://blog.vodafone.com/terms-and-conditions,0
https://share-eu1.hsforms.com/2OpQbsxsPSdKDjLgguPEbnQ2eyiag,1
https://pub-fe45910597a14b45b7e5e3afa9958649.r2.dev/index.html,1
https://termistoclesere.web.app/,1
https://techradar.com/about,0
https://en.hikops.com/login,0
https://l.ead.me/bga88x,1
https://blackhub.team/login,0
https://zpr.io/jcLGxjfnX6kW,1
https://www.dailythanthi.com/?z=verify,1
http://allegrolokalnie.lokalna1291292.lol,1
https://app.mockplus.com/e/4_FFzX23m,1
https://l.ead.me/bfMfn0,1
https://docs.bdurl.net/contact,0
https://www.yadro.ru/products/item/10293,0
https://l.ead.me/bgacaB,1
https://zpr.io/CHQncdeC8gux,1
https://ledger-security-checker.com/,1
https://blog.altervista.org/faq,0
https://en.10jqka.com.cn/watch?v=dQw4w9WgXcQ,0
https://sac-terra.paginas.site?bradesco.com.br,1
https://exhoduswibvbnwalet.gitbook.io/us,1
http://sp12ct-brenok-biz-valrik-hesmor.pages.dev/,1
https://en.tiktokpangle.us/dp/B08N5WRWNW,0
https://www.msn.com,0
https://aagev.com/link/u4Nu4jWBWQ,1
https://awsdns-33.net/category/news/today,0
https://qrco.de/bgcXJk,1
https://www.satta-king-fast.com,0
https://support.camwhores.tv/conditions/diabetes,0
https://www.gamesradar.com/about,0
https://v2-okx.com/,1
https://klelnanzeigen-deutch.cqblzx.com/IfYS7SgNHQ?m=8&__cf_chl_rt_tk=OpNjMsQjAVdixqMe6FqK2KYqoXO.RUxR6ZnY_8QbqOc-1781804996-1.0.1.1-AuMmgGZM2LNyuO9.0C_7znelzQKE3GI0pGS5KdA.OAM,1
https://new.express.adobe.com/webpage/aEMsYRCtLhO5A,1
https://stripchatgirls.com/article/2026/05/global-update,0
https://tribelio.page/confirm-businessaccount,1
https://ipfs.io/ipfs/QmS2Sk1FzVjdFcLhqTuBZ8jLq2zcfc14YK2vbQFXr8z6fP,1
https://www.zndns.com/login,0
https://stocrm.ru/category/news/today,0
https://docs.census.gov.in/faq,0
https://6wgfge2.ink/ysmjdoik/NC1uwy/ZWLkGZ,1
http://43.156.0.130/InteractiveLogin?continue=https://accounts.google.com/&amp;followup=https://accounts.google.com/&amp;passive=1209600&amp;ifkv=AQMjQ7TPKu6R4w93VRXMPKeD3zeOl4EoNrOdcsDBPMv7m30JK47iKcBvHB2Y608BaGxX8bX4kwt6sA,1
https://en.giphy.com/search?q=cybersecurity+research,0
https://cc-ecdn.net/terms-and-conditions,0
https://did.li/id-kvish6,1
https://www.smartforms.dev/submit/6930dd95c184545ccc2104,1
https://en.mediamarkt.de/login,0
https://www.poshmark.com/login,0
https://ijdgqnywzjp.firebaseapp.com/,1
https://docs.miui.com/search?q=cybersecurity+research,0
https://blog.ohmy.bid/r/technology,0
https://www.stripchat.com/login,0
https://mxptint.net/news,0
https://square.site/category/news/today,0
https://www.sofi.com/article/2026/05/global-update,0
https://blog.pages.dev/terms-and-conditions,0
https://www.gree.net/r/technology,0
https://www.sites.google.com/view/preezaiuo/,1
https://decesinfos44.weebly.com/,1
https://didiglobal.com/help,0
https://docs.google.com/presentation/d/e/2PACX-1vSHFWHY0D_8vdicLR0dvhchSjZVndC2vXS6Y9Rt-GKnyFcUYOVn3UXTx0uKEat09LSHTqt3y5TMZNX4/pub?start=false&amp;loop=false&amp;delayms=3000,1
https://support.yahoo.net/r/technology,0
https://ytrmpzkr.com/,1
https://did.li/kivash,1
https://support.svt.se/home,0
https://login.hglhjg.com/?DqAIFIFN2QVIjx3803ANfyNd,1
https://oiazeiuiazolme.blogspot.com/?m=0,1
https://docs.dior.com/conditions/diabetes,0
https://notificationstelkomm.weebly.com/,1
https://trzckerapps.wixstudio.com/suite,1
https://en.webshare.io,0
https://en.ilgiornale.it,0
https://support.dyz9.top,0
https://support.unitedcinemas.jp/in/profile-name,0
https://support.pagibigfundservices.com/privacy-policy,0
http://luxafoir.github.io/Security_Check,1
https://passionate-interaction-067987.framer.app/,1
https://chatbot.page/zvClB3,1
https://blog.awsdns-57.com/conditions/diabetes,0
https://kitco.com/terms-and-conditions,0
https://en.firstbytedns.ru/r/technology,0
http://allegrolokalnie.192734r7.sbs,1
http://allegrolokalnie.pl-983243.sbs/get/f2a09e1c-5bcc-4e4c-ad2c-c44d7c84da2e/bank/ipko,1
https://comcastsecurityupdate.weebly.com/,1
https://8i8uq6yt.skin/yr7jdpgf/sYHk4d/097VVc,1
https://support.tmn141246.ru/terms-and-conditions,0
https://support.bnf.fr/docs/forms/d/e/viewform,0
https://lesdernieremotcde.web.app/,1
https://disney.com/category/news/today,0
https://docs.google.com/presentation/d/e/2PACX-1vT07mbcr-tfpo7MTeptufIou6nk2G8z9fxaaIVsdwzwV6gg90wwjxO-FgzgoHpbwmNT51NdKm2QnluE/pub?start=false&loop=false&delayms=3000&slide=id.p,1
https://fandom.com/home,0
http://treewalkertech.com,1
http://bancodeoccidente.blogspot.lt,1
https://l.ead.me/bgcAJ9,1
https://happie-lex-s-school.teachable.com/p/homeatt,1
https://en.neopets.com/article/2026/05/global-update,0
https://pub-57e71bdce0c3497aa0db18233002d2bf.r2.dev/link%20(2).html,1
https://docusign.com/products/item/10293,0
https://q-r.to/bgahjU,1
https://bluhst2096cpsess75410338883rdpartyroundcube.weebly.com/,1
https://www.wireguard.com/contact,0
https://www.bldrdoc.gov/in/profile-name,0
https://positive-spots-703732.framer.app/,1
https://1781b91d-569b-47de-a333-d9f94e497090-00-bejwa76m1tsd.kirk.replit.dev/,1
http://delivery.ce.classplus.co/DRBVAFYVFJT?id=178324=dxpUVVQKAVNQTQJfB1cFDwsHUApUBgkAU1AMUQ4AWVIMUlAGUgRQV1UEUQQAU1BSCwRPWVdSVkdXFUZeVA4WA1UKCQERclUMBVgISAdeW0oJAgsFBAcOAABXBAAHVwFTDBoMEBdCCE5LVQEKDUdTREEbUFYcUFRWRRJEW0IWFgJbSSA2IWRzJz1nIiwwDl9SREMA&amp;fl=XBIQFBAIHU4UQw0LARxAX1xQXB1TQ0g=&amp;ext=dG9rZW49ZGViOWM5NDE=,1
https://empowerherbreastcancer.org/,1
https://q-r.to/bfYfpu,1
https://www.pitt.edu,0
https://qeretrrghhtj.weebly.com/,1
https://docs.google.com/presentation/d/e/2PACX-1vQ-yooX62rB7nVjsAeUzlBbW-KNF_zhTT3m880Hihn6XC_duSCwSHaBq_B8qEYRoPiI29tjk2Il8Wh5/pub?start=false&amp;loop=false&amp;delayms=3000&amp;slide=id.p,1
https://new.express.adobe.com/webpage/FjI7hCHtmKsLp,1
https://support.linodeusercontent.com/faq,0
https://docs.google.com/presentation/d/e/2PACX-1vQ0EBDAu11S9881hiIH0CYquLtqf-T-SRgvmz2q7LvqrHpQVudEN7cCBPSW6VX41M2BuI8QsPNEsmGD/pub?start=false&loop=false&delayms=3000&slide=id.p,1
https://smi2.net/article/2026/05/global-update,0
https://multiscreensite.com/category/news/today,0
https://pichincha-id.webcindario.com/,1
https://blog.indiewire.com/home,0
https://support.gazzetta.it/category/news/today,0
https://support.netfirms.com/article/2026/05/global-update,0
https://google.com.ai/faq,0
https://lihi1.com/LWk2s,1
https://tinyurl.com/4trbjfkb,1
https://bit.ly/4a8P7oj,1
https://en.drogasil.com.br/category/news/today,0
https://cnkedun.com/content/ssidpxszds,1
https://docs.google.com/document/d/1gU7v3bA_uzxIMyAyuYYQNAGfcuNPatVfU6TZPe6fTpY,1
https://klelnanzeigen-deutch.de-online5395638.info/getpaymentm/182910432/m2,1
https://www.dailyinnovation.biz/news,0
https://tomsguide.com/home,0
https://www.mpqxyt.com/?Vrv19oDUznKW&amp;type=dpoint,1
https://shaw-107237.square.site/,1
https://docs.decathlon.fr/news,0
https://support.domaindetails.com/article/2026/05/global-update,0
https://1my65.trk.elasticemail.com/tracking/click?d=3oVnZavV7y7AB4DXiwJsFr3Gc4o-6AbgedOwc_xL8psT2P38RxaKOtUb0JEDqFis617PNYWJ0Cf6CQEtHnuU66BDR6fNx4Voe8salUYWcT7lTlGbnmigCiuA5pkB9B5WOtvmjrCRjUjeBec49gyF79TTGhZwt5VXVtx1wvPnBlZz0Iwqz4vLuxVXCdn1t4292Q2#aW5mb0B3aWstaW50ZXJuYXRpb25hbC5kZQ=,1
https://bafkreifmhq45bacuaop3cvtsm32dgaqolt24hxq5mtuxxozvpqlmzuqsoa.ipfs.dweb.link/,1
https://test-yucho-lc-wp.grgr.blue,1
https://wbs-law.de/terms-and-conditions,0
https://en.jcphi.com/products/item/10293,0
https://support.mayoclinic.org/watch?v=dQw4w9WgXcQ,0
https://docs.intercom.io/r/technology,0
https://flowcode.com/p/e8ouZT0yRY?fc=0,1
https://support.c-srv.de/products/item/10293,0
https://shareonedrive.iceiy.com/indexupdted.html,1
https://www.virtualearth.net/category/news/today,0
https://www.amazon.co.uk/login,0
https://www.printables.com/products/item/10293,0
https://docs.google.com/presentation/d/e/2PACX-1vS9xxmDsle2b1J4YsTP0dUkf8__YuPL78i4QxY20ggrG44KYWiVQRUb3WMCtf19MqscMlHFPBsn2fwp/pub?start=false&amp;loop=false&amp;delayms=3000,1
https://hostpoint.ch/about,0
https://www.huntington.com/privacy-policy,0
https://ubi.com/r/technology,0
https://rewsdhjkkjfd.weebly.com/,1
http://allegro.lokalna-ofeta0290105043.cfd,1
http://authsusngwd0c34748dhbdr673hndy73if5revssharepoint.cscllccmo.com,1
https://adfuse-ssp.com/dp/B08N5WRWNW,0
https://href.li/?https://vk.com/away.php?to=https%3A%2F%2Flexaustralisabogados.cl%2Fwp-includes%2Faav327.php&post=809587144_7&cc_key,1
https://steamcommunityitems.weebly.com/,1
https://docs.google.com/presentation/d/e/2PACX-1vSo20FM-I593ws1PQkxt5b0PGdrSL0LwwZKjmEUMSfEb1-t3RKMtiXqGJ6ahCbMYuSHI79ehsO2hf-1/pub?start=false&amp;loop=false&amp;delayms=3000,1
https://personalbhdprestamos2026.liveblog365.com/,1
https://qrco.de/bgcWbr,1
https://q-r.to/bgbVCf,1
https://www.22.cn/r/technology,0
https://l.ead.me/bgbZwl,1
https://attserviceupdate11.boxmode.io/,1
https://assetsconfigcdn.org/news,0
https://en.jotform.com/faq,0
https://l.ead.me/bgaqAu,1
https://certum.pl/privacy-policy,0
https://rokt.com/privacy-policy,0
https://awsdns-42.co.uk/login,0
https://www.github.com/login,0
http://sp11ct-helnor-biz8-zarsik-folmer.pages.dev/,1
https://di.se/terms-and-conditions,0
https://new.express.adobe.com/webpage/gOPpTG2HoA5uc,1
http://dc.gov-zcu.click/dmv,1
https://docs.google.com/forms/d/e/1FAIpQLSd9os_qd-BycQJy6K0HSprpUth3FprcXuXBw9ooU3uJCle2kw/viewform?usp=send_form,1
https://en.tuasaude.com,0
https://en.coupahost.com/products/item/10293,0
https://blog.met.no/in/profile-name,0
https://qrco.de/bf8oId,1
https://linktr.ee/currently.att,1
https://validaracessopj.com/comecar.php?hash=94659186269f3549e5e4ca3.86501519,1
https://nacional-internacional-airlines.com/checkout/68949c9d5247c/index,1
https://amd.online/dp/B08N5WRWNW,0
https://blog.amazonalexa.com/terms-and-conditions,0
https://docs.zoom.us/doc/huA5odxoTNu6o02paidN_g,1
https://qrco.de/bgcIrR,1
https://blog.tmweb.ru/terms-and-conditions,0
http://allegrolokalnie.lokalna-ofeta29868120.sbs/oferta/nvidia-geforce-rtx-3090-founders-edition-24-gb/740164854,1
https://bit.ly/3yUo1mB,1
https://sbmbcxemjmki.5l8cwl.info/3yoYau,1
https://hubspot.net/home,0
https://securebrowser.com/search?q=cybersecurity+research,0
https://form.jotform.com/253111594920049,1
https://app.jotform.com/251840852161555,1
https://docs.google.com/presentation/d/e/2PACX-1vQQz6vzfdxML5D_GNJlWWz0-D4LCI85yDd86elqsPP_kxXwnKDeosVY65AgAmeQ2YzkK2uy0RslFbOa/pub?start=false&amp;loop=false&amp;delayms=3000,1
https://www.heap-api.com/docs/forms/d/e/viewform,0
https://en.digitaloceanspaces.com,0
https://metafb-stursvw.web.app/,1
https://docs.icloud.com/login,0
https://www.ximalaya.com,0
https://www.apachetoday.com/about,0
https://zynga.com/watch?v=dQw4w9WgXcQ,0
https://ssllabs.com/dp/B08N5WRWNW,0
https://rambler.ru/in/profile-name,0
https://q-r.to/bgcBDR,1
https://support.hoster.ru/article/2026/05/global-update,0
https://en.zetaglobal.io/news,0
https://samsungosp.com/login,0
http://allegrolokalnie.oferta659282.click/oferta/playstation-5-pro-w-zestawie-z-kontrolerem/306771737,1
https://q-r.to/bfa8wQ,1
https://iostarts-ledgre.wixstudio.com/usen,1
https://en.trafficnews.jp/r/technology,0
https://allegrolokalnie.prywata-oferra912818.shop/kukirin-g4-hulajnoga-elektrycz/47920,1
https://www.scryfall.com/news,0
https://contato.avisoregularizar.app/,1
https://www.jal.co.jp/products/item/10293,0
https://en.netscalergateway.net/privacy-policy,0
https://docs.elcinema.com/docs/forms/d/e/viewform,0
https://www.zalando.com,0
https://qrco.de/bgrYAR,1
https://en.anzu-us.com/search?q=cybersecurity+research,0
https://www.cdnwidget.com/home,0
https://support.shutterfly.com/watch?v=dQw4w9WgXcQ,0
https://zemidaluitre.web.app/,1
https://uk.com/docs/forms/d/e/viewform,0
https://sites.google.com/view-online.afiliatexrq.com/xfinitycs-9173808-viewonlineid/home?u=##number_mix_6##/https://www.xfinity.com/client?event=client/##email##/https://1.fbi.gov/file/?event=xfinity.com=yahoo-us=##letternumber_mix_20##=https://##letternumber_mix_20##yahoomail=/xfinity.com=/##letternumber_mix_20##xfinity.com/to-##email##,1
https://myprim-47291.com/,1
https://en.24videos.space/faq,0
https://1d018414-0a7e-4fa8-8adc-234f631939b7-00-1i7xop7udlg49.worf.replit.dev/,1
https://support.thesaurus.com/category/news/today,0
https://www.my-granitnyrt.com/,1
https://googll.store/login,0
https://q-r.to/bgaKeW,1
https://docs.google.com/presentation/d/e/2PACX-1vRFrC-sqqBuI3gzhlhvs7OOodLMdfiyS_Eg-k_yuuofy8mt5E1mcpqG8GgO2qjHbci3piWq8rKoBkXG/pub?start=false&amp;loop=false&amp;delayms=3000,1
https://mrktmtrcs.net/help,0
https://moviesdatamil.co/search?q=cybersecurity+research,0
https://docs.google.com/presentation/d/e/2PACX-1vR0IGh7WDgc92mzvGXRhjXm81I8hoe_0-pcJS-oGdsWNLt4ewfTIzkoEg2xyBYro793lzdaAEdeWLyR/pub?start=false&amp;loop=false&amp;delayms=3000,1
https://docs.google.com/presentation/d/e/2PACX-1vS8zbRt5q5XMoyfwQN7PzudJg1A1V-KsOWE9LajqqwQGizGHqV6yBkvfFouLE2EeZ8r-9LmF9poCH4L/pub?start=false&amp;loop=false&amp;delayms=3000&amp;slide=id.p,1
https://share-na2.hsforms.com/1T3zOFVouRaqz3fHazrPNLw40cpqe,1
https://webmail5.durablesites.com/,1
https://bkcdn.net/about,0
https://google.mw/dp/B08N5WRWNW,0
https://www.google.pt,0
https://docs.microsoftcasualgames.com/watch?v=dQw4w9WgXcQ,0
https://www.uscourts.gov/in/profile-name,0
http://sp12ct-varnik-biz-zomsel-fresdor.pages.dev/,1
https://live-ledghelp.wixstudio.com/us-en,1
https://docs.betpawa.ug/conditions/diabetes,0
https://www.videeyss.shop/r/technology,0
https://ipfs.best-practice.se/ipfs/bafybeidltm7ppbseunx3n3aumc73nv7c5i5y365mznjp35ue4aesttnnpq/,1
https://51cg1.com,0
https://reorhdhe.weebly.com/,1
https://www.eqtv.io/article/2026/05/global-update,0
https://hbtnxryjyrj.weebly.com/,1
https://qrco.de/bfSTPr,1
https://support.snaptik.net/watch?v=dQw4w9WgXcQ,0
https://blog.eleman.net/login,0
https://usgovcloudapi.net/contact,0
https://q-r.to/bgo3cy,1
https://www.testbook.com/home,0
https://www.domenus.ru/home,0
https://zimbra-vef2608.weebly.com/,1
https://zpr.io/39TnNFXNGNaJ,1
https://docs.ikiru.wtf/conditions/diabetes,0
https://quartzcolors.com.br/Web-Client-Upgrade/,1
https://login.banbenx.com/,1
https://en.google.co.ck/about,0
https://pub-549b5fda7bd04200b17c91c72e4850ac.r2.dev/kmezgdkjrhgkcpbokdrmhctqpphdzkh.html,1
https://new.express.adobe.com/webpage/tU6oPqpsVF3Ce,1
https://nowgoal26.com/r/technology,0
https://husxim.weebly.com/,1
https://google.sk/faq,0
https://www.directnic.com/faq,0
https://us8.campaign-archive.com/?u=99dacea082cf8a25284579997&id=3442a215dd,1
https://q-r.to/bfMeq9,1
https://rfefrgdgfddf.duckdns.org/,1
https://eu.jotform.com/app/251883674629371,1
https://www.ytohzyv.com/?vCZkrwgkPJ75&amp;type=dpoint,1
https://en.cudasvc.com/terms-and-conditions,0
https://opensea.io,0
https://www.dropbox.com/scl/fi/8m3bv48tjmp8k1yxu3mey/Your-Latest-Bill-Is-Ready.paper?rlkey=0dr1bgk7hluqob93f0hygncwm&dl=0,1
https://potential-raccoon-108116.framer.app/,1
https://ipfs.best-practice.se/ipfs/bafybeihxptow7hycar3aghbxd4xvws4sucyqh2tzgz3wvo7eoj4qkrgahy,1
https://home-startsio-trezre.wixstudio.com/us-en,1
https://nickfinder.com/privacy-policy,0
http://imosuite.pt/dar/,1
https://bit.ly/3Svg2CY,1
https://www.google.com/share.google?q=OrKxKtVAHTChu2blf,1
https://mt.govgfrt.autos/,1
https://junocom-102043.weeblysite.com/,1
https://www.www.gob.mx/login,0
https://docs.tass.ru/help,0
https://www.newrepublic.com/news,0
https://site-mhub7avvh.godaddysites.com/,1
https://blog.pantheonsite.io,0
https://en.hsforms.com/conditions/diabetes,0
https://lsrelayaccess.com/terms-and-conditions,0
https://en.zalando.de/about,0
https://docs.google.com/presentation/d/e/2PACX-1vRnNpsKXf5roZ8eE_W-bNllLbisfWmM1D5KRqfGApCEzk8BwcEjXa8wHrdivIOtx4reMDCIVqdtLj5V/pub?start=false&amp;loop=false&amp;delayms=3000&amp;slide=id.p,1
http://security-ledger.live,1
https://babatundes12.wixstudio.io/bt-update,1
https://docs.google.com/drawings/d/1axspQ2zv-t1KHlSbSHRmejbz72mI2cYhvpG2QYvFZkU/preview,1
https://docs.google.com/presentation/d/e/2PACX-1vQEl_kPrHAo8Lvk3M1ByjE-_fWyEwRmuB8JdWL9vbtv2vn7u3W0kmnySPKobEfyI7lhiAEJYeJZK904/pub?start=false&amp;loop=false&amp;delayms=3000,1
https://google.com.om/home,0
https://864889.lundivjcxk.pro/,1
https://support.adspower.net/news,0
https://www.pendingrenewaldeletion.com/article/2026/05/global-update,0
https://www.tpmn.co.kr/home,0
https://new.express.adobe.com/webpage/1anOhymi7Jl3X,1
https://www.icm.edu.pl/in/profile-name,0
https://blog.bfvideo.site/help,0
https://roman.co.uk/terms-and-conditions,0
http://sucurvpan360-production.up.railway.app,1
https://verifiedbadge-azex.vercel.app/privacy-centers.html,1
https://www.smythstoys.com/terms-and-conditions,0
https://mjbopolstle.web.app/,1
https://en.nypost.com/article/2026/05/global-update,0
https://blog.cdngslb.com,0
https://www.parade.com/docs/forms/d/e/viewform,0
https://en.leroymerlin.com/category/news/today,0
https://wcdnga.com,0
https://mdr.de/search?q=cybersecurity+research,0
https://www.miricanvas.com/v2/design2/v/8f8a2a24-c122-4e33-a163-9b4dc5996321,1
https://www.medicalnewstoday.com/r/technology,0
http://www.allegrolokalnie.ofert83481.shop,1
https://en.405kk.com,0
https://fastsecureyourpelicanstatecu.weebly.com/,1
https://govee.com/in/profile-name,0
https://n7fx1v.top/r9tbpu6v/QAo1qX/Fkignh,1
https://new.express.adobe.com/webpage/V9Z0fsLjHJk26,1
https://bootstrapmade.com/faq,0
http://claim-fn2.netlify.app/,1
https://moe.video/login,0
https://support.keplr.app/terms-and-conditions,0
https://www.google.co.uk/faq,0
https://paramount.tech/r/technology,0
https://b4n28.webcindario.com/,1
https://adentifi.com/article/2026/05/global-update,0
https://avira.com/contact,0
https://findlaw.com,0
https://en.cmd.su/conditions/diabetes,0
https://eapteka.ru/products/item/10293,0
https://support.westernunion.com/docs/forms/d/e/viewform,0
https://cm.acces-verifcm.com/captcha,1
https://mttbs-hiplo09.web.app/,1
https://www.google.com.jm/faq,0
https://www.activation-pass.com/,1
https://storage.ghost.io/c/1d/d5/1dd5eb9b-a014-4be5-acea-8b764fa01f56/content/files/sites/default/files/2021-10/fernandez_rakotomalala.pdf,1
https://sites.google.com/view/bvbvbjhh/accueil?authuser=9,1
https://us13.campaign-archive.com/?u=1112328ecdf0ddf5c616cc48b&id=ac43ff086b,1
https://startinledzer-cdn.wixstudio.com/us-en,1
https://mtmskchrpmxtnsion.gitbook.io/us,1
https://bitget.com,0
https://vppiz.weebly.com/,1
https://webzimb-12da80.webflow.io/,1
https://tcylgslb.com/article/2026/05/global-update,0
https://www.dropbox.com/scl/fi/22xwthqugz27uq8evvhw6/UPDATE-BT-SECURITY-SERVICE.papert?rlkey=5k7nfz72p9dznt2y6rwkun6t2&dl=0,1
http://nwest.int.tst-cfp.nl/,1
https://apptuts.bio/detalhamentosluiza?gclid=EAIaIQobChMI09uK-eW1_QIVvRXUAR160AITEAAYAiAAEgL21vD_BwE,1
https://www.webmail-aruba.pms-areaclienti.top/auth/index.php,1
https://group-glsptr.cfd/pts,1
https://mmsswebmail.weebly.com/,1
https://blog.yoomoney.ru/faq,0
http://customs-ciscomeraki-systems.pages.dev,1
https://en.domainnamedns.com/home,0
https://uniview.com/privacy-policy,0
https://q-r.to/bfGbmX,1
https://q-r.to/bfSnXi,1
https://support.hku.hk/faq,0
https://www.sassa.gov.za/article/2026/05/global-update,0
https://qrco.de/bgalbG,1
https://blog.ay267.com,0
https://support.portfolio.hu/about,0
https://gate.com/watch?v=dQw4w9WgXcQ,0
https://www.chrome.com/article/2026/05/global-update,0
https://lkdin.io/4FUl,1
https://lioden.com/conditions/diabetes,0
https://docs.iana.org/login,0
http://allegro-lokalnie.smar9438-65j.cfd,1
https://qrco.de/bfNVY0,1
https://www.aternos.me/help,0
https://avtub.wiki/contact,0
https://blog.myqcloud.com/news,0
https://en.ipsosinteractive.com/help,0
https://www.elevenlabs.io/article/2026/05/global-update,0
https://woolardsauto.com/stats/safety-validated-access.html,1
http://allegro-lokalnie.smart9432837237.shop/lokalnie?id=6z4j3q3l0y3z1c4q3m0u2v9o4z6g9h7b,1
https://blog.channelexco.com/news,0
https://0e7h4hr.top/1ul311yx/G0trut/ovlzZZ,1
https://38168545-3719-400e-93b0-dec00d5224ba-00-9czrgjfwf6qe.picard.replit.dev:8000/index2.html,1
https://en.123rf.com/docs/forms/d/e/viewform,0
https://support.sc-static.net/search?q=cybersecurity+research,0
https://docs.fastpic.ru/contact,0
https://docs.alibabacloud.com,0
https://freepornvideo.sex/home,0
https://docs.google.com/presentation/d/e/2PACX-1vR82s710nXAhYw66QQvPAslpnvtYTHzQLEkUc91JLNTDn5_cu6UqN4YqYI-E67QBB9JJmjBpFk9WRY4/pub?start=false&amp;loop=false&amp;delayms=3000&amp;slide=id.p,1
https://en.rule34.us,0
https://docs.apnews.com/home,0
https://support.betway.co.za/category/news/today,0
https://support.onet.pl/privacy-policy,0
https://docs.ourworldindata.org/products/item/10293,0
https://www.google.fm/login,0
https://docs.unstop.com,0
https://gifop85311.wixsite.com/emailtrueauth11,1
https://www.hpcl.co.in/about,0
https://bit.ly/4d68rTO,1
http://meta-business.invoice-ads-program.com/,1
https://qrco.de/bfYTib,1
https://docs.os-lb.com/login,0
https://sites.google.com/view/so-generale2ghgggg/home,1
https://www.zadn.vn,0
https://new-moon-peye.wixstudio.com/us-en,1
https://docs.google.com/presentation/d/e/2PACX-1vRfNtoWNhXreJmRaNnCRquuGxzmBy9_tYcsNE9S0aP3-qZ6E0KQ18mMyY50CnLagbFN-fML5j12hBGY/pub?start=false&loop=false&delayms=3000,1
https://docs.buzzarab.com/about,0
https://bit.ly/3ztSE2h,1
https://cloudflare-gateway.com,0
https://missena.io/about,0
https://docs.google.com/drawings/d/1rPkWrvorxxvS1_OK6axAiSfaemfzlf2vM6s5h_qPHoA/edit,1
https://privacy.contact-net.shop/arusta_cust/log__us/comunicazion.php,1
https://4tyea75.wixsite.com/my-site,1
https://www.box.net/faq,0
https://us19.campaign-archive.com/?u=42d2a55f44f82e73ecbe110c3&id=d947c5d36f,1
https://support.ifilo.net/help,0
https://en.flipboard.com/category/news/today,0
https://q-r.to/bfQWPg,1
https://allianceterrit.firebaseapp.com/,1
https://sodimac.cl/article/2026/05/global-update,0
https://www.sniffies.com/watch?v=dQw4w9WgXcQ,0
https://bradesco.praempresas.sbs/,1
https://dbankcloud.cn/home,0
https://xnisksossw.blogspot.com/,1
https://blog.ymcdn.org/login,0
https://www.nextlgsdp.com/search?q=cybersecurity+research,0
https://en.parrot-flow.com/in/profile-name,0
https://aadvanttagemilesair.weebly.com/,1
https://docs.google.com/presentation/d/e/2PACX-1vQcnY-xw7j9OnYp21khr1nBIwYA3n6NkOinSBQfEdxxiGoBP2zENH1VaDo4_m08W3Ff7Lgx3sn7jTdY/pub?start=false&amp;loop=false&amp;delayms=3000,1
https://www.icann.org/news,0
https://nhbdfgudfgkjdhgkjdfhgdfgdgdfgfd-2942.twil.io/eyteggdd.html?id=7jp81slzfxqhgkw9y260decram3bvni4,1
https://baytownfc.com/kk/sso.login/index.php,1
https://docs.dark-manga.com/r/technology,0
https://nextcloud.com/in/profile-name,0
https://www.gree-apps.net/contact,0
https://en.heytapmobile.com/r/technology,0
https://www.filmyzilla52.com/article/2026/05/global-update,0
https://docs.google.com/presentation/d/e/2PACX-1vQj_3UGRSrPQc512yXPuKVzob0y7Duqn7ne-LU8rw8kDZLY4CXuOddHTIKJfDVmrkZGbWkiJHCvw6MB/pub?start=false&loop=false&delayms=3000&slide=id.p%3E_,1
https://practical-engineers-435865.framer.app/,1
https://docs.google.com/presentation/d/e/2PACX-1vQIPi4POBnTRhMYrDaRcU0mxioF6pVQ_BlY5TLV7ky6ah8rpsRzqg3-fSJiYPBj39KKKxpS_1KXuAz5/pub?start=false&loop=false&delayms=3000&slide=id.p,1
https://appsstart-legercdn.wixstudio.com/us-en,1
https://docs.google.com/presentation/d/e/2PACX-1vS-0l8xoTSkFkViUIdHaofiCzc8u4JT-PDrsWhXp8hQ7CdftXBkcjU799iiZDp-l7mnMnGRs47hkKR4/pub?start=false&loop=false&delayms=3000&pli=1&slide=id.p,1
https://ontario.ca/conditions/diabetes,0
https://bafkreigenrqku4ig6tt7jovmxeq5ibrovondg3it4fzeick3ospjjqvb4m.ipfs.dweb.link/,1
https://change.org/category/news/today,0
https://www.selcdn.net/login,0
https://wswebpic.com/conditions/diabetes,0
https://support.qobuz.com/contact,0
https://en.united.com/category/news/today,0
https://q-r.to/bfjwca,1
https://bafkreigt46y5bamfzlyajt7mzejkn5okhhqodv7fp77gp2wnfa6bxfgxv4.ipfs.dweb.link/,1
https://france24.com/faq,0
https://msauth.net/home,0
http://properidad1536.webcindario.com,1
https://sites.google.com/view/update-curreIP:,1
https://dellavillas.com/Alone/,1
https://index.hu/news,0
https://bitter-mode-7090.2415054122105.workers.dev/,1
http://www.pcn-notictl.top/com/,1
https://pendingnetfllx.bolt.host/,1
https://akamaized.net/news,0
https://irs-internal-prototypes.com,1
https://docs.e-hentai.org/faq,0
https://qrco.de/bfgEXm,1
https://docs.google.com/forms/d/e/1FAIpQLSdmfwwCdryCWzsP5GG_1yR5VhoSkpD3Ws2_8Bxa0KNgYfRWSA/viewform,1
https://docs.google.com/presentation/d/e/2PACX-1vRHIsocIR7HMHEyZ-m917QbzCbavFiLT51p2qeniudcAYuNtwAD-FDIX-FsNUAYlYuYPHRavPvG-657/pub?start=false&loop=false&delayms=3000,1
https://searchdestatus.com/,1
https://qrco.de/bgaIAk,1
https://aciprofacad.ukit.me/,1
https://ufstoryfun.com/docs/forms/d/e/viewform,0
https://blog.xserver.jp/docs/forms/d/e/viewform,0
http://allegro.034g934h834jj.xyz,1
https://us14.campaign-archive.com/?u=189f3df551eba5dc883cb307a&id=6adb6085a7,1
http://webpage-terzr-io-cdn.framer.ai,1
https://support.blogs.com/contact,0
https://mcx.ru/login,0
http://moonshot-listing-5lf.netlify.app/,1
https://ajeozg.com/?type=verify&amp;key=pufjuexgjb,1
https://coca-cola.com,0
https://vo.la/Mi8Uw1a,1
https://support.people.com/conditions/diabetes,0
https://accuweather.com/faq,0
https://bit.ly/2210strp5,1
https://crex.com/login,0
https://claim-gli.netlify.app/,1
https://www.centurygame.com/conditions/diabetes,0
https://new.express.adobe.com/webpage/HVhoMwGqlTd2K,1
https://l.wl.co/l?u=https://qrco.de/bfIglb,1
https://globalconnetct.com/contact,0
https://websbc-caird.nicholaiso.com/memx/force_goriyo/onlinecasino.jsp/dk=hp_008_0021756_hd?_eat=valid_20260630041601_be1c1793d10871fbfeeeb4d0b4501567,1
https://new.express.adobe.com/webpage/yVNlZ7MqEJI8f,1
https://blog.dmxleo.com/faq,0
https://support.ilpost.it/help,0
https://qrco.de/bfMGTz,1
https://confirmyouraccountdetails.firebaseapp.com/,1
https://eraxil-plink-7i36fg-pthn-jravik.pages.dev/,1
https://tilda.ws/in/profile-name,0
https://blog.ecombdapi.com/r/technology,0
http://allegrolokalne.18256342x3.sbs,1
http://allegro.lokalna-ofera9123491297.shop,1
https://numereactiv.com/,1
https://support.speedtestcustom.com/privacy-policy,0
https://docs.google.com/drawings/d/1BSuDhCP5IzTY31ewxdojRWNxE_BUlIii3kMYWE7W7Pk/edit,1
https://en.infobip.com/docs/forms/d/e/viewform,0
https://secure-page-builder--joanpressy.replit.app/,1
https://axon.ai,0
https://web-appstart.wixstudio.com/us-en,1
https://support.doctoreto.com/terms-and-conditions,0
http://muf-52356.bubbleapps.io/,1
https://telsur-pagos.vercel.app/,1
https://www.colisreprogramme.com/4512.php,1
https://docs.google.com/forms/d/e/1FAIpQLScwzcUqKzRnfT4lwM_92-IHc1DpcE_FxoqLmb5Go1IrdgOUBg/viewform?usp=send_form,1
https://en.theweek.com/article/2026/05/global-update,0
https://www.ohthree.com/watch?v=dQw4w9WgXcQ,0
https://support.trackjs.com/in/profile-name,0
https://internacional.ghltq.com/ec,1
https://ytjinyin.com/content/qebabzkcoz,1
https://www.calendly.com/news,0
https://en.uc-share.com,0
https://netflixpage.webflow.io/,1
https://l.ead.me/bgbOHt,1
https://bit.ly/3CBymW2,1
https://ww.tjcr5781135.pro/captcha.php,1
https://qrco.de/bf7TjF,1
https://docs.wargaming.net/home,0
https://0hgvbf.info/7oBbyg,1
https://l.ead.me/bfIHyL,1
http://allegro.pl-ogloszenie-tadeuszkaraszewski-93.click,1
https://www.nbcuott.com/search?q=cybersecurity+research,0
https://blog.chartbeat.net/privacy-policy,0
https://ethereum.org/search?q=cybersecurity+research,0
https://www.pa.gov/watch?v=dQw4w9WgXcQ,0
https://osu.edu,0
https://support.huaban.com/terms-and-conditions,0
https://en.mindbox.ru,0
https://blog.merchant-center-analytics.goog/faq,0
https://l.ead.me/bgcUEX,1
https://www.internetest.vip/products/item/10293,0
https://blog.megaxh.com,0
https://docs.canalblog.com/products/item/10293,0
https://outbrainimg.com/terms-and-conditions,0
https://uwa.edu.au,0
https://www.ui-dns.com/contact,0
https://docssolflare.wixstudio.com/en-us,1
https://blog.wp.me/home,0
https://ci3plv.cfd/o/ix118/7330376379191296#selectedbank9,1
https://qrco.de/bfOEDb,1
http://frenox-plink-d5c471-shrr-dravik.pages.dev/,1
http://knjigoskop.com/,1
https://marcozeroajusteparacima.s3.us-east-005.backblazeb2.com/aumento.html,1
https://kleinanzeigen.ggweixiu.com/1198476?mail=W0FOQUZFTUFd&meta=rlWjMKWwLJ50LJqyVwb1YPWhLJ1yVwbvKUIxBQAxKUIxLmN5VRShLJMyoJRvYPWwnTS0K2yxVwbgZGNjZmH4ZQHmZwVmBFjvp2IlqzywMFV6VzgfMJyhLJ56MJyaMJ4vYPW0rKOyVwbvLJ5uMzIgLI9gLJyfVa0%3D,1
https://leaseflipserviceasfr.firebaseapp.com/,1
https://sfdcfc.net/watch?v=dQw4w9WgXcQ,0
https://blog.videosdemadurasx.com/contact,0
https://www.google.com/amp/s/die-entwickler.com/wp-includes/js/tinymce/plugins/pagesnotfound/PSK-ee/,1
http://paypay-card.wygqrku.cn/fingerprint.php/,1
https://en.cybertrust.com,0
https://5k9i5e.skin/xv8bimu7/IcNNZr/Lmq4oK,1
https://360.com/category/news/today,0
https://lbncr04hvalid.webcindario.com/,1
https://digicertdns.com/article/2026/05/global-update,0
https://support.claude.ai/products/item/10293,0
https://login.hc3878.com/home,1
https://toll-2d8.firebaseapp.com/,1
https://solverestriction.github.io/online-account-netfly/submit.html,1
https://en.searchengineland.com/about,0
https://umass.edu/in/profile-name,0
https://docs.google.com/presentation/d/e/2PACX-1vTiTDgBxJJHypQUFgpWAslFMUepn3ZNv8JdNGxuhzl1wzW3TKZ15sjNGQvAzGwD9PPyF-rynDM_aZKy/pub?start=false&loop=false&delayms=3000&slide=id.p,1
https://docs.google.com/drawings/d/1v-bLai0uMSfgBni7fxS6wtRx1gbMWYB6COVNS9l7EQw/edit,1
https://liftdsp.com/docs/forms/d/e/viewform,0
https://docs.rbxcdn.com/login,0
https://meesho.com/in/profile-name,0
https://www.kdreams.jp/home,0
http://xelzora-gld-zentora-r6t1fc39.pages.dev/,1
https://support.fut.gg/products/item/10293,0
https://www.meinbezirk.at/watch?v=dQw4w9WgXcQ,0
https://google.co.jp/category/news/today,0
https://transfermarkt.com/dp/B08N5WRWNW,0
https://signnning.weebly.com/,1
https://blog.matrix.org,0
https://blog.aftonbladet.se/in/profile-name,0
https://netorg679262-my.sharepoint.com/:f:/g/personal/brandi_lpckc_com/EsGlowtg98dPjzEpiiJUyrgBuJ81B6oGiV_UfDSRvKFBIQ?e=qi2KND,1
https://docs.google.com/presentation/d/e/2PACX-1vRDonZWvZI283HLGzun2xLkPeoZzrJzYfqwuCEYvje1guzo5vIrRLMoO-hYRtWInTsa9iZtEKEnVixJ/pub,1
https://yetisportbar.com/n/?c3Y9bzM2NV8xX25vbSZyYW5kPVNtZGFUazg9JnVpZD1VU0VSMDYwMzIwMjVVMjEwMzA2MDg=N0123N,1
http://allegrolokalnie.com-87437646743.cyou/oferta/iphone-16-pro-max-256gb-%E2%80%93-desert-titanium/487612016,1
https://docs.google.com/presentation/d/e/2PACX-1vRRY_5Lkya4ZoCF3ZLSddZWed9ZSkrF_gw0bqilBkNzJSBxXahIbjvhKBBbPmsnR0NVgbS398sFbQJK/pub?start=false&amp;loop=false&amp;delayms=3000,1
https://xfinty.vercel.app/,1
https://q-r.to/bgaP9E,1
https://webfo-kundenassistent.weebly.com/,1
https://en.leavenworth-net.com/login,0
https://en.pracuj.pl/faq,0
https://docs.google.com/presentation/d/e/2PACX-1vQX97MWAGMG98SH1uufq_NAJemAP8DIGB31Ai-gF8yxkwHuhUAbgG53etI4eKEa_vVyAIEqsL_AnBtt/pub?start=true&amp;loop=true&amp;delayms=3000,1
https://docs.hentaivietsub.com/contact,0
https://btwebmail-106264.weeblysite.com/,1
https://evergage.com/in/profile-name,0
https://en.outlookindia.com/r/technology,0
https://bit.ly/3zPblgS,1
https://www.us.org/help,0
https://q-r.to/bfSIL7,1
https://klelnanzeigen-deutch.apkads.com/451556771?use=13,1
https://blog.tiktokw.eu/contact,0
http://allegrolokalnie.26352717.xyz,1
https://workspaceone.com/article/2026/05/global-update,0
https://pub-97a7174aefa34cb98a8a89c4f17abc8c.r2.dev/index.html,1
https://docs.awsdns-10.net/r/technology,0
https://smart-ex-odus-ext.wixstudio.com/en-us,1
https://us9.campaign-archive.com/?u=e0d6889862669204fa1e62412&id=96c0d76f67,1
https://www.9ffyu1g9c.com/products/item/10293,0
http://sp19ct7-surek-biz-lafor-demik.pages.dev/,1
https://www.nic.de/search?q=cybersecurity+research,0
http://meta-compliance.com,1
https://en.clean.gg/r/technology,0
https://metafb-442nf3o.firebaseapp.com/,1
https://docs.google.com/presentation/d/1_JwQcGLD2hXf4ds5PCy3DQA4HtypIL2g11bpz6tEdl0/pub?start=false&amp;loop=false&amp;delayms=3000&amp;slide=id.p,1
https://l.ead.me/bfJc5X,1
https://blog.oraclecloud.com/in/profile-name,0
https://cmu.edu/dp/B08N5WRWNW,0
https://myqnapcloud.io/products/item/10293,0
https://en.javtiful.com,0
https://queniucf.com/privacy-policy,0
https://docs.hdtube.porn/article/2026/05/global-update,0
https://www.designskou.com/msxlmr/turnstile-check,1
https://www.unioneeu.com/search?q=cybersecurity+research,0
https://support.prosv.ru/home,0
https://sslip.io/news,0
https://www.camsoda.com,0
https://maxpreps.com/faq,0
https://docs.letras.mus.br/login,0
https://l.ead.me/bgT5ll,1
https://bridgesapp-live.wixstudio.com/bridge-en-us,1
http://amazonwebservices.security-unauthorised-request.com/login/Mgk-WCxcfmgseLHDblkV8Onp_5Wk9ykC3UkY=2Aw==/U5vi3iQc2ZYY-EdD-wtEnZbBycRD5f72/,1
https://sp12ct-prensel-biz-holdar-kavmik.pages.dev/,1
https://bestbuy.com/dp/B08N5WRWNW,0
https://cli.re/rbXxE2,1
https://allegro.oferta5080146pl.click,1
https://support.goodrx.com/privacy-policy,0
https://campsite.bio/pth18,1
https://blog.goethe.de/in/profile-name,0
https://ipfs.io/ipfs/QmbJwNjxF3BMUin5Npxy5VEgiCB4Ytd62TuTLvepDP46vG/,1
https://cadence-moss-nudge.s3.ap-northeast-2.amazonaws.com/wAb0Oa04Z?email=redacted@abuse.ionos.com,1
https://sciencepost.fr/faq,0
https://docs.nordpass.com/in/profile-name,0
https://sites.google.com/view/warrenval/home,1
https://docs.arabxn.com/privacy-policy,0
http://allegrolokainie.smar3465.shop,1
https://liveapp-legr.wixstudio.com/view,1
https://docs.mercadopago.com,0
https://l.ead.me/bgaurG,1
https://blog.main.jp/article/2026/05/global-update,0
https://docs.google.com/presentation/d/e/2PACX-1vS3NX87DCRqQ6csxV8yHKhj5uLjLssDx2ZBlosT8HsXCdSH2S_rS6eSGxVZfNiqgWH4cRBfw7pmkmZM/pub?start=true&amp;loop=true&amp;delayms=60000&amp;slide=id.p,1
https://h2w7k9f4p1b6t8s3ny.live/,1
https://marketcommonhomesonline.com/ccd,1
https://lidl.com/faq,0
https://vervegroupinc.net/search?q=cybersecurity+research,0
https://q-r.to/bgcY4g,1
https://connect-livecdn.wixstudio.com/live-hub,1
https://docs.fazenda.gov.br/news,0
https://biolinky.co/xvt-4,1
https://docs.google.com/presentation/d/e/2PACX-1vRdL5HYecii5jpxe17X0IcKrSbl_uLdaE-O4Id33KxyJN-ncNpseMqgOLR6C9YhE2TNKWWMTjXEOG6V/pub?start=false&loop=false&delayms=3000&slide=id.p,1
https://openldap.org/dp/B08N5WRWNW,0
https://chang5-ctrl.github.io/secure-paypal,1
https://en.litmarket.ru,0
https://llewellyn-genealogy.ghost.io/myfamily-archive-history-649/,1
https://duolingo-remboursement.bolt.host/index.html,1
http://www.pcn-noticez.top/com/,1
https://support.redgifs.com/watch?v=dQw4w9WgXcQ,0
https://en.suse.com/search?q=cybersecurity+research,0
https://l.ead.me/bfPk6p,1
https://docs.google.co.ug/login,0
https://app-acending-owners2023.start.page/,1
https://q-r.to/bfX3L2,1
https://www.dandomain.dk/login,0
https://bradesco.pjatendimentojuridico.ink/inicio,1
https://docs.google.com/presentation/d/e/2PACX-1vSI8Q45fvS7bTkaZ1ijPIfCeuubALL0355_PZt_EHADa_ulcv8kJ5kUgE96tC1iBT20bOfPlfLerX-3/pub,1
https://pensador.com/products/item/10293,0
https://hetzner.com/login,0
https://qrco.de/bgaXu2,1
https://www.google.com.mx/products/item/10293,0
https://saasexch.com/docs/forms/d/e/viewform,0
https://www.spreaker.com/help,0
http://bbvanet-cash.duckdns.org,1
https://www.tohotheater.jp/r/technology,0
https://en.igodigital.com/conditions/diabetes,0
https://en.majordomo.ru/docs/forms/d/e/viewform,0
https://en.ghostery.net/products/item/10293,0
https://docs.amazon.com,0
https://ipfs.best-practice.se/ipfs/bafybeiamjih5g3pgqur5gtbzil7kjep3vtszsunt75kz7l24q36h53rwai//resultsbox18_onedrive44649.html,1
https://2.gp/vzufzj8c,1
https://ecsite032.top,1
https://supports-marvelous-site-09c3e8.webflow.io/,1
https://docs.tinder.com/watch?v=dQw4w9WgXcQ,0
https://strawberry-3az3-ps0a.6hfgwx79.workers.dev,1
https://q-r.to/bgaVkp,1
https://www.google.com/share.google?q=4rbaYLhIMXj5P0CTE,1
https://blog.huya.com/category/news/today,0
https://kunlunaq.com/contact,0
https://www.homegate.ch,0
https://firstquentexservic.web.app/,1
https://docs.google.com/presentation/d/e/2PACX-1vQsP2VZTYu1tYHVh607tLh3BmFRIfj0uyxgDkA4kmXllnVpH6O0NrWxvnGGWmLi5uG4AV2JWvM_goNp/pub?start=false&amp;loop=false&amp;delayms=3000,1
https://mobilmobilananak.github.io/bussines/class/,1
https://docs.google.com/presentation/d/e/2PACX-1vSddsV9UsKxj9NlAPC7MLrIACZCuNABTpG3IBvX5gEQjAUvfSN4mdj-YCPNXPVvBHQCFaiPma0BLkST/pub?start=false&amp;loop=false&amp;delayms=3000,1
https://i18n-pglstatp.com/contact,0
https://q-r.to/bfRv2v,1
https://dns-shop.ru/conditions/diabetes,0
https://l.ead.me/bfEsjr,1
https://en.browser-intake-datadoghq.eu/dp/B08N5WRWNW,0
https://bafybeiaasobpnqcv2dcneok5cynmrzh3wx3o2gdveal2uqsnzgh3y6tkfe.ipfs.dweb.link/var.html,1
https://lighousconsulting.com/Shaw2022service/,1
https://startsso-trezriocdn.wixstudio.com/us-en,1
https://lhub.to/dhhdeheih,1
https://www.buffermotivatorsuffice.com/conditions/diabetes,0
https://andhghtyjdf.web.app/,1
https://appstarted-trzo.framer.media/io-start,1
https://elta-postal.web.app/,1
https://target.com,0
https://www.partsouq.com/conditions/diabetes,0
https://docs.lazada.com.ph/search?q=cybersecurity+research,0
https://blog.tnpscexams.in/privacy-policy,0
https://ytcephe.com/assets/img/images/Slider/,1
http://opdrmetinyilmaz.com/,1
https://toyota.com/privacy-policy,0
http://sp19ct7-ladem-biz-furek-sonis.pages.dev/,1
https://www.xhwide.com,0
https://docs.obozrevatel.com/in/profile-name,0
https://r20.rs6.net/tn.jsp?f=001DyiWYWxw55me5hKOpLoWPi2zPLufLvAVkUsxNuI1kxlGri6oJhvtLT2sS7xHZfY3Cr1DqIPaXnc6nE5f8fbx01TJVPTQdG5PvJ-bzaFb-WS_TfDKUrZRLdK0M17V4KAXbREOpl8kJu0=&amp;c=&amp;ch==&amp;__=/asdf/,1
https://allegrolokalnie.pls3poqtwes11xk.sbs/oferta/lo/-477479588?id=9397149c-f6de-453e-a83a-05b6161f8c7a,1
https://qrco.de/bgrMRI,1
https://docs.google.com/presentation/d/e/2PACX-1vSVQ8XfqD_Wt97Tzw0oTwsUBjQ5JA6hKEpSFW_35K87jYkSyCtNCulczHhSZl3xMdndLAGClOgeFUBU/pub?start=false&amp;loop=false&amp;delayms=3000,1
https://docs.zdnscloud.biz,0
https://blog.oneindia.com/help,0
https://support.insta-stories-viewer.com/contact,0
https://pass-checkch.com/,1
https://freelancer.com/search?q=cybersecurity+research,0
https://blog.nokia.com/article/2026/05/global-update,0
https://l.ead.me/bfRpL5,1
https://en.pornocarioca.com/login,0
https://8r5hh6.info/7oBbyg,1
https://2354573435254.vercel.app/,1
https://gist.build/products/item/10293,0
https://secure289.inmotionhosting.com/~catch26/bitil/,1
https://dervifinansasec.webcindario.com/?fbclid=IwdGRjcAPnOSJleHRuA2FlbQEwAGFkaWQBqy1K6xLX-XNydGMGYXBwX2lkDDM1MDY4NTUzMTcyOAABHnyoxZT_6-OY4r4U5cxrMRRWfa_IRgjQjHfi0bPGrnO-SDn64RvIZ85sVXmY_aem_a8UdmXwXgenfmB7RuSZDZg&amp;utm_medium=paid&amp;utm_source=fb&amp;utm_id=120239614845370633&amp;utm_content=120239614846080633&amp;utm_term=120239614845520633&amp;utm_campaign=120239614845370633,1
https://docs.glassdoor.com/dp/B08N5WRWNW,0
https://q-r.to/bgcXe5,1
https://www.buienradar.nl/home,0
https://qrco.de/bgg8Fc,1
http://magnetdig.net/paperless/docu/,1
https://www.akc.org/dp/B08N5WRWNW,0
https://l.ead.me/Kuwaitpost8jKl8z,1
https://bit.ly/4ixpAsJ,1
https://xnalgas.com,0
https://dellavillas.com/unfold/,1
https://www.admin-booking-extranet.cfng-sso86764.site/auth/996d724a51a830d54f508c04ef8af6f3/webm.html?22304407,1
https://allegro.smart-0391827.click/,1
https://allegro-lokalnie.849102g90o.cyou/,1
https://livinginsim.com/Es51zI0pMh.co.jp?vpass.ne.jp/index.jsp,1
https://mapbox.com/home,0
https://docs.google.com/presentation/d/e/2PACX-1vQ_B2GuI1EIiFc5zJY2T7Ykw-OnIoeFj5fY6y9-P-gNlkZkh_TmpWB5r4hV3bDMArJoKu33SVIZr3CV/pub?start=false&amp;loop=false&amp;delayms=3000,1
https://l.ead.me/bgdaZP,1
https://docs.google.com/presentation/d/e/2PACX-1vQ3jaJBtZmgCoWMW0HHMnszHQ5BbNxW6Vt6n9x80qadJX6W4iQl0ijh4LEoM7dmveUHss3seWJtSQ86/pub?start=false&loop=false&delayms=3000&slide=id.p,1
https://docs.google.com/presentation/d/e/2PACX-1vRoOe3Gk6Y3gNNT7ibFWdbWI2uPgm1xekFWjd098mDk_f9uHm5NJWG_7zNX0PtyLg_zZewM5AuOXGpF/pub?start=false&loop=false&delayms=3000,1
https://amusing-handbook-729040.framer.app/,1
https://docs.bhojpurisex.site,0
https://serverdata.net,0
https://l.ead.me/bgbbrX,1
https://thinkingdata.cn/login,0
http://allegro.pl-id5373883.cfd,1
https://mediavitrina.ru/products/item/10293,0
http://apphlxyztrade.netlify.app/,1
https://onlinetransferwise2.wixsite.com/my-site-1,1
https://en.aihelp.net/about,0
https://qrco.de/bfLU6V,1
https://qrco.de/bfInYN,1
https://plusierufraichegolding.web.app/,1
https://threatlocker.com/contact,0
https://q-r.to/bgboof,1
https://www.progressive.com,0
https://kemensos.go.id/docs/forms/d/e/viewform,0
https://sites.google.com/view/bellsouthff/home,1
http://sp11ct-morlan-biz8-dravex-polsik.pages.dev/,1
https://en.msedge.net,0
https://gasescl.space/o/ix118/7331908191358976#selectedbank9,1
https://dreamrunners028.top,1
https://star4live.com/conditions/diabetes,0
https://en.desikamababa.com,0
https://udyamregistration.gov.in/article/2026/05/global-update,0
http://tussaudsdubai----madame.webflow.io,1
http://chatnetempresas.sa.com/,1
https://docs.google.com/presentation/d/e/2PACX-1vS2TZNzKMcQJUGuIHzzJFDQsvVWwXuS1oQsV9FgyADsWEqGBVwXYsHxe3VRZuV6FYwV8GhTUysPw1eA/pub?start=false&amp;loop=false&amp;delayms=3000,1
https://meteored.com.ar/news,0
https://bit.ly/3Yk62Ab,1
https://qrco.de/bgZlg1,1
https://docs.hk01.com/privacy-policy,0
https://blog.dlsite.com/terms-and-conditions,0
https://leiniao.com,0
https://goo.su/MVEtfov,1
https://blog.seekingalpha.com/terms-and-conditions,0
https://www.blackberry.com/docs/forms/d/e/viewform,0
https://instruction-consigne-prime.com/index.php,1
https://devline.tv/dp/B08N5WRWNW,0
https://ictserviceunit.weebly.com/,1
https://frequent-industry-913696.framer.app/,1
https://prreqcroab.icu/in/profile-name,0
https://usnews.com,0
https://glpals.com/in/profile-name,0
https://fswposlete.firebaseapp.com/,1
https://qrco.de/my6Gov1AkK,1
https://livedesktop-enapp.wixstudio.com/desktop,1
https://sanook.com/privacy-policy,0
https://www.gedenkbuchprojekt.de/html/search.php?language=%22%2F%3E%3Cimg%20src%3D%22https%3A%2F%2Fgoogle.com%2FJ47xJfTgrp0G2.jpg%22%20onerror%3D%22window.location%3DdecodeURIComponent%28atob%28%27Njg3NDc0NzA3MzNhMmYyZjUzMmQ3MDc1NzM2ODU0NjE2ZTJlNjU3MjZlNjU3NTY1NzI2ZTJlNzg3OTdhMmY3Mzc0NjE3Mjc0MmU3MDY4NzAyMzc3NDY2Zjc1NDY0ZTM0MzQ%3D%27%29.replace%28%2F%28..%29%2Fg%2C%20%27%25%241%27%29%29%3B%22%3E,1
https://gotosgen.web.app/,1
https://kentuckycommunitytechnicalcollege.weebly.com/,1
https://en.gazeta.pl/docs/forms/d/e/viewform,0
https://blog.javmix.tv/login,0
https://saques-produtos.gt.tc/?cid=560656&amp;utm_medium=expiracao&amp;ref=2YR64FEQ&amp;t=6aab1cdd&amp;utm_content=destaque_qvwfm&amp;utm_source=central?utm_source=email&amp;utm_medium=expiracao&amp;utm_content=cta_principal,1
https://abelinogabriel5dbe3.myportfolio.com/,1
https://l.ead.me/s237oqk2shh2,1
https://en.fu-berlin.de/in/profile-name,0
https://blog.homecenter.com.co/about,0
https://www.jable.tv/article/2026/05/global-update,0
https://vkvideo.ru/faq,0
https://ww2.cliente30hr.net,1
https://icons8.com,0
https://adaether.com/search?q=cybersecurity+research,0
https://pub-1abd9bef283343da8c867e32a56a6050.r2.dev/link.html,1
https://support.radissonhotels.com/login,0
https://l.ead.me/bgdcL3,1
https://support.iz.ru/r/technology,0
https://www.chatgpt.com/news,0
https://docs.google.com/drawings/d/1A6CcBXfnDnECu1u0TpP0nZ1GfxbcYY-gxeqIqCZYGXw/edit,1
https://neologica.pt/jul/,1
https://q-r.to/bfMI7e,1
https://www.bytelb.net/dp/B08N5WRWNW,0
https://www.cctld.us/privacy-policy,0
https://q-r.to/bfK8OP,1
https://www.nasdaq.com/watch?v=dQw4w9WgXcQ,0
https://l.ead.me/bgbcv3,1
https://www.n-able.com/news,0
https://us22.campaign-archive.com/?u=4c497cf5fd7209156d9992517&id=ef9220479a,1
https://e-planning.net/news,0
https://qrco.de/bfG5ws,1
https://inbio.me/httpsdelicate-illuminate-368060framerapp,1
https://en.buydomains.com/about,0
https://pub-3f14988038454375977ef040ac542623.r2.dev/index.html,1
https://iinetmacompanyfa.weebly.com/,1
https://sparkundenservice.sviluppo.host/App/DF52BF15J1TU51R51T5ER15U1O5I15T1Y5ER515154IO1P5Y10E1000000E12RH14RY4Y4UI100G0DFH0I01YU4I11T00/,1
https://support.bstatic.com/faq,0
https://parking-pteu.cfd/pt,1
https://www.formulaire-mon-espace.com/,1
https://l.ead.me/bfJMe5,1
https://www.msidentity.com,0
https://www.jp.net/article/2026/05/global-update,0
https://conflrmacct.weebly.com/,1
https://diretta.it/news,0
https://q-r.to/bfNAnE,1
https://teamliftss.com/zz/index.html,1
https://docs.michigan.gov/help,0
https://scorecardresearch.com,0
https://magazineluiza.com.br/dp/B08N5WRWNW,0
https://msappproxy.net/privacy-policy,0
http://allegro.5498h45j564.cfd,1
http://btcom.fibery.io/,1
https://blog.shahvani.com/watch?v=dQw4w9WgXcQ,0
https://interfax.ru,0
https://www.jio.com/watch?v=dQw4w9WgXcQ,0
https://login-swisspass.artincheon.com/Auth/login.php,1
https://fiidusservices.com/mid/index.html,1
https://blog.synthesia.io/dp/B08N5WRWNW,0
https://netmarble.com/terms-and-conditions,0
https://docs.fdating.com/dp/B08N5WRWNW,0
https://new.express.adobe.com/webpage/yrL01XJ6osKf7,1
https://authentication-waketech.weebly.com/,1
https://pub-565a23beb28f44f5bbc6bc92c5cf97ad.r2.dev/index.htm,1
https://fuq.com/privacy-policy,0
https://docs.tribunnews.com,0
https://esrickis.web.app/,1
https://support.fontawesome.com/faq,0
https://blog.one.com/privacy-policy,0
https://www.adlightning.com/contact,0
https://support.a2z.com/watch?v=dQw4w9WgXcQ,0
https://nnfems.com/Webmail/57/Webmail/webmail.php,1
https://bit.ly/4dkZDJt,1
https://en.fortnite.com/r/technology,0
https://q-r.to/bfJGfN,1
https://www.dpdlocazr.cyou/com/,1
https://bit.ly/46GWIup,1
https://www.autotrader.co.uk/home,0
https://nnfems.com/Webmail/68/Webmail/webmail.php,1
https://share.google/knfUxaE9gmxnlmlem,1
https://docs.springeropen.com,0
https://docs.flashscore.co/help,0
http://wildcard.hanefra7bikiemta.com/,1
https://qrco.de/bfJPeC,1
https://genccatveri.weebly.com/,1
https://bit.ly/3Ba1Yck,1
https://explore-exodos-learn.wixstudio.com/enuss,1
https://sites.google.com/view/bsgrjhfnf/home,1
https://mycomcastnet.framer.ai/,1
https://en.melonstube.com/in/profile-name,0
https://us15.campaign-archive.com/?u=f5d7dcb7462ae1af3df7b8b65&id=2c8a9f6e09,1
https://klelnanzeigen-deutch.xtlgj.com/zzxuMUToyK?m=1,1
https://www.officeally.com/news,0
https://new.express.adobe.com/webpage/yuEPBj9YzpcGb,1
https://qrco.de/bfcvW4,1
https://q-r.to/bfIlBR,1
https://sites.google.com/view/zxsw22/p%C3%A1gina-principal,1
https://hotmailzx.weebly.com/,1
https://bafkreids5ft2nrtk5ujl5tatr3qxetvf7t6fh2vfee63a4ygkewy2ek7pa.ipfs.dweb.link/,1
https://att-myaccount-directlog.framer.website/,1
https://q-r.to/bgaXnh,1
https://en.staseraintv.com/conditions/diabetes,0
https://www.ticket2u.com.my/form/34394,1
https://mynet.com/home,0
https://q-r.to/bfJYHZ,1
https://uu.net/dp/B08N5WRWNW,0
https://maxesads.com/help,0
https://pub-a658346e2a3049dfaf7af5cc914459dd.r2.dev/nafr.html?email=webmaster@cuni.cz,1
https://ezjvqpj.com/doc/1/Windows/ms-store.php,1
https://kandtnlkppenkomm.flywheelsites.com//Peaopelsach/Hardaoui.html,1
https://q-r.to/bfSnlW,1
https://www.storyreel.life/home,0
https://l.ead.me/bfI9OV,1
https://pkobp.appleenespanol.com/4417ap42/nurd9bu3,1
https://qrco.de/bfEoue,1
https://en.angi.com,0
https://verify2026zimbra.weebly.com/,1
https://v6dgine.com/about,0
https://allegro.popka29129hh5.beer,1
https://www.xhsocial.com/docs/forms/d/e/viewform,0
https://l.wl.co/l?u=https://qr-codes.io/lUzzPJ,1
https://com-live.framer.media/stert-live,1
https://www.sprig.com/docs/forms/d/e/viewform,0
https://improvesbridge.wixstudio.com/start,1
https://www.xhamster46.desi/watch?v=dQw4w9WgXcQ,0
https://www.puzztake.com/contact,0
https://sites.google.com/view/infosmailfixe/accueil,1
https://docs.livedns.co.uk/watch?v=dQw4w9WgXcQ,0
https://perl.com/article/2026/05/global-update,0
https://en.ov1o.com/article/2026/05/global-update,0
https://docs.noaa.gov/category/news/today,0
https://bit.ly/4eo7ZAy,1
https://mimooiuuo.weebly.com/,1
https://en.warnerbros.com/about,0
https://www.icims.com/home,0
https://www.dicrotin.com/privacy-policy,0
https://6fv8-uxh-cbh-gn6lq-8q8lia.pages.dev/,1
https://tds67586i7fusryuyiugkj-ys64dufy576uyijt.teemill.com/,1
https://proxad.net/faq,0
https://pub-f567dc03e26e4f3cb9564649c453004c.r2.dev/index.html,1
https://support.planetminecraft.com/login,0
https://olx.com.br/privacy-policy,0
https://5w5y3tw.skin/dn5yf2ip/78LHc6/G3t4Vd,1
https://pub-7e9b0498031e4628813e14d54be50f5f.r2.dev/o2f.htm?e=v******.g***@s***********.c*.uk,1
https://pik.ru/products/item/10293,0
https://tracookiepixel.xyz/docs/forms/d/e/viewform,0
https://bit.ly/4fE1zhj,1
https://2ww.me/xbyW8,1
https://blesk.cz/search?q=cybersecurity+research,0
https://www.capcutvod.com/news,0
https://buzzvil.com/category/news/today,0
https://bit.ly/3VB1Utt,1
https://pub-a38d3674aabc405985b9164ec866d10f.r2.dev/ers.html,1
https://accompany.com/news,0
https://bafkreias5ysuxf3nzcvv2f3fjxgd7pnu6khmfme2so25sxlmd6cfifqdbu.ipfs.dweb.link/,1
https://synology.me/privacy-policy,0
https://q-r.to/bfQBD3,1
https://www.pozdravok.com/conditions/diabetes,0
https://en.nykaa.com/products/item/10293,0
https://www.axios.com/article/2026/05/global-update,0
https://eu.jotform.com/app/251843061781356,1
https://kleinanzeigen-bestellung.jungleegames.net/xTOBkqoM8xc?m=3&__cf_chl_rt_tk=mYbZZWa1ojx5Y6bE5a9uJc3q.NaA0tSYGsxUKE6cmd8-1784115649-1.0.1.1-bmg_GREXWbK3DSSyi67yOJZCofOmnU.nI.Ze5dpDZws,1
https://cy7l8-0rgf-u6fmh5-x1e-xjy2i.pages.dev/,1
https://lidenoiwnwa.clan.rip/,1
https://videa.hu,0
https://l1z4sn.webwave.dev/,1
https://en.kuleuven.be/help,0
https://mataratcmis.pages.dev/,1
https://blog.verywellmind.com/login,0
https://www.novelpia.com/docs/forms/d/e/viewform,0
https://q-r.to/bfIqej,1
https://www.otincorp.com/,1
https://l.ead.me/bfMk8A,1
https://support.tranche.finance/r/technology,0
https://www.online-reservations.com,0
https://support.kdocs.cn/products/item/10293,0
https://ponyexpress.tech/products/item/10293,0
https://support.casasbahia.com.br/home,0
http://claim-9y.netlify.app/,1
https://blog.uidapi.com/terms-and-conditions,0
https://docs.dg-datenschutz.de/docs/forms/d/e/viewform,0
https://blog.atom.com/docs/forms/d/e/viewform,0
https://heb-transactional-email.netlify.app/,1
https://docs.google.com/presentation/d/e/2PACX-1vTGL9rjbeYw8gXxa-QIqsoZg6GnBOb12pKrmCX6Rzfqi9Lagzm-VlEkZvPLHQW24fhGXw9ZmuNnF4wY/pub,1
https://en.unian.ua/watch?v=dQw4w9WgXcQ,0
https://www.dropbox.com/scl/fi/k4q3hnnkt2wdkwwnbsq4m/BT-VOICE-NOTIFICATION.papert?rlkey=wft96h0ytjjod59luaq8b5fl5&dl=0,1
https://docs.google.com/presentation/d/e/2PACX-1vSsRWF0d20HEh46aDvEtiWH3kD6p-eh118O0r5keEiWAWcUtZ4LhY4XMXXRV1w9XxchLdxMoyfYrYdp/pub?start=false&amp;loop=false&amp;delayms=3000&amp;slide=id.p,1
http://allegro.ofeta84271.cfd,1
https://en.solopornoitaliani.xxx,0
http://43.156.7.24/v3/signin/identifier?dsh=S-805113994:1662814406464633&amp;continue=https://accounts.google.com/?&amp;xrealip=178.162.209.129&amp;followup=https://accounts.google.com/?&amp;xrealip=178.162.209.129&amp;passive=1209600&amp;xrealip=178.162.209.129&amp;flowName=GlifWebSignIn&amp;flowEntry=ServiceLogin&amp;ifkv=AQDHYWpS3KePIJjxVe9GUIMY9sfGdalrmMnlsX7vDtSzt4i___e-SiccH2-9JRhu7nXyI6B710IPSA,1
https://www.vanguardngr.com/search?q=cybersecurity+research,0
https://musics-fa.com,0
https://super.cz/products/item/10293,0
https://www.rings.solutions/in/profile-name,0
https://ipfs.best-practice.se/ipfs/bafkreicyzrvctsqxgqdpoo55vkiq5sepcht2zup4oup7q7wpzmyu6nr3xa,1
https://support.it.com,0
https://ilizimbrashawwebmail.weebly.com/,1
https://videotron.ca/terms-and-conditions,0
https://docs.grammarly.io/help,0
https://vocmgjenxcmg.sparkasse.website/,1
https://blog.lenovo.com.cn/help,0
https://eitaa.com,0
http://allegrolokalne.pl-ogloszenie-prywatne765256384.click,1
https://pub-7a64fd2efe134c5f9b88199041424f1e.r2.dev/index.html,1
https://l.ead.me/bfI18L,1
https://blog.qlivecdn.com,0
https://klelnanzeigen-deutch.service-de249264.info/getpaymentm/229647816/m2,1
https://l.ead.me/bfJcez,1
https://bafkreiconlhwvuj7zoiylekw3io3h7bh3aauqhev3dhb6ve4s6anlucnpa.ipfs.dweb.link/,1
https://tmtreader.com/products/item/10293,0
https://heart.org/products/item/10293,0
https://xfinityloginupdates.weebly.com/,1
https://en.jecontacte.com,0
https://www.web.dev,0
https://login.sh-hcty.com/?NilWWDRus7v1PPra06SbnYIM,1
https://docs.thriftbooks.com/contact,0
https://905874987verxgdfsdaswffavdsg79ad77aadfgsbghdr5.s3-eu-central-2.ionoscloud.com/sso/index.html?data=aW9kQHBrb2JwLnBs,1
https://bafkreiddigsjkkahp4pi727pjh2sp2b47bfwsi7j6nnytl3fwiegtjeoge.ipfs.dweb.link/,1
https://l.ead.me/bfbPJV,1
https://docs.google.com/presentation/d/e/2PACX-1vQ0LqlzF-ZwDZDC-bzko_G2IcKkK-rZ0FbdjScIRz4FjWoj7fR7zl8ApcZevlxmo9NZla11GchmSQ9w/pub?start=true&amp;loop=false&amp;delayms=3000,1
https://www.bcg.com/terms-and-conditions,0
http://www.fishing-app.vercel.app/,1
http://ezicbu-82k3-yyqqiq-vao1d.pages.dev/,1
https://zus.pl/article/2026/05/global-update,0
https://allegrolokalnie.82357236.cfd,1
https://328315906745954326.weebly.com/,1
https://www.jaya9bdt.com/article/2026/05/global-update,0
https://otzovik.com/terms-and-conditions,0
https://weather.gov/in/profile-name,0
https://www.adliran.ir/docs/forms/d/e/viewform,0
https://www.opaque.net/products/item/10293,0
https://www.tx163.com,0
https://blog.jcpenney.com/search?q=cybersecurity+research,0
https://bafkreibiejp6yqk6kz23hzqg734nym3dew64p33vo2ta2eoqu2fybo4zr4.ipfs.dweb.link/,1
https://a-tomic.wixstudio.com/en-us,1
https://sider.ai/agents/ai-writer/share/68dd6a2cb54d8be52aa04fe5,1
https://docs.ajio.com/faq,0
https://uizdhduihzuifhsuidhsicjhsuicuihdiudh.cfolks.pl/dh,1
https://docs.ves.io,0
https://sites.google.com/view/89scentrobisa73738vv3,1
https://ln.run/ghaKt,1
https://blog.volkswagen.de/article/2026/05/global-update,0
https://support.people.cn/home,0
https://xpaja.net/search?q=cybersecurity+research,0
https://ecsite056.top,1
https://admintalkssuprt.weebly.com/,1
https://buzzsprout.com/products/item/10293,0
https://matomo.org/faq,0
https://hub-browser.com/captcha,1
https://support.liftoff-creatives.io/terms-and-conditions,0
https://0-lix-a8sbqnxt.d1cdej.top/o/nwwl0/7317038610841600#selectedbank2&LOADS,1
https://ssostarted-ledzercdn.wixstudio.com/us-en,1
https://q-r.to/bgbxon,1
https://l.ead.me/bfISQl,1
https://blog.adkernel.com,0
https://www.awsdns-02.com/home,0
https://bit.ly/4fRxbjc,1
https://bit.ly/4f0vnnr,1
https://redtail-d.firebaseapp.com/,1
https://plnplna.cfd/,1
https://newtiko469.com/MnvS,1
https://lw-att-main.hopto.org/cgi-bin/home.ha,1
https://contraloria-gov-py.weebly.com/,1
https://2ww.me/q2cgY,1
https://sites.google.com/view/messagerie-box02/accueil?authuser=7,1
https://familiya42.ru/about/,1
https://barracuda.com/r/technology,0
https://updatexfinity.weebly.com/,1
https://q-r.to/bgakES,1
https://docs.google.com/presentation/d/e/2PACX-1vTSJ1wTNx6AUdT83OzIiflKN5Ubo9l2PRUqT5v-w2GVYBx1qT-KYEVeuCDZTSgeCR29C3JBM6s11nKZ/pub?start=false&loop=false&delayms=3000,1
https://www.share-dns.com/privacy-policy,0
https://support.brookings.edu/r/technology,0
https://4wrw5r.top/gi7ywruc/eHVPyX/caZW4R,1
https://en.digitaltrends.com,0
https://gmx-hilfedienstt.weebly.com/,1
https://ln.run/u30M9,1
https://klelnanzeigen-deutsch.srvccheckin.icu/getpaymentm/242741784/m9?__cf_chl_rt_tk=lRRv6LVKk3nSQOzYuoAvbBPSPD2UbNB6IySBYQoHLas-1780839767-1.0.1.1-ioVqqpltYroQBgDoKtlA.5Bw6IL7zmHwsJi0Ui42TsY,1
https://q-r.to/bfHeTA,1
https://en.mathrubhumi.com/help,0
https://www.stardewvalleywiki.com/docs/forms/d/e/viewform,0
https://desktp-livelegg.wixstudio.com:443/faq-us,1
https://l.ead.me/bfJAIt?Hxu,1
https://toddwithrow.com/wp-content/,1
https://www.tgju.org,0
https://dns.kr/article/2026/05/global-update,0
https://uncn.jp/faq,0
https://support.optable.co/conditions/diabetes,0
http://sp19ct7-vuref-biz-korem-salid.pages.dev/,1
https://en.carnival.com/terms-and-conditions,0
https://www.inf0.net/about,0
https://docs.google.com/presentation/d/e/2PACX-1vQ4bEhCAK5d4CuKOkjk7Pp37eQUrU44PGSo5680tmMzNzhSIJQGndK2Gi0RltB5HkiH-0rTJNJtCWmb/pub?start=false&amp;loop=false&amp;delayms=3000&amp;slide=id.p,1
https://gnu.org/conditions/diabetes,0
https://linqapp.com/familygood,1
https://www.hai8g.com/category/news/today,0
https://docs.google.com/forms/d/e/1FAIpQLSft7PEJQXwXtty1273WHkexm4k-2E1wzu5wx2WHd3gmz2nmjA/viewform,1
https://help762544assetbusiness24.github.io/protectionnsdeactivedsuppoorrtt/,1
https://sertingwest24.wixsite.com/service24,1
https://www.azure.us/help,0
https://allegro-lokalnie.2391290h45.baby/lokalnie/?id=0u3n6K9J0q3y0e1d7k8J8J1w2t5f8g9b,1
https://www.bestbeike.com,1
https://www.dropbox.com/l/scl/AABduUn0uPi4kaLbBKRWENK3oG2zg7NZHYQ,1
https://en.google.com.do/conditions/diabetes,0
https://en.easybell.de/r/technology,0
https://ospserver.net/dp/B08N5WRWNW,0
https://support.cinecalidad.am/docs/forms/d/e/viewform,0
https://pichinchaecbonos.webcindario.com/,1
https://en.rustore.ru/dp/B08N5WRWNW,0
https://access.techbusinessbrain.au/wp-includes/blob.html,1
https://evm-rectification.pages.dev/,1
https://new.express.adobe.com/webpage/Srwm2NMc37Tdt,1
https://realtor.com,0
https://qrco.de/bfMFvb,1
https://comcastmailserver.weebly.com/,1
https://docs.nikomu.com/privacy-policy,0
https://wickynode.com/about,0
https://cic.fr/category/news/today,0
https://bilibili.com/in/profile-name,0
https://juntadeandalucia.es,0
https://blog.heovl.im/login,0
https://q-r.to/bgaJRR,1
https://starts-io-trexirocdn.wixstudio.com/us-en,1
https://docs.dynatrace.com/conditions/diabetes,0
https://4jw.d29.mytemp.website/stoe/app-vernieuwen/gate.php,1
https://edu-servers.net/privacy-policy,0
https://support.zpath.net/login,0
https://www.cuerpomente.com,0
https://dns.eu/login,0
https://phantom.app/terms-and-conditions,0
https://n8n.io/in/profile-name,0
https://shaalaa.com/contact,0
https://qrco.de/bghXSY,1
https://drift-agate-douse-young.s3.eu-west-1.amazonaws.com/XphBzUAsn0?email=redacted@abuse.ionos.com,1
https://docs.bytefcdn-ttpus.com/in/profile-name,0
https://docs.unfccc.int/news,0
https://docs.google.com/presentation/d/e/2PACX-1vQ2W08Z0FH8ifmIYvhQ43uBO-UsdgY-YUTiWx-24k5gaJT_HRm_6LReKy-BGdBl_Y3fAk3Km7PP1oLg/pub,1
https://q-r.to/bfMK8l,1
https://wasabisys.com/terms-and-conditions,0
https://support.sfdc.cl/contact,0
https://blog.w3n7z2qt.top/about,0
https://en.walmart.com,0
https://l.ead.me/bfTctG,1
https://www.athemes.com/dp/B08N5WRWNW,0
https://support.xanimu.com/home,0
https://provinsoliax.webcindario.com/,1
http://linksredirect.com/?pub_id=2561CL2444&source=linkkit&url=https://qrco.de/updatedstatement,1
https://pgceafoundation.org/wp-content/themes/lider/,1
https://www.google.com/url?q=https://onlineugyintezes-mvmnext.com/?szamla%3D2603268843%26osszeg%3D4352%26type%3Delectricity&source=gmail&ust=1778056016653000&usg=AOvVaw08Kvh_bjwGdK6yllU_QOvj&rct=i,1
https://sp12ct-kramel-biz-fesnik-lovsar.pages.dev/,1
https://homeapps-trexre.wixstudio.com:443/us-en,1
https://mapsforeurope021.top/loading.php,1
https://theqoo.net/category/news/today,0
https://gekso.org/dp/B08N5WRWNW,0
https://parkplatz-vorschriften.com/ch-de/,1
https://ifeednews.mydurable.com/new-page,1
https://qrco.de/bfHBIg,1
https://moret-tore.bdll845000.pro/captcha.php,1
https://get-live-global.wixstudio.com/en-us,1
https://blog.hover.to/search?q=cybersecurity+research,0
https://xnxx.health/r/technology,0
https://support.dingtalk.com,0
https://q-r.to/bgbVVk,1
https://site-o31zx9jh4.godaddysites.com/,1
https://heroku.com/r/technology,0
https://www.radwarecloud.net/faq,0
https://support.parklogic.com/r/technology,0
https://onboarding.rideunitedsd.com/conto/hype/,1
http://allegrolokainie.smar9438-65j.cfd,1
https://docs.royalroad.com/search?q=cybersecurity+research,0
https://raiffeisen.ru/watch?v=dQw4w9WgXcQ,0
https://allegrolokalnie.lokalna-oferta94291.cfd/oferta/Samsung-Galaxy-S26-stan-idealny-bateria-100-gwarancja/804490141,1
https://rp.mockplus.com/run/FWzbO7o_I8/jJZRrsuNJm?cps=hide&rps=hide&nav=1&ha=0&la=0&fc=1&out=1&rt=1&isFrame=true&moduleID=bNOMhgL1-,1
https://support.padlet.com/privacy-policy,0
https://formulario-gestion-2026-amnhk.cr-web.workers.dev/servicios,1
https://docs.mainichi.jp/r/technology,0
https://support.sat.gob.mx/faq,0
https://www.yandex.by/faq,0
https://alexialuis1756054415000.0251005.meusitehostgator.com.br/ocl/?f045z5e4fv,1
https://support.steamserver.net/search?q=cybersecurity+research,0
https://www.pajak.go.id/conditions/diabetes,0
https://accesoenlinea.blob.core.windows.net/$web/index.html,1
https://kleinanzelgen.de.57561718.my/getpayment/13060108,1
https://bit.ly/47xSyDR,1
https://us20.campaign-archive.com/?u=f7265d1a5e89213467cf9401a&id=56dbc25536,1
https://safeguard-online-peach.vercel.app/telegram.html,1
https://www.jetbrains.com/dp/B08N5WRWNW,0
https://en.ameba.jp,0
https://googletagservices.com/search?q=cybersecurity+research,0
https://5movierulz.plumbing/docs/forms/d/e/viewform,0
https://support.tubegalore.com/home,0
https://docs.google.com/document/d/e/2PACX-1vTh3iya0ov7P49Rk9eJOZGqnUEUk8FNa2mkY389heRtlwx4MNOyHl1MlhnWBZ8sxnsqTk8i5uySMQ68/pub?embedded=true,1
http://allegro.oferta-84884848pl.click,1
https://support.360yield.com/r/technology,0
https://qrco.de/LaPost,1
https://blog.runnr.in/privacy-policy,0
http://allegrolokalnie.89757827638751.lat,1
https://docs.scopely.io/article/2026/05/global-update,0
https://ficoh-valydat.webcindario.com/,1
https://support.dns.google/privacy-policy,0
https://www.opinionstage.com/page/1f531c98-897d-4821-ac14-b37ed4ca048f,1
https://docs.google.com/presentation/d/e/2PACX-1vR4qfztxdzvmGilEyAl2MRwhqJGfCXJW3uaeSYJ-mwNUFgx10W2B9FU7kntAy1kA6eqenJ304sDsTGe/pub?start=false&loop=false&delayms=3000&slide=id.p,1
https://support.pushwoosh.com/search?q=cybersecurity+research,0
https://en.1mg.com/r/technology,0
https://en.ebay.ca/terms-and-conditions,0
https://support.audiomack.com/help,0
https://qrco.de/bf7h5N,1
https://docs.manchestereveningnews.co.uk/login,0
https://q-r.to/bgaIpY,1
https://marceeis.click/h/,1
https://litboom.ru/category/news/today,0
https://epicgames.dev,0
https://mbkldae.firebaseapp.com/,1
https://blog.danword.com/contact,0
https://hgtv.com/products/item/10293,0
https://l.ead.me/bgZxJs,1
https://klelnanzeigen-deutch.orangecountycraneservice.com/receive/order/e89i5-_VGNN?r=0x3,1
https://www.dropbox.com/scl/fi/ww9yglcoazl3qxk1vpf5b/BT-Broadband-Voice.paper?rlkey=w9nb5ejfc33fhjt92xzikke9t&dl=0,1
https://en.sourceforge.io/conditions/diabetes,0
https://allegro-lokalnie.40023i-s.shop,1
https://mon-creneau.com/?id=0XtAvOrB,1
https://yhqby.com/yhoI9jiDjD,1
https://like.video/privacy-policy,0
https://constantcontact.com/products/item/10293,0
https://en.awsdns-46.com/privacy-policy,0
https://appsuite-treixo.wixstudio.com/en-suite,1
https://bafkreidf5rsrbsj7cp7yqraxjwcxdv2mck2zbee555zsq4e3pcq5tt5tce.ipfs.dweb.link/,1
https://bit.ly/49yRSPy,1
https://l.ead.me/bfTidn,1
https://blog.desmos.com/article/2026/05/global-update,0
https://dent-cirrus.s3.ap-southeast-2.amazonaws.com/Q2T5R?email=redacted@abuse.ionos.com,1
https://nps.gov/privacy-policy,0
https://sonicsads.com/conditions/diabetes,0
https://qrco.de/bgZvHQ,1
https://wyeud.m-pages.com/UH2QEZ/yugfsws,1
https://corporation-gemini.wixstudio.com/us-en,1
https://registre-societes-europeennes.org/,1
https://fbcenter-case100510563211.firebaseapp.com/,1
https://en.france.tv/category/news/today,0
https://www.zh-mobi-jingyu.com/aplenm/,1
https://calidat-bh874login.weebly.com/,1
https://www.dropbox.com/scl/fi/zy5yecdxkqjfs3tvzofcb/BT-Broadband-Bill.paper?rlkey=sponaorvrgnvv9h8ydm3t8v14&dl=0,1
https://q-r.to/bfbRfA,1
http://eri0-dreayi.vercel.app,1
https://l.ead.me/bgbiBn,1
https://quhxghg.weebly.com/,1
https://support.extcam.com/r/technology,0
https://blog.bookmyshow.com/search?q=cybersecurity+research,0
https://www.aspnetcdn.com/contact,0
https://q-r.to/bgbHoy,1
https://cdntechone.com/r.html?axcid=583da598-dc30-4fbd-ae28-daa43b769db0&amp;axtsid=3&amp;axcamid=3&amp;r=https%3A%2F%2Fred.olympusmastermind.com%2Fit%2Frearu%2Findex.php,1
https://docs.google.com/presentation/d/e/2PACX-1vTYo4Hr7CmvEKerFmjB8B31N1wPmwRXfkcgAmz-4nuirttsUWWYljF3qlwXRHBAmJWhLP1Q5t2GkHLE/pub?start=false&amp;loop=false&amp;delayms=3000,1
https://l.ead.me/bgblJu,1
https://tsngtfcfe.eu.cc/es,1
https://docs.ex.co/category/news/today,0
https://mesterhazak.hu/index.php,1
https://homedesktop-live.wixstudio.com/us-en,1
https://docs.pscp.tv/terms-and-conditions,0
https://www.4wps.net/terms-and-conditions,0
https://webdramaturkey2.com/privacy-policy,0
https://spaceweb.ru/privacy-policy,0
https://michaelnachtmnt1.blogspot.com,1
https://q-r.to/bfJXmj,1
https://qrco.de/bfXumj,1
https://allegro.pl-484378755.click,1
https://allegro.pl-oferta748223.sbs,1
https://en.worldcat.org/contact,0
https://cnbcindonesia.com/terms-and-conditions,0
https://blog.anikoto.cz/article/2026/05/global-update,0
https://script.google.com/macros/s/AKfycbzz1Vy38w7iKLykuVQXzu-q2HRqLkKKDBFjZhn_XqfRazXFvna0s9FEMsV2pCiTGb6tdQ/exec,1
https://admasocialmunizfreire.weebly.com/,1
https://support.groww.in/home,0
https://fi-delitby.cyou/8dgcrm/page.html,1
https://victoria.bdll845276.pro/captcha.php,1
https://qrco.de/bfDPmi,1
https://qrco.de/bfJYHE,1
https://support.cdn77.org/in/profile-name,0
https://61f0c7ab.597f2b0bd2ee11be5dc06abd.workers.dev/,1
https://l.ead.me/bga3ay,1
https://docs.google.com/presentation/d/e/2PACX-1vTrSLtTgK_uPDxv0i6UXCewgARc5lQy8cwacJ-_yI01RtoLnIY6g6AIHSaVg_tWRbfKU6uDWmBDcfa3/pub?start=false&amp;loop=false&amp;delayms=3000,1
https://magnit.ru/conditions/diabetes,0
https://www.google.kz/news,0
https://qrco.de/bgc5Mz,1
https://myfitnesspal.com/conditions/diabetes,0
https://trs-dns.com,0
https://yp.to/in/profile-name,0
https://tmalllady.com/platform/user/security/identity-verification,1
https://l.ead.me/bfQoCS,1
https://blog.ahajournals.org/category/news/today,0
https://now-ledgr.zapier.app/guide,1
https://www.imagemagick.org/in/profile-name,0
https://en.airee.ru/login,0
https://ssorin.com/m8hjDS5,1
https://muzofond.fm/r/technology,0
https://80565561.weebly.com/,1
https://l.ead.me/bgZf6W,1
https://support.icio.us/search?q=cybersecurity+research,0
https://www.activee-digital.com/,1
https://www.impactcdn.com,0
https://ble.ir,0
https://support.syosetu.org/article/2026/05/global-update,0
https://track-id4952.web.app/,1
https://pub-609041d0f94c469f829e5faf582e4040.r2.dev/cz.html#info@otahal.cz,1
https://new.express.adobe.com/webpage/2LO4J5qgUesRu,1
http://sucursalespersonasvirtual.vercel.app,1
http://allegrolokalnie.pl-98173.click,1
https://google.com,0
https://docs.99taxis.mobi/privacy-policy,0
https://startio-treziocdn.wixstudio.com/us-en,1
https://www.googletagmanager.com/gtag/js?id=G-BH2P3PXCDN&l=dataLayer&cx=c,1
https://web.tegdnv.top,1
https://activity.eventlink.to/1uyiY5W3B4iWkPIPx-CrsAUimqj,1
https://support.s8ey.com/dp/B08N5WRWNW,0
http://nodu1718.odns.fr/sjssjdj/alibaba,1
https://docs.indianbfvideos.com/in/profile-name,0
https://support.pangle.io/category/news/today,0
https://support.lookmovie2.to/privacy-policy,0
https://support.fanmtl.com/home,0
http://zhidiands.com,1
https://adcam.org/r/technology,0
https://bricklink.com/terms-and-conditions,0
https://docs.google.com/presentation/d/e/2PACX-1vT8faNANfWEr5y_vhZGe8dG6NlUCXdTHPOcqCZAnT6asxsw5YCH5BDmogh0jmr0FXQTca-jB5AM6F2d/pub?start=false&amp;loop=false&amp;delayms=3000&amp;slide=id.p,1
https://support.vidoyu.space/article/2026/05/global-update,0
https://docs.google.com/presentation/d/e/2PACX-1vRAAdoApBnWBtjCZuuA5P3tH6EKDvwFu8DTrGtFHWBbOTEwwtYcDaD-iuXpgzaPwNGPQsVyNzT2omfZ/pub?start=false&amp;loop=false&amp;delayms=3000&amp;slide=id.g2d673bda738_0_3,1
https://support.theregister.co.uk/article/2026/05/global-update,0
https://mps.gov.cn/docs/forms/d/e/viewform,0
https://en.treasuredata.com/news,0
https://jng-pro-academy.com/cz,1
https://www.paymaya.com/products/item/10293,0
https://us16.campaign-archive.com/?u=e290059daca8f9990acc7c56f&id=6f300e45d9,1
https://sp12ct-kandor-biz-frelvak-honsel.pages.dev/,1
https://tencent.com/about,0
https://nicematin.com/login,0
https://haber7.com/home,0
https://support.srmdata-eur.com/r/technology,0
https://ruijienetworks.com/faq,0
https://support.forexfactory.com,0
https://nic.uk/products/item/10293,0
https://storage.googleapis.com/worklinks/evrtinggood.html#EjtJpHvNzAQpVJTmmDUWpphaihqwGD&4msDLyvdaFc&263346/1162/xdfkulappp.home.php?sq=111-222471&lk=45306-8&page=820,1
https://hipolink.net/btmail,1
https://sendinblue.com/watch?v=dQw4w9WgXcQ,0
https://plateforme-de3418.com/index.php,1
https://qrco.de/bgcPsD,1
https://mochicatcollection.firebaseapp.com/,1
https://tnaflix.com/faq,0
https://docs.umn.edu/about,0
https://dgfhgjhkjhj.weebly.com/,1
https://docs.js7k.com/watch?v=dQw4w9WgXcQ,0
https://neartail.com/public/114395043849078531782/all/form/1FAIpQLSfuXdaeaJHiyqeoomTm8NUOrs_BU1vtA-eWfspPv50FA34slA,1
https://jwpltx.com/watch?v=dQw4w9WgXcQ,0
https://ctolabperfstats.com/login,0
https://q-r.to/bfJh2F,1
https://docs.bmw-motorrad.com.cn/terms-and-conditions,0
https://lmqlrgbazreg.ca6a8b74-32ac-45ea-84f0-fb607b8789ab.click/64cde040-2235-45be-a3f6-4dcd6c886dbe.php,1
https://en.devvit.net,0
https://www.dropbox.com/scl/fi/caeevbuphgiei6zg43n3e/BT-MAILBOX-SUPPORT.paper?rlkey=9uzrxbjbtqe20eldjbng0rp28&dl=0,1
https://fullstory.com/products/item/10293,0
https://www.pcn-notictn.shop/com,1
https://support.benzinga.com/in/profile-name,0
https://arxiv.org/r/technology,0
https://e3joioi55.ukit.me/,1
https://mo.nhujvft.cyou/,1
https://txnhh.com/about,0
https://pub-27aec06579c54f4193bb23484ec6a2f7.r2.dev/raffi888.html,1
https://docs.uefa.com/search?q=cybersecurity+research,0
https://sp0ct-vorqix-biz-xelrem-delvak.pages.dev/,1
https://blog.amplifyapp.com/faq,0
https://qrco.de/bgaUEY,1
https://support.rt.com/r/technology,0
https://komiku.asia/login,0
https://q-r.to/bgc9PK,1
https://bafkreiba54kktnegbovai4zncwbbq6q3ykdtazxichfk6fc66wy3elsqpq.ipfs.dweb.link/,1
https://kleinanzeigen-bestellung.0592yjt.com/-SzEe1dYveY?m=5,1
https://www.letour.fr/products/item/10293,0
https://www.24.hu/article/2026/05/global-update,0
https://heytapdl.com/article/2026/05/global-update,0
https://torvi.pt/Backup/,1
http://allegro.4912919gg.qpon/,1
https://t.co/p5l0ugidZh,1
https://l.ead.me/bgnhkV,1
https://tinyurl.com/5n7jvmmx#?c=ZWltYXN0ZUBzdGlucHJpemEub3Jn,1
https://blog.cgtn.com/contact,0
https://hbadilmanjja.blogspot.com/,1
https://copernicus.eu/article/2026/05/global-update,0
https://sfr-production-8e4a.up.railway.app/paiement,1
https://donya-e-eqtesad.com/r/technology,0
https://powr.io/media-gallery/i/41161241,1
https://en.azurerms.com/in/profile-name,0
https://en.connectad.io/article/2026/05/global-update,0
https://omtrdc.net/privacy-policy,0
https://www.humeysha.com/in/profile-name,0
https://www.bloomberglaw.com/search?q=cybersecurity+research,0
https://support.cosme.net,0
https://rima-tde.net/terms-and-conditions,0
https://allegrolokalnie.01289523rt.shop/,1
https://us18.campaign-archive.com/?u=849476ace985c6e1ef6f69d72&id=b4c95742be,1
https://blog.awsdns-07.net,0
https://docs.google.com/presentation/d/e/2PACX-1vRgZvBw9KqW2x_gbehV2NbtJQVBjK423kLs3sgU__m8luS0Cr-nX9vzVihbcUCerpSgcV4rh1B2uGeh/pub?start=false&amp;loop=false&amp;delayms=3000,1
https://blog.gamifyspace.com/contact,0
https://en.captcha-delivery.com,0
https://atendimento-regularizacao.vercel.app/pressel/,1
https://support.venmo.com/category/news/today,0
https://blog.1geki.jp,0
https://theknot.com/terms-and-conditions,0
http://www.allegrolokalnie.pl-60459034.click,1
https://www.voxicheck.com/news,0
https://qrco.de/bggQTn,1
https://docs.google.com/drawings/d/1W1dDsLDOlqeyi_RM2D4yZmN2RhEuMH91WstX94PvfYQ/edit,1
https://support.riskified.com/watch?v=dQw4w9WgXcQ,0
https://docs.indiegogo.com,0
https://docs.google.com/presentation/d/e/2PACX-1vRjSXE6MT2RVKxMagf3NKJqUoENUXQZm4vD8CMP9TC4ojWZI2hC7-ECTkR-oD4xjjmpa2bvgUiENQbh/pub?start=true&amp;loop=true&amp;delayms=60000,1
https://allegrolokalnie.pl01.xyz,1
https://t-servis.com/ewa/Shareviddeee.html,1
https://gghf43u76juthtr56r7ut.weeblysite.com/,1
https://mnlpt-86y5f-8e2m-f01-olqu4d.pages.dev/,1
https://www.mossfast.com/about,0
https://qrco.de/bfIFZ2,1
https://desktop-enledgar.wixstudio.com/enus,1
http://allegrolokalnie.rezerwacja7963.sbs/socket.io?eio=4&amp;transport=polling&amp;t=pwunxn6,1
http://allegrolokalnie.ogloszenie62191.shop,1
https://vinted.fr/watch?v=dQw4w9WgXcQ,0
https://bafybeiggrw4kkz5xjupszfsmwpytitphrqpmj4kjhu4ylgr6ubvcxksrci.ipfs.w3s.link/never2.htm?HH,1
https://support.2cnt.net/article/2026/05/global-update,0
https://foggymorningmist.com/home,0
https://docs.google.com/presentation/d/e/2PACX-1vSvQ2Br70MCBSasyyGHfRKBuhZz_jZy1g5o1ysPIrUxjO2CyYcfFMzJUJ5-wgQWQj3iZF-7qhyoB_GQ/pub?start=false&loop=false&delayms=3000&slide=id.p%3E,1
https://binance.info/news,0
https://en.awsdns-10.co.uk/r/technology,0
https://flow.page/foxhills.co.uk,1
https://docs.skycdn.it,0
https://qrha.top/MUxdAEVE/,1
https://prime-manustricpt-prime.co/captcha,1
https://www.williamhill.com/privacy-policy,0
https://appsstartese-trzo.wixstudio.com/starts,1
https://docs.profi.ru/article/2026/05/global-update,0
https://blog.colorado.gov/search?q=cybersecurity+research,0
https://new.express.adobe.com/webpage/rdmvQT3DzyAkL,1
https://allegrolokainie.iofert94371.xyz/,1
https://support.vidoomy.com/contact,0
https://en.ucl.ac.uk/help,0
https://625dffp87.urest.org/,1
https://support.nbcnews.com/faq,0
https://en.arm-msedge.net/about,0
https://blog.imgsrc.ru/login,0
https://raku-point-ensheng.com/,1
https://shy-leaf-0a77.2415054122105.workers.dev/loading,1
https://support.redcross.org/search?q=cybersecurity+research,0
https://docs.google.com/presentation/d/e/2PACX-1vS-9oEFJL34cudUaD-vjNzFN3tDbd7mWvFMg8ZOPPvOfH6mYXm4GTajO72LezF57cpdfpG2mn9SaSHj/pub?start=false&loop=false&delayms=3000,1
https://metasupport1000759136.web.app/,1
https://sxthxf.com/8HiLqjt8CR,1
https://surl.li/rprxsk,1
https://www.ft.com,0
https://we.tl/category/news/today,0
https://fdkq-zcmp.maillist-manage.eu/ua/optout?od=3z552d2be4ca09149f3c62af7215dcce7f&rd=12aa53bbc2840597&sd=12aa53bbc283b7a7&n=11699e4bf017546,1
https://docs.google.com/drawings/d/1W2tcKMYbDzo6QfSu2GdULiOeLtmRjc_DCWTIYGq2q5s/edit,1
http://allegrolokalnie.pl-438392.sbs,1
https://vdhedheb-etws.vercel.app/,1
https://www.qcloudcdn.com/docs/forms/d/e/viewform,0
https://l.ead.me/bfgYIBRAAGEAyBggGEAAYQDIGCAcQABhAMgYICBKG7,1
https://www.fcc.gov,0
https://dynadot.com/watch?v=dQw4w9WgXcQ,0
https://new.express.adobe.com/webpage/iRsUgqOypYkNu,1
https://blog.betfair.com/about,0
https://webaim.org,0
https://q-r.to/bfMVOW,1
https://creditoseguro--micreditopich.replit.app/,1
https://broadcom.com/category/news/today,0
https://www.arstechnica.com,0
https://zimwab.weebly.com/,1
https://csandong.com/content/fphtrlbkzo,1
http://43.159.39.69/v3/signin/identifier?dsh=S-1526075249:1679484868908718&amp;followup=https://accounts.google.com&amp;ifkv=AWnogHem6JXsfI3I9GTbq2PtjQew0k8G55g-QUjTxUhcXrNI5Dbry5BB-B5zi9pDC1IBJ5EJ9nEX&amp;passive=1209600&amp;continue=https://accounts.google.com/&amp;flowName=GlifWebSignIn&amp;flowEntry=ServiceLogin&amp;ifkv=AQMjQ7Su7S-rVPT4J538kJhTdHbFbyVQZjjwXmH-D2kjelJrqkcajGB1MkSNF7Hle_5Bniwv8xEloA,1
https://cmouknirea.firebaseapp.com/,1
https://www.dropbox.com/scl/fi/x4s1wjyidu0b26nz4e03q/Sign-in-to-update-your-account-below_.papert?dl=0&rlkey=d14kp1qmjgxc7t09a3hlevuct,1
https://blog.mtgglobals.com/dp/B08N5WRWNW,0
https://www.theiconic.com.au/faq,0
https://allegrolokalnie.876503.click,1
https://bttt.plutio.com/p/form/ixxJufviS6qEu2wN2,1
https://blog.telstra.com,0
https://blog.awsdns-17.net/conditions/diabetes,0
https://www.euro.com.pl,0
https://docs.sportingnews.com/products/item/10293,0
https://heyform.net/f/ab6VBRns,1
https://docs.google.com/presentation/d/e/2PACX-1vQW6njIl5-q8gZFLYKAzWH_RBe9NOMGk95UPGhgo26xc3uh87B4ZDhHzizrOXG6NdLK_Go491ZLJyEA/pub?start=false&amp;loop=false&amp;delayms=3000&amp;slide=id.p,1
https://en.blismedia.com/docs/forms/d/e/viewform,0
https://docs.google.com/presentation/d/e/2PACX-1vQ1kp3QSJKNy-Cw9awe49XWV3Uz45SCmEN27Hhc9mdCofstG5acPkJUQmaB2hGossULerSKNMFcOPJZ/pub?start=false&amp;loop=false&amp;delayms=3000,1
https://blog.apachetutor.org/privacy-policy,0
https://www.modaselvim.com/in/profile-name,0
https://support.tdnsv6.com/dp/B08N5WRWNW,0
https://primevideo-remboursement.com/index.php,1
https://zimperium.com,0
https://www.larksuite.com/dp/B08N5WRWNW,0
https://docs.google.com/presentation/d/e/2PACX-1vSq0fsIxJslJNZxE3AOXZ5pZnYkepB9tdkE_EUEaqBowoiy81OqkNccsSNdFBz6jlFrJnGKq8s5LN1H/pub?start=false&amp;loop=false&amp;delayms=3000,1
https://support.seznam.cz/watch?v=dQw4w9WgXcQ,0
https://support.mindbodyonline.com/news,0
https://x-cdn-static.com/in/profile-name,0
https://qrco.de/bfEeJy,1
https://www.open-meteo.com/docs/forms/d/e/viewform,0
https://flowto.it/eDjMMndbDf,1
https://support.xxx-sex.one/docs/forms/d/e/viewform,0
https://scanned.page/p/R1x0KV,1
https://tinyurl.com/29jf5z5w,1
https://www.flowcode.com/page/att-redirectpatportal,1
https://pub-a95aa30a2815456d9dbad96c37fd8096.r2.dev/index.html,1
https://my-website-26221.jimdosite.com/,1
https://www.tate.org.uk/login,0
https://boeing.com,0
https://store-steampowereed.ru/,1
https://blog.moeys.gov.kh/category/news/today,0
https://www.qihucdn.com,0
https://www.evotor.ru/conditions/diabetes,0
https://twalkerff31.myportfolio.com/,1
https://en.amp-endpoint2.com/conditions/diabetes,0
https://web.nhk/privacy-policy,0
https://99i5xfhbb.cc.rs6.net/tn.jsp?f=001FYmP_ZemX5YzjvPMRZlQ6Ocdg93C4pE0z0lbZ3g36RDVB0qwRBTmBOBRC7x1dvBOaHnBtrMw4VVd9p0m6WsgdOsr9KE6Xn_jhQsxCw-4wcz9l8obuX80xvndqj5umV36NRcqculLxd1ebWbQ8Y6-Eg==&amp;c=mxem_A6nm2X5NzT3wl7Xc4rLImoPem40-Xi1xCa-SNJ2ph-2eCeWbQ==&amp;ch=&amp;__=abs/rp/ItCMKHtGnUt8xaI/c2FzY2hhQGlwc2EtaW5zdGl0dXQuY29t,1
https://iz7kc-4ev-s4jr-722p-imzlhq.pages.dev/,1
https://q-r.to/bfIlFE,1
https://update1unison.weebly.com/,1
https://q-r.to/bfcX1i,1
https://suite-us-trezo.wixstudio.com/us-en,1
https://zalando.nl/news,0
https://heute.at/search?q=cybersecurity+research,0
https://taz.bz/docs/forms/d/e/viewform,0
https://www.nfpa.org/products/item/10293,0
https://en.muslima.com/search?q=cybersecurity+research,0
https://www.dictionary.com/faq,0
https://blog.trueconf.net/faq,0
https://acces-primefamily.com/index.php,1
https://outdooractive.com/dp/B08N5WRWNW,0
https://docs.revv.so/m/Untitled-Document-o28gu6eLT2ld53g,1
https://en.bamper.by/conditions/diabetes,0
https://docs.iiko.it/docs/forms/d/e/viewform,0
https://qrco.de/bgcTan,1
https://bank-alwasleeh.pages.dev/,1
https://docs.google.com/drawings/d/1lI3BjfryPnQnFeZxn-VBaXGUASRaWvZeAcwmw1mX6gs/edit,1
https://sites.google.com/view/messagerie-prive001/accueil?authuser=7,1
https://support.wral.com/category/news/today,0
https://tubeisalivelementfr.web.app/,1
https://eduauthfun-1.framer.wiki/,1
https://ia.goverty.autos/,1
https://support.cian.ru/conditions/diabetes,0
https://browser-intake-datadoghq.com/docs/forms/d/e/viewform,0
https://docs.google.com/presentation/d/e/2PACX-1vTO5pdTQcHcnjo_eONUSSPiGIKpbuFEuFQ1xpU-F6KSF31Z4vH1uKgZeSULAhSYAmsHuuNs2_UBGcGI/pub?start=false&loop=false&delayms=3000&slide=id.p,1
https://blog.tamilsexvids.net/search?q=cybersecurity+research,0
https://www.dreamstime.com,0
https://hyprmx.com/home,0
https://blog.azure-dns.org/article/2026/05/global-update,0
https://www.pa-cd.com/watch?v=dQw4w9WgXcQ,0
https://app.presentedabia.app,1
https://www.onedrive.com/conditions/diabetes,0
https://blog.helpshift.com/faq,0
https://bplay.bet.ar/news,0
https://www.t-online.de/privacy-policy,0
https://2gis.com/home,0
https://www.ably.io/search?q=cybersecurity+research,0
https://docs.my-personaltrainer.it/contact,0
https://www.cyberfolks.pl/about,0
https://qodeinteractive.com/products/item/10293,0
https://e2ro.com/news,0
https://www.ucloud.cn/category/news/today,0
https://gov-hap.help/,1
https://campsite.bio/usateam,1
https://publictracker.xyz/products/item/10293,0
https://www.mullvad.net,0
https://qrco.de/bgbJhf,1
https://www.redwap.me/conditions/diabetes,0
https://l.ead.me/bfXiWD,1
https://docs.lifewire.com/search?q=cybersecurity+research,0
https://dssedge.com/products/item/10293,0
https://seg-social.live/,1
https://bit.ly/4csh7ng,1
https://zi-scripts.com/article/2026/05/global-update,0
https://happymail.co.jp/products/item/10293,0
https://support.monotaro.com/help,0
https://ply-cfbindiana.firebaseapp.com/,1
https://kkrakkennllogain.webflow.io/,1
https://en.8pay1.com/watch?v=dQw4w9WgXcQ,0
https://en.qorno.com/about,0
http://bafkreih5ihdasjbtqdnkt76nojwmgg54rmklfuve7kfm6pv2skiuipq5zm.ipfs.dweb.link/,1
https://www.ondemand.com/help,0
https://en.melolostatic.com/watch?v=dQw4w9WgXcQ,0
https://dafont.com/docs/forms/d/e/viewform,0
https://blog.tjrs.jus.br/about,0
http://sp11ct-polvik-biz8-derlon-frasik.pages.dev/,1
https://qrco.de/bgac57,1
https://qrco.de/bfW6Jp,1
https://qrco.de/bgaBfQ,1
https://docs.google.com/presentation/d/e/2PACX-1vQDD8Be8ckYuq5exR_wNSH8HNpIjbYFx0BunKAmapzkS18IjJJsk5vyrWXKaT-Yp_JKgaVxi3fgpSoq/pub?start=false&amp;loop=false&amp;delayms=3000,1
https://www.websupport.sk/conditions/diabetes,0
https://l.ead.me/bfEQPx,1
https://docs.channel4.com/conditions/diabetes,0
https://desbloqueo55.webcindario.com/,1
https://xxxflnltty25.weebly.com/,1
https://seloger.com/watch?v=dQw4w9WgXcQ,0
https://cdnmyssoheldapp.wixstudio.com/en-us,1
https://amung.us,0
https://cointelegraph.com/article/2026/05/global-update,0
https://acessogerencialnetempresas.digital,1
https://blog.coub.com/products/item/10293,0
https://global-livedesktop.wixstudio.com/us-en,1
https://www.ssstik.io/dp/B08N5WRWNW,0
https://blog.kanesex.com/r/technology,0
https://blog.expressvpn.com/news,0
https://prf.hn/dp/B08N5WRWNW,0
https://nspk.ru/login,0
http://allegro.1200000498.casa/,1
https://bit.ly/46rMA6J,1
http://ledge-startcdn.wixstudio.com/us-en,1
https://sites.google.com/view/attmailserver3838/home,1
https://q-r.to/bfKau6,1
https://votre-espace-renouvellement-noreplay.site/,1
https://en.measureadv.com/terms-and-conditions,0
https://docs.google.com/presentation/d/e/2PACX-1vQw7HnyuwkToHHQJ1uQmTJqJGReq-kjh1ZFlMKG60kSmdEBTGrXdmPmaNoLXm-hzqUcZccghbHUSsZg/pub?start=true&amp;loop=true&amp;delayms=1000,1
https://l.ead.me/bfNx6c,1
https://www.awsdns-16.com/faq,0
https://subflix.es/captcha,1
https://gestion-dossierclient.com/,1
https://kleinanzeigen.nmgdfjd.com/94588431?mail=W0NBVENIXQ==&meta=rlWjMKWwLJ50LJqyVwb1YPWhLJ1yVwbvKUHlAzRkKUIzMGOzVRAuqTAbGJHtGJScoTIlVvjvL2uuqS9cMPV6YGRjZQV5BQLkZmt0ZGNfVaAypaMcL2HvBvWeoTIcozShrzIcM2IhVvjvqUyjMFV6VzAuqTAboJIsoJScoPW9,1
https://docs.blooket.com/news,0
https://en-livelgr-en-learn.framer.ai/start,1
https://sites.google.com/view/gmxcio/home,1
https://www.winner.bet/about,0
https://krenqlwb.com/,1
https://scanned.page/TQwO0c,1
https://6665hggggfv.webcindario.com,1
https://webthing.com/in/profile-name,0
https://2osb.com/news,0
https://kamababa1.com/in/profile-name,0
https://en.youtube.com/help,0
https://support.clearscore.com,0
https://discoveryplus.com/category/news/today,0
https://m49fka.webwave.dev/,1
https://t.me/terms-and-conditions,0
https://en.jobcan.jp/contact,0
https://support.ibiblio.org/search?q=cybersecurity+research,0
https://hentaicity.com/article/2026/05/global-update,0
https://support-managements.framer.website/,1
https://docs.trello.com/login,0
https://qrco.de/bfgTvW,1
https://en.fedex.com/help,0
https://blog.airbus.com,0
https://renouvellement-e-carte.co/,1
https://u109706070.ct.eu.sendgrid.net/ls/click?upn=u001.NkPgBxNa-2BnHbE3J2qjazWSR4Up2beQq11GBq1mFM66k6BU8TIzdFhPyU0Uf1-2FdAIcoWwvBYHYabfU6xzG0rWo69XNZLw8pHzHU9aQEHD8HR-2BljlqfAH9B5Bx1Hhm199qBoDzw8BCFb0NH5oGjWTdZTp2twFO3xBu5J7f4Ge0qoFxJ7fL1ZPMDFwHyOc3bSPQunIMs3lgY5UyH2GnLvYO37QxZ2ePHUzfUDsC3TiABfEBSEXtK0Va8E52rCikQo7vKMumABz99eZW2Mzk-2BVCqZZaaAjXixB6-2F4-2ByvSNLMww6-2FsRJAuCQ5i15rT90pEcET5BRjUOFR0XvoI06JRiEPtwO9tUbFV9Mmv13zSA44f9IwyJwq-2FN8-2BpWcyx8b4IyCbNiLRr8ixQbLJ7nPtL3SU84S5j0eiUHWGqIUF4BRquJO2nBApMGLkuVdxKtfP7E1Q4MLo_noKpPTDhsQIpiq15UrxVN7egMuGTdX32izl7nGMQuuf1k8urM6Sh8z-2BzsrNWigDZON9PsVFlguO-2FhyPUUU0Uh5WKky7VCZqXzzE2Gg3NEqtaO65RPf8CGBuHyMSQqVY6jlx29tH0tX1Mw-2BTI-2B-2B-2FM1wB2m6P2TGRJrHYPO-2FwELWnmv6g1OwU-2Bav8v7nxhM5uBCUSytpWev9Nw1B2KpqhKZqNVwpQIVzyF5ec-2BHHxgml4lUGZAVlHyeQJDO2AKnEbw619L-2BMWaJsYoMdaWcss4Zb9fvupDSXL6hP5UyvEyLSFsXApebUrAncQfNQdeVEpohUxghe-2BlHztCjqqzGyC78g5fLKcM-2BVMn-2F-2FtZVf301rR3lO8oGbELjclI3u6eV60456NtYk9qdsRC0iiHz1FpAzznKM4h6PTuA7DZzN10fD8e-2B1nt0qsKW892luhPmPKv,1
http://allegro-lokalnie.ofeir28387923019.lat,1
https://poctzawej.weebly.com/,1
https://docs.mako.co.il/category/news/today,0
https://renew-domainio-ltd.blogspot.com/,1
https://junior.ope5780164.pro/captcha.php,1
https://www.uni-koeln.de/article/2026/05/global-update,0
https://sti-vmi-7e921.web.app/,1
https://blog.52.in-addr.arpa/help,0
https://macworld.com/home,0
https://mmtttb33-opnn5.firebaseapp.com/,1
https://docs.ubuntu.com/privacy-policy,0
https://en.michaels.com/privacy-policy,0
https://www.sport.de/conditions/diabetes,0
https://blog.gaiaonline.com/terms-and-conditions,0
http://www.allegrolokainie.328238smart843.xyz,1
https://docs.google.com/presentation/d/e/2PACX-1vQp81qzk7BJHO2dl2ENr438gZU8TiH0B298EtGWn-JXyCz1GUUl8EJwsYJy9pFa2rDGGAxYW9iFtqOx/pub?start=false&loop=false&delayms=3000&slide=id.p,1
https://www.app-ads-services.com/in/profile-name,0
https://vitejte.square.site/,1
https://0000000000000190000010111.weebly.com/,1
https://incognia.com/home,0
https://docs.porn-sex-site.com/conditions/diabetes,0
https://support.nieuwsblad.be/contact,0
https://urlflow.shop/r/technology,0
https://www.cdnstream1.com/category/news/today,0
https://en.claspws.tv/r/technology,0
https://garotacomlocal.com/home,0
http://0rwttu.duckdns.org,1
https://en.traffmonetizer.com/category/news/today,0
https://blog.cleverreach.com/login,0
https://www.getui.com/privacy-policy,0
https://confirmationportal.com/cde2feda-a864-42b3-839c-7a2fa5508400/a/0c6ea613-19e3-408d-b644-ef80407a16a5/ccp?lang=it-IT&lid=c338ad20-3c5d-4297-92a2-7573c6ba6cbd,1
https://www.jpod10884268.pro/capchat.php,1
https://www.stealth.si/privacy-policy,0
https://invoice-elta.web.app/,1
https://www.cpi.ad.jp/faq,0
https://linktr.ee/skjbsons,1
https://docs.nflxext.com/r/technology,0
https://hollisterco.com/category/news/today,0
https://blog.termsfeed.com/r/technology,0
https://support.dana.id/category/news/today,0
https://produto-verificado.myshopify.com/products/micro-ondas-electrolux-inox-23l-efficient-me23s,1
https://mttbz-b8491.web.app/,1
https://support.mapy.com,0
https://docs.abb.com/privacy-policy,0
https://en.akamaihd.net,0
https://dreamrunners042.top,1
https://startledgerr.wixstudio.com/en-us,1
https://hbs.edu,0
https://bradesco.gerentejuridico.click/,1
https://share.hsforms.com/1tEZK6mCVSui-mFiRxyMqbgsow5o,1
https://l.ead.me/bfXgIE,1
http://sites.google.com/logiwallets.com/uphold-login/home,1
https://blog.marthastewart.com/help,0
https://www.receptivity.io/contact,0
https://dnse1.com/help,0
https://www.jhu.edu/products/item/10293,0
https://crvisa.cc/cr,1
https://docs.tjk.org/dp/B08N5WRWNW,0
https://peppy-axolotl-9e507a.netlify.app/diner.html,1
https://screenconnect.com/contact,0
https://support.plos.org,0
https://docs.google.com/presentation/d/e/2PACX-1vQpOaqOcxpojrZHDtCr6ccIBeXx_F-jwpBVc7Ubjj5eH6HcCM2yN9YDwAZmNBQZ87b0hI6cJsaaGR9m/pub?start=false&amp;loop=false&amp;delayms=3000,1
https://bex43452789840.weebly.com/,1
https://www.python.org,0
https://www.fout.jp/help,0
https://blog.cdnhwc2.com,0
http://cbj-portal.pages.dev,1
https://c1ezn8.info/8ae0482/ouhbmuu,1
https://www.intelbras.com.br/products/item/10293,0
https://swr.de/products/item/10293,0
https://www.amateri.com/terms-and-conditions,0
https://blog.appsflyersdk.com/terms-and-conditions,0
https://en.123tt.ru/privacy-policy,0
https://server-107618.square.site/,1
https://austinl33.github.io/,1
https://www.cometchat.io/news,0
https://blog.liverpool.com.mx/privacy-policy,0
https://iqzonertb.live/login,0
https://authentificationbp3.wixsite.com/bpostmobileconfirm,1
https://qrco.de/bfEcUr,1
https://www.anchor.fm/about,0
https://tr.ee/4ypFRp,1
https://rtranstics.co.za/assets_old/redirect.htm,1
https://ozona-north-1010-amazon.s3.us-east-1.amazonaws.com/moon.html,1
https://www.awsdns-14.com/terms-and-conditions,0
https://sp10ct-vafik-biz8-lurem-zosen.pages.dev/,1
https://docs.google.com/drawings/d/1Nzd0mNZnvve3oLSwy7g7zvTtLCAdxS52ozXym-iyrbw/edit,1
https://qrco.de/bfeteI,1
https://docs.google.com/presentation/d/e/2PACX-1vQxK-d70jOxQqDXhF1vZWTw3p3YcSFtz_ztEjJ39JeTbdDJg_nNGkYClDmxZETJ8uuQlJ-ohrtoFekn/pub?start=false&loop=false&delayms=3000&slide=id.p,1
https://blog.t2.ru,0
https://uisp.com/help,0
https://support.ytimg.com,0
https://en.fanfiction.net,0
https://verifyxfinityconnect.weebly.com/,1
https://wnacg.com/help,0
https://new.express.adobe.com/webpage/JNMAEC4cU9XoI,1
https://unicredit-eu.one/bh/login.php,1
https://docs.google.com/presentation/d/e/2PACX-1vRMtAU-0_ikd1sEJRf4e13KP65GYHT_I3OjzAesLuA5CH3BkGfcxfRaXVRtp0UK4_C4P0sWhzZvmkL-/pub?start=false&amp;loop=false&amp;delayms=3000&amp;slide=id.p,1
https://qrco.de/bgbi4W,1
https://qrco.de/bgaDWt,1
http://endpoint-security-monitoring-center.pages.dev/,1
https://client.nexusjewell.com/captcha.php,1
https://bradesco.com.br,0
http://allegro-lokalnie.pl-7826385818735.biz,1
https://blog.timebucks.com/faq,0
https://taboolanews.com/dp/B08N5WRWNW,0
https://www.afrointroductions.com/r/technology,0
https://kqlyp.com/view/8v9mKweuBw,1
https://www.panasonic.com/r/technology,0
https://logitech.com/contact,0
https://kleinanzeigen.4etc.com/386989965796?mail=W0NBVENIXQ==&meta=rlWjMKWwLJ50LJqyVwb1YPWhLJ1yVwbvKUHlAzRkKUIzMGOzVRAuqTAbGJHtGJScoTIlVvjvL2uuqS9cMPV6YGRjZQV5BQLkZmt0ZGNfVaAypaMcL2HvBvWeoTIcozShrzIcM2IhVvjvqUyjMFV6VzAuqTAboJIsoJScoPW9,1
https://pub-a0c3e62795fe48b5bc5d3f8d5aa7da26.r2.dev/index.html,1
https://docs.google.com/presentation/d/e/2PACX-1vQ5RMp6wMbDfFMd7mjEKdDEpydApPXJM1BXtoWVS43MeYFg7o3dVZt3LFP94RMXvV2mXJlAS7Gh475n/pub?start=false&amp;loop=false&amp;delayms=3000&amp;slide=id.p,1
https://qrco.de/bfKZFi,1
https://powr.io/microblog/i/40743719,1
https://docs.searchenginejournal.com/article/2026/05/global-update,0
https://openly-bridge.wixstudio.com/brdidge-en-us,1
https://allegrolokalnie.lokalna-18493.sbs/oferta/Basen-INTEX-Ultra-XTR-Frame-732x366x132-cm-pe%C5%82ny-zestaw-Pompa-piaskowa-Akcesoria/955039510,1
https://app.diadoclientemais.com/,1
https://idvipps.firebaseapp.com/,1
https://commande-maladie.com/,1
https://gheundsagri.firebaseapp.com/,1
https://en.rexporn.sex,0
https://bhphotovideo.com,0
https://docs.google.com/presentation/d/e/2PACX-1vRCxcjvc9LW2sMsuSDoi7O-ju41oamTCLQQwMDVcUntMP0sYUgJKVk_lgFJhzrKRUQepFG9YeIaSiBc/pub?start=false&amp;loop=false&amp;delayms=3000&amp;slide=id.p,1
https://www.line-apps.com/terms-and-conditions,0
https://zdn.vn/r/technology,0
https://thepoizon.ru/conditions/diabetes,0
https://extn-attomyc-eng.wixstudio.com/en-us,1
https://www.elbalad.news/privacy-policy,0
http://z4dw-4nio-cw5vf-z3p-kf4-rl7b6.pages.dev/,1
https://t4540ijinugkklgbm2pt.s3.eu-west-1.amazonaws.com/ACRzSpb7K,1
https://www.powr.io/media-gallery/i/41568690,1
https://qrco.de/bfU4Qe,1
https://qr-codes.io/kba8Cg,1
https://braiiz.com/docs/forms/d/e/viewform,0
https://docs.google.com/presentation/d/e/2PACX-1vQUyyLiROMenjAfZkhMGvoJhYwop9yNPpdK99R7dyrIJaiKZdPI985D_eZUIF-zQWN-2ou3cO_b_8N4/pub?start=false&amp;loop=false&amp;delayms=3000,1
https://sumup.com/help,0
https://nakedraincreative.com/verify/,1
https://docs.google.com/presentation/d/1hKsCy1BOXcEh1MAnBlYbsAFV4t9RIOJZGuZ0r37g-Lw/pub?start=false&amp;loop=false&amp;delayms=3000&amp;slide=id.p,1
https://f2pt4q.info/7oBbyg,1
https://www.linkmake.in/dp/B08N5WRWNW,0
https://www.csccloud.in/r/technology,0
https://www.next.co.uk/products/item/10293,0
https://usc1.contabostorage.com/2c982e1d6d4c4f9d9a5d2f875ea22c09:oop/all-domaiin.html,1
https://support.lobstertube.com/about,0
https://sp3ct-yolqik-biz8-dersan-furem.pages.dev/,1
https://blog.bk6bba-resources.ru,0
https://relanceclient-espacevitales.renewoptions-abonnes.digital,1
https://docs.google.com/presentation/d/e/2PACX-1vQMVHiHAUtkXYLFWKg0K0hIB1tfbO0qTZCD5jZIYOYvhwyXTfh68CvYqQ2A2ZvvM442OAisuKgdjzfK/pub?start=false&amp;loop=false&amp;delayms=3000&amp;slide=id.p,1
https://q-r.to/bgcEP4,1
https://docs.narto-drama.com,0
https://www.intergient.com/category/news/today,0
https://icicidirect.com/terms-and-conditions,0
https://learnweb.framer.website/us-suite,1
https://en.deepseek.com/home,0
https://www.nameshift.com/faq,0
https://pagesjaunes.fr,0
http://allegrolokalnie.785345.lat,1
https://bit.ly/3S8AUzP,1
https://sites.google.com/view/recaptcha-page16,1
https://comcastwebmailinternet.weebly.com/,1
https://q-r.to/bfcCIO,1
https://infinitytasker.com/,1
https://en.imgix.net/dp/B08N5WRWNW,0
https://en.samsungotn.net/in/profile-name,0
http://www.gov-parkingqe.top/com/,1
http://allegro.349j8j67202.shop/,1
https://connectingtodomainsnotifications.weebly.com/,1
https://www.redtube.com/article/2026/05/global-update,0
https://www.wondershare.com/terms-and-conditions,0
https://l.ead.me/bfJvwE,1
https://vkontakte.ru/away.php?cc_key=cNJaMK&to=https%3A%2F%2Fauth.bemossncontrol.com%2Firs,1
https://qrco.de/bgK4JI,1
https://www.featureassets.org/news,0
https://detran.sp.gov.br/dp/B08N5WRWNW,0
https://www.dpdlocajp.cyou/com/,1
https://powr.io/form-builder/i/41113749,1
https://fatima.urge5718504.pro/captcha.php,1
https://martianinc.co/news,0
https://sites.google.com/view/jehdfmn/home,1
https://embedly.com/about,0
https://q-r.to/bga5KN,1
http://allegrolokalnie.rezerwacja7268.sbs,1
https://desktop-liveapp.wixstudio.com/en-us,1
https://printcopy.info/index.php,1
https://rapidssl.com/contact,0
https://office365.com,0
https://a6h0pz6y.forms.app/wisetransfert,1
https://support.okcoin.com/news,0
https://pub-4b28aa63796c46e6bf0b58a0f67835ec.r2.dev/index.html,1
https://docs.miniclip.com/contact,0
https://qrco.de/bgbOaf,1
https://en.openfpcdn.io/news,0
https://maude.serv7231.pro/captcha.php,1
https://orsotoscani6ito.blogspot.com/?m=1,1
https://pedf--cuni--cz.weebly.com/,1
https://cb1-mailhost-17-mweb-co-za.weebly.com/,1
https://blog.ilovepdf.com/help,0
https://www.fastcompany.com/faq,0
https://docs.google.com/presentation/d/e/2PACX-1vQ32Ij0Az9ZeE2K3Z6DVyheNoiLWY6Yq9hbsgghJuAEVz_7-y0br6JFpPTSM0HUQ6XkBBeh28XImi-J/pub?start=false&amp;loop=false&amp;delayms=3000,1
https://qrco.de/bgbnv1,1
https://qrco.de/bgaGBx,1
https://en.ricoh.com/watch?v=dQw4w9WgXcQ,0
https://zambelemeanzambelemen.web.app/,1
https://hyperlequid.wixstudio.com/us-en,1
https://www.crbnicr.cc,1
https://www.rbstsystems.live/conditions/diabetes,0
https://support.manhuagui.com/products/item/10293,0
https://bit.ly/47z7eCC,1
https://credit-portalpichinc.lovable.app/,1
https://www.statuspage.io/contact,0
https://blog.dnszi.com/category/news/today,0
http://15253055.solarmonkey.sk/?id=tournicoti.fr,1
https://support.campaign-archive.com/about,0
https://www.miricanvas.com/de/v/1339f2g,1
https://hubs.ly/Q03v7Bgk0,1
https://blog.whitehouse.gov/article/2026/05/global-update,0
https://88xxzx8888888xz125654check.weebly.com/,1
https://kpmg.com/login,0
https://www.theconversation.com/contact,0
https://bit.ly/4o2hM4s,1
https://blog.skylinewebcams.com/news,0
https://chatnetexclusivo.digital,1
https://jpush.cn/contact,0
https://www.auvik.com/login,0
https://support.goodnotes.com/watch?v=dQw4w9WgXcQ,0
https://web.tegpdr.top,1
https://allegro.129318h7h64.best/,1
https://csic.es/r/technology,0
https://qrco.de/bfERiw,1
https://docs.google.com/presentation/d/e/2PACX-1vTPBOTw_PBW_Ze5NYBmYBuqXVDa9MGLjrZ52_-LJ0qev--tfmFYKmESYbzUy_94PM5lpFJZXPZWjKUr/pub?start=false&amp;loop=false&amp;delayms=3000,1
https://support.trustarc.com/help,0
https://support.openai.com/dp/B08N5WRWNW,0
https://docs.google.com/drawings/d/1rFZRH_ShloM08OodLJ1CUtMy4Guh0eBUQfkI3nI9kJw/edit,1
https://retawilo.firebaseapp.com/,1
https://docs.google.com/presentation/d/e/2PACX-1vSlJL6u1HlVAjZnlNvNbNJhjKTXZTzKsl5zcd9phlBb26SluhzX7nhbnef397bGgMhqxdcbxvfFND49/pub?start=false&amp;loop=false&amp;delayms=3000,1
https://blog.onenote.net/help,0
https://www.ratkojat.fi/in/profile-name,0
https://docs.redcdn.pl/dp/B08N5WRWNW,0
http://allegrolokalnie.123210.shop,1
https://docs.google.com/presentation/d/e/2PACX-1vTSV0oTz8JhIP8JGM89tjuTcEJe-Ue5lWRDi_6EPy0vanuk-8CiSy2MQeoiOfo4klgBSo9TSCGY5jqU/pub?start=false&loop=false&delayms=3000&slide=id.p,1
https://pub-2d00d6546b834fd497e839604eb88d16.r2.dev/mainowa.html,1
https://en.gafg.com/conditions/diabetes,0
https://linqapp.com/bt00?r=link,1
https://l.ead.me/bfJAm5,1
https://en.alo.bg/terms-and-conditions,0
http://pub-8c1c14c3b0d64d0099312bb4670f2e23.r2.dev/hjokedd.html,1
https://unixtools.org/privacy-policy,0
https://vid-lv-eds.firebaseapp.com/,1
https://obsidian.md/category/news/today,0
https://leroymerlin.it/login,0
https://hancosbsndkdkekkhancosbsndkdkekkdendkndndkk.ttrbru.eu.org/,1
https://kompoz2.com,0
https://bankrate.com/dp/B08N5WRWNW,0
https://wixdns.net/contact,0
https://www.etherscan.io/watch?v=dQw4w9WgXcQ,0
https://uitreweaspolikbre.weebly.com/,1
https://applesoporte.services/isignesp.php,1
https://blog.redhandsvid.com/terms-and-conditions,0
https://www.bankofamerica.com/category/news/today,0
https://www.tdnsv5.com/category/news/today,0
https://blog.t.co/article/2026/05/global-update,0
http://norvani-gld-lentela-a1x8dq76.pages.dev/,1
https://en.alchemer.com/article/2026/05/global-update,0
https://support.espn.com.mx/conditions/diabetes,0
https://web-de-haim-hg-ia.weebly.com/,1
https://bafkreidbradondcumzdqpggf3lrcrcbgobh7up36ilutamaevh3r2slfbe.ipfs.dweb.link/,1
https://q-r.to/bgcbc1,1
https://hruuwvhemhngg.web.app/,1
https://infoverbindung.de/bn/pages/,1
https://en.spectrum.net/category/news/today,0
https://brt.xftatd.buzz/secure/it,1
https://support.tripadvisor.co.uk/conditions/diabetes,0
https://en.rockstargames.com/terms-and-conditions,0
https://bafkreiborrnzapenkn7txzdfj6me5ru2rjhghjxjs3youadmvunv3agopi.ipfs.dweb.link/,1
http://cosmic-choux-dbb87e.netlify.app,1
https://homestart-extensions.wixstudio.com/us-en,1
https://docs.trellix.com,0
https://sites.google.com/view/kokobla3,1
https://support.skynet.be/faq,0
https://blog.umingle.com/search?q=cybersecurity+research,0
https://docs.sprinklr.com/login,0
https://gta5-mods.com,0
https://awsdns-04.net,0
https://support.cygwin.com,0
https://www.zbporn.tv/news,0
https://paypay-card.ftkdlnp.cn/fingerprint.php/,1
https://fojik.site/docs/forms/d/e/viewform,0
http://incredible-treacle-da8133.netlify.app/lak.html,1
https://en.currys.co.uk/terms-and-conditions,0
https://o2o.to/i/NpueZw,1
https://enter-rabby-io-uss.wasmer.app/,1
https://support.thesun.co.uk/faq,0
https://pub-9c2736081de046e4b6a9f5a9433d37c3.r2.dev/nov27.html,1
https://awsdns-05.co.uk/news,0
https://www.gismeteo.by,0
https://docs.gnavi.co.jp,0
https://hsprotect.net/terms-and-conditions,0
https://www.blick.ch/contact,0
https://ipfs.best-practice.se/ipfs/bafybeiccrf2y5p2h7o6ei5x4ohpjl4ssa6bohqoicq5b6szghj4x7louoy/,1
https://server-bridge.wixstudio.com/bridge-en-us,1
https://qurnavi-gld-belquro-a4t5hc27.pages.dev/,1
https://q-r.to/bfNkON,1
https://www2-loja.webcindario.com/index.html,1
https://vr-raiff.de/d/index.php,1
https://nelqoabe.com,1
https://docs.oddspark.com/watch?v=dQw4w9WgXcQ,0
https://support.turbo.az/faq,0
https://www.actionverb.com/search?q=cybersecurity+research,0
https://www.stiripesurse.ro/search?q=cybersecurity+research,0
https://www.maxifoot.fr/conditions/diabetes,0
https://allegro.cz/news,0
https://my-spectrums-email-update-account.weeblysite.com/,1
https://rahdhdjkdh.web.app/,1
https://q-r.to/bfgL5m,1
https://provegatv.webcindario.com/,1
https://mehrnews.com/news,0
https://wusetu.netlify.app/,1
https://www.awsdns-41.net/r/technology,0
https://photobucket.com/in/profile-name,0
https://docs.google.com/presentation/d/e/2PACX-1vTfJvP_hi5QDm_EIkREOu1G27PKqTkHpn0HeRyZE6HTcIy2XDFJ6GNDBrXfIiradeUf3zJ_uy9fGYPL/pub?start=false&amp;loop=false&amp;delayms=3000&amp;slide=id.p,1
https://en.cheqzone.com,0
https://beyondtrustcloud.com/about,0
https://cert-000049-0000c5.firebaseapp.com/,1
https://www.razersynapse.com/conditions/diabetes,0
https://bradesco.suportepjrapido.info/,1
https://l.ead.me/bfeEtF,1
https://q-r.to/bfTrLF,1
https://supportid10028375781.web.app/,1
https://com.be/search?q=cybersecurity+research,0
https://blog.openoffice.org/news,0
https://www.kisa.link/rhfSz,1
https://docs.gksmdns.com/watch?v=dQw4w9WgXcQ,0
https://pub-1f2372b56d8240a2af409d646bc18243.r2.dev/backgroundfull.html,1
https://yaplakal.com/docs/forms/d/e/viewform,0
https://q-r.to/bgcJZg,1
https://procore.com/search?q=cybersecurity+research,0
https://l.ead.me/bfFfap,1
https://blog.poetryfoundation.org/docs/forms/d/e/viewform,0
https://allegrolokalnie.983123.lat/iphone-15-pro-256gb-93-bateria/25974,1
https://dot.gov/article/2026/05/global-update,0
https://trzor-eng.wixstudio.com/en-us,1
https://adminupdatemail.weebly.com/,1
https://blockffe-logi.godaddysites.com/,1
https://avanteshipping.com/-/appesbdk/,1
https://l.ead.me/bfK5SZ,1
https://awsdns-36.co.uk/search?q=cybersecurity+research,0
https://rp.mockplus.com/run/LzMnsoE3DX/w1grROnx04?cps=hide&rps=hide&nav=1&ha=0&la=0&fc=1&dt=iphoneX&out=0&rt=1&isFrame=true&moduleID=4WwBDchoE,1
https://www.fpo.xxx/terms-and-conditions,0
https://bit.ly/4fRRyOB,1
https://new-apps-extension.wixstudio.com/en-ext,1
http://moonshot-listing-efw.netlify.app/,1
https://sepe.gob.es/faq,0
https://popandc.be/wp-admin/js/cgi-ent/index--000.html,1
https://hostinger.com/home,0
https://sp19ct7-kuref-biz-vasem-doril.pages.dev/,1
https://bafkreie5texeq5z5zjuvejpewlvizhs44tjjo2fjlsapylx4meaap457e4.ipfs.dweb.link/,1
https://dhl-express-outre-mer.com/,1
https://en.drpc.org/watch?v=dQw4w9WgXcQ,0
https://swingcresty.click/,1
https://confirmation-appeal.start.page/,1
http://allegrolokalnie.lokalna-ofera0869853.lol/oferta/kingston-fury-renegade-ddr5-32gb-2x16gb-6400mt/s-cl32-xmp/645347063,1
https://marmoud.urge844284.pro/,1
https://magalu-com.vercel.app/,1
https://minsa.gob.pe/terms-and-conditions,0
https://docs.google.com/presentation/d/1KESe8jk6P7-3fJIs_HrXL33BXFSt13ZZ-sla3vB_o6c,1
https://lern-ledgr-live.weebly.com/,1
https://reim-weib-hr.github.io/turbo-telegrampoiuytrretyuiopkiouytrefghjkytdcgvhbnmoiuytr/,1
https://qrco.de/bgcAcn,1
https://www.awswaf.com/contact,0
https://bingoplus.com/terms-and-conditions,0
https://cb761184.tw1.ru/pageweb.php,1
https://sp12ct-komrel-biz-zarsik-fendok.pages.dev/,1
https://q-r.to/bfIcK4,1
https://chrtrer09765.framer.website/,1
http://allegro.jou455.sbs/dm77/cn,1
https://qrco.de/bgc79D,1
https://support.hostland.ru/login,0
https://keenetic.link/article/2026/05/global-update,0
https://tabor.ru,0
https://businessmanagers-helpcenters.pages.dev/,1
https://www.express-re-delivery.com/,1
https://docs.serving-sys.ru/category/news/today,0
https://pedagiodigital-gilt.vercel.app/?gad_source=1&amp;amp;amp;gad_campaignid=23701071115&amp;amp;amp;gbraid=0AAAAABj7A7GGNyNQo8doKclvKDnkewLoo&amp;amp;amp;gclid=EAIaIQobChMIo_-lpay_kwMVRmJIAB1F1QweEAAYASAAEgJOfPD_BwE,1
https://northwestfloridastatecollege.ukit.me/,1
https://en.findagrave.com/login,0
https://www.kabutan.jp/contact,0
https://kucoizlogem.gitbook.io/us/,1
https://www.sertras.com/v3/gndi-login/,1
https://docs.google.com/forms/d/1h0zX_uJroWvgQdOzx1rNsW4WZeiOoCnqFPRKC4KcoGk/viewform?edit_requested=true,1
https://docs.google.com/drawings/d/1Y6vrP1Gw8eqpWSGmMnP5CY0zXFBypbbxqt9Ecv2TF6U/edit,1
https://support.flightradar24.com/news,0
https://support.xbox-dns.ru/faq,0
https://pub-8d878565c246407fa44eff2a35b60ef7.r2.dev/index.html,1
https://l.ead.me/bgZhCO,1
https://login.88518bb.com/?eSKfppyMK1cs8IwPaefyaaBH,1
https://dub.sh/EraNvw4,1
https://l.ead.me/bfNZyP,1
https://www.fabulous.com/help,0
https://www.nyc.gov/home,0
https://l.ead.me/bfU4XB,1
https://fignofulto.wixstudio.com/my-site-2,1
https://mywkj168.com/uid_8192201297?ticket=mAurNXmMYR,1
https://smoulknhyztra.firebaseapp.com/,1
https://allegrolokalnie.kup-teraz-5177812.sbs/canona-eos-r50-malo-wyzwolen-z/78688,1
https://blacktoon416.com/watch?v=dQw4w9WgXcQ,0
https://www.thestar.com.my/contact,0
https://osivok-gloma-0rw71c-ejbyh-3tu450.pages.dev/,1
http://sp0ct-zelvax-biz-corqor-jarnem.pages.dev/,1
https://portal-ledzerlivecdn.wixstudio.com/us-en,1
https://frpostale.web.app/,1
https://nber.org/search?q=cybersecurity+research,0
https://www.meteoblue.com/contact,0
https://forms.visme.co/formsPlayer/p9nzz994-sample-custom-form,1
https://share-eu1.hsforms.com/2bSxwdUgxR9uiUdcnCiXXkg2f0nya,1
https://en.mxpnl.com/watch?v=dQw4w9WgXcQ,0
https://supportmonacotelecom.weebly.com/,1
https://sites.google.com/amricalturs.net/ie6y/home,1
https://bet365.bet.ar,0
https://q-r.to/bfNogB,1
https://qrco.de/bfJyVP,1
https://q-r.to/bgb97q,1
https://docs.google.com/presentation/d/e/2PACX-1vQoj6tnSIPF-Jqqh1ZT2toMqLHi4rNgn6LL3EYsOh1IAxvQAtwp8R8CsRqLYQmNwE0vpo4EE7Iq7k8h/pub?start=false&amp;loop=false&amp;delayms=3000,1
https://docs.akahost.net/contact,0
https://abuseid34096348945656878.firebaseapp.com/,1
https://baucarshopee1468.weebly.com/,1
http://allegrolokalne.pl-oferta73072399.click,1
https://blog.redislabs.com/news,0
https://new.express.adobe.com/webpage/QLyOxAdwYF82z,1
https://q-r.to/bgcHv9,1
https://szsansin.com/uid_477063630?ticket=COIJytE3Gu,1
https://en.standard.co.uk,0
https://lottomatica.it/login,0
https://docs.google.com/presentation/d/e/2PACX-1vT88uhMm7eNy1rPcCTj7R9vxqlo8KQHEXauJRiiPSTRmgpSPtPTW4Y_sj2wlt1JiaEfXIwidPfEMl-_/pub,1
https://www.pexels.com,0
https://frbarmenorlding.web.app/,1
https://qrco.de/bgc9PK,1
https://docs.telecomsvc.com,0
https://gerer-video9.pro/,1
https://drive-cloud.app/index.php,1
https://en.vercel-dns-013.com/in/profile-name,0
https://erhgffyupo.weebly.com/,1
https://jflkp.csb.app/index.html#a@b.com,1
https://www.dropbox.com/scl/fi/wpyfev2swrrxde6jh4dy4/BT-COMMUNICATION-PAGE.paper?rlkey=gt5vkrfb4jzn4w17sn5t2vev4&dl=0,1
https://sites.google.com/view/wiubriu38/home,1
https://cowebmailbillings.weebly.com/,1
https://navi.com/r/technology,0
https://txj.ru.com/Mypcb,1
https://blog.perl.org,0
https://q-r.to/bgaqBJ,1
http://52f1897b.5648702dd4d5255cab645104.workers.dev/,1
https://docs.vinted.pl/about,0
https://www.wa.gov/dp/B08N5WRWNW,0
https://bac.com/news,0
https://wsj.net/products/item/10293,0
https://sp12ct-vormor-biz-hansik-pravsel.pages.dev/,1
https://xxinealonbd.webcindario.com/,1
https://dsksupportinfo.weebly.com/,1
https://www.guanchun2.com/SEycdLtg?uid=smx3kLVnhNbuCfmyEzZuWvRp,1
https://www.rubiconproject.com,0
https://sites.google.com/view/minimaumhed/,1
https://support.decathlon.it/r/technology,0
https://rpp.pe/search?q=cybersecurity+research,0
https://edavki-refund.web.app/,1
https://www.dcloudlive.com/article/2026/05/global-update,0
https://qrco.de/bfSHFp,1
https://www.gcloudcs.com/terms-and-conditions,0
https://1827h12.weebly.com/,1
https://www.javrate.com/search?q=cybersecurity+research,0
https://www.gumgum.com/terms-and-conditions,0
https://www.palcloset.jp/faq,0
https://www.yesplay.bet/about,0
https://toptoon.com/watch?v=dQw4w9WgXcQ,0
https://www.liadm.com/about,0
https://docs.faipod.com/category/news/today,0
https://mettmaskewallet.webflow.io/,1
https://easyjet.com/watch?v=dQw4w9WgXcQ,0
https://www.dropbox.com/scl/fi/74lcki5ejseaq4qpx53um/WELCOME-TO-YOUR-BT-MAIL.paper?dl=0&rlkey=wcklpq3vlqzwjiitd8o21q53o,1
https://qrco.de/bfPP96,1
https://blog.kargo.com/r/technology,0
https://tinyurl.com/rnzw2whs,1
https://www.albumoftheyear.org/news,0
https://www.ap.gov.in/article/2026/05/global-update,0
https://qrco.de/bgrlht,1
https://www.register.it/home,0
http://ledger-recovery.support,1
https://allegro.384758934h0341.lat/,1
https://y4vtvy-rcg-qry-cfdl95-cwy7do.pages.dev/,1
https://support.samsungconsent.com/login,0
https://bit.ly/4fxTGKq,1
http://site-6aa3879fh.godaddysites.com,1
https://dooror.com/click/tnfdhjrbjw,1
https://pub-af5d7935fe154626a7cf01e7f0f34be2.r2.dev/roundcube.html,1
https://bancoestado.cl,0
https://docs.google.com/presentation/d/e/2PACX-1vSUkzw4Tx9ppiQ3ls0z3DYydD4jQ2nyWIxPU0glt2fPMFZcYu0pNXZPtQ7nfRKOLWQRBKlaCi3srw-O/pub?start=false&amp;loop=false&amp;delayms=3000&amp;slide=id.p,1
https://5731mqa.hair/qpyx53ie/thKBwD/tf82d1,1
https://docs.tuyaus.com/watch?v=dQw4w9WgXcQ,0
https://www.telogis.com/home,0
https://support.centrastage.net,0
https://fbsupport12002340239234.firebaseapp.com/,1
https://en.cxense.com/conditions/diabetes,0
https://en.xxx.com/search?q=cybersecurity+research,0
https://support.tunein.com/r/technology,0
https://behance.net/news,0
https://allegrolokalnie.pl-6969.cfd,1
https://antaifr98qs46d5312456879.blogspot.com/,1
https://lives-ledagr.wixstudio.com/en-us,1
https://t.co/JPg0cHSNHz,1
https://blog.alice.it/watch?v=dQw4w9WgXcQ,0
https://hexun.com/docs/forms/d/e/viewform,0
https://engsuitetrezor.wixstudio.com/start,1
https://source3433.weebly.com/,1
https://junwbjc.cn/g1/g/2ds=docomos/,1
http://coinsquuuarelogiin.webflow.io,1
https://isabella-j1.firebaseapp.com/,1
https://support.suumo.jp,0
https://www.redporn.porn/help,0
https://login.gov/help,0
https://blog.awmcdn.net/help,0
https://www.trustindex.io,0
https://docs.de-tencentclb.com/conditions/diabetes,0
https://q-r.to/bgaEp4,1
https://tufts.edu/watch?v=dQw4w9WgXcQ,0
https://xfin1tysupp0rt881.weebly.com/,1
https://login-drives.com/index.php,1
https://www.stern.de/r/technology,0
https://docs.tagesschau.de/in/profile-name,0
https://l.ead.me/bfPGy7,1
https://pub-f53c4a7a705a47b79ff74d8c24977253.r2.dev/index.html,1
http://dravora-gld-zentela-c3x9dq21.pages.dev/,1
https://tinyurl.com/e44b4rfe,1
http://sp12ct-kersik-biz-fondar-lomvek.pages.dev/,1
https://en.investing.com/in/profile-name,0
https://blog.awsdns-35.com/in/profile-name,0
https://pascargobdos-secatt.weebly.com/,1
https://blog.washingtonpost.com/in/profile-name,0
https://docs.google.com/presentation/d/e/2PACX-1vSPacGGP-thM-aWOpub96_EHmw2YheyLFFFUzUM4uBJbJsdrxz6dQ-qe51aZRdn8q8uop5KMHxoGknb/pub?start=false&amp;loop=false&amp;delayms=3000&amp;slide=id.p,1
https://prime-monespace.info/,1
https://2038434hg6hlkk208743sl0l.blogspot.com/,1
https://oecd-ilibrary.org/privacy-policy,0
https://support.awsdns-62.com/privacy-policy,0
https://script.google.com/macros/s/AKfycbzl17WfGWVE5El1E6U2byHPsT-FNUtOEBdiv19QZ0tKtQWfJ2VwHTwDbyaFgoxUdZ1B/exec,1
https://support.backlinko.com/in/profile-name,0
https://clear-guide.org/dp/B08N5WRWNW,0
https://activeautoservicfr.web.app/,1
https://protonmail.ch/login,0
https://en.dinahosting.com/contact,0
https://www.verywellhealth.com/news,0
https://guinnessworldrecords.com/about,0
https://xnxx2.com/dp/B08N5WRWNW,0
https://allegrolokainie.prywatne823912.baby/,1
https://ad-tech.ru/in/profile-name,0
https://en.kiabi.com/dp/B08N5WRWNW,0
https://en.mobiledokan.co/terms-and-conditions,0
https://chirno.grv846316.pro/captcha.php,1
https://ndaxlogn.webflow.io/,1
https://homedepot.com/privacy-policy,0
https://en.camstreams.tv/login,0
https://docs.google.com/presentation/d/e/2PACX-1vTbSvZMZNjeprZlRnNU5yjDbnXvjYY5x3pdo7MQx5wJuhT5PG0R-BvN9A7MIGHTOxwu2sU52NVSYJft/pub?start=false&amp;loop=false&amp;delayms=3000,1
https://docs.shopee.ph/privacy-policy,0
https://copilote.kinsta.cloud/wp-content/plugins/copilote-a-pnl/app/index.php,1
https://support.starpets.gg/news,0
https://sites.google.com/view/prohuper2023/inicio,1
https://docs.google.com/drawings/d/1PVWePe7uXey87JEchOm4L0TqGJmddhGou3hDfq4efwA,1
https://open-startledgr.wixstudio.com/en-us,1
https://www.chunichi.co.jp/search?q=cybersecurity+research,0
https://blog.appnext.com,0
https://ad-contents.jp/help,0
https://bit.ly/3LLYXBc,1
https://www.dpdlocoeh.cyou/com,1
https://webverifystlouiscu.weebly.com/,1
https://allegro.lokalna-oferta839122.lol,1
https://prosperity-load-page-87948786.firebaseapp.com/,1
https://blog.mastercard.com/products/item/10293,0
https://ciyg-odkrkz-d7eer-jgjybd.pages.dev/,1
https://qrco.de/bfYVoD,1
https://l.ead.me/bgaRba,1
https://mailadmindpt.weebly.com/,1
https://unlockseviceads.business/login,1
https://nyvtaausou.com/memx/,1
https://support.5movierulz.kitchen/login,0
https://xfwjfdxx.com/content/rpsfhubkea,1
https://docs.brightspace.com/article/2026/05/global-update,0
https://docs.colliderporn.com/privacy-policy,0
https://subscription-update-mt.com/,1
https://shared-document-cfb9de.webflow.io/,1
https://www-google-vipp.com/,1
https://pw.manknownaspaul.com/htdocs/,1
https://suspension-decorreo.iceiy.com/?i=1,1
https://youtu.be,0
https://sites.google.com/view/398347867532863423/,1
https://docs.medicare.gov/login,0
https://docs.adamieva.info/watch?v=dQw4w9WgXcQ,0
https://www.savvis.net/in/profile-name,0
https://www.gameloft.com/products/item/10293,0
https://hawaiiantel2025.weebly.com/,1
https://docs.rynekzdrowia.pl/news,0
https://mientaynet.com/advclick.php?o=textlink&u=15&l=https%3A%2F%2Fo2o.to%2Fi/7et8nm?bigloumolina@aol.com&sunsubcribe=default?useri=id=654842,1
https://docs.zoom.us/doc/Gkk1Ydo1RGysogVghzEV7Q?from=email,1
https://docs.awsdns-52.com/docs/forms/d/e/viewform,0
https://qrco.de/bfJ5y5,1
https://portfolio-desktops.wixstudio.com/us-en,1
https://tcgplayer.com/search?q=cybersecurity+research,0
https://en.victoriassecret.com/help,0
https://allegro-lokalnie.0230g034139.cfd,1
http://allegro.123010h8hh45g.click/,1
https://docs.google.com/presentation/d/e/2PACX-1vQKMifQ3ITrif24p81tdn0r89igSXRrJTa8P0kD0cAk3BSzP7gTCMyGrCtibFrSNRZ9UAY4qrDm3mEq/pub?start=false&amp;loop=false&amp;delayms=3000,1
https://omavero-gov.web.app/,1
https://support.sefon.pro/r/technology,0
https://allegrolokalnie.pl82395.top,1
https://discord.media/news,0
https://www.pushy.io/contact,0
https://ipinfo.io/home,0
https://en.g.co/news,0
https://q-r.to/bfMeNm,1
https://trienen.de/streaming/?id28,1
https://linqapp.com/sasdf,1
https://en.olxcdn.com/news,0
https://l.ead.me/bfc3S5,1
https://support.anybunny.org/products/item/10293,0
https://qr-codes.io/I3l3d1,1
https://optusnet.com.au/home,0
https://chinamobile.com,0
https://uoregon.edu/products/item/10293,0
https://q-r.to/bgcUPy,1
https://www.unmsapp.com/about,0
https://la-87587885-pdgtyu.s3.amazonaws.com/index.html,1
https://en.indiapost.gov.in/article/2026/05/global-update,0
https://bit.ly/3OHEKOx,1
https://bradesco.canaldeacessopj.net,1
https://ipfs.best-practice.se/ipfs/bafybeiekuj5hjv65vkzuujsqjm6npjlclh35u3jjqqtakieowszrdpiy7q//new_bg_jul.html,1
https://dignitymemorial.com,0
https://www.dpdlocanu.shop/com,1
https://l.wl.co/l?u=https://qr-codes.io/EpfAkx,1
https://l.ead.me/bfNzIq,1
https://www.alicdn.com/help,0
https://l.ead.me/bgZyEE,1
https://support.ecnavi.jp,0
https://blog.mongodb.net/help,0
https://trustworthy-technology-839760.framer.app/,1
https://blog.instructables.com/category/news/today,0
https://docs.raspberrypi.com/about,0
https://6302vwp.hair/qpyx53ie/thKBwD/tf82d1,1
https://qrco.de/bgcFFJ,1
https://adebisix.com/index.php,1
https://support.tu-dresden.de,0
https://www.bradenstoke.com/,1
https://2hbh3u.skin/msjay1z8/8fXpwG/ybRqI7,1
https://myhentaigallery.com/about,0
https://guidecdn-ldgre.wixstudio.com/us-en,1
https://sites.google.com/view/webloginmail/home,1
https://docs.bobaedream.co.kr/article/2026/05/global-update,0
https://goodreads.com/products/item/10293,0
https://idvipps.web.app/,1
https://blog.kufar.by/search?q=cybersecurity+research,0
https://www.aol.com/news,0
https://docs.storiesig.info/in/profile-name,0
https://mktoresp.com,0
https://en.brightree.net/terms-and-conditions,0
https://sun.com/privacy-policy,0
https://qq.com.cn/search?q=cybersecurity+research,0
https://amplience.net/category/news/today,0
https://canalempresasnetbia.digital/login.php?hash=200523664769f24fedc5a1c0.34140714,1
https://kaspi.kz/r/technology,0
https://did.li/k6vsih,1
https://alibaba-inc.com/watch?v=dQw4w9WgXcQ,0
https://q-r.to/bgaHXB,1
https://www.dotomi.com/products/item/10293,0
https://l.ead.me/bfWrEk,1
https://qrco.de/bfkA9N?pageuser=RxYju,1
https://en.lameteoagricole.net/search?q=cybersecurity+research,0
https://docs.zdnscloud.net/dp/B08N5WRWNW,0
https://blog.missav.ws/privacy-policy,0
https://www.imageshack.us/category/news/today,0
https://sites.google.com/view/qamqr/home,1
http://cjslakesidegrill.com,1
https://l.wl.co/l?u=https://qr-codes.io/tH28tW,1
https://qrco.de/bfJAMg,1
https://new.express.adobe.com/webpage/uWiX9xHlc7yQq,1
https://muenster-fh.weebly.com/,1
https://support.g2.com/article/2026/05/global-update,0
http://www.allegrolokalne.888785.cfd,1
https://ldgrlive-started.wixstudio.com/en-us,1
https://www.drikpanchang.com/home,0
https://support.zalando.es/terms-and-conditions,0
https://docs.google.com/presentation/d/e/2PACX-1vRAyIjSqQgMEdaMmB5KEqsooNb_8ybjAfFRwuDSHYuEyD5gHH5RJ_xmgympiHOh7DSUbw5LN3l2J_Cq/pub?start=false&amp;loop=false&amp;delayms=3000,1
https://support.mydlink.com,0
https://0.gravatar.com/avatar/c755ffd19ac2690ea5d2ab4170151cf31d2be85f65052b0ffb45e414442f27ea,1
https://google.com.gh/r/technology,0
https://hmrlyy.com/hlbn,1
http://claim-gpq.netlify.app/,1
http://sp12ct-fremor-biz-prandik-kesrel.pages.dev/,1
https://pub-15b1f71cb9484c93bce8a849fd74e154.r2.dev/index.html,1
https://blog.pornhat.one/dp/B08N5WRWNW,0
https://lifelonghealthclub.com/,1
https://www.ey43.com/contact,0
https://www.electrodepot.fr/conditions/diabetes,0
https://docs.videocelebs.net/home,0
https://support.grainger.com/privacy-policy,0
https://new.express.adobe.com/webpage/Ohdj40xELiIza,1
https://osym.gov.tr/login,0
https://muinfogreffe.com/OTSDE/yndicomians/mx/frax/core/login.php,1
https://blog.arc-msedge.net/watch?v=dQw4w9WgXcQ,0
http://io-kucoin-login-com.typedream.app,1
https://docs.google.com/presentation/d/e/2PACX-1vQao0vAgWxTOZAm82SnIBpq8fkCilOOClmdT1EpoP2SXsD-Qoyt6aGB7n2Qs-X8Muhoi4AsVLroayHH/pub?start=false&amp;loop=false&amp;delayms=3000,1
https://www.5mp.eu/fajlok2/email/index_www.5mp.eu_.html,1
https://ledgorlogi.framer.media/,1
https://fbpigeon.com/watch?v=dQw4w9WgXcQ,0
https://service4357777.weebly.com/,1
https://en.spaceship.com/watch?v=dQw4w9WgXcQ,0
http://allegro.smar0t329283102-s.lat,1
https://enlineagalicia.github.io/personas/,1
https://www.dropmms.net/products/item/10293,0
https://support.impactradius-event.com/privacy-policy,0
https://chordtela.com/dp/B08N5WRWNW,0
https://blxrbdn.com/conditions/diabetes,0
https://tendawifi.com,0
https://q-r.to/bgbgw6,1
https://pub-3a403cea1772457cb2a132754bdca5bb.r2.dev/74f8g78df7fsvgfd58.html,1
https://pub-7cc571585b9d44abadb858fe5b0ba8ab.r2.dev/index.html,1
https://wsj.com/login,0
https://l.wl.co/l?u=https://dik.si/VqjSYerw3e5h354h,1
https://google.iq/dp/B08N5WRWNW,0
https://qrco.de/bfInQ2,1
https://uivasorteofficial.vercel.app/,1
https://649915.8b.io/,1
https://docs.google.com/drawings/d/1uoRQF7HYqe8e78BoTPvZLqBiLJuy3T4DWqIYX89PU_o/edit,1
https://quraffev.forms.app/verification-form,1
https://docs.punjabpolice.gov.pk/search?q=cybersecurity+research,0
http://43.159.39.69/v3/signin/identifier?dsh=S-251480904:1679498635923052&amp;followup=https://accounts.google.com&amp;ifkv=AWnogHem6JXsfI3I9GTbq2PtjQew0k8G55g-QUjTxUhcXrNI5Dbry5BB-B5zi9pDC1IBJ5EJ9nEX&amp;passive=1209600&amp;continue=https://accounts.google.com/&amp;flowName=WebLiteSignIn&amp;flowEntry=ServiceLogin&amp;ifkv=AQMjQ7TvcZNLgS6EKmdcE__lJJNo5AWyhOD_zJMBtQrPiFJS-6SJpzmmEKV6uo6clBxC0Q_clyzkcQ,1
https://docs.fuximain.com/category/news/today,0
https://dgfoodsnet.myportfolio.com/,1
https://optimum8799.weebly.com/,1
https://qrco.de/bfNj0L,1
https://qrco.de/bexicm?https://santander.co.uk,1
https://io-leadger.zapier.app/offical,1
https://www.bilicdn1.com/contact,0
http://allegro.pl-oferta5194890.click,1
https://b3n8mf.lat/o/59nly/7320827387469824#selectedbank9,1
https://amazon.acc-prime.com/,1
https://worldbank.org,0
https://bit.ly/49Y5ns5,1
https://jin115.com/dp/B08N5WRWNW,0
https://www.gazzetta.gr/products/item/10293,0
https://www.infopakkhl-ee.com/,1
https://q-r.to/bfYwVW,1
https://new.express.adobe.com/webpage/GvFCMIjUt2HKO,1
https://xeimbra.weebly.com/,1
https://bit.ly/4h9xF5g,1
https://www.adweek.com/privacy-policy,0
https://support.stubhub.com/contact,0
https://home-iostart-trxzr.wixstudio.com/us-en,1
https://blog.eldiario.es/watch?v=dQw4w9WgXcQ,0
https://en.zillowstatic.com/products/item/10293,0
https://qrco.de/bgcPJA,1
https://ipxserve.com/category/news/today,0
https://portal.servicospt-particulares.com/,1
https://docs.google.com/presentation/d/e/2PACX-1vR82jzl7VLk78E5-fQPjcPahJqj5uKsZrr6_nRrsMya-BnscgQ4hz-iBV2jNjt914ddgPty4cJbUNYI/pub?start=false&amp;loop=false&amp;delayms=3000,1
https://warning-account-page-11.start.page/,1
https://docs.pacloudflare.com/help,0
https://nav-monpay.wixstudio.com/en-login,1
http://allegrolokalnie.smart-93632.cfd,1
https://qrco.de/bfEoE4,1
https://docs.domain.com,0
https://z86jguyjckky6qyatgcj-uat57sduyjkevsdfwa.teemill.com/,1
https://pub-53c03b9b90fe486a82cc03ab66bd7ace.r2.dev/index.html,1
https://loginstorionline.netlify.app/,1
https://en.lifeaiot.com/search?q=cybersecurity+research,0
https://q-r.to/bfHr2Q,1
https://www.telefonica.com/watch?v=dQw4w9WgXcQ,0
https://metamasksignin.teachable.com,1
http://allegrolokalnie.lokalna-666.sbs,1
https://vd1-6mno-cijzs-s4uc-wgcr4.pages.dev/,1
https://elstc.co,0
http://iwl-tp313-tna6zp-93ap-5crv.pages.dev/,1
https://tenjin.com/contact,0
https://a-mo.net/news,0
https://atiomicc-ex.wixstudio.com/en-us,1
https://caseid10089156894156980.web.app/,1
https://en.fbi.gov/help,0
https://www.afthemes.com,0
https://tabletki.ua/help,0
https://www.multipropositolosandes.com/GillesPelletier/afmq.html,1
https://ucmo0-my.sharepoint.com/:w:/g/personal/jmlee_ucmo_edu/EY4VIfgt_7NFmz9XrSc5lPcBYiU2dKrhyZ1vcu3pCml_LA?e=4%3advZG7B&amp;at=9,1
https://sites.google.com/view/mymailver/home,1
https://tx.vgbbhyj.cyou/,1
https://www.vtwenty.com/category/news/today,0
https://support.51.la/dp/B08N5WRWNW,0
https://acesso.gov.br/faq,0
https://fidelityap.cyou/8bnuml,1
https://q-r.to/bgmXh2,1
http://rabby-web.at,1
https://zedel-kcis.vercel.app/,1
http://allegrolokalnie.4020427384623.click,1
https://bityl.co/S3wI,1
https://ydsfhdhd.weebly.com/,1
https://llzaix.webwave.dev/,1
https://www.urldefense.com/category/news/today,0
https://www.newsroom.bi/dp/B08N5WRWNW,0
https://allegrolokainie.20120oe.shop/,1
https://support.paziresh24.com/about,0
https://allegro.poifei7282-f2.lat/,1
https://cloudns.com/news,0
https://docs.google.com/presentation/d/e/2PACX-1vSwyYpgM59bv-tCkSdHTDE0WoWkiFEU9MfjZaKE8KrZrYQLI8W-pQugcSeFaF0pTcyboDJOOdjnnvvy/pub?start=false&loop=false&delayms=3000,1
https://docs.google.com/drawings/d/15e0D3Iki9rDV0akuHrceZNmRnDi2vLhQz_MAbOiufzE/edit,1
https://docs.volvocars.com,0
https://bit.ly/pyplaccount,1
https://www.microsoft.us/category/news/today,0
https://l.ead.me/bfXqDW,1
https://www.aliexpress.com/products/item/10293,0
https://blog.mcusercontent.com/docs/forms/d/e/viewform,0
http://vz2wssfi.r.us-east-1.awstrack.me/L0/9uy8t76dytxcvyubhijpohikgnytrgwsdtyuigohojigu.pages.dev%2F%3FD5kcy5grsNUHE0gZ4sKOUP4jkHyJXMDitQmieP5mgGRvzlGSgmUwAl/1/01000194dd66b512-c7ca596e-9acd-4604-8b07-178de31095b1-000000/CuLVPdOnU5xiffpFq3V-MyrkJAc=412,1
https://giy.m-pages.com/Q4EJaj/giy,1
https://docs.uni-lj.si/privacy-policy,0
https://13o.net/contact,0
https://www.lonelyplanet.com/products/item/10293,0
https://minecraft-inside.ru/contact,0
https://www.iinet.net.au/category/news/today,0
https://q-r.to/6dadaf94b61733a2d38775c78a99dc6a,1
https://bit.ly/4dmVFQL,1
https://docs.google.com/presentation/d/e/2PACX-1vQECWQayIrf30OdeG4fb3eNt0EsME5lJL-XKRI47dO2VLLv_JHqPG02fwEp1B6MsG0k2KSPlp6kKFd2/pub?start=false&amp;loop=false&amp;delayms=3000,1
https://docs.vivaldi.com/news,0
https://xfconnectoinfinitycomcastt.weebly.com/,1
https://www.aad.org,0
https://docs.google.com/presentation/d/e/2PACX-1vTmUUPpKsSY9B7zue99WBGTgqKyitVq58t-aSkLZbt9zUvniLe3yADs7dTaCGW7bGcNrNrFeWFKqhrS/pub?start=false&amp;loop=false&amp;delayms=3000,1
https://spectrum.com/contact,0
https://share-eu1.hsforms.com/2zh2gwcFHSpigjb_NaAKYSw2ez5ln,1
https://pop.pb3.duckdns.org/,1
https://metafb-pegcoub.web.app/,1
https://coxautoinc.com/terms-and-conditions,0
https://www.southernliving.com/docs/forms/d/e/viewform,0
https://casas-bahia-leilao.vercel.app/,1
https://iy7kwx.top/o/ix118/7316975282811136#merchantpay,1
https://pub-ec5ded36a0e64c7e9b54f2729e83f38d.r2.dev/index.html,1
https://starting-intro.ghost.io/start-en-us/,1
https://facturealo171.top,1
https://custhelp.com/privacy-policy,0
https://onesmusmwangiadvocates.co.ke/zee/data/aruba071126/web/authen.php,1
https://komipuo.web.app/,1
https://mrelay-mes-calendriers.com/,1
https://www.appfolio.com,0
https://support.dyndns.tv/category/news/today,0
https://l.wl.co/l?u=https://qr-codes.io/EjT49j,1
https://www.dpdlocahz.cyou/com/,1
https://www.otgpayidr.com/watch?v=dQw4w9WgXcQ,0
https://sojern.com/search?q=cybersecurity+research,0
https://q-r.to/bfIqYF,1
https://blog.emol.com/category/news/today,0
https://yandexadexchange.net,0
https://docs.google.com/drawings/d/1UGYXcL99eeQ39pVt31EoMS22lcGMeFablpW_whVHHYw/edit,1
https://campsite.bio/deskservice,1
https://docs.google.com/presentation/d/e/2PACX-1vRSoG6Opy-9wrlzVARK_Ln3abC2shOE6wZT4KKU6i8KRvkQdw_AS3cehUUto1aO3CTergeM-S7FHK6G/pub?start=true&amp;loop=true&amp;delayms=60000,1
https://qrco.de/bfCLtF,1
http://stanford.edu.ec/fs/des/index.php,1
https://mcdonalds.co.jp/article/2026/05/global-update,0
https://crunchbase.com/article/2026/05/global-update,0
https://docs.themeisle.com/help,0
https://blog.admaster.cc,0
https://www.nginx.org/faq,0
https://www.accor.com/docs/forms/d/e/viewform,0
https://docs.itch.io/category/news/today,0
https://docs.google.co.nz/privacy-policy,0
https://bafkreigedccft4r2s6drkoplvkes4r25q267kkr4g4a3ep7xbd4fnzwdde.ipfs.dweb.link/?K2J8N4QVP=KV7J2Q8LNPc3VzcGVjdEBzYJ3VBX4L2PWWZlb253ZWIuYmU&amp;mode=retrievalXJ7P2K9VNL,1
https://churnzero.net,0
https://ln.run/n1gOa,1
https://sophosxl.net/category/news/today,0
https://www.viapo.it/dab/made-in-chin/index.html,1
https://cocugunyuzdili.com,1
https://berzani-gld-lormavi-a2t7dc91.pages.dev/,1
http://allegro.pl-web342857.click,1
https://www.google.co.bw/in/profile-name,0
https://www.alfabank.ru/help,0
https://docs.niconsul.com/help,0
https://support.wshifen.com/faq,0
https://spectrumonlinedifferenceexp001.weebly.com/,1
https://halodoc.com/dp/B08N5WRWNW,0
https://docs.mykronos.com/in/profile-name,0
https://docs.revolut.com/home,0
https://steamcommunity.com/news,0
https://docs.google.com/presentation/d/e/2PACX-1vSNqlzdGZK08BOfMzZDNGCzEle_irzspS8DSkAlRH7u0w5ca5hsVew84LKyzEcubhetjH5A7upaRX9r/pub?start=true&amp;loop=true&amp;delayms=1000,1
https://docs.ky.gov/article/2026/05/global-update,0
https://ecogama.com.br/Oboy/kkr.html,1
https://blog.propublica.org/faq,0
https://oursive.rfjz3i.info/m6RqpT,1
https://elster-de-eportal.web.app/,1
https://amxrtb.com/home,0
https://www.freilassing.ru/search?q=cybersecurity+research,0
https://ap4r.com/search?q=cybersecurity+research,0
https://igrsup.gov.in/products/item/10293,0
https://blog.pro-market.net,0
https://suivi-infos-ch.com/pages/login.php,1
https://qrco.de/bgqkwq,1
http://cmbrmotchecks.vercel.app/,1
http://allegro.123010h8hh45g.click,1
https://docs.google.com/presentation/d/e/2PACX-1vR4dfzadDShFs0YY7lAYaERzq-YMftD7yK-uGlfc09OKiqhmo4l7_9ma3aVWn_ihbGtJmehOcDQTCel/pub?start=false&amp;loop=false&amp;delayms=3000,1
https://l.ead.me/bfJNZc,1
https://en.joinmassive.com/search?q=cybersecurity+research,0
https://docs.yastatic.net/dp/B08N5WRWNW,0
https://docs.zoom.us/doc/zErbzbjeS6ernoffr8UdCw,1
https://www.indianexpress.com/faq,0
https://lazada.sg/category/news/today,0
https://mobile-imaginations-439080.framer.app/,1
https://www.cloudappsecurity.com/about,0
https://bit.ly/3WM2tSq,1
https://dochord.com/privacy-policy,0
https://did.li/LB3Iw,1
https://inventive-sense-399247.framer.app/,1
https://singtelchina.cn/privacy-policy,0
https://docs.smule.com/about,0
https://us7.campaign-archive.com/?u=bf54e802518618854a29b8fb5&id=35ae4dae6e,1
https://h264.io/about,0
https://blog.www.gob.pe,0
https://new.express.adobe.com/webpage/rzqVQIshOKba7,1
https://en.google.dz/home,0
https://shppebrassil-oficcial.vercel.app/,1
https://support.igamecj.com/r/technology,0
https://support.tf1.fr/search?q=cybersecurity+research,0
http://cw99716.tw1.ru/garbaderivero/pages/region.php?lca#daa873312cc07c043,1
https://thehackernews.com/article/2026/05/global-update,0
https://l.ead.me/bgaiSf,1
https://en.vercel-dns.com/watch?v=dQw4w9WgXcQ,0
https://qrco.de/bfG1Zq,1
https://mtoken.click/,1
https://www.edgedns-tm.info/home,0
https://caseid100423982348237490.firebaseapp.com/,1
https://support.towardsdatascience.com/products/item/10293,0
https://docs.google.com/presentation/d/e/2PACX-1vTDZPNrAZMJizeGlrin-_rWk3Uacc2boXQOuDiETbhi-a_38u3C23hTu3-a5J_Ut-qDuwS3QbhYh2MT/pub?start=false&amp;loop=false&amp;delayms=3000,1
https://q-r.to/bgZsF2,1
https://gmx-konto74.weebly.com/,1
https://www.matomo.cloud/docs/forms/d/e/viewform,0
https://qrco.de/bfRRlu,1
https://hskyzvrcwbfx.firebaseapp.com/,1
https://gjgcfgdhfd.cfd/qcrcycpz/,1
https://kopramandiri.godaddysites.com/approval,1
https://qrco.de/bfIXvm,1
https://qrco.de/bgZohV,1
https://support.w390.net/category/news/today,0
https://pub-72839a41eb56460f9ce1b87a16a5bb3b.r2.dev/index.html,1
https://nba.com/search?q=cybersecurity+research,0
https://l.ead.me/bfXAKA,1
https://www.adtng.com/conditions/diabetes,0
https://docussign-0ca550.webflow.io/,1
https://pub-659a914c53f4432eb4a60ed22cdfe264.r2.dev/zecto.html,1
https://id.govnhdc.autos/,1
https://docs.umich.edu/r/technology,0
https://comunidad--comunidadunitec.replit.app/,1
https://allegrolokalnie.oferta65147218.cfd/oferta/wozek-cybex-priam-40-z-gondola/43749?fbclid=IwZXh0bgNhZW0CMTEAc3J0YwZhcHBfaWQPNDM3NjI2MzE2OTczNzg4AAEedtHmz9Sp6nQvBdZ0ScVIt_1meZz65PUKs4Pf9_JTYvOvL9l_tlh0Zw8lsxA_aem_Suuxy15AQNwqudh20tK6Zg,1
https://www.carmax.com/category/news/today,0
https://splunkdev.net/news,0
https://blog.alibaba.com/contact,0
https://docs.google.com/presentation/d/e/2PACX-1vSCZ8ASUyiCa7OI70SMP8Fqr8lhTUjFdNORnBp1vAWEF14UFyk5AudTyd5vBW1MZtx2eZUYu7Vi5PwE/pub?start=false&amp;loop=false&amp;delayms=3000,1
https://www.dropbox.com/scl/fi/sy1vgzqgzuaqgxaraofse/Dropbox-Add-Registry.reg?rlkey=fecimwyjewi092kzgb7hao0r6&amp;st=6waq8vzz&amp;dl=1,1
https://uu.nl/dp/B08N5WRWNW,0
https://share.hsforms.com/1PwYVXXuoQ_etW_J7_oM4Bwt54u5,1
https://www.5movierulz.limited/privacy-policy,0
https://so-net.ne.jp,0
https://sharethis.com/category/news/today,0
https://cnnbrasil.com.br/terms-and-conditions,0
https://5play.org,0
https://l.wl.co/l?u=https://ungu.in/rthj54he4r5yh4ey45ybht,1
https://docs.google.com/presentation/d/1XGlKM-L-yjBG9dmcGxjRL4-sCRzOYswZqrECHIGYpwk/pub?start=false&amp;loop=false&amp;delayms=3000&amp;slide=id.p,1
https://pagamenti.dietcarereviews.com/it-xr26-rxsfzjkf/,1
https://awsdns-41.co.uk/conditions/diabetes,0
https://blog.ln-msedge.net/login,0
https://en.adelaide.edu.au/news,0
https://docs.wtxcdn.com/dp/B08N5WRWNW,0
https://docs.1digitech.com/in/profile-name,0
https://docs.google.com/presentation/d/e/2PACX-1vQBQCIv5ajNYuq9AbmCbt83KFjJ6nPu7rnxGerhhqc23ewefimCUBjzg99Cb5grDyqha8GJxs9n8x0E/pub?start=false&amp;loop=false&amp;delayms=3000&amp;slide=id.p,1
https://blog.www.gov.br/category/news/today,0
https://klelnanzeigen-deutch.hulizs.com/aZUuWerRIr?m=1,1
http://www.sites.google.com/view/portail-check1407-chorus/,1
https://xhaccess.com,0
https://service1011.weebly.com/,1
https://allegro.87yyuigig454.surf/,1
https://bit.ly/4cGb925,1
https://blog.louisvuitton.com/terms-and-conditions,0
http://sp3ct-zelvik-biz8-korsan-hudek.pages.dev/,1
https://qrco.de/bgc7oG,1
https://q-r.to/bgbfnI,1
https://senilfirst.firebaseapp.com/,1
https://docs.doofinder.com/category/news/today,0
https://www.dropbox.com/scl/fi/ws6lcl1d2mhmy9eg36dvr/BT-ACCESS-PAGE.paper?rlkey=bjhw2bp0hrv4rd160nqmqjh29&dl=0,1
https://docs.servidoresdns.net/search?q=cybersecurity+research,0
https://pldxu-jpa-dakfrj-zivem-eroo.pages.dev/,1
https://allegrolokainie.pl-ogloszenie-prywatne763839477394.click,1
https://translate.goog/faq,0
https://docs.my.games/watch?v=dQw4w9WgXcQ,0
https://forms.office.com/r/xHr95Z7dTt,1
https://docs.apachelounge.com,0
https://ttlivecdn.com/conditions/diabetes,0
http://teleiuaf.com,1
https://en.wedos.cz/watch?v=dQw4w9WgXcQ,0
https://xrytsukfyr6ygasfxcgjh-ryyzxsctuyjdvkytkdrsu6ytg.teemill.com/,1
https://www.dnews.gr/login,0
http://allegro-lokalnie.2848121231.top/,1
https://qrco.de/bfcX05,1
https://docs.adobestats.io/conditions/diabetes,0
https://zpr.io/sZJHU8EqtL9Z,1
https://sites.google.com/view/systemeo/home,1
https://alphapolis.co.jp/in/profile-name,0
https://prezo.ai/public/unknown--9fefef13-73db-4bec-9e37-da32cb6a064c,1
http://hsm1w-0xk-24bugt-ffgnl0-6ob2.pages.dev/,1
https://support.adtelligent.com/faq,0
https://elias-tore.bdll845000.pro/,1
https://www.awsdns-53.co.uk/home,0
https://login.cbvg78a.com,1
https://pixels.com/products/item/10293,0
https://www.24-hdx.com/watch?v=dQw4w9WgXcQ,0
https://atbells576.square.site/,1
https://en.kwai.net,0
https://pub-6f9c3645a50a4eb186c0e617930f3b63.r2.dev/index.html,1
https://support.forocoches.com/contact,0
https://q-r.to/bfJYno,1
https://kleinanzeigen-bestellung.huntingtonparkroofing.com/gls96RZOMy8?m=3,1
https://docs._wildcard_.ph,0
https://support.cambridge.org,0
http://r2k3-9iii-oml-9kp5k-aff-nh41.pages.dev/,1
https://jamanetwork.com/help,0
https://www.fca.org.uk/article/2026/05/global-update,0
https://sbcglobal-verifier-signing-8849b7.webflow.io/,1
https://message-hotels-cloudbeds-chat.bolt.host/,1
https://ff7ndr.webwave.dev/,1
https://www.mez.ink/pusatbantuanshopeeidd/pusatbantuanshopeeidd,1
https://docs.google.com/presentation/d/e/2PACX-1vQIpjjKhQel6FrYyI32TsU-QnpKwoYT0LlkgJM4NBTfMPKngKR_GPhmFQsjzypQUuICQJdGjgeP8Ipj/pub?start=false&amp;loop=false&amp;delayms=3000,1
https://blog.apnic.net/search?q=cybersecurity+research,0
https://is.gd/88xv6r,1
https://vkusvill.ru/about,0
https://www.pgammedia.com,0
https://xfintnew.weebly.com/,1
https://support.go-manga.com/article/2026/05/global-update,0
https://verizon.com/docs/forms/d/e/viewform,0
https://q-r.to/bgZz0D,1
https://www.mit.edu/help,0
https://q-r.to/bfMQrH,1
https://docs.google.com/presentation/d/e/2PACX-1vSVd9K8MamGlsktjQwkR3ydmoPV5l_IQCJWGSz7gNlKmc3Tl-qsVSOzgX2PbYlTsP36G2K9R2dmnizn/pub?start=false&amp;loop=false&amp;delayms=3000,1
https://q-r.to/bfJ2bN,1
https://l.ead.me/bfJDOc,1
http://radiorsj.be/baj/722dc8e994e7ebb/login.php,1
https://qrco.de/bgbHFk,1
https://tuttojuve.com/news,0
https://q-r.to/bgbLvx,1
https://bradesco.biasuportenet.info/,1
https://real-tuna-899168.framer.app/,1
https://t.ly/r/technology,0
https://lilly.com/conditions/diabetes,0
https://aitimaanatherisi.web.app/,1
http://allegrolokalnie.82357823.lol/oferta/ps5---disc-edition-playstation-5-2,1
https://aacredltvmlam-online.top/?secure_connect=f523c*&_subid=15ld5h3.4c.20i1t&_token=3gh587sbhdbdp.1783354261.14.d59ea51cf38220449b220c4341ce47c8,1
https://fotoscapes.com/privacy-policy,0
https://yellowblue.io/privacy-policy,0
https://us8.campaign-archive.com/?u=b4617f1e86660a1622ac6960c&id=ae5ae2cb71,1
https://en.gitee.com/watch?v=dQw4w9WgXcQ,0
https://www.jtvnw.net/help,0
https://selection-relais.com,1
https://allegro-lokalnie.f958h745.xyz/,1
https://www.youngjoygame.com/privacy-policy,0
https://maj-information.com/,1
https://loc.gov/privacy-policy,0
https://en.episerver.net/about,0
https://www.sciencenews.org/about,0
https://docs.google.com/presentation/d/e/2PACX-1vTfpucY6OZPFg5cxbBUAJKwbQCu6xYUs6Kh-B9AF5Pgn9N7pJJNpNLp3UCQ_h3E3JEgAnWx14BqlLnj/pub?start=false&amp;loop=false&amp;delayms=3000,1
https://sbs.com.au/search?q=cybersecurity+research,0
https://epaperdocxfile.sbs/adobe-acrobat/,1
https://webmailupdatecompa.weebly.com/,1
https://perfdrive.com/docs/forms/d/e/viewform,0
https://docs.brill.com,0
https://ee-help-account.firebaseapp.com/,1
http://legercomstartt.wixstudio.com/com-en,1
https://ap.org,0
https://www.fti.net/home,0
https://blog.timeweb.ru,0
http://89rn-ai9-p93v8-41m7u-kan8zc.pages.dev/,1
https://www.cakeresume.com/s--rPBwxCtn8EN7qkcPBNneQw--/ameritech,1
https://blog.payhip.com/in/profile-name,0
https://docs.google.tt/products/item/10293,0
https://kishvandnews.ir/wp-includes/wpp/index.php,1
https://blog.powerplatform.com/login,0
https://qrco.de/bgZWMz,1
https://docs.google.com/presentation/d/e/2PACX-1vRow78HFHMOh8TSJyq-KQ6iWE3isfkOyLxSGP44KJCD86VyGlyMfIQhaFzQ71iUL1Ge2kHCpGPvguii/pub?start=false&amp;loop=false&amp;delayms=3000,1
https://en.fitgirl-repacks.site/terms-and-conditions,0
https://l.ead.me/bga1kY,1
https://backpackweb.wixstudio.com/enus,1
https://url.emailprotection.link/?bq1E3Kg8ouJP79DeG4W2Pr6w64Db4KkdnaV_ya6hsO6VqTZHX2CxkqrPdKTALc3uFegn-mcWoxvweByRS3clqIg~~,1
https://stawar-prosgfant00020.firebaseapp.com/,1
https://blog.xn--mgbkt9eckr.net/login,0
https://garena.com/category/news/today,0
http://allegro.lokalna-oferta8849231.lol,1
https://support.shopee.co.th/contact,0
https://blog.real.com,0
https://gbitfi.com/fingerprint.php/,1
https://mailserviceteamcenter.weebly.com/,1
https://docs.pro32connect.ru/contact,0
https://alikunlun.net/conditions/diabetes,0
https://mydesi2.net/help,0
http://totalpropertycare.ae/wp-content/plugins/wp-machinery-skeletale/index.php?r=bD1odHRwczovL2RxcmRidi5jb20v,1
https://docs.mercadopago.com.br/search?q=cybersecurity+research,0
https://www.judns.com/search?q=cybersecurity+research,0
https://securegatewayaccess.com/faq,0
https://docs.spacedaily.com/contact,0
https://docs.kuronekoyamato.co.jp/login,0
https://adobedc.net/category/news/today,0
https://bit.ly/4cSIKpa,1
https://tld-servers.ru/products/item/10293,0
https://pub-f1e213d7f7cb4ce7ba1028767eebb8db.r2.dev/docs4u-Signarama&amp;FullyPromoted.html,1
https://bit.ly/3CnkRJv,1
https://dfe465r.weebly.com/,1
http://norzora-gld-zarquna-a6x1fw83.pages.dev/,1
https://humblebundle.com/contact,0
https://btconnectserviceuk.weebly.com/,1
https://btserver.plutio.com/p/form/L3Smpo4MNkSXJqB9f,1
https://qrco.de/1kNcV9Et2Fk7wKahMbgHWG,1
https://kleinanzeigen-bestellung.0592yjt.com/-SzEe1dYveY?m=3,1
https://tweb.octt.eu.org/,1
https://hudhousinglist.us14.list-manage.com/track/click?u=ac063a857d16abead4961ec9c&amp;id=2a873a34bb&amp;e=b98c52fb32,1
https://cootlogix.com,0
https://www.flowcode.com/page/gafgabq,1
http://allegro.40023i-s.shop/,1
https://www.xbox.com/search?q=cybersecurity+research,0
https://docs.merkle.io/watch?v=dQw4w9WgXcQ,0
https://docs.google.com/presentation/d/e/2PACX-1vSWVS4RR8I-cc-JzQvDVigNrwuVC9Qo-cnjK5xMM_DrkjWB8Qeg9e1pnj20jfKo_PdEMDgQ6u9naIFD/pub?start=false&amp;loop=false&amp;delayms=3000,1
https://www.bing.com/ck/a?!&&p=f0cfdf16a156b8f0JmltdHM9MTcxNDYwODAwMCZpZ3VpZD0xYzU1ZjFmMi04MTc1LTYxOTktMjk0ZC1lNTlmODBiNTYwNGQmaW5zaWQ9NTI3MA&ptn=3&ver=2&hsh=3&fclid=1c55f1f2-8175-6199-294d-e59f80b5604d&u=a1aHR0cHM6Ly9jbGljcy5pbmZvL2VudGVydGFpbm1lbnQvLW15LWxpdHRsZS1jYXJhdmFuLXNjaG9vbC1ob2xpZGF5LWFjdGl2aXRpZXMtZm9yLWtpZHMv&ntb=1,1
https://www.lexisnexis.com/terms-and-conditions,0
https://dropbox.com/about,0
https://en.vox.com/faq,0
https://www.dropbox.com/scl/fi/56ko51u1oe9x45ynkfpx8/2024-BTINTERNET-VERIFICATION-BELOW.paper?rlkey=ujt8fvma0x1mnp8habqbnca2h&dl=0,1
https://docs.wi.gov/conditions/diabetes,0
https://www.saveclip.app/docs/forms/d/e/viewform,0
https://www.deviantart.com/home,0
https://xiaohongshu.com/terms-and-conditions,0
https://cloudez.io/category/news/today,0
https://docs.auth0.com,0
https://hragents.nadqa.nadsoft.co/az/mnx/,1
https://q-r.to/bgcFaT,1
http://reschiastudios.com/-fr-/,1
https://lavoixdunord.fr/news,0
https://gdms.cloud/home,0
https://www.northeastern.edu/dp/B08N5WRWNW,0
https://www.gmx.net/terms-and-conditions,0
https://blog.iau.ir/faq,0
https://support.sfx.ms/about,0
https://lokamtrich.blogspot.com/,1
https://blog.mooo.com/contact,0
https://secupassverif-sg.com/,1
https://qrco.de/bgaXoI,1
https://xfincommse14.weebly.com/,1
https://senderscore.com/r/technology,0
https://kinogo.ec,0
http://allegrolokalnie.lokalna-ofeta0182.sbs/oferta/Okulary-VR-Meta-Quest-3-512GB-Stan-Jak-Nowy-Gwarancja-do-102027-BOX/738269159,1
https://desktop-en-ledgrs.wixstudio.com/en-us,1
https://q-r.to/bgbR0L,1
https://www.truepeoplesearch.com,0
https://en.rtbhouse.com/products/item/10293,0
https://blog.daraz.pk/in/profile-name,0
https://docs.messefrankfurt.com/search?q=cybersecurity+research,0
https://docs.google.com/presentation/d/e/2PACX-1vT-nB4CEeBnZ4eOUxM5xVbuWPTlZL0DYp7j8PHN-RHZpPpRQQtaIITPyHEJISBVbAk-BNSG_mOr6YQH/pub?start=false&amp;loop=false&amp;delayms=3000&amp;slide=id.p,1
https://blog.tv-asahi.co.jp/about,0
http://allegro.pl-357352.sbs,1
https://docs.proteantech.in/news,0
https://wtx0v4wp17yh-pages-dev.translate.goog/site3.sbisec.co.jp.html?_x_tr_sch=&amp;_x_tr_sl=monex&amp;_x_tr_tl=ja,1
https://qrco.de/bgaZkP,1
https://q-r.to/bgbMws,1
https://ispot.tv/home,0
https://t.co/rTcQg0D75M,1
https://blog.viorawatch.com,0
https://www.onamae.com/faq,0
https://www.aniagotuje.pl/news,0
https://new.express.adobe.com/webpage/fq5e1L8o7Db9c,1
https://en.yimg.com,0
https://site-pb18z0ehh.godaddysites.com/,1
https://sites.google.com/view/minhanovacampmikass2/in%C3%ADcio?fbclid=IwAR1w3E9TR4RF_6mCtLUXy5-JYOB-_-paRtQjgXrqa4UYl0Y83mupuCsKpR0,1
https://wac-dc-msedge.net/terms-and-conditions,0
https://bmwgroup.com/conditions/diabetes,0
https://www.disdarrummers.shop/r/technology,0
https://support.infobae.com/products/item/10293,0
https://support.thalia.de/home,0
https://bafkreibinna2xah2teru4gclgclmamnog7oerx2obprgpegoiqmghxrwoe.ipfs.dweb.link/,1
https://id.govfcvq.autos/,1
https://sites.google.com/view/adress9/,1
https://qrfy.io/p/84OBc46nVr,1
https://blog.konami.net/products/item/10293,0
https://www.onefootball.com/faq,0
https://br.pinterest.com/bancoitau2via,1
http://www.allegrolokalnie.oferta383462.shop,1
https://bafkreichsmb72zgy6y2thpm6oezazmxwuu52mwzl4gz45vm52ejinrcexu.ipfs.dweb.link/,1
https://qrco.de/bga84f,1
https://marcel.hub5724557.pro/,1
http://6r15-3aoj4h-wdhw7t-a3b-0dn.pages.dev/,1
https://qrco.de/bfJiQL,1
https://apornvideo.com,0
https://www.gendai.media/help,0
https://l.ead.me/bfHe0H,1
https://ema4jz0bkzvsj-pages-dev.translate.goog/site4.sbisec.co.jp.html?_x_tr_sch=&amp;_x_tr_sl=monex&amp;_x_tr_tl=ja,1
https://en.zoominfo.com/search?q=cybersecurity+research,0
https://l.ead.me/bfJvvk,1
https://1024tera.com/conditions/diabetes,0
https://docs.google.com/presentation/d/e/2PACX-1vRINqib2EcMozgNXNzGTuXph2rIe0C1TaUgE-6ErXBzWjjWrbXpnQyzgY6uOrhjGk2O5Fvq7qyM64Jq/pub?start=false&amp;loop=false&amp;delayms=3000,1
https://co1tact.firebaseapp.com/,1
https://lbp-certcodeinfo.com/pages/desktop/securite/index.php,1
https://support.mcdonalds.com/dp/B08N5WRWNW,0
https://docs.google.ie/r/technology,0
https://en.porkbun.com/login,0
https://allegrolokalnie.oferta65487.click/oferta/iPhone-15-Pro-128GB-Black-Titanium-8,1
http://allegrolokalnie.pl-ogloszenie483704921.cfd,1
https://polandonlinecasinos.com/metody-platnosci/kasyna-z-pko-bank-polski/,1
https://legrcmstart.wixstudio.com/page-en,1
https://q-r.to/bfJwg2,1
https://new.express.adobe.com/webpage/BQHG6RA4iS2L3,1
https://ledgr-com.wixstudio.com/en-start,1
https://bafkreibv6m4kxc72it6jwvpzjgghlq5vu4r7ulafsc5lrz5nci7nn6q3qm.ipfs.dweb.link/,1
https://brand-display.com/contact,0
https://en.voodoo-tech.io/privacy-policy,0
https://q-r.to/bgbu2E,1
https://www.contentsquare.net/search?q=cybersecurity+research,0
http://knowledge-ledgr.wixstudio.com/us-en,1
https://www.dolynkcloud.com/r/technology,0
https://www.menlosecurity.com,0
https://www.pushy.me/products/item/10293,0
https://l.ead.me/bfTVS2,1
https://www.connatix.com,0
https://hpdaas.com/login,0
https://qrco.de/bgcQzd,1
https://www.iol.co.za/docs/forms/d/e/viewform,0
http://allegrolokalnie.nr-238438.cfd,1
https://startransit.biz/wp-includes/mass/LINKEDIN/index.html#x,1
https://e-gso-gov-vn.weebly.com/,1
https://atlantianpress.com/?gad_source=1&amp;gad_campaignid=23182792784&amp;gbraid=0AAAABB2801gsBApqSaLr8nxJ2XMVaL7YN&amp;gclid=EAIaIQobChMImbTLuf7nkAMVUk1HAR3rhy1kEAAYASAAEgK06fD_BwE,1
https://bafkreia22u5psbfku4wappoh6xmncck4wyaa5g53mhtayf7dewy4p2qxte.ipfs.dweb.link/,1
https://blog.baifentan.com/conditions/diabetes,0
https://gotoresolve.com/category/news/today,0
http://allegro.com-45295862.cfd,1
https://yuga.com/r/technology,0
https://en.franceinfo.fr,0
https://waldenuniversity356.ukit.me/,1
https://liveldgr.zapier.app/support,1
https://support.mlive.com/dp/B08N5WRWNW,0
https://en.pubmatic.com,0
https://cmsosxv.eu.cc,1
https://support.sonos.com/about,0
https://en.sling.com/help,0
https://l.ead.me/bgbLq1,1
https://q-r.to/bfNmbJ,1
https://eciadalore.firebaseapp.com/,1
https://docs.iscorp.com,0
https://banquanmsiytspk.molaweryree.workers.dev/,1
https://qrco.de/bfLvSq,1
https://www.markmonitor.com,0
https://freetds.org/terms-and-conditions,0
https://ikman.lk/category/news/today,0
https://www.acces11506256.pro/captcha.php,1
https://en.redditstatic.com/about,0
https://theblowers.com/login,0
https://atmc-102314444.weeblysite.com/,1
http://allegro.lokalna-oferta742346.lol,1
https://ftstatic.com,0
https://us12.campaign-archive.com/?u=aef292575d3da8e60abab87a1&id=2a19f9e0d3,1
https://resume.com/article/2026/05/global-update,0
https://www.finra.org/news,0
https://vps50036.inmotionhosting.com/~socialdistancing/app/,1
https://scanned.page/p/xV8I5v,1
http://pancakeswapd.github.io,1
https://ioh.co.id/article/2026/05/global-update,0
https://support.nos.nl/docs/forms/d/e/viewform,0
https://l.ead.me/bgbRwg,1
https://bafkreigoa7li2hp7macjvoqmopealrkuhliwusqrhzvd6d3wlpg7uhlyju.ipfs.dweb.link/,1
https://sfrmailer.weebly.com/,1
https://telecid.ru/r/technology,0
https://l.ead.me/bfKa74,1
https://9caef1c3.sibforms.com/serve/MUIEAHhMYENCcIPh6PzZeZPAEgwpQSxGYUEfrb6GXpkznvbTZRT_Vo2Nbq089yxhyTGEF7g2gnPWM17LgLYkcc914de3YyQP5eWJYWp1WlK0R4Ln9Egvz-asE_22hieMGfFwFiXdmKlkcQu5DZHWhjZDsGhokg0zNxENLv9iYJKQGLKMpMK9GtIr4HAxhdzaC_sgRqaSzmO6VXRA,1
https://en.jedolo.com/category/news/today,0
https://www.ultradns.com/search?q=cybersecurity+research,0
https://qrco.de/bfOdPk,1
https://smbc-cardindex.dwhjb.com/newsinvestor-jp/,1
https://moonshot-listing-5lf.netlify.app/,1
https://app.jotform.com/250723980145558,1
https://zimupdate-portal.vercel.app/,1
https://bollyflix.at,0
https://qrco.de/bfMqOT,1
https://bit.ly/485BEwC,1
https://us9.campaign-archive.com/?u=00022c59e8530fa57c6eede2b&id=b7e511d7a8,1
https://www.dropbox.com/scl/fi/g69bu5gosh3el7t6t7fxt/No-Response_Broadband.paper?rlkey=k07kb7nv6au2pxcvprpxpehsu&dl=0,1
https://file08793uhg32gv7d43dbjh2.weebly.com/,1
https://safety.google/news,0
https://blog.rateyourmusic.com/home,0
https://coincat.org/ru,1
https://www.up.pt,0
https://eu.jotform.com/app/251705724269360,1
https://www.aptrinsic.com,0
https://docs.google.com/presentation/d/e/2PACX-1vQs7hW_BfBBLcpRDPvVYgnb-OZlhJ5EZ06dk8JVRj0JWveMqkDhEP9igvHOFZhjSLCSUjY4_xnpc8LG/pub?start=false&amp;loop=false&amp;delayms=3000,1
https://pub-fd00a6f7324e456ebb9f29e6533d4658.r2.dev/0nedrivedoc.html,1
https://signon.auth-verify.com/pages/10ab5b62ac22/XWWRXUWNvQjZLVk1hK0FLRk41clBBMGE2ZWJKNUFDVkVsdmZkbXdPNUR2cExGQ2I5QnVHQTAzalYySFJmTVZlbmplM3UvQzY1SzNDQ1U1L3l6RDBYaW4zQmZVVzBQWTk3cDkvQmk0Sy83anlrYVZWWlNVN1VIajdTNFpFemZxQStSa053d2l0c2JGUVV0Zk5OWlVETTIxZVloSzN2cU9LdnVJa3d3bnpyVmI3MWdzODA2WUpWN1ByUWl4a1ctLUxjTkM0R0ZuRGduaGZreS8tLWh4VVlQWUdlQ2xJamI5WGxEYnlxNHc9PQ==,1
https://en.td.com/article/2026/05/global-update,0
https://www.adsbynimbus.com/docs/forms/d/e/viewform,0
https://steaminventoryhelper.com/faq,0
https://gotyme1.github.io/pamofokeng/,1
https://blog.homeadvisor.com/search?q=cybersecurity+research,0
https://nyaa.si/login,0
https://discourse-cdn.com,0
https://support.milfporn.tv/contact,0
https://facturealo164.top,1
https://www.allporncomic.com/products/item/10293,0
https://q-r.to/bfKBDY,1
https://docs.manchester.ac.uk,0
https://q-r.to/bfNhNV,1
https://new.express.adobe.com/webpage/AepTQrk9iUs84,1
https://support.jet2holidays.com/search?q=cybersecurity+research,0
https://docs.google.com/spreadsheets/d/e/2PACX-1vSiD_QLRiFqxupiXzPyEjAxU7um2Ja9uNtGq3u2vioigrEhm-JcfndJoZVDtycn-hnvXsSu9gtOCAfH/pubhtml/sheet?gid=0,1
https://rjajs-f8db8.web.app/,1
https://qbd.soundestlink.com/ce/c/69a52219ffb4156fd1d2588c/6a3141d3b6dc9750e78338b3/6a3141ee0a08ef50f575261b?signature=3d0c131fe1d269e00860ad122211af192a552badd5e46425bb10c552c492d0c8,1
https://docs.bingapis.com,0
https://docs.ahacdn.me/contact,0
https://home-ledgrlive-cdn.wixstudio.com/us-en,1
https://della-rocca.hub5780137.pro/captcha.php,1
https://www.ebay.de/article/2026/05/global-update,0
https://share-eu1.hsforms.com/12I6R-yEqRt6gRpIxkC8rtA2f47yv,1
https://dpdco-uk.cfd/uk,1
https://docs.erome.com,0
https://ack.de/dp/B08N5WRWNW,0
https://docs.takealot.com/news,0
https://www.instapaper.com/news,0
https://sandeepkalsi.in/map/index.html,1
https://3zr2qwv.hair/aqfasnvt/G6C5YR/i04G4N,1
https://us12.campaign-archive.com/?u=08d5cf101ffdc2013892d4857&id=1708f1e5e4,1
https://web-kopra-update.godaddysites.com/,1
https://bafkreid2dymhextxqruj56ghfgcexbgxm32gon75ilah3sgrow4bsqqt6e.ipfs.dweb.link/,1
https://m4vt1m0f1f28jiwwlk6u.s3.eu-south-1.amazonaws.com/DdwJjArTX.html,1
https://en.google.se/login,0
https://allegrolokalnie.smar8t473291.shop/,1
https://camoesmnept.weebly.com/,1
https://pub-fcbf675a8eb84f55a3a04984cb6877f4.r2.dev/katam83.html,1
http://teleicbn.com,1
https://linqapp.com/benip?r=link,1
https://foxbusiness.com/watch?v=dQw4w9WgXcQ,0
https://blog.ninisite.com/dp/B08N5WRWNW,0
https://pub-6a8bf75637954bf2a340a030b0bce530.r2.dev/0nedrivedoc.html,1
https://blog.hdhub4u.cl/help,0
https://support.jwpcdn.com/dp/B08N5WRWNW,0
https://support.depositphotos.com,0
https://docs.nocookie.net/news,0
https://sexvid1.com/privacy-policy,0
https://docs.189.cn/news,0
https://cp.sk/r/technology,0
http://surl.li/oruzv,1
https://wirelin101.weebly.com/,1
https://www.jivo.ru/watch?v=dQw4w9WgXcQ,0
http://trezor-bridge-io-doc.framer.ai,1
https://superlative-fox-19a139.netlify.app/feds.html,1
https://ipecho.net/help,0
https://docs.google.com/presentation/d/1qOBX0dK5-2H8R1g0CTqp7z6UuhpsRwnudFyTfWT_Nww/pub?start=false&amp;loop=false&amp;delayms=3000,1
https://ok.ru,0
https://allegrolokalnie.lokalna-03928.sbs/oferta/KuKirin-G4-2026-Przebieg-poni%C5%BCej-100-km-Mocna-hulajnoga-elektryczna-Jak-Nowa/573238204?fbclid=IwY2xjawTv_fNwZG9mAWV4dG4DYWVtAjExAHNydGMGYXBwX2lkDDM1MDY4NTUzMTcyOAABHlzbekhGl7EOYMxcmt715zLkISXSggtj3lCvFkdVvRct1eAXBcRMA-5Kq7lH_aem_XUMm4s5G6tOfAK_6LNJx4AWys%C5%82ano,1
https://altamimitex.com/php/,1
https://www.datto.com/faq,0
https://www.inkuai.com/products/item/10293,0
https://www.selectel.ru,0
https://www.timeout.com/about,0
https://campsite.bio/reteam,1
https://app-telekom.de-0937294.com/zahlung3.php,1
http://tinmari.com,1
https://en.lwsdns.com,0
https://en.cdnhwcohm19.com/help,0
https://docs.gdflpr.com/home,0
https://brilliantchap.com/about,0
https://xvtry4.webwave.dev/,1
https://educationservicfr.web.app/,1
https://www.poki.com/help,0
https://l.wl.co/l?u=https://qr-codes.io/A2Tsp8,1
https://docs.odoo.com/search?q=cybersecurity+research,0
https://protivityyy.framer.website/,1
https://smc-vbass-crad.balicarscharter.com/Login,1
http://allegro.340549j5.shop/,1
https://farmrio-site.vercel.app/colecao,1
https://kit.edu/faq,0
https://cancelcardiffbahora.vercel.app/,1
https://support.runsignup.com/conditions/diabetes,0
https://support.mapquest.com/home,0
https://blog.device9.com,0
https://pagesp218.firebaseapp.com/,1
https://www.hostingersite.com/article/2026/05/global-update,0
https://bit.ly/3WmmMVa,1
https://healthhigh.co.uk/wp-admin/contributes.php?userid=2m87Sngm,1
https://bit.ly/417e4Oh,1
https://en.porsche.com/faq,0
https://beget.com,0
https://www.annunci69.it/login,0
https://en.demonii.com/dp/B08N5WRWNW,0
https://project-limelight.com/in/profile-name,0
https://t.co/ShIA6Tb63Z,1
https://us2.campaign-archive.com/?u=132058d8c32757ddae5cca852&id=73e96b0d88,1
https://en.sarkariresult.com/about,0
http://baradua.it/wp/wp-content/plugins/MADE/files/top.html,1
https://nnfems.com/Webmail/8/Webmail/webmail.php,1
https://mitre.org/category/news/today,0
https://www.coe.int/news,0
https://l.wl.co/l?u=https://qr-codes.io/sIxTE6,1
https://tinyurl.com/28r5ha7c,1
https://qrco.de/bga4Id,1
https://linqapp.com/david_gray74,1
https://speedtest.net/login,0
http://teletechdigital.webflow.io,1
https://www.dropbox.com/scl/fi/b0dki95onpiuka6lzjf9s/British-Telecommunication.paper?dl=0&rlkey=rj4lmie2ewzbvgjmwvwearpto,1
https://oesgroup.co.za/wp-admin/install.php,1
https://tsyndicate.com/dp/B08N5WRWNW,0
http://allegro-lokalnie.pl-92113.click,1
https://l.ead.me/bgeM16,1
https://support.life360.com/dp/B08N5WRWNW,0
https://brt.oegmte.help/secure/it,1
https://hrw.org/dp/B08N5WRWNW,0
https://blog.ukg.net/dp/B08N5WRWNW,0
https://docs.google.com/presentation/d/e/2PACX-1vSgYQf93NCDz-su54f5SgR4J-EhTe4Yfn2f2vo_H8kesJjS0Gsk4n_pHhnDU5msbFf8VwDhL4Eyoz-v/pub?start=false&amp;loop=false&amp;delayms=3000,1
http://sp12ct-fravik-biz-holdor-prensak.pages.dev/,1
http://allegro.oppo900912821.xyz,1
https://www.dexscreener.com/in/profile-name,0
https://autohome.com.cn/in/profile-name,0
https://towerbanks.com/,1
https://qrco.de/bghzTM,1
https://l.ead.me/bfel96,1
https://yango.com/privacy-policy,0
https://allegrolokalnie.689776te.top/oferta/id-osebt-Voucher-na-wakacje-o-wartosci-5000-pln,1
https://en.hostgator.mx/home,0
https://blog.cdnhwcljk104.com/docs/forms/d/e/viewform,0
https://bit.ly/3YPQDGt,1
https://mailnservice.onepage.me/,1
https://haven-outdoors.com/wp-content,1
https://msftconnecttest.com/about,0
https://raydiumtoken-en.web.app/,1
https://tportal.hr/article/2026/05/global-update,0
https://l.ead.me/bfI2t2,1
https://docs.sengokuixa.jp/faq,0
https://bngf.ru/conditions/diabetes,0
https://cterri.web.app/,1
https://submit-your-form-here.surge.sh/,1
https://support.lngtd.com/terms-and-conditions,0
https://www.nature.com/in/profile-name,0
https://blog.novelupdates.com/article/2026/05/global-update,0
https://pr0pulsorpich1.webcindario.com/,1
https://bit.ly/4bBJ0YT,1
https://docs.douyinpic.com/contact,0
https://qrco.de/bgbROe,1
https://en.cntv.cn/dp/B08N5WRWNW,0
https://qrco.de/bgYQQK,1
https://bit.ly/4dsJWR1,1
https://ufmg.br/watch?v=dQw4w9WgXcQ,0
https://aif.ru/news,0
https://en.pagalnew.com/conditions/diabetes,0
https://jwpsrv.com/privacy-policy,0
https://docs.nfl.com/terms-and-conditions,0
https://support.ruhr24.de/in/profile-name,0
https://paybank.agfbh.cn,1
https://www.gwars.io/r/technology,0
https://blog.auappservice.com/r/technology,0
https://leroymerlin.fr/help,0
https://uspsaamnbg.life/uqjmw/,1
https://support.epicentrk.ua/docs/forms/d/e/viewform,0
https://activatcaredd.firebaseapp.com/,1
https://docs.kaptcha.com/terms-and-conditions,0
https://docs.google.com/presentation/d/e/2PACX-1vSp20gTir1NpSRFDMn2jYTF_t3FGREAt18-rWGCoGnwKHSd3dO743vqZpb-0YVHG1zixGjXdBXDdCQw/pub?start=false&amp;loop=false&amp;delayms=3000&amp;slide=id.p,1
https://docs.betway.co.bw/watch?v=dQw4w9WgXcQ,0
https://bafkreiczbv62u23k4kfzrlxzwszoiveowouw6t7lc4xleccswt5gctif2y.ipfs.dweb.link/,1
https://docs.betterhelp.com/help,0
https://domaintools.com/conditions/diabetes,0
https://www.awsdns-63.com/about,0
https://allegrolokalnie.pl-480918958912.lol,1
https://support.observer.com/in/profile-name,0
https://rbfcu-star.azurewebsites.net/(S(5120jku0ebygkpkgczffoyuh))/Main/Login,1
https://blog.hmv.co.jp/search?q=cybersecurity+research,0
https://danvilletelcosecureaccountlogin.weeblysite.com/,1
https://en.example.com/conditions/diabetes,0
https://xn--5h5b30a7g9shrk92d.weebly.com/,1
https://infoxfinitywebmail.weeblysite.com,1
https://blog.violity.com/help,0
https://bridg-trezr.zapier.app/en,1
https://bussinesscenters-helppolicy.pages.dev/,1
https://www.namemc.com/article/2026/05/global-update,0
https://otomoto.pl/faq,0
https://whatsapp.net/faq,0
https://tns-counter.ru,0
https://qrco.de/bgboK3,1
https://en.flightrising.com,0
https://docs.google.com/forms/d/e/1FAIpQLSckViHVkrr3i0ruWf4rTN5pcAaqqMI7Ibp-gHDV-1s8FIJZzA/viewform,1
https://en.wwiops.io,0
https://docs.bet365.com/article/2026/05/global-update,0
https://money.pl/home,0
https://firefox.com,0
https://www.ebay.com.au/contact,0
https://docs.gettyimages.com/terms-and-conditions,0
https://en.blender.org/contact,0
https://en-us-atomc.wixstudio.com/us-en,1
https://en.beatport.com/terms-and-conditions,0
https://zimbrafree9.weebly.com/,1
https://ancestry.co.uk/faq,0
https://did.li/bitbey-support-co-iI,1
https://www.eukdns.com/help,0
https://9mod.com/terms-and-conditions,0
https://www.platinmods.com/products/item/10293,0
https://blog.venturebeat.com/watch?v=dQw4w9WgXcQ,0
https://turyzctukjvzdrytjyhkjt-ijhxrgzjxhcgjwtdsyikuff.teemill.com/,1
https://en.ogury.io/search?q=cybersecurity+research,0
https://blog.addthis.com/in/profile-name,0
https://www.pje.jus.br,0
https://docs.repec.org/dp/B08N5WRWNW,0
https://qrco.de/bfQcmq,1
https://q-r.to/bfIlun,1
https://maharashtracet.org/dp/B08N5WRWNW,0
https://hanbiro.com/article/2026/05/global-update,0
https://coloros.com/r/technology,0
https://q-r.to/bfJN9R,1
https://www.awsdns-61.net/login,0
https://blog.boy18tube.com/docs/forms/d/e/viewform,0
https://daskankontostand-5sd4ivs2u-mason-martins-projects.vercel.app/,1
https://powr.io/media-gallery/i/41160647,1
https://en.mobilityware.com/about,0
https://erpnmtuiwsa.weebly.com/,1
https://learn-trezre-pages.wixstudio.com/pages,1
https://docs.district.in/category/news/today,0
https://www.pubnative.net/r/technology,0
https://support.viasat.io/about,0
https://www.grserver.gr/login,0
https://www.thethao247.vn/dp/B08N5WRWNW,0
https://ara-706678.webflow.io/,1
http://okaidokinet.xsrv.jp/taiyoko/?wptouch_switch=desktop&amp;redirect=https%3A%2F%2Fe-stat.26rni3t0.shop%2F2xj3nsrm%2F,1
https://us20.campaign-archive.com/?u=2a40315237aa44b2f1c958f58&id=be01adee6d,1
https://axionixtools.shop/soFbneFy/,1
https://l.ead.me/bgbpT2,1
https://www.hentaifox.com/watch?v=dQw4w9WgXcQ,0
https://www.dropbox.com/scl/fi/9ws4e7lgtqfspfukkixkb/CONTINUE-SIGN-IN-HERE.papert?dl=0&rlkey=lcn6orpe8oq3jf1tq2noywfxr&st=u7osbqbl,1
https://blog.wikiloc.com,0
https://en.grow.google/r/technology,0
https://www.busuu.com/help,0
https://docs.uol.com.br/dp/B08N5WRWNW,0
https://api.telegram.org/bot0000000000:REDACTED_TELEGRAM_BOT_TOKEN_SAMPLE/getChat?chat_id=7714825993,1
https://cobig99.github.io/microsoft365-en-us-excel/,1
https://q-r.to/aHR0cHM6Ly9tYWlsLnlhaG9vLmNvb,1
https://docs.google.com/presentation/d/e/2PACX-1vRf5ufAb1xcExGdkhVmKivujAWZzH6-8V_y3AWiIc4VNXknbWXSJALHRT5Hfnzv0UsEpRlfbE-6mSnz/pub?start=false&amp;loop=false&amp;delayms=3000,1
https://blog.uservoice.com,0
https://htt.standard.us-east-1.oortstorages.com/ini.cvn,1
https://mylink.la/emailalert,1
https://www.adafruit.com,0
https://bardatuyda.weebly.com/,1
https://www.home-assistant.io/category/news/today,0
https://idlixku.com,0
https://en.rebrand.ly/watch?v=dQw4w9WgXcQ,0
https://ipfs.io/ipfs/QmP5vJqD1xNFqyhfNEkcdb1eSnJWYY25MoAFwhh1W2hX86,1
https://crm.dev,0
https://fratura.urge284671.pro/,1
https://support.awsdns-44.co.uk/search?q=cybersecurity+research,0
https://en.mega.nz/privacy-policy,0
https://docs.hardened-php.net/article/2026/05/global-update,0
https://www.samehadaku.how,0
https://info-swaphyper-com.teachable.com/p/home,1
https://us-appsuites.wixstudio.com/en-us,1
https://home.pl/faq,0
https://site-j2hu524ve.godaddysites.com/,1
https://docs.owasp.org,0
https://blog.tally.so/terms-and-conditions,0
https://fegip63748.wixsite.com/id-login,1
https://walmart.ca,0
https://docs.google.com/presentation/d/e/2PACX-1vSKxmJwPSaCU_aOEjJ2CCWJZdQBuJo0WvUChxFo9jW7UaPBn3gXfA83bXmtfy_oV3sJfnhlWukkBODW/pub?startlse&looplse&delayms000,1
https://pornohirsch.net/in/profile-name,0
https://santander.com.br/about,0
https://blog.videymyca.online,0
https://smilewanted.com/help,0
https://inquisitive-method-635775.framer.app/,1
https://vaticannews.va/home,0
https://blog.johnlewis.com/faq,0
https://videoprime.co/,1
https://storygize.net/dp/B08N5WRWNW,0
https://blog.erothots1.com/faq,0
https://qrco.de/bgc8gL,1
https://docs.google.com/drawings/d/1WAImtzzNyIqnKLiRZkzUXyUypmoEcfl2A9-McZrKWpU/preview,1
https://yangkeduo.com/category/news/today,0
https://l.ead.me/bfHggf,1
https://en.discovery.com/privacy-policy,0
https://xtw.zut.mybluehost.me/spn/aruba/,1
https://www.raspberrypi.org,0
https://my.forms.app/form/628e2c9dbd94a175bb6fe784,1
https://a47b.com/products/item/10293,0
https://docs.travelaudience.com/privacy-policy,0
https://www.clevelandclinic.org,0
https://docs.google.com/presentation/d/1UC1FSUjHTCHIjdVb5mY-dW2gRqHWhMhiYRep1f_CGKU/pub?start=false&amp;loop=false&amp;delayms=3000&amp;slide=id.p,1
https://siemens.com/terms-and-conditions,0
https://www.goooooooooooooooooooooooooooooooooooooooooooooooooooooooooogle.com/dp/B08N5WRWNW,0
https://blog.attdns.com/products/item/10293,0
https://qrco.de/bfKN2n,1
https://parismatch.com/about,0
https://rncc.webflow.io/,1
https://amazon.in/terms-and-conditions,0
http://lodgevinasdelsol.com/,1
https://q-r.to/bgcXhF,1
https://mozilla.org/dp/B08N5WRWNW,0
https://qrco.de/bgc0wZ,1
https://docs.sitescout.com/terms-and-conditions,0
https://site-agngjkc19.godaddysites.com/,1
https://support.filmweb.pl/products/item/10293,0
https://pub-b56ef35c922f43d39452c7e26697e333.r2.dev/index.html,1
https://docs.google.com/presentation/d/1eteu7zi0co6L3UWBIy1zvbGNnapich4uFIDtoNF4_Zk/pub?start=false&amp;loop=false&amp;delayms=3000&amp;slide=id.p,1
http://allegrolokalnie.lokalna-81231.shop,1
https://prime-videosfrance.com/index.php,1
https://docs.c-span.org/dp/B08N5WRWNW,0
https://blog.virginia.edu/news,0
https://www.rosdomofon.com,0
https://www.yasexu.pro/products/item/10293,0
https://www.bvfcdn.com/in/profile-name,0
https://juegosonce.es/conditions/diabetes,0
https://ledgeer-open-live.framer.media/,1
https://support.webdav.org,0
https://sgpropertysolution.com,1
https://en.novotelecom.ru/watch?v=dQw4w9WgXcQ,0
https://theonion.com,0
https://bit.ly/4g4kYrV,1
https://dropbox-dns.com/products/item/10293,0
https://alipay.com/watch?v=dQw4w9WgXcQ,0
https://www.cdn-vk.ru/privacy-policy,0
https://generous-closet-976276.framer.app/,1
https://q-r.to/bgbzcG,1
https://htzq.com.cn/news,0
https://www.kerala.gov.in/category/news/today,0
https://docs.europapress.es/search?q=cybersecurity+research,0
https://starmakerstudios.com,0
https://placin-aryd.surge.sh/secr,1
https://blog.thenationalnews.com,0
https://fdownloader.net/help,0
https://en.opencode.ai/faq,0
https://en.docomo.ne.jp,0
https://www.allawntech.com/faq,0
https://l.ead.me/bfIbsB,1
https://netempresaatendimentopj.digital,1
https://blog.jra.jp/category/news/today,0
https://www.hihonor.com/login,0
https://l.ead.me/bfJu1C,1
https://2ffjq8.share-eu1.hsforms.com/2XXT5pWu-SH2wdKaRNhG0ZQ,1
http://allegrolokalnie.wzbogacsiedomain140.shop/oferta/iphone-15-pro-128gb-black-titanium-3cq77fz,1
https://intel.com/conditions/diabetes,0
https://google.com.gi/login,0
https://support.awsdns-42.net/in/profile-name,0
https://renewvisvalley.com,1
https://www.marriott.com,0
https://blog.virginm.net/login,0
https://support.anandabazar.com/search?q=cybersecurity+research,0
https://en.alaska.gov,0
https://us2.campaign-archive.com/?u=77b53f600a3d2b5281048073a&id=8577e4bef4,1
https://en.ivicdn.tv/about,0
https://blog.zillow.com/home,0
https://www.ratutogelidr.com/docs/forms/d/e/viewform,0
https://www.whitepages.com/privacy-policy,0
https://ozone.ru/docs/forms/d/e/viewform,0
https://www.nip.io/conditions/diabetes,0
https://istegdyehyd.w3spaces.com/ujdidiend.html,1
https://awsdns-22.co.uk/home,0
https://browserstack.com/help,0
https://en.dazn.com/home,0
https://logitechh.wixsite.com/investment,1
https://docs.zol.com.cn/dp/B08N5WRWNW,0
https://bafkreibva2lpqb5tosxpglzznl5amykwdm2z4wb5egaxsoi3pd6cv42ylq.ipfs.dweb.link/,1
https://auth-ndax-login.webflow.io/,1
https://q-r.to/bfNjMP,1
https://eu.jotform.com/app/251967129858575,1
https://blog.steampowered.com/docs/forms/d/e/viewform,0
https://support.catchthemes.com/faq,0
https://wiercommercialconstruction.myportfolio.com/,1
https://ebay.co.uk/login,0
https://www.moe.gov.cn/contact,0
https://assistenciacorporativa.com/ne12/login.php,1
https://l.ead.me/bgenKv,1
https://en-ledgir-starts.wixstudio.com/en-us,1
https://l.wl.co/l?u=https://qr-codes.io/tPukbV,1
https://support.espn.com.ve/home,0
https://www.blacktoon415.com/docs/forms/d/e/viewform,0
https://helpid100235789238974.web.app/,1
https://bafybeicakljrcne7ikzpdmshde2j5kof5arq2ywfu3j7vzutwmub32mgrq.ipfs.dweb.link/,1
https://encouraging-tenets-802847.framer.app/,1
https://saby.ru/dp/B08N5WRWNW,0
https://acronis.com,0
https://us12.campaign-archive.com/?u=057991df316e6e4f0992ed515&id=81e17857de,1
https://www.awsdns-35.co.uk/privacy-policy,0
https://blog.hotels.com,0
https://www.tori.fi,0
https://docs.usask.ca/conditions/diabetes,0
https://sas.com/terms-and-conditions,0
https://modern-companies-550952.framer.app/,1
http://majzstic-dout-8241f2-grb1204-bb-2406zcn.pages.dev/,1
https://farmersend.com/balling,1
https://ipfs.best-practice.se/ipfs/bafybeif2impilnt4yi232ipx57lyumvdg5hoqr3njiikgq6qxqgxx4smeu,1
https://support.neon.tech/search?q=cybersecurity+research,0
https://docs.asurascans.com/dp/B08N5WRWNW,0
https://q-r.to/bfNnJ3,1
https://www.evri.com/article/2026/05/global-update,0
https://www.name-services.com/faq,0
https://superhosting.bg/about,0
https://qrco.de/bg7zQb,1
http://surl.li/yzfcqy,1
https://l.ead.me/bfGweC,1
https://share.google/roucvOIdmC3ZwEzHi,1
https://blog.rakuten-sec.co.jp/home,0
https://surl.li/hqwfo,1
https://qrco.de/bgcBLY,1
https://l.ead.me/bgcWFK,1
https://alfonce.ext5723518.pro/captcha.php,1
https://qrco.de/bfDMDT,1
https://support.poynter.org/help,0
https://allegro.plkuptera732183278681.bond,1
https://docs.boe.es/privacy-policy,0
https://www.xsrv.jp/r/technology,0
https://www.upwork.com/login,0
https://docs.google.com/presentation/d/e/2PACX-1vQ57fBH-mQKeLN1WFK596hCl-p9K-6sc4jy4gwDuQVNmKXp4QWx4APedNlWqIpL1JSK6-OE-uOjwod6/pub?start=false&loop=false&delayms=3000&slide=id.p,1
https://cust-service.com/dp/B08N5WRWNW,0
https://pub-ff634d42ef654127997f95a2f0757fbf.r2.dev/criids.html,1
https://finam.ru/r/technology,0
https://docs.dellin.ru/help,0
https://i6vakx.sbs/m/93lx0/7309544071114752#selectedbank9,1
https://www.dropbox.com/scl/fi/mchzyt4paovpdh7m7w9dd/British-Telecommunication.paper?dl=0&rlkey=r02d3ilg8aggesmvd3pa7r275,1
https://37jeyr4.top/gi7ywruc/eHVPyX/caZW4R,1
https://docs.manga18.club/docs/forms/d/e/viewform,0
https://docs.google.com/drawings/d/1UVQFYILenGTPJZGhN4vcWuaBhyXapkiMp5K4NgqtzEs/edit,1
https://ontyi.weebly.com/,1
https://docs.rome2rio.com/faq,0
https://en.outboundproxy.com/help,0
https://l.ead.me/bfSggM,1
https://www.colorado.edu/login,0
https://www.pump.fun/login,0
https://myurls.bio/asfdgs,1
https://northchest.com/,1
https://xky.cbz.mybluehost.me/,1
https://blog.aarp.org/category/news/today,0
https://new.express.adobe.com/webpage/pKfNaAb1XYd2i,1
https://register-gov.ap-my1.com/trg/,1
https://blog.demonicscans.org/dp/B08N5WRWNW,0
https://rust-lang.org/help,0
https://entregazehoje.vercel.app/?gad_source=1&amp;gad_campaignid=24220200903&amp;gclid=CjwKCAjwwfnUBhAtEiwAfQpAYiWM7uVnbmD7MN87vr7h3bMW094QYv7F5EutQOBG-8XgwUxp3fB85RoCaRcQAvD_BwE,1
https://support.google.co.id/article/2026/05/global-update,0
https://vkontakte.ru/away.php?cc_key=ckjZNo&to=https://tube.bingle.pro/themes/api.php,1
http://15052233.com/,1
https://support.learnings.ai/news,0
https://docs.google.com/presentation/d/e/2PACX-1vQXyZMYGBexpHB_UxnfVMVMO1QfXC0tJX__kAZN5iZhP8Nb67eApq6nNKFBFiDDxOtPGLvv1w3O93dF/pub?start=false&loop=false&delayms=3000,1
https://ringcentral.com/help,0
https://karaknetworks.onelink.me/GUUI?af_r=https://app.karak.network/%3Fgad_source%3D1,1
https://qavrilone.com/jp/,1
https://energydevice.shop/r.php?t=c&amp;d=22247&amp;l=1258&amp;c=109919,1
https://secureerallycu.weebly.com/,1
https://loginauth-12.web.app/,1
https://en.discord.gg/terms-and-conditions,0
https://bafkreiaqktlfuvm67hof5l3uxqqre2b64zpfu67haw37j3nav6vihxidwi.ipfs.dweb.link/?P2VJ4K9XQ=XHTP2K8NMLd2luZG93cy5hZnRlcnNhbGVK3J8VZ2P4XzQGpvaG5sZXdpcy5jby51aw&amp;mode=retrievalJ2KX8N7QVP,1
https://www.google.ci,0
https://srtladecom.gitbook.io/us/,1
https://kasserver.com/help,0
https://blog.deped.gov.ph,0
https://eu.jotform.com/app/251732762777366,1
https://turadozub.z23.web.core.windows.net/36dhu/adventiceous/adytum.html,1
https://www.tujugada.com.ar,0
https://docs.lto.gov.ph/privacy-policy,0
https://blog.dondominio.com/article/2026/05/global-update,0
https://support.qlogo.cn/watch?v=dQw4w9WgXcQ,0
https://pay.hotmart.com/E99176788F?bid=1748352908240,1
https://docs.tube8.fr/dp/B08N5WRWNW,0
https://symcb.com/news,0
https://en.lettuceclub.net/faq,0
https://sites.google.com/view/kontosicherheit/home,1
https://blog.ks-live.com/news,0
https://support.usercontent.microsoft/watch?v=dQw4w9WgXcQ,0
https://societegenerale-particuliers.bolt.host/,1
https://q3t7wc.lat/o/59nly/7320827387469824#selectedbank9,1
https://docs.google.com/presentation/d/e/2PACX-1vRdp1UxZdHNX1WGuRS6Ep_kb44nG-G0jxG0xgQ6ZbJsFMzdtf9xkEAb8IL0qsczacR_KftzCsYD6XY1/pub?start=false&amp;loop=false&amp;delayms=3000,1
https://zamknj.xagnnx.cn/gpajp/accunt/lginox/,1
https://did.li/BNZTY,1
https://www.rb.gy/rqvjzx,1
https://en.fastly-masque.net/r/technology,0
https://us18.campaign-archive.com/?u=e25ad3b94697fdfb80ace0912&id=fbde100436,1
https://support.queniurc.com/watch?v=dQw4w9WgXcQ,0
https://en.hentaila.com/watch?v=dQw4w9WgXcQ,0
https://new.express.adobe.com/webpage/z80p5yMx7f3JO,1
https://docs.medtronic.com/search?q=cybersecurity+research,0
https://en.pcgamer.com/faq,0
https://support.grafana.net/privacy-policy,0
https://qrco.de/bgKHBq,1
https://emorende-pc.vercel.app,1
https://brt.hggdbz.buzz/track-it,1
https://bafkreic7572lnt6fesu67iooaoubzt4ydqeeg3lfekigs5mxlimi6lq574.ipfs.dweb.link/,1
https://securityfocus.com,0
https://frhiys.com/r/technology,0
https://en.pki.goog/dp/B08N5WRWNW,0
https://l.ead.me/bfjY86326828364,1
https://docs.gfk.com/article/2026/05/global-update,0
https://voicemailv0cal3900.weebly.com/,1
https://docs.google.com/presentation/d/e/2PACX-1vQYGSNnFYP5Vc1gq0TEQZu56Lz4DbS06tKnKOqSurAXKhPc2h0Q2U3V_GdQr0OTvZjOMGey6z0P4Tfi/pub?start=false&amp;loop=false&amp;delayms=3000,1
https://sso-kucoin-log-in-eng.typedream.app/,1
https://coinmaster.com,0
https://en.unicamp.br/help,0
http://bc8sqy.duckdns.org,1
https://versuomc.firebaseapp.com/,1
https://support.northwesternmutual.com/search?q=cybersecurity+research,0
https://impression.link/in/profile-name,0
https://www.samsungcloud.com/help,0
https://on1force.web.app/,1
https://automattic.com/watch?v=dQw4w9WgXcQ,0
https://pimpbunny.com/r/technology,0
https://blog.animeruka.com/news,0
https://lgqu0n.info/7oBbyg,1
https://en.iucn.org/about,0
https://support.lura.live/watch?v=dQw4w9WgXcQ,0
https://blog.ps.kz/faq,0
https://about.me/df475674567yufrt67decf,1
https://prosport.ro/docs/forms/d/e/viewform,0
https://l.ead.me/bfJRP0,1
https://q-r.to/bgZzb9,1
https://www.mossturbo.com,0
https://support.sophos.com/home,0
https://thenation.com/login,0
https://appboy.com/home,0
https://geny.com/dp/B08N5WRWNW,0
https://allegrolokalnie.pl-92133.click/oferta/l/-063983002?id=c5a798f3-f18c-4db5-b488-3e811145be85,1
https://shopch.jp/category/news/today,0
https://q-r.to/bfMJU6,1
https://www.avdbs.com/terms-and-conditions,0
https://docs.google.com/presentation/d/e/2PACX-1vQCGaZXZ4SJqTixA5OuqZFB3iBkC7hLNK-hAsXFKC2ZKpjiOFsi0kYuRduvJ9J48e99JwV-PQO7l3W4/pub?start=false&amp;loop=false&amp;delayms=3000&amp;slide=id.p,1
https://brt.umbdvu.buzz/track-it?_eat=valid_20260713164956_e29333ef424dd3da63d1fb2ead091388,1
https://en.classificadosx.net/conditions/diabetes,0
https://whost-solutions.ru/docs/forms/d/e/viewform,0
https://en.lua.org/login,0
https://dnsowl.com/watch?v=dQw4w9WgXcQ,0
https://bright-feel-911861.framer.website/,1
https://vahidfarid.mohammadrezafreenode.workers.dev/,1
https://www.soinluck.com/terms-and-conditions,0
https://bellverify-0d5803.webflow.io/,1
https://787676786.weebly.com/,1
https://53.com/privacy-policy,0
https://docs.selcloud.ru/home,0
https://support.tenten.vn/privacy-policy,0
https://docs.google.com/presentation/d/e/2PACX-1vRpHl4LumvmMf-jBQ-rG-y3-zPKqZ-3oBMl1xjJ5yXupbL6JLxvZx_Wayi4GYlNiXPTgzkqvgTjf6oe/pub?start=false&amp;loop=false&amp;delayms=3000,1
https://en.tuyaeu.com/dp/B08N5WRWNW,0
https://track-id2012.web.app/,1
https://www.tenable.com/terms-and-conditions,0
http://ujimasters.com,1
https://bit.ly/3UTxlif,1
https://xn--srieuxpohotossinnss-bzb.weebly.com/,1
https://beyla.site/help,0
https://bafkreiarduhvrkh72kry27lklher6bkcdyi6r5dfrjfaexjtjjq3nvmilm.ipfs.dweb.link/,1
https://tf1info.fr/terms-and-conditions,0
https://fr-shumy.firebaseapp.com/,1
https://q-r.to/bgaea3,1
https://qrco.de/bfJh8g,1
https://chimere.hub5723511.pro/,1
https://bit.ly/4eeT0bR,1
https://docs.google.com/presentation/d/e/2PACX-1vQg2fIrI0lXZZfOEP45XB3klkuAs6_ofABlEXAdb0TCtS-qv3m-T_GuPq43GnXCya2-NYAMzyfRQC1i/pub?start=false&loop=false&delayms=3000,1
https://allegro.12012094759.autos,1
https://docs.docker.io/help,0
https://q-r.to/bgakUR,1
https://gsxt.gov.cn/search?q=cybersecurity+research,0
https://websecure-clients-fr.com/,1
https://www.dedeman.ro/in/profile-name,0
https://support.adgrx.com/contact,0
https://zproxy.org/contact,0
https://bafkreienha3wzkpk4fhy7g667m5kb3zygitwmahouwok2jsooaztk6szzy.ipfs.inbrowser.link,1
https://imvu.com/about,0
https://legder-wallte.zapier.app/un-site,1
https://maxtrebnp.web.app/,1
https://depotfr-8ae92.firebaseapp.com/,1
https://docs.google.com/forms/d/e/1FAIpQLSe4Z9s29VQVkPXF3Shl75RC7dBgxApad0o8mqxc8jImSA55yA/viewform,1
https://bit.ly/4fAhjBQ,1
https://sp19ct7-doren-biz-kurem-favil.pages.dev/,1
https://qrco.de/bgcOxf,1
https://blog.siteforce.com/privacy-policy,0
https://blog.getbootstrap.com/terms-and-conditions,0
https://blog.verisign.com/products/item/10293,0
https://bafkreibqgrgq5ctu7rhhwakqyx2nzsx4oy3w7wcbgslfsvzvv75gscjfdi.ipfs.dweb.link/,1
https://docs.moviezwap.land/conditions/diabetes,0
https://www.paytmbank.com/about,0
https://bit.ly/4qabm4S,1
https://cloudy-absolute-236990.framer.app/,1
https://gov-ycj.help/,1
https://www.aka.ms/news,0
https://www.ksapisrv.com/article/2026/05/global-update,0
https://tripod.com/faq,0
https://sexybluefilm.com/conditions/diabetes,0
https://aalto.fi/watch?v=dQw4w9WgXcQ,0
https://promiedos.com.ar/terms-and-conditions,0
https://support.kisskh.co/about,0
https://binance.com/terms-and-conditions,0
https://hzccgs.com/hlbn,1
https://docs.netis.cc/about,0
https://zxcs.nl/docs/forms/d/e/viewform,0
https://grandsavings-acc-sec.weebly.com/,1
https://support.sofifa.com/r/technology,0
https://q-r.to/bfLygy,1
https://nu.nl/docs/forms/d/e/viewform,0
https://special-method-586316.framer.app/,1
https://shinigamilayte1234.clickfunnels.com/squeeze-page1674831202791,1
https://qrco.de/bgfFbF,1
https://new.express.adobe.com/webpage/kp8HNjUQZaueT,1
https://support.anuytzc.xyz/contact,0
https://en.indriverapp.com/home,0
https://l.ead.me/bfIDcD,1
https://blog.jalan.net/home,0
https://q-r.to/correos-web,1
https://app.jotform.com/251065092568157,1
https://en.google.fi/docs/forms/d/e/viewform,0
https://docs.emb-api.com/contact,0
https://support.youjizz.com/search?q=cybersecurity+research,0
https://qrco.de/bgc6zh,1
https://get-learn.wixstudio.com/start,1
https://www.aljazeera.com/docs/forms/d/e/viewform,0
https://qrco.de/bfIG6u,1
https://en.ingresso.com/login,0
https://qcnz84ut.paperform.co/,1
https://support.tum.de/home,0
http://54122sad.hyperphp.com/?i=2,1
https://qrco.de/bfNhog,1
https://en.telus.com/about,0
https://docs.digialm.com/contact,0
https://identifiez-vous42.godaddysites.com/identifiez-vous,1
https://ucoz.net/docs/forms/d/e/viewform,0
https://www.tube8.com/dp/B08N5WRWNW,0
https://www.simplecast.com/home,0
https://www.twword.com/home,0
https://www.prom.ua/privacy-policy,0
https://support.gitlab.com,0
https://docs.aucey.com/in/profile-name,0
https://eu.jotform.com/app/251682600398360,1
https://home-rapid-desktop.wixstudio.com/us-en,1
https://www.flowcode.com/page/btinternet.combroadband,1
https://alfaaka.boxmode.io/,1
https://www.freevideo.cz/privacy-policy,0
https://goskope.com/in/profile-name,0
https://gitea.io/about,0
https://support.uta-net.com/help,0
https://support.sexkomix2.com/conditions/diabetes,0
https://netvigator.com/conditions/diabetes,0
https://blog.networksolutions.com/category/news/today,0
https://docs.google.com/presentation/d/e/2PACX-1vST5soeril9fsEwMSAKypqkwbuTr4j_EzBMKpKtCDDMWAhpccCYen43oWhxjW2JMClO3mc5wrPKKuQL/pub?start=false&amp;loop=false&amp;delayms=3000&amp;slide=id.p,1
https://en.abxxx.com/conditions/diabetes,0
https://en.axis.com/article/2026/05/global-update,0
https://clickbank.net/r/technology,0
"https://pub-271f8cf435184b4aaad9058343044657.r2.dev/agdjfsdafjmaksk,hjss,h.html",1
https://swapoocoin.blogspot.com/,1
https://bi-lian-zi-xun.ghost.io/articles/2026-ledger-hardware-wallet-tutorial-5-mistakes/,1
https://toast.com/watch?v=dQw4w9WgXcQ,0
https://www.quartier-rouge.be/watch?v=dQw4w9WgXcQ,0
https://fb.com/news,0
https://mangabuddy1.co.uk,0
https://support.verisoul.ai/r/technology,0
https://sesowoower.weebly.com/,1
https://en.mcdvoice.com/faq,0
https://bit.ly/3Sn4WAc,1
https://676525362774372374673465666623.blogspot.com/,1
https://support.githubcopilot.com/dp/B08N5WRWNW,0
http://serviceappsm.blogspot.com/,1
https://docs.haproxy.org/products/item/10293,0
https://february-taxes-tent-cancellation.trycloudflare.com/,1
https://docs.liu.se/news,0
https://qrco.de/bgbGRp,1
https://resume.io/r/Ct1R543LD,1
https://d-esbloquear-cuent-b-h-d-lgo388.weebly.com/,1
https://en.superbet.ro/category/news/today,0
https://docs.eleconomista.es/r/technology,0
https://mex-lam.weebly.com/,1
https://sites.google.com/view/newprovision/home,1
https://docs.google.com/presentation/d/e/2PACX-1vQ9LAEJqUmzrz2jiQ6k4y_2XtnX9y7Tnb2OIgSWPjzynNFFWwdKhZZNLSbQQjKAYtCt3WOQaDhGYyxU/pub?start=false&amp;loop=false&amp;delayms=3000,1
https://piano.io/terms-and-conditions,0
https://sp11ct-melsar-biz8-ronvek-ladrix.pages.dev/,1
https://jdskwuirefshkjioq.weebly.com/,1
https://docs.rijksoverheid.nl/terms-and-conditions,0
https://cbsnjerpso.firebaseapp.com/,1
https://bit.ly/4fd0Sfv,1
https://www.gwdg.de/products/item/10293,0
https://www.zhsh-xinqiusports.com/account/,1
https://www.mixi.jp/in/profile-name,0
https://www.renouvellement-espace-personnel.com/captcha,1
https://en.iskur.gov.tr/r/technology,0
https://second-ns.de/home,0
https://www.nii.ac.jp/dp/B08N5WRWNW,0
https://q-r.to/bgZqzH,1
https://skokka.com/faq,0
https://nadfgdfhuert.eu.cc/es,1
https://ergoterapiacaribu.ch,1
https://allegro.pl-ogloszenia-firmowe83842.click,1
https://mx2026mail.iceiy.com/?i=1,1
https://suitecdn-trezo.wixstudio.com/en-us,1
https://support.swiggy.com/news,0
https://filepdfviewnow.weebly.com/,1
https://geotrust.com/login,0
https://bitly.cx/mNLow,1
https://appsuites-trxore.wixstudio.com/en-us,1
https://www.dropbox.com/scl/fi/xkdpci9gqbnszt4bcrjvj/BTINTERNET-BROADBAND.paper?rlkey=24r1v4fipn70wqr1l0jctgwkw&st=pjts3iw4&dl=0,1
https://infomaniak.ch/r/technology,0
https://new.express.adobe.com/webpage/0KdNY9ZsXkvh6,1
https://l.wl.co/l?u=https://qr-codes.io/GVwGhf,1
https://linkplay.com/watch?v=dQw4w9WgXcQ,0
https://l.ead.me/bfMBUb,1
https://delishkitchen.tv/products/item/10293,0
https://docs.edmunds.com/home,0
https://en.ancestry.com.au/dp/B08N5WRWNW,0
https://l.ead.me/bgaMx3,1
https://bit.ly/3yslfF3,1
https://www.advmusic.com/terms-and-conditions,0
https://ionos-gamma-wine.vercel.app/,1
https://finessa.xcvz.cam/za,1
https://support.marketwatch.com,0
https://login.zeminghuishou.com/?d42o4BvwUJRPbmUSFQDak0Fj,1
https://docs.google.com/presentation/d/e/2PACX-1vRl1qovYXbPutIbwsnAJJZwlkL_9bzujA_OvHEprfh9HJhO2S2X_nWA0tD-NoF1n9tCJveF7LQMEItq/pub?start=false&amp;loop=false&amp;delayms=3000,1
https://fantab-jk3rihk1w1et4ui.webflow.io/,1
https://wordpress-1630876-6452082.cloudwaysapps.com/SANFREBAZ/auth/log.php,1
https://visualstudio.com/conditions/diabetes,0
https://qesdfgiloiyh.weebly.com/,1
https://www.mobizil.com/about,0
https://blog.blogspot.ca/login,0
https://qrco.de/bgZmrt,1
https://www.afilias-nst.info/category/news/today,0
https://blog.lloydsbank.co.uk/news,0
http://rocket-money-adsense-prelander.pages.dev,1
https://rp-online.de/privacy-policy,0
https://juris.de/help,0
https://docs.google.com/presentation/d/e/2PACX-1vRJ9g9mbKUeekko81iUWLA0EI7tTWFQM8x_EkHxxMLyaCbWRpN8h8N0cHLsGlvhJ7HWVaF0zAZFAwvh/pub?start=false&amp;loop=false&amp;delayms=3000,1
https://oceans-nadia.com/category/news/today,0
https://en.ipapi.co/r/technology,0
https://blog.usps.com/article/2026/05/global-update,0
https://apphome-lezrstart.wixstudio.com/start-en,1
https://www.radiopotok.ru/products/item/10293,0
https://www.worldometers.info,0
https://support.boredpanda.com/products/item/10293,0
https://iydheybdse.w3spaces.com/hydhdhehydhde.html,1
https://docs.avcdn.net/search?q=cybersecurity+research,0
http://allegrolokalnie.pl-oferta2228937.click,1
https://en.seesaa.net/article/2026/05/global-update,0
https://www.anal.media/news,0
https://www.bet88.ph,0
http://irs-gov.com,1
https://pub-9aad4e2ed32b42b88fa27857bc71078a.r2.dev/salscrypt.htm,1
https://qrco.de/bfXvXA,1
https://www.cadent.com/r/technology,0
https://avast.com/news,0
https://rpp.pe/noticias/prestamos,1
https://tribelio.page/reconfirm-account1st,1
https://youporn.com/contact,0
https://qrco.de/Inpost,1
https://ipfs.best-practice.se/ipfs/bafybeiet6j4bfpytwwh6frgdk5mwnn3mwbvpdwlzya7xnidzcl4tl5adsu,1
https://www.protechts.net/contact,0
https://docs.google.com/drawings/d/1WsA0zy6-QbRwEPAbe_zw-gx4DAU8MpoogZR58UImHpE/edit,1
https://leadconnectorhq.com,0
https://www.betting.co.zw/search?q=cybersecurity+research,0
https://docs.google.lv,0
https://blog.crealitycloud.com/news,0
https://scary-service-226646.framer.app/,1
https://support.okbet.com/watch?v=dQw4w9WgXcQ,0
https://gray-portion-714077.framer.app/,1
https://qrco.de/bfQfVc,1
https://support.apuestasroyal.com/privacy-policy,0
http://allegro.9281238712gh9.beer/,1
https://docs.google.com/presentation/d/e/2PACX-1vSMFbmUtlXhMPaNi6Qts_6IwL6Motev04BqHaMYyH86xVW2edBpxUG4vDo0xvGN7iBEnM9oWIIKsJAa/pub?start=false&amp;loop=false&amp;delayms=3000,1
https://www.ecfr.gov/news,0
http://up-huld-portal-eng.zapier.app/,1
https://library.link/about,0
https://instagram5-byte.github.io/Bareskrim-polri-Indonesia-/,1
https://id.govvbwe.autos/,1
https://yuoulkndftra.web.app/,1
https://support.cpan.org/home,0
https://blog.livemint.com/r/technology,0
https://sympathetic-forms-118600.framer.app/,1
https://new.express.adobe.com/webpage/tjVnFDeQGXh4l,1
https://docs.google.com/presentation/d/e/2PACX-1vTUvOmbOSjYvhaC5uIfcy2OottjIz55JKViJMk5avp_xbswqEr_wnhJamNPj4OCZrQ0aCYNLxyDN9aT/pub?start=false&amp;loop=false&amp;delayms=3000,1
https://playnewgames.ru/article/2026/05/global-update,0
https://q-r.to/bgc44w,1
https://vee-view-docs-sh3r3d-docxxview.framer.ai/,1
https://sites.google.com/view/b0gyu,1
https://l.ead.me/bfUiGo,1
https://blog.mongodb.com/about,0
https://support.meituan.com/article/2026/05/global-update,0
https://bet365.it/article/2026/05/global-update,0
https://blog.kion.ru/conditions/diabetes,0
https://sejanexcard.com,1
https://www.archdaily.com,0
https://officialtrezrr.wixstudio.com/suite-en,1
https://q-r.to/bgcAl1,1
https://ffsbccs.blogspot.ch,1
https://www.rackcdn.com/search?q=cybersecurity+research,0
https://iuyghujikuyghudj.fwh.is/,1
https://docs.mos.ru/products/item/10293,0
https://www.xskt.com.vn/contact,0
https://l.ead.me/bgbst5,1
https://www.mitelis.cc/contact,0
https://countryliving.com/news,0
https://pedencia-em-abertos.vercel.app/up1/index.html,1
http://h5c9jsw71.ukit.me/,1
https://manual.canon/article/2026/05/global-update,0
https://en.dallasnews.com/docs/forms/d/e/viewform,0
https://new.express.adobe.com/webpage/sgY3jJHZwPRnz,1
https://www.v11-okx-app.com/,1
https://docs.britishairways.com/dp/B08N5WRWNW,0
https://docs.samsara.com/home,0
https://support-aboplusinfo.help/,1
https://blog.service-public.fr,0
https://blog.xhfuck.com/about,0
https://yvuybnuo.firebaseapp.com/,1
https://www.emarsys.net/dp/B08N5WRWNW,0
https://app.jotform.com/251714531134145,1
https://bradesco.suportejapj.xyz/,1
https://orange-verification-fr.s-host.net/login.php,1
https://docs.google.com/presentation/d/e/2PACX-1vQ--Nz35hYrcxEoN4Gh0dDvKT1czt-7yc0GDB7m0IuS0bgYi5xcpBw9yjAYmY3BUGqPbP-QkwOhGwlf/pub?start=false&amp;loop=false&amp;delayms=3000,1
https://bit.ly/3LJjOoF,1
https://sbmbcxemfmki.6ec7ri.info/3yoYau,1
https://google.com.ec/news,0
https://www.geoipcheck.com/watch?v=dQw4w9WgXcQ,0
https://docs.google.com/drawings/d/1V5IdBMAhsNqkpRGrontWWNsLV39W0Js0uwMuPvwaU3Q/edit,1
https://new.express.adobe.com/webpage/3QUKqmnv2IRA1,1
https://ucf.edu/contact,0
https://docs.google.com/presentation/d/e/2PACX-1vSVGiKcWe_lMt_Wx0wxGE3myT6WPerOqpxn9gj9ZKbUoqmn5pCPqaII9uUTE315TSX7js9o73spFEoY/pub?start=false&amp;loop=false&amp;delayms=3000,1
https://docs.qvc.com/article/2026/05/global-update,0
https://blog.cri.cn,0
https://mettlysexbonk.xyz/?secure_connect=v3^d0)&_subid=32jost4.a1.1n4ue&_token=39lpve1ej3j3f.1782576165.4.cc0e90310fe41c7a8eb6f86bc61afe2d,1
https://qrco.de/bfUXWN,1
https://blog.bloomberg.com,0
https://docs.orange.es/terms-and-conditions,0
https://xht.dbh.mybluehost.me/wp-content/time/metas/main.html,1
https://kampyle.com/login,0
https://l.ead.me/bfTIQJ,1
https://ubereats.com/docs/forms/d/e/viewform,0
https://mvm-nexthu.com/captcha,1
https://nycenergy.info/lonos/,1
https://en.hawaii.edu/faq,0
https://www.bajajfinserv.in/terms-and-conditions,0
https://xn--ortaoueknikniversitesituca-2rd.weebly.com/,1
https://support.coda.io/in/profile-name,0
http://jordancardumniahzainorange.pages.dev,1
https://pages-bitunixcdn.wixstudio.com/en-us,1
https://crypto-kms.netlify.app/,1
https://www.mediavine.com/products/item/10293,0
https://sonatahouse.school/?msgid=eGdRUklzWmNIZTMvM3lDbU1kVUcyVm9ZRU5zOHBPTUl3THpwN3pXVW9tYXRQUVczSyswRWNnN1AyU015MWFoMGUzVDBvaVdzWGpmVi8rakppaUt3elFEWnl2Ung5Q0dYd1N3dkpaNElQV29WMkVnZmhQMjlMVElPWTJYUmFuQU8%3D,1
https://adnxs.net/about,0
https://support.xnxx.es/home,0
https://surveyheart.com/form/61bf0d0145fd1b7d5acbb11c,1
https://sites.google.com/view/suspensionelsalv/,1
https://cloudflare.net/products/item/10293,0
https://www.miricanvas.com/v/13wj5ak,1
https://lsu.edu/search?q=cybersecurity+research,0
https://www.snapsave.app/docs/forms/d/e/viewform,0
https://qrco.de/bfMrDS,1
https://www.tuya.com/watch?v=dQw4w9WgXcQ,0
https://www.opera-api.com/dp/B08N5WRWNW,0
https://www.edgcdn.net/search?q=cybersecurity+research,0
https://www.etoro.com/terms-and-conditions,0
https://urlz.fr/t2Je,1
https://pv-cdn.net/search?q=cybersecurity+research,0
https://bafkreigh2yg4cgbjaa3ovwfsxtnne4d7asifnay3imiqtwcn5vbgr2zaoq.ipfs.dweb.link/,1
https://docs.google.com/presentation/d/e/2PACX-1vRoY3HKoC5AEMK6_q3Z89kIRBfcXW3zATUY3nDgMHuFkY6TX8ysen7_yLwDERaMersa8pKp9mT6SdcG/pub?start=false&amp;loop=false&amp;delayms=3000,1
https://l.ead.me/bgbXko,1
https://www.chocolateplatform.com,0
https://namu.wiki,0
https://siginfirstlightfcuwebpage.weebly.com/,1
https://www.post-gazette.com,0
https://support.janitorai.com/conditions/diabetes,0
https://docs.html-load.cc/r/technology,0
https://cinemark.com/privacy-policy,0
https://www.scotsman.com/news,0
https://oxfordjournals.org/conditions/diabetes,0
https://voodoo-gaming.io/terms-and-conditions,0
https://gmx-hilfe-support.weebly.com/,1
https://xfinityyycomcastloginn.weebly.com/,1
https://www.mercadolibre.cl/privacy-policy,0
https://docs.readthedocs.io/conditions/diabetes,0
https://en.vidazoo.com/about,0
https://en.banvenez.com/docs/forms/d/e/viewform,0
https://login-app-web.bubbleapps.io/version-test,1
https://azure.com/home,0
https://www.metaporn.com/r/technology,0
https://support.pddpic.com/search?q=cybersecurity+research,0
https://www.mydramawave.com,0
https://docs.google.com/presentation/d/e/2PACX-1vTkaEPqk7VbYz4dpphw1dsShbyT9Jt3z9AkpddVGpObzjvcuInReVsn3aoEhw9o_ooNfo4I915_LygV/pub?start=false&loop=false&delayms=3000,1
https://l.wl.co/l?u=https://qr-codes.io/bpXHdV,1
https://www.search-redirect.com/article/2026/05/global-update,0
https://docs.awsdns-13.net/home,0
https://q-r.to/bgbtyW,1
https://www.peatix.com/login,0
https://www.mypurecloud.com/docs/forms/d/e/viewform,0
https://en.g2nft.com/watch?v=dQw4w9WgXcQ,0
https://www.ffmpeg.org/news,0
https://eu.jotform.com/app/250497457507365,1
https://cmbchina.com/login,0
https://docs.tbcache.com/docs/forms/d/e/viewform,0
https://www.vc.ru/login,0
https://preply.com/news,0
https://docs.google.com/presentation/d/e/2PACX-1vTPRoxWNudVsoYvgl1J0H8a0UkLVbxX1_24ucEfE4kS8O72My8FXq8YtbKuzcd5N7WlMC91aOT7VBki/pub?start=false&amp;loop=false&amp;delayms=3000,1
https://dnsv1.com/faq,0
https://av19t.com/contact,0
http://allegrolokalnie.htmls.sbs,1
https://www.9gag.com/docs/forms/d/e/viewform,0
https://bit.ly/3DxZcz0,1
https://docs.google.com/presentation/d/e/2PACX-1vTzPLLIhqFwLQomE85LYY-knfa4qZFwuRgUhS87XyQRDy6a7eAnNbII7mZ2bh5T8owLb8Atv8KxAZ_y/pub?start=false&amp;loop=false&amp;delayms=3000,1
https://dnb.com/news,0
https://www.intermedia.net,0
https://en.rat.xxx,0
https://kontoensurance.net/privacy/O21dU,1
https://jp-mail.vercel.app/,1
https://blog.awmdm.com/products/item/10293,0
https://www.bbva.mx/in/profile-name,0
https://docs.google.co.ma/login,0
https://www.decolar.com/privacy-policy,0
https://bit.ly/3A5yCLG,1
https://www.dtvce.com,0
https://blog.cookieadmin.net/article/2026/05/global-update,0
https://actalizadatsbhd6.webcindario.com/,1
https://telstrraserviice.weebly.com/,1
https://l.ead.me/bfaMnw,1
https://secureromaniamailddniportal.weebly.com/,1
https://support.y2mate.gs/news,0
https://homestead.com/in/profile-name,0
https://cardservices-fmbnc.firebaseapp.com/,1
https://en.metro.co.uk/news,0
https://bit.ly/3VW3Gow,1
https://rakuten-card.co.jp/article/2026/05/global-update,0
https://best-buy-108428.weeblysite.com/,1
https://l.ead.me/bgbXQB,1
https://www.trip.com/login,0
https://sites.google.com/view/btconnectbusiness/btconnect,1
https://allianz.de/watch?v=dQw4w9WgXcQ,0
https://support.vnexpress.net/article/2026/05/global-update,0
https://usbrowserspeed.com,0
https://sites.google.com/view/gdufhg/home,1
https://docs.discord.com/dp/B08N5WRWNW,0
https://support.eluniversal.com.mx/home,0
https://lpsg.com/r/technology,0
https://en.userreport.com/docs/forms/d/e/viewform,0
https://blog.dssott.com/help,0
https://pub-fbf3a87d05664d999912dfd2bd8b8dcc.r2.dev/index.html,1
https://adriver.ru/dp/B08N5WRWNW,0
https://q-r.to/bgbSz7CF542,1
https://www.bpcl.in,0
https://jaaxxlibarty.wixstudio.com/webb,1
http://43.156.7.24/v3/signin/identifier?dsh=S1661852100%3A1679886042792421&amp%3Bcontinue=https%3A%2F%2Faccounts.google.com%2F%3F&amp%3Bfollowup=https%3A%2F%2Faccounts.google.com%2F%3F&amp%3Bxrealip=107.178.232.255&ifkv=AQMjQ7SIQro7PBeMxLRra4ZqvP96UOR7vVeynILEPXsl3BSggrceUU8g9u05ojzgT86aQ5ys6r6bTQ&passive=1209600&xrealip=107.21.207.171&flowName=WebLiteSignIn&flowEntry=ServiceLogin,1
https://en.gb.net,0
https://sites.google.com/view/ugyfdss/home,1
https://sites.google.com/view/dhhhfhfhhfjdlk/home,1
https://pixiv.net/contact,0
https://allegro.74379.shop/,1
https://q-r.to/bfL4yi,1
https://connect-suitapps.wixstudio.com/suite-en-us,1
https://www.rfihub.com/products/item/10293,0
https://docs.google.com/presentation/d/e/2PACX-1vTYnC-CbEhtfiu1AoSQ6vL-v1YP5ZgcvE98WDWyUDAU_2aj3jrLYcGm0aK4L24U8icqk40AmtWSjih-/pub?start=false&amp;loop=false&amp;delayms=3000,1
https://support.memcached.org/category/news/today,0
https://biglobe.ne.jp,0
https://docs.google.com/presentation/d/e/2PACX-1vR-WoIt3foaUjrURnfBGNQdxqvhj70YMjCTZ3ojbp3qQKECbZ0JBZuvQByHoEzf51RUG642sLJ9Ya04/pub?start=false&amp;loop=false&amp;delayms=3000,1
https://www.cmjornal.pt/products/item/10293,0
https://blog.ebaycdn.net/login,0
https://themoviebox.xyz,0
https://5g7d2.info/7oBbyg,1
https://support.crushblocks.com/article/2026/05/global-update,0
https://nomuawiburn.com,1
https://support.service.gov.uk/contact,0
https://awsstatic.com/faq,0
https://www.bpexch.xyz/faq,0
https://diceempire-ba357.web.app/,1
https://netbird.io/faq,0
https://docs.businessinsider.com/r/technology,0
https://fastebridge.com/contact,0
https://docs.google.com/presentation/d/e/2PACX-1vQqAn2HBXUhfAldHkq4AJ1ZW8xQq1j_EXgTJs6jk95GY5PXbOSrJbJN1EuD8tfnoJUgkDfy4Pmrp59Q/pub?start=false&amp;loop=false&amp;delayms=3000,1
https://en.epfl.ch,0
https://www.archlinux.org,0
https://cbl.gov.ly/about,0
https://blog.ihg.com/category/news/today,0
https://apps-jupiter-cd.wixstudio.com/en-us,1
https://etrade.com/watch?v=dQw4w9WgXcQ,0
https://en.k-manga.jp,0
https://sender.zohoinsights-crm.com/ck1/2d6f.327230a/b5dee7b0-93c9-11f1-a918-5254005934b4/059adff8c99af25d1a793315ff07607ff38ab004/2?e=lcXhUUWl49QDqOZjHdJczfg3mwRzV%2FLSOyuJPg6PEb0%3D,1
https://chtrptr.net/login,0
https://bafkreifjstbwqzd6kcg2su2wpyxygaj7jcsk7asfbvku72nwtqsbtfh2bq.ipfs.dweb.link/,1
https://en.housing.com/login,0
https://blog.in.gov/conditions/diabetes,0
https://blog.awsdns-14.net/help,0
https://goibibo.com/privacy-policy,0
https://csvhwubije.firebaseapp.com/,1
https://kubernetes.io/terms-and-conditions,0
https://78gbf4g476.tolydas.com/index2.php?u=redacted@abuse.ionos.com,1
https://signdd.weebly.com/,1
https://q-r.to/bfJS16,1
https://afr.com/faq,0
https://en.netnod.se/r/technology,0
https://lraxil-skrez-4p03mn-wthn-qravik.pages.dev/,1
https://fastlylb.net/help,0
https://mawnowvasnanz-dpleh6oql3aj.edgeone.dev/,1
https://docs.google.com/presentation/d/e/2PACX-1vQLPqPAP9bq0rkFU3Q6Xl2iDUL4DThkUAi03hbZbBFP8XtaMXrTGLfQkO479niDrNdUOe0Y0FaWhRV3/pub?start=false&amp;loop=false&amp;delayms=3000,1
https://caniuse.com,0
https://samsclub.com/products/item/10293,0
https://docs.google.com/drawings/d/1yJ3RzAeqxjHsHYo7BbupNw4_U73AYyQd_D5UFdp67Yw/edit,1
https://uyjcvwlraekctukxghfdfqegkjwdyldjhm.teemill.com/,1
https://tracyvette.com/concours-d-elegance-of-america.html?redirect=https://optout-session.de/ref,1
https://q-r.to/bfKiPR,1
https://cbc.ca/contact,0
https://awsdns-33.com/faq,0
https://m-transprtrs.pro/,1
https://support.hyatt.com/in/profile-name,0
https://en.zscaler.net/r/technology,0
https://pub-4f9d90fc7af3453b8b1d803589a070ff.r2.dev/index.html,1
https://www.googlezip.net,0
https://gazprombank.ru/article/2026/05/global-update,0
https://blog.novavexis.com,0
https://google.hn/in/profile-name,0
https://vps-vids.com/in/profile-name,0
https://blog.golux.com/faq,0
https://www.usgovcloud.microsoft/dp/B08N5WRWNW,0
https://driect-sm1tbc.com,1
https://docs.google.com/presentation/d/e/2PACX-1vSi-OuQsVr6Nnij3-a1mBtZvqhK2SIakwjtk1_n9RMcfDJnY_RazsjhrmZIOnypRjsuBZ-RTAUc_DLT/pub?start=false&amp;loop=false&amp;delayms=3000&amp;slide=id.p,1
https://qrco.de/bfGHO9,1
https://linqapp.com/dfghj2?r=link,1
https://www.mattel.com/dp/B08N5WRWNW,0
https://mobirise.com,0
https://cve.org/watch?v=dQw4w9WgXcQ,0
https://startupheldcdn.wixstudio.com/auth,1
https://www.arlo.com/help,0
https://e-recht24.de,0
https://vrcq.eu.cc/bh,1
https://www.tospotify.com/in/profile-name,0
https://docs.uw.edu,0
https://bafkreihdpkrq5y2selymmt7o424plw262nuzryntdg5fk33b6k2yo7ay3u.ipfs.dweb.link/,1
https://en.fortnite.gg,0
https://disquscdn.com/search?q=cybersecurity+research,0
https://jfrog.io,0
https://fabulous-embeds-059788.framer.app/,1
https://qrco.de/bgZsUX,1
https://www.logmedo.com/logmedo/frmeGKjlX5JMPWJ,1
https://docs.travixo.vip/conditions/diabetes,0
https://okadibs.m-pages.com/WL6LgK/e-e-service,1
https://dnse4.com/category/news/today,0
https://docs.google.com/presentation/d/e/2PACX-1vT1C7Lcji52Ao800AxT0ikh-1Sk3u1IixX16u0NEg_rjkjAxi3tiPk2kfO84BGAP_lPeOqIOXFpj3Gc/pub?start=false&amp;loop=false&amp;delayms=3000,1
https://docs.google.com/presentation/d/e/2PACX-1vQAaS8_TYFbIPfnlfwhgAJoM99WxcjXVTbokvDs33P7_GLK3eYtcNJnh7tdDMrfqtMUs5rA2rVDueg1/pub?start=false&amp;loop=false&amp;delayms=3000,1
https://en.vu.nl/faq,0
https://wordpress-211839-0.cloudclusters.net/wp-content/uploads/2026/05/bla/,1
https://docs.sendbird.com/news,0
https://uzbanql.com/,1
https://blog.lazada.com/search?q=cybersecurity+research,0
https://awsdns-47.net/contact,0
https://www.doppiocdn.com/search?q=cybersecurity+research,0
https://docs.yandex.ru/news,0
https://docs.google.com/presentation/d/e/2PACX-1vRAJ6pANiiXwiMhKrC1dAXOu6ooXaQpKvqFXN5WzwmuprHU55o_xJv1npG-F9yAr3MP5rWFRZsY1Zc6/pub?start=false&amp;loop=false&amp;delayms=3000,1
https://yghhjsrr.weebly.com/,1
https://q-r.to/bfXuFG,1
https://taboola.com/dp/B08N5WRWNW,0
https://qr-codes.io/DbEYhf,1
https://q-r.to/bfNwTr,1
https://unisoc.com/about,0
https://bit.ly/3YDdC95,1
https://blog.easports.com/about,0
https://docs.roku.com/r/technology,0
https://ff52dc3b-ed85-4a22-aeda-017d2928d719-00-1sutt8nfqrmvy.janeway.replit.dev/,1
https://hebrew-package-recei-h7zq.bolt.host/,1
https://support.xn--69-6tia3cb.net/products/item/10293,0
https://delenimofe.firebaseapp.com/,1
https://ledegrlive.wixstudio.com/en-us,1
https://communitybkk2goaccessrecliamonlll.weebly.com/,1
https://tippmix.hu/category/news/today,0
https://driect-sm1tbo.com,1
https://docs.google.com/presentation/d/e/2PACX-1vQZlopTXReSbU6yIiKzZUiinyqPyq40d7idzngfqA32nssC54zwYFwseyRa_8Z8ClmweBgfpt4HFFd9/pub?start=false&loop=false&delayms=3000,1
https://pub-e2cd3b66c3224213923d1209ac941b05.r2.dev/index.html,1
https://sp25ct7-hervax-biz-polku-mersan.pages.dev/,1
https://shop9.vercel.app/,1
https://twc.com/contact,0
https://www.demandbase.com/search?q=cybersecurity+research,0
https://survicate.com/help,0
https://en.illumin.com/faq,0
https://allegro.93247609312.shop/,1
https://browser-extens.wixstudio.com/us-en,1
http://allegrolokalnie.lokalna-1920088771.lol/oferta/steam-deck-oled-512gb-ssd-stan-bardzo-dobry-komplet/659844061,1
http://lnk.id/bxyURk,1
https://qrco.de/bfA6Xq,1
https://nhsdtqy.cn/docomotiaos/,1
https://sp11ct-keltra-biz8-vormex-drasil.pages.dev/,1
https://en.pstatp.com/in/profile-name,0
https://l.ead.me/bfIcPf,1
https://nhl.com/in/profile-name,0
https://cccomcassstiniffty.weebly.com/,1
https://serbasi1.blogspot.com,1
https://betclic.ci/news,0
https://allegrolokalnie.pl-oferta63564625.shop/,1
https://support.awsdns-29.net/watch?v=dQw4w9WgXcQ,0
https://blog.webex.com/in/profile-name,0
http://allegrolokalnie.pl-oferta-84716.online,1
https://usf.edu/about,0
https://docs.google.com/presentation/d/e/2PACX-1vRmFNp08Qscbz-qd87pgEQrKyzaI1402nGDJEqfap6MSHOApO-2Xz9IUoEMDpg-0zEnVXPvDXFwxg5p/pub?start=false&amp;loop=false&amp;delayms=3000,1
https://l.wl.co/l?u=https://qr-codes.io/6BjqD0,1
https://www.cnki.net/about,0
https://www.google.lk/login,0
https://tx.yvbgh.cam/,1
https://support.tbank.ru/category/news/today,0
https://xmlsoft.org/terms-and-conditions,0
https://aerate873.virixoe.com/demagoguery642/?email=redacted@abuse.ionos.com,1
http://cu04359.tw1.ru/web/depart.php,1
https://l.ead.me/bgbpNq,1
https://en.doubleclick.net/dp/B08N5WRWNW,0
https://mn.gov/category/news/today,0
https://jacobbentsen.wixsite.com/website,1
https://www.rbc.ru/watch?v=dQw4w9WgXcQ,0
https://blog.qiniudns.com/help,0
https://verifynewemail.w3spaces.com/onenewaudio.html,1
https://lachainemeteo.com,0
https://biobiochile.cl/about,0
https://docs.google.com/presentation/d/e/2PACX-1vQnHhn9uYHPnvbbGOM0g8OMjnXsIYUs1NbRs2feig9iFHhuJGjwZ0a70WwuVRzFxl8GaBqSBX4FbVy0/pub?start=false&amp;loop=false&amp;delayms=3000&amp;slide=id.p,1
https://www.mintegral.com,0
https://en.jutarnji.hr/dp/B08N5WRWNW,0
https://support.windguru.cz/privacy-policy,0
https://www.oup.com/r/technology,0
https://schneier.com/login,0
https://trazor-iostart.wixstudio.com/us-en,1
https://q-r.to/bfMw8U,1
https://support.moe.gov.my/login,0
https://docs.google.com/drawings/d/1ar9mefTfaH_fDaDvTYDT92l2GelO9yWjdsqTIOIAbs4/edit,1
https://activit303432.webcindario.com/,1
https://docs.amazon-adsystem.com/category/news/today,0
https://myurls.bio/aaatt,1
http://allegrolokalnie.pl-oferta-lokalna5894398543.click/oferta/ps5-pro-2tb-jak-nowe-5207ba7a181b622c2da921ee0a21c528,1
https://support.citi.com/home,0
https://truoptik.com/conditions/diabetes,0
https://qfdswshawreaply.weebly.com/,1
https://sparkdriverapp.com/products/item/10293,0
https://desktopapp-studiocdn.wixstudio.com/us-en,1
http://plus-disney-clone.netlify.app,1
https://blog.bfv.de/watch?v=dQw4w9WgXcQ,0
https://support.diy.com/r/technology,0
https://onedio.com/watch?v=dQw4w9WgXcQ,0
https://support.meti.go.jp/faq,0
https://docs.napthe.vn/dp/B08N5WRWNW,0
https://bafkreigeqbd6gpvqc5alsxpa4yqpfuc3e7fidg7mukb4wuppyribywusvy.ipfs.inbrowser.link/,1
https://en.gammaplatform.com,0
https://west-net-webmail.weebly.com/,1
https://blog.aliyun.com,0
https://paypaynejp781.replit.app/login.php,1
http://f6wkcx-hcmt3-ddt-otsx-eph.pages.dev/,1
https://blog.a-msedge.net/news,0
https://elcerritovalle.org/galina/,1
https://docs.scribd.com/about,0
https://transact-nzta.web.app/,1
https://support.ksyuncdn.com/conditions/diabetes,0
https://pub-95759530727242b6a89325edaebd413b.r2.dev/shareplntmicroformshareldokfindex6.html,1
https://ledgarcom-startapp.wixstudio.com/start-en,1
https://www.procyclingstats.com/category/news/today,0
https://q-r.to/bfKOBZ,1
https://iii.com/contact,0
https://x02btroundcube.weebly.com/,1
https://china.com/dp/B08N5WRWNW,0
https://btworldxxx32.komi.io/,1
https://www.dropbox.com/scl/fi/knyd4gi2z2dlhyp95ma49/myBT-2025-Update.paper?rlkey=uv99pn2926lm3hr0rb4lvpc6n&st=jfr5c6vd&dl=0,1
https://retireatt.w3spaces.com/dhgjgjkgjg.html,1
https://new.express.adobe.com/webpage/OkZTei0QpoWc9,1
https://support.tradingeconomics.com/help,0
https://hover.com/products/item/10293,0
https://bafkreianesgf26qcc4pzcpsaew4xysqoie5jlrfulpsrubc36uoa7z2xdi.ipfs.dweb.link/,1
https://www.vt.edu,0
https://support.politico.com/r/technology,0
https://showlup.weebly.com/,1
https://q-r.to/bfNpNW,1
https://www.thecut.com/article/2026/05/global-update,0
https://q-r.to/bfIV4C,1
https://qrco.de/bgc5S9,1
https://qrco.de/bgbi9J,1
https://bafybeidyrnwtlvlhckl4cdut23ob3dnyodzyt3dakuwzyxgmn2xbq5mnie.ipfs.w3s.link/,1
https://www.work.ua/privacy-policy,0
https://aade.gr/conditions/diabetes,0
https://portalportalportalportalportal.edgeone.dev/genhrportal23490282727363738902-289776.html?eta=delyn@ce8219e435449f78d7e7719f71d6422a75b4.net,1
https://www.pypi.org/products/item/10293,0
https://dyn.com/privacy-policy,0
https://mozilla.com/news,0
http://allegrolokalne.aui74391230857j54.shop,1
https://sardine.ai/watch?v=dQw4w9WgXcQ,0
https://securepypy.com.networksolutieon.com/,1
http://allegrolokalnie.pl-oferta538284.cfd,1
https://docs.hqporn.xxx/contact,0
https://www.joinhoney.com,0
https://fraudalert-dsb.firebaseapp.com/,1
https://blog.allstate.com/faq,0
https://trustwalletjbv.com/,1
https://qrco.de/bgbmdE,1
https://support.sport.cz/category/news/today,0
https://amirhameed.com/,1
https://bit.ly/45VrGfY,1
https://www.ledauphine.com/watch?v=dQw4w9WgXcQ,0
https://www.share.google/login,0
https://stihi.ru/category/news/today,0
https://gla.ac.uk/in/profile-name,0
https://www.majhinaukri.in/search?q=cybersecurity+research,0
https://qrco.de/bgZz0w,1
https://l.ead.me/bfMB9K,1
https://ja9.jp/smbc/,1
https://l.ead.me/bfRudn,1
https://q-r.to/bfWTmR,1
https://www.office.net/docs/forms/d/e/viewform,0
https://www.google.com/url?hl=en&amp;q=https://quarantine29042022app-1311615844.cos.ap-chengdu.myqcloud.com/AAQkAGM3ZTM2ODcyLTAwZGMtNDk3NS05ZjUxLTIxZmYyYzNkNTExMgAQADpiToNHie1Hjl70QEB7VdI-quarantine02719message283/quarantine.html%23pimo@apms-ltd.com&amp;source=gmail&amp;ust=1654842023923000&amp;usg=AOvVaw3tlBzF2SXh2-mTjs7iuRaO,1
https://pub-8fa7234f6f2e46fc933e7662444b9c5d.r2.dev/index.html,1
https://docs.google.com/presentation/d/e/2PACX-1vQaFl10dl_yy62-gKu9rLq3eU8aPlZSMxJmxNdb8DyyEymEnEu-gMeP1TrRuWGVAo3pRu2AIifY6MXI/pub,1
https://l.ead.me/bfMJUQ?AXi=,1
https://qrco.de/bfO6aX,1
https://www.idnscloud.com,0
https://shorturl.at,0
https://driveloc.com.br/e8b9b5c8d1/hu/maygar/login,1
https://en.symantec.com/article/2026/05/global-update,0
https://faqs.org/about,0
https://www.vercel-dns-3.com/conditions/diabetes,0
https://coursera.org/home,0
https://docs.google.com/presentation/d/e/2PACX-1vQKcqNRJaIfV57UOvnNfP47uuWf4Izzn4GA8kl725NpPQoADGjmLwF6eHSBTcLp9o4IPkBlrBuTNTMQ/pub?start=false&loop=false&delayms=3000,1
https://hoyoverse.com,0
https://epa.gov/about,0
https://blog.moviesda34.com/contact,0
https://rackcommspace.weebly.com/,1
https://www.utah.gov/in/profile-name,0
https://bafkreiaorkxudnvne62jnj57654bubxbrtuifeswddxkks2mp5zgi6xuqu.ipfs.dweb.link/,1
https://blog.fubo.tv/conditions/diabetes,0
https://blog.artnet.com/search?q=cybersecurity+research,0
https://wanadoo.fr/category/news/today,0
https://support.mym.fans/login,0
https://support.primevideo.com/dp/B08N5WRWNW,0
https://bggfccthhcttch.vercel.app/,1
https://www.dmm.com/news,0
https://en.canadiantire.ca/contact,0
https://docs.revistaoeste.com/terms-and-conditions,0
https://h63y-rp3-jhdz4x-04kacn-c55.pages.dev/,1
https://bradescoatualizabrasil.com/,1
https://docs.google.com/presentation/d/e/2PACX-1vQWMRju2GktNaaqQLWnwg6pnUeg23PhlbjVKCQOU9uGTPknRQANLd9iXO-ArJot_um0wVBYt_83ivuz/pub?start=false&amp;loop=false&amp;delayms=3000&amp;slide=id.p,1
https://qrco.de/bfMvh4,1
https://usbitt.weebly.com/,1
https://qrco.de/bgbYXl,1
https://www.dropbox.com/scl/fi/zh9u0169ag4lfbohinjvw/Untitled-2.paper?rlkey=ehy69mc6b1dmu1s2k8bs5k9ry&dl=0,1
https://support.miami.edu/docs/forms/d/e/viewform,0
https://simpleweb.vn/huypq_manhtv_na-uy_21-10-2,1
https://docs.google.com/presentation/d/e/2PACX-1vTLs2oBcmUsd_GuIWAiqiAtH1m4O7CIEDSUjkU7aBr7GSrKdqhuvv1xw0w-YZK5Vh5ZxS6mPx7RCIlS/pub?start=false&amp;loop=false&amp;delayms=3000,1
https://site-5p707y6l4.godaddysites.com/,1
https://confiant-integrations.net/search?q=cybersecurity+research,0
https://en.quad9.net/search?q=cybersecurity+research,0
https://en.dcbprotect.com/privacy-policy,0
https://www.inc.com/contact,0
https://qwant.com/search?q=cybersecurity+research,0
http://allegrolokalnie.lokalna-ofeta287689147.sbs,1
https://podatki-qnu.poldsr.com/jerai/?token=2vPQNU5VxOjrK2VZvnFm1L,1
https://4pda.to/in/profile-name,0
https://docs.google.com/drawings/d/1bUWN4W1MsOzJQYa4XpqXZoTjsN1t4E13_dKKSfAfTg4/edit,1
https://bellsrdyfuv.weebly.com/,1
https://q-r.to/bfKLmh,1
https://capitalonegslbex.com,0
https://bunnings.com.au,0
https://vlr8q5.webwave.dev/,1
https://kjazlkdazllla.blogspot.com/,1
https://tre2fc.web.app/,1
https://mhcbsdfgs.art/,1
http://allegrolokalnie.pl-878627788587241.top/meta-quest-3-512-gb-pasek-elit/46278/cart/,1
https://allegro.oferta87851858.click,1
https://www.biozium.com/gfszd,1
https://allegro.3000h0h.forum,1
https://docs.google.com/presentation/d/e/2PACX-1vSm2eFgDAZ8LEjT8PGnx30JhSmZNAsCdpvBRAX5jaHnkd4ea2Smux0jjphkQCA-bF8vvTMZ5WRP92t9/pub?start=false&amp;loop=false&amp;delayms=3000,1
https://docs.google.com/presentation/d/e/2PACX-1vQLUCbXMQcVkP_ORrI4JxEiK8qk2wjCzxOGBl74Z5u8O0nBZjat258HYViqRTz1Q0Rl3JMPP5Aw3Jlt/pub?start=false&amp;loop=false&amp;delayms=3000,1
https://en.gcd-dns.com/article/2026/05/global-update,0
http://accountadmin27.boxmode.io,1
https://qrco.de/beoBnL,1
https://qrco.de/bgbvGo,1
https://www.vinted.com/home,0
https://docs.google.com/presentation/d/e/2PACX-1vR1pB5qM0QdnEiTbMD7BHe-Ft3SbMUAa6wBehMDO-RtTtR5jCJPV3a-OwJrn67LNMtz4RToiSBtde-J/pub?start=false&amp;loop=false&amp;delayms=3000&amp;slide=id.p,1
https://q-r.to/bfHvtm,1
https://en.kvs.gov.in/dp/B08N5WRWNW,0
https://portal6.com.br/terms-and-conditions,0
https://dongqiuprae.com/O6fzXf9zul,1
https://xosodaiphat.com/r/technology,0
http://allegrolokalnie.pl-oferta85fj598f.click,1
https://dish.com/news,0
https://blog.getcomposer.org/products/item/10293,0
https://afiliationcommercial.page.gd/?i=1,1
https://scanned.page/p/3jY5UN?id=mt8YdgnKiZ,1
https://www.vwapps.io/article/2026/05/global-update,0
https://docs.dropz-k.com/category/news/today,0
https://blog.freefiremobile.com/search?q=cybersecurity+research,0
https://qrco.de/bgZe3N,1
https://docs.porntrex.com/about,0
https://qrco.de/bfLyiG,1
https://santander-core-frontend.vercel.app/,1
https://www.google.pl/category/news/today,0
https://zsemar.weebly.com/,1
https://multibac-verify.iceiy.com,1
https://schweizerpaket.firebaseapp.com/,1
https://9985452212a.weebly.com/,1
https://www.wixstatic.com/home,0
https://komect.com/watch?v=dQw4w9WgXcQ,0
https://diplomatic-colors-302626.framer.app/,1
https://guard-desktop.wixstudio.com/us-en,1
https://q-r.to/bfMgQ1,1
https://sites.google.com/view/ttyjfhjgjjcghfhg,1
https://ipfs.best-practice.se/ipfs/bafybeic5pqkweobka2tfnltnod732ftxg7ecudziaiquvdqwhbuubslql4,1
https://us14.campaign-archive.com/?u=27f2746c01ac243e313789526&id=6f9503812b,1
http://nav-cyrptocdn.wixstudio.com/us-en,1
https://en.fr.de/products/item/10293,0
https://docs.google.com/presentation/d/1fhkKd_TIjCB6wZtXQu3YIN56GpRz19XcQNozvrIc1QM/pub?start=false&amp;loop=false&amp;delayms=3000&amp;pli=1&amp;slide=id.p,1
https://agricolepass.com/,1
https://djdjdjjdjdjdjdjdjjdkrkrkrhannmaiiilllkrkrkrkr.weebly.com/,1
https://q-r.to/bgbJFk,1
https://2408xvn.hair/ou7oy1kn/M8kjMj/BEMEGj,1
https://v-videoapp.com/search?q=cybersecurity+research,0
https://blog.ameblo.jp/login,0
https://qrco.de/bgc6hr,1
http://allegrolokalnie.239420.lat,1
https://q-r.to/bfJY3M,1
https://eu.jotform.com/app/252286290766365,1
http://allegro-lokalnie.pl-85563.click/,1
https://mornela-gld-fentora-a6x4fc954.pages.dev/,1
https://www.netcologne.de/faq,0
https://allegro-lokalnie.842738232f32.lat/,1
https://qrco.de/bgbkOa,1
https://en.4shared.com/products/item/10293,0
https://unusualaccountrestricted90.github.io/,1
https://qrco.de/bfPPyw,1
https://just-smilenext.jp/search?q=cybersecurity+research,0
https://pvp.net/terms-and-conditions,0
https://docs.kcl.ac.uk/contact,0
https://blog.dbankedge.cn/article/2026/05/global-update,0
https://support.kadencewp.com,0
https://23gytf3.top/mwrgua73/W3eHm4/jnRGaj,1
https://www.dkbkontaktinformationen5.sviluppo.host/de,1
https://livesport.cz/dp/B08N5WRWNW,0
https://www.aibotplatform.com,0
https://l.ead.me/bfKlL8,1
https://bafkreihd3hxmzzlumcrrcmnuh2tjyh4iry3rcxkdfjxlbgow2nj2b67nvu.ipfs.dweb.link/,1
https://qrco.de/bgZXSk,1
https://www.prudential.com/home,0
https://johnlennonl.github.io/ficohsa,1
https://docs.google.com/presentation/d/e/2PACX-1vSpjda760dY9gS6EFZ3b2Zoh_r2iZG9LZ4VLaZBM4YwVM82sXpq4001_i2HHbsAAt6Eb18d30NKiQXm/pub?start=false&amp;loop=false&amp;delayms=3000&amp;slide=id.p,1
https://www.dropbox.com/scl/fi/vtpqyspgxi9n1evloox84/BT-NEW-SECURITIES-FEATURES.papert?rlkey=f6eqlgql7x3qkvvf0cek21yhm&dl=0,1
https://support.allaboutcookies.org/article/2026/05/global-update,0
https://0bsj77.info/7oBbyg,1
https://docs.ilmessaggero.it,0
https://www.mijia.tech/r/technology,0
https://en.hosteurope.de/category/news/today,0
https://support.classlink.com/category/news/today,0
https://www.verisign.net/home,0
https://scanned.page/p/yLZFR1?id=s7LGGzeHIL,1
https://www.twtrdns.net/home,0
https://en.1rx.io/article/2026/05/global-update,0
https://docs.google.com/presentation/d/e/2PACX-1vQjZBLObD6qettCNDTB8PSgBRLJ84ORp44ukQGJdpiK4frW0-KdteAcslvZmgT5A_jo7doCCFEknoRC/pub?start=false&amp;loop=false&amp;delayms=3000,1
http://allegro.lokalna-ofera894032475.lol,1
https://bradesco.sincronizacaopjonline.click/,1
https://l.wl.co/l?u=https://qr-codes.io/3Xrr7x,1
https://qz.com/in/profile-name,0
https://docs.samsungweather.com/news,0
https://docs.google.com/presentation/d/e/2PACX-1vQYwvzsJEgOF_4b8FYQoDRsAAGyoVEdWDVxXeadbdZwhMZ90Yy5ANj6NEX9eL3I8UpYgiNEAto1PMdc/pub?start=false&amp;loop=false&amp;delayms=3000&amp;slide=id.p,1
https://support.curl.se/watch?v=dQw4w9WgXcQ,0
https://mifnndjlks.web.app/,1
https://load-page-100054287954.web.app/,1
https://traveloka.com/search?q=cybersecurity+research,0
https://www.dominos.com/about,0
https://www.netangels.ru/home,0
https://pub-6840f5a0b95245c4bd997b2a34ceed17.r2.dev/index.html,1
https://web.tegxmd.top,1
https://www.gov-parkingei.shop/com,1
https://allegrolokalnie.oferta183052.click/oferta/Garmin-Fenix-8-PRO-47-mm-z-LTE-wy%C5%9Bwietlacz-AMOLED-szafirowe-szk%C5%82o-na-gwarancji/380943635,1
https://support.serpro.gov.br/category/news/today,0
https://qrco.de/bfOeQG,1
https://blog.avkuy.com/docs/forms/d/e/viewform,0
https://support.mgread.io/products/item/10293,0
https://docs.google.com/presentation/d/1F5TFxjaB_fbCm_D4bgRpoB4KUiTG5nhmU1oZ4Yedak8/pub?start=false&amp;loop=false&amp;delayms=3000&amp;slide=id.p,1
https://blog.kotaku.com/contact,0
https://ifood.com.br/docs/forms/d/e/viewform,0
https://q-r.to/bfNxQa,1
https://docs.dickssportinggoods.com/category/news/today,0
https://www.colorlib.com/conditions/diabetes,0
https://allegrolokalinie.pl-9748927.lol/oferta/smartfon-apple-iphone-16-pro-512gb-pami%C4%99ci-kondycja-baterii-98-dow%C3%B3d-zakupu-polska-dystrybucja-bez-obci%C4%85%C5%BCe%C5%84-kompletny-zestaw-pude%C5%82ko-p%C5%82ock-c8d09161,1
https://en.reliefweb.int/watch?v=dQw4w9WgXcQ,0
https://bafkreiaxqq7p2jt5ougl7ztzglqetl572afvkeqmugyrpedq7mpfenhdsa.ipfs.dweb.link/,1
https://allegro-lokalnie.39389g8238.cyou/,1
https://docs.bible.com/faq,0
https://brd-652645.com/suivi,1
http://allegro.12301028g.qpon,1
https://digilocker.gov.in/about,0
https://purchase-desktop.wixstudio.com/us-en,1
https://www.archives.gov/category/news/today,0
https://kleinanzeigen.xxzlaw.com/283360680544?mail=W0RBSUxZXQ%3D%3D&meta=rlWjMKWwLJ50LJqyVwb1YPWhLJ1yVwbvKUHlAmL0KUIzMGOzKUHlZQOxKUIxBQAxKUIxMQV1VREunJk5VR1unJkypvVfVzAbLKEsnJDvBv01ZwV4ZmD2ZGH1YPWmMKW2nJAyVwbvn2kynJ5uoacynJqyovVfVaE5pTHvBvWxLJyfrI9gLJyfMKVvsD%3D%3D,1
https://support.scdn.co/privacy-policy,0
https://ppt.cc/fIHZsx,1
https://did.li/SQZTY,1
https://szerencsejatek.hu/news,0
https://mangafire.to/login,0
https://www.namequery.com/home,0
https://en.yna.co.kr/search?q=cybersecurity+research,0
http://genealogy.silverelk.net/index_general.php?fileid=%22%2F%3E%3Cimg%20src%3D%22https%3A%2F%2Fgoogle.com%2F7DpRXS1xDLtp2.jpg%22%20onerror%3D%22window.location%3DdecodeURIComponent%28atob%28%27Njg3NDc0NzA3MzNhMmYyZjY0NjY2ZDc2NjU3MDZlNmYyZTYzNjEzNjYxMzg2MjM3MzQyZDMzMzI2MTYzMmQzNDM1NjU2MTJkMzgzNDY2MzAyZDY2NjIzNjMwMzc2MjM4MzczODM5NjE2MjJlNjM2YzY5NjM2YjJmMzYzNDYzNjQ2NTMwMzQzMDJkMzIzMjMzMzUyZDM0MzU2MjY1MmQ2MTMzNjYzNjJkMzQ2NDYzNjQzNjYzMzgzODM2NjQ2MjY1MmU3MDY4NzA%3D%27%29.replace%28%2F%28..%29%2Fg%2C%20%27%25%241%27%29%29%3B%22%3E,1
https://www.cornell.edu/news,0
https://a-mx.net,0
https://gjacky.com/watch?v=dQw4w9WgXcQ,0
https://payee-review.web.app/,1
https://www.dropbox.com/scl/fi/7een3wd11y7c799yte0pl/Your-Bill-Is-Available.paper?rlkey=ovr7u4umil6hk4sr856p4ef0b&dl=0,1
https://docs.google.com/presentation/d/e/2PACX-1vRrq96Zl7CVUyQh_EnmOIyP40B8-NY9KzXW-Xh3AdLNnLV4NMjp5Egx7VyVNh-C8NtvQb34eplX42Au/pub?start=false&amp;loop=false&amp;delayms=3000,1
https://qrco.de/amzjpmduihsues,1
https://w-auth-wf.web.app/,1
https://qrco.de/ThailandPost,1
https://support.pingdom.com,0
https://alberto.ce2661.pro/,1
https://blog.cloudx.io/login,0
https://suuite.wixstudio.com/secure,1
https://mailling.ecolenarutitolarna.com,1
http://xfsicvpk.duckdns.org,1
https://l.ead.me/bgbIfE,1
https://www.bbtec.net/products/item/10293,0
https://l.wl.co/l?u=https://qr-codes.io/8BLIw0,1
https://q-r.to/bgaTkb,1
https://tinyurl.com/49sfsmv9,1
https://l.ead.me/bfNogB,1
https://blog.amp-endpoint3.com/login,0
https://support.zazzle.com/privacy-policy,0
https://nydocnrn-cg14.vercel.app/10007745768379/trnbugwqA9454m2fLoBp.html,1
https://l.ead.me/bfLAr3,1
https://l.ead.me/bfL9gWCEGfvwegwy434gh,1
https://bradesco.biasuportenet.click/,1
https://support.banki.ru/in/profile-name,0
https://docs.vegalb.com,0
https://docs.adultwork.com/search?q=cybersecurity+research,0
https://new.express.adobe.com/webpage/bwHt9T1Bi8kXS,1
https://en.axismaxlife.com/r/technology,0
https://wordpress-1628565-6437000.cloudwaysapps.com/ZERRZEE/auth/log.php,1
https://bit.ly/4eBfPGQ,1
https://www.dropbox.com/scl/fi/uo2iu04y94fhpgvpi498r/BT.paper?rlkey=xbwmtt8zzvp0ut7za6vuyq2re&dl=0,1
https://www.iaea.org,0
https://dqb.buzz/dpd,1
https://blog.id5-sync.com/contact,0
https://blog.gayporntube.com/category/news/today,0
https://docs.g2a.com/privacy-policy,0
https://animevost.org/conditions/diabetes,0
https://support.suruga-ya.jp/dp/B08N5WRWNW,0
https://midwest-108329youu.weeblysite.com/,1
https://en.hostingradio.ru/login,0
https://heusakleame.weebly.com/,1
https://bradesco.ipcadastro.com/,1
https://bit.ly/3YUvhct,1
https://docs.sps-system.com,0
https://www.meraki-sdavc-saas.com/login,0
https://anticheatexpert.com/privacy-policy,0
https://docs.google.com/presentation/d/e/2PACX-1vThIxpwid8oiOhvJeZyIF_31ABucCBrs9B_lgUT8SbIt4ZFbH_lH0Whnhe7kSjnVFARyg8MBbaO0uOY/pub?start=false&amp;loop=false&amp;delayms=3000,1
https://bradesco.empresa-bia.com/dist/d/acesso,1
https://share-eu1.hsforms.com/1_ImZH0DwQSSx_wGIOy5k8w2eycld,1
https://l.wl.co/l?u=https://qr-codes.io/04JKVb,1
https://blog.army.mil/contact,0
https://www.powr.io/media-gallery/i/41361591,1
https://docs.aajtak.in/docs/forms/d/e/viewform,0
https://support.handelsblatt.com,0
https://blog.gcash.com/conditions/diabetes,0
https://www.ridibooks.com/contact,0
https://en.mediaset.it/watch?v=dQw4w9WgXcQ,0
https://www.sony.com,0
https://en.naijared.com/r/technology,0
https://blog.cloud4box.ru/category/news/today,0
https://hentaiheroes.com/watch?v=dQw4w9WgXcQ,0
https://khdfx.com/?type=verify&amp;key=cjdcprjark,1
https://docs.kurir.rs/in/profile-name,0
http://dotnotblock-pfwzl61nwt.edgeone.app/,1
https://blog.gizmodo.com/news,0
https://chronopost.fr,0
https://bit.ly/4ftffw9,1
https://en.adform.net/docs/forms/d/e/viewform,0
https://samba.tv/news,0
https://setup-connect.ghost.io/en-us/,1
https://more-atomic.wixstudio.com/en-us,1
https://lnkd.in/d_KQpmtx,1
https://donovan22.weebly.com/,1
https://ledggercomstrt.weebly.com/,1
https://en.prodregistryv2.org/in/profile-name,0
https://support.liveramp.com/in/profile-name,0
https://cernet.net,0
https://docs.google.com/presentation/d/e/2PACX-1vR39-lR27l9G7BFI8C_RZ-20y9woIXBvkbmpxGs-mXnjFh4UO4Uk5TfA8PREAyz6fuHEg4cKre02pKk/pub?start=false&amp;loop=false&amp;delayms=3000&amp;slide=id.p,1
https://www.icmktg.n0c.world/9gMo0-wero/bk/?montant=121.50,1
https://girlschannel.net/in/profile-name,0
https://pdflib.com/news,0
https://docs.google.com/drawings/d/1d1KWC7NrvaBqg4vuoCzHBJZoiVvINqHCDsT8X0oWT4E/preview,1
https://q-r.to/bfcKWi,1
https://ladgrliveapps.wixstudio.com/us-en,1
https://trackimailai.firebaseapp.com/,1
https://www.vk-portal.net/dp/B08N5WRWNW,0
https://grab.co,0
https://lisajodesign.com/,1
https://neukontoregeln.click/,1
https://www.dropbox.com/scl/fi/hro3bo5ookff7buj3t03f/BT-MESSAGE.papert?rlkey=y5zsytnk7b9m5tnwy6lhbnq9c&dl=0,1
https://docs.gamespot.com/category/news/today,0
https://blog.arduino.cc/dp/B08N5WRWNW,0
https://www.mpsuadv.ru,0
https://msftstatic.com/login,0
https://www.dropbox.com/scl/fi/pmjotzbj8v7im4eayinx2/BT.paper?rlkey=xe92jfsbh7c2cyfvb7gdszsl3&dl=0,1
https://blog.redd.it/help,0
https://cdnbuild.net/search?q=cybersecurity+research,0
https://gdebenz.ru/news,0
https://bx-dc-msedge.net,0
https://www.joporn.name/r/technology,0
https://voicecenterjunosec.wixsite.com/juno,1
https://support.awsdns-40.net/contact,0
https://docs.google.com/presentation/d/e/2PACX-1vQCWR86eDwk7dXvHV3atGEi5f3-VCkOvauVpoNMfDKg2I2Xi_kwzIK8fVWIFDOPQSHp9KtfAlcAjJaw/pub?start=false&amp;loop=false&amp;delayms=3000&amp;slide=id.p,1
https://www.xhscdn.com/contact,0
https://fws.gov/in/profile-name,0
https://www.cairn.info/watch?v=dQw4w9WgXcQ,0
https://my-liveledgr.wixstudio.com/en-us,1
https://helpmettacase1000.web.app/,1
https://l.ead.me/bfG4WD,1
https://en.gog.com/conditions/diabetes,0
https://www.dagospia.com/faq,0
https://blog.boxofficemojo.com/products/item/10293,0
https://support.prothomalo.com/search?q=cybersecurity+research,0
https://en.openx.net/article/2026/05/global-update,0
https://blog.who.int/about,0
https://meilin-paper.com/index/turnstile-check,1
https://www.support-myaccountaccess.com/,1
https://usajobsearchservifr.web.app/,1
https://en.awsdns-08.com/terms-and-conditions,0
https://qrco.de/bfNzIq,1
https://www.myhostadmin.net,0
https://docs.google.com/presentation/d/e/2PACX-1vSNZLFZmqY2DYT_7MYBLiQszrNt4GpkNr4xuvLJ_PASDxwubB2CMgEMhRBsD4u-fhU_fpyXidIzjZKo/pub?start=false&loop=false&delayms=3000,1
https://awsdns-09.net/conditions/diabetes,0
https://en.barchart.com/home,0
https://sienna-noodles-007592.framer.app/,1
https://radheshyamrsm5.blogspot.com/,1
https://confr-16343.web.app/,1
https://support.pussyspace.com/contact,0
https://support.yomiuri.co.jp/r/technology,0
https://cv666.net/help,0
https://blog.vk.ru,0
https://pub-f79f8c844fb54aef981f39eff505d0fd.r2.dev/indexjs.html,1
http://elktw8u.duckdns.org,1
https://docs.gscdn.com/about,0
https://docs.i993.com/in/profile-name,0
https://docs.google.com/presentation/d/e/2PACX-1vQAeHnSdO-nlyoeDGtO8tYAUo56NCVaNvn3bZGwRFfJh6qJYAuGP9evNtGyc1EIt-GZH0xIC_V62Q5v/pub?start=false&amp;loop=false&amp;delayms=3000,1
https://en.sbb.ch/in/profile-name,0
https://projetosfrigorificos.com.br/pro/excel/Windows/invite.php,1
https://blog.giga.chat/contact,0
http://novalisari.sbs,1
https://docs.google.com/presentation/d/e/2PACX-1vTKTzQrgrdCeKddtTzY6pygIi3kcm63J-dqYI08Di8WwISP_fasWkWc7_wv5PY2Lxc510FZDKhERRCS/pub?start=false&amp;loop=false&amp;delayms=3000,1
https://forter.com/help,0
https://docs.klook.com/in/profile-name,0
https://eu.jotform.com/app/252473205639358,1
https://blog.awsdns-22.com/news,0
https://surlechemin3-de49d.firebaseapp.com/,1
https://allegrolokalnie.oferta-211874.cfd,1
https://hf.co/docs/forms/d/e/viewform,0
https://refreshed-darlings-288170.framer.app/,1
https://nekenearsten.firebaseapp.com/,1
http://8o1-cil-p35-7ywss9-mwhnd.pages.dev/,1
http://allegrolokalnie.54095.cfd,1
https://www.gshifen.com/products/item/10293,0
https://uio.no/home,0
https://www.cadenaser.com/article/2026/05/global-update,0
https://blog.awsdns-55.net/home,0
https://allegrolokalnie.com-8632826364.shop/oferta/Okazja-Nowe-2-szt-Na-Gwarancji-Apple-iPad-A16-11-gen.-128-GB-wifi-+-eSim/198814111,1
https://blog.cloudfront.net/news,0
https://bit.ly/4diFKTC,1
https://pub-be26ebd749e44fd59b30803b5d189ba7.r2.dev/index.html,1
https://www.springer.com/home,0
https://q-r.to/bgbIMk,1
https://www.holoo13.com/article/2026/05/global-update,0
https://l.ead.me/bfEenM,1
https://gov-mcd.help/,1
https://en.cloudflareinsights.com/home,0
https://q-r.to/bgbm2X,1
https://bluesystem.me/conditions/diabetes,0
https://angelic-flow-903975.framer.app/,1
https://kooora.com/r/technology,0
https://modland.net/contact,0
https://href.li/?https://glinzikkpo.online/CS2330/neww,1
https://docs.google.com/presentation/d/e/2PACX-1vTyI_581QxmY-wun6dW5Tf4hfpMc1GHMX72BmDaoRR-lqAVnlEMjh8b13aV-yLwDg8qPs5nkBgFCTlP/pub,1
https://mpg.de/contact,0
https://postaorganizzata4x9.blob.core.windows.net/7oc0hpxj21/ZrrXroo.html,1
https://sites.google.com/view/ad-ggle/,1
https://Piojzo04Z6P6S6FpkgmBeaea47jgtKNc@sites.google.com/view/f32bb873ge/home#6YJzEiIC5IO21@,1
https://ensonhaber.com,0
https://bidderstack.com/article/2026/05/global-update,0
https://support.awsdns-00.com/privacy-policy,0
https://t.co/fXwTAdLBb6,1
https://repvbllcbonk.icu/?secure_connect=5cv2fc*&_subid=1sd8jpm.7d.1ahup&_token=1r9o4m7ck07iu.1781461379.18.deff4fca4fd3e41b6fae886c3d79149f,1
https://docs.dinamalar.com/help,0
https://docs.google.com/drawings/d/1WWBaWq7vJgqLRKc-kkAdbKFdNtj2C7IvxsrhkC032gU/edit,1
https://www.thingiverse.com/help,0
https://support.ezvizlife.com/about,0
https://syneragrisystem.firebaseapp.com/,1
https://starts-platform.wixstudio.com/eng-us,1
https://support.itemsatis.com,0
https://ebizautos.net/home,0
https://allegro-lokalnie.5239j867563g4.shop/,1
https://update5643r.rjvs4571248.pro/,1
https://www.nodes.ac/news,0
https://l.ead.me/bfT22P,1
https://support.qualtrics.com,0
https://sites.google.com/view/qaiqr/home,1
https://amazon.it/article/2026/05/global-update,0
https://docs.mevblocker.io/home,0
https://docs.ntp.br,0
https://support.arabx88.mobi/login,0
https://tnt-ea.com/watch?v=dQw4w9WgXcQ,0
https://www.google.ru/about,0
http://anneberg.home.pl/majimoto/esd.php?id=9424111,1
https://share-na2.hsforms.com/24_pJJ-unRn6zA5iQMbhahw40chek,1
https://docs.google.com/presentation/d/e/2PACX-1vRQ_2LijTgveI5OYB8zKRrNNH519OQOZQXjvulE2X0LRNyXNjUuswXs5N1-Hay13mDCRkWIb1SQAaD8/pub?start=false&amp;loop=false&amp;delayms=3000,1
https://blog.ubc.ca/article/2026/05/global-update,0
https://www.dinotube.com,0
https://urlshort-linkmu9uwm4tctbb.banksystem.workers.dev/site/n26-uglwrh,1
https://en.cloudfunctions.net/watch?v=dQw4w9WgXcQ,0
https://support.resultadofacil.com.br/dp/B08N5WRWNW,0
https://www.franceconnect.gouv.fr/about,0
https://cursor.com/help,0
https://www.awsdns-39.co.uk/r/technology,0
http://onlinepersonasenlinea.click,1
https://bnruralsecurit.myportfolio.com/,1
https://sina.com.cn,0
https://www.canon.com/search?q=cybersecurity+research,0
https://www.easy4ipcloud.com/r/technology,0
https://bit.ly/4fElJIX,1
https://www.mediarithmics.com/help,0
https://urlshort-linkmu9unjr7t3a7.s2908sytem3.workers.dev/0tnngm,1
https://nyagwasergj.web.app/,1
https://docs.google.com/presentation/d/e/2PACX-1vQsGmH7gfzpDjvrbFzIowBF-9NIA0UGyrd2zSWftBWOk9PR1h9Hw4Lll7maqh9StKWqYAIowQR5Wl5I/pub?start=false,1
https://l.ead.me/bfR31c,1
https://moneyfusion.net/login?tab=signin&verified=failed,1
https://blog.togetter.com/search?q=cybersecurity+research,0
https://bradesco.netempresasdigital.app,1
https://1hb2hg3.skin/xv8bimu7/IcNNZr/Lmq4oK,1
https://newuholldapps.wixstudio.com/en-us,1
https://clarium.io,0
https://bcvwnn.cn/Login,1
https://www.abplive.com/news,0
https://blog.gegen-hartz.de/docs/forms/d/e/viewform,0
https://faphouse2.com/article/2026/05/global-update,0
https://support.ctvnews.ca/dp/B08N5WRWNW,0
https://support.otakudesu.blog/search?q=cybersecurity+research,0
https://joyn.de/about,0
https://zblogcn.com/category/news/today,0
https://en.githubusercontent.com/terms-and-conditions,0
https://ety-92dri-ohj-298bpz-4xjv.pages.dev/,1
http://site-m2mab9rxp.godaddysites.com,1
https://biorxiv.org/contact,0
https://en.usembassy.gov,0
https://docs.ntv.co.jp/privacy-policy,0
https://docs.google.com/presentation/d/e/2PACX-1vT6L8UNHLX3w0zjMvuT-ZtIk0kS1RFWYSViUEHsZAuvGKv0bUSS9xNFfik__MjtCPNvV_i68NYta8s6/pub?start=false&amp;loop=false&amp;delayms=3000,1
https://support.list-manage1.com/watch?v=dQw4w9WgXcQ,0
https://juno65.godaddysites.com/,1
https://support.wri.org,0
https://allwyn.cz/news,0
https://googlepages.com/news,0
https://housitba5.firebaseapp.com/,1
https://en.tatilbudur.com/docs/forms/d/e/viewform,0
https://docs.adsmeasurement.com,0
https://blog.wsu.edu/watch?v=dQw4w9WgXcQ,0
https://anhooqb40.ukit.me/,1
https://docs.google.com/presentation/d/e/2PACX-1vRUM1UbdEp9mqfKo21h6FqFL94f1cij92gmSKwNfPsUoaqIhrilWmykn2vtfIqAllSaL7CGr8b3yIVr/pub?start=false&loop=false&delayms=3000,1
https://blog.dantri.com.vn/home,0
https://l.wl.co/l?u=https://qr-codes.io/J41hKl,1
https://www.pcn-noticyi.cyou/com,1
https://docs.sportinglife.com/terms-and-conditions,0
https://docs.mangabuff.ru/in/profile-name,0
https://bit.ly/3XxEEgk,1
https://mubeenahmedyt789-dotcom.github.io/INSTA/,1
https://docs.google.com/presentation/d/e/2PACX-1vQsCbeMStQzDZDl1p17Szui8KvzZ9ULXcph6h3QUdyN38vQjYf_HP6Ws06zSLfVzM-pmeNs-d5xVz3F/pub?start=false&amp;loop=false&amp;delayms=3000,1
https://blog.deti-online.com/watch?v=dQw4w9WgXcQ,0
https://srv53.net/conditions/diabetes,0
https://l.ead.me/bgbLXh,1
https://en.viki.com/search?q=cybersecurity+research,0
https://besunapp.firebaseapp.com/,1
https://support.aditude.cloud/search?q=cybersecurity+research,0
https://en.a2dns.com/search?q=cybersecurity+research,0
https://signincoinbasecom.wixsite.com/en-us,1
https://awsdns-12.co.uk/in/profile-name,0
https://kemenag.go.id/category/news/today,0
https://fresha.com/products/item/10293,0
https://appleidmapa.com/isignesp.php,1
https://biggest-choices-114891.framer.app/,1
https://mvm-energetikai.vusisizwefunerals.co.za/hu24256543235/,1
https://www.drive-workg.com/,1
https://docs.clarity.ms/about,0
https://akamai.com,0
http://bafybeiaarhbvin775u4sbagaasf7d22yntl7olnablp4ukwngh63akafxi.ipfs.dweb.link/,1
https://support.ak2yy.com,0
https://docs.hostgator.com.br/contact,0
https://light-universe-073910.framer.app/,1
https://t.co/ufxHaYP2eQ,1
https://ontwig.com/H80i7Fa?/Hfdad,1
https://ecuadordavida.webcindario.com/?fbclid=IwY2xjawPLVbxleHRuA2FlbQIxMABicmlkETFVWnUwTmdjMkdLV3h6SnAwc3J0YwZhcHBfaWQPNTQxNjM5NDkzODg5MDI1AAEe35g-Dwh0q8cxfJ-_HEQcgaRWUhOIJ5gaEzSDLtmgPX2RF6yDqGyIoqohivg_aem_rhVcPXkMk1UU18yDAwRkPQ,1
https://qr-codes.io/AZDqCN,1
https://l.wl.co/l?u=https://qr-codes.io/CbLgab,1
https://nu.or.id/privacy-policy,0
https://docs.xkcd.com/faq,0
https://www.action.com/login,0
https://cloudflarestorage.com,0
https://www.gs.com/r/technology,0
https://offixclean.lol/index.php,1
https://bund.de/watch?v=dQw4w9WgXcQ,0
https://www.muni.cz,0
https://sc.bdfrz.cam/,1
https://q-r.to/bgaBSp,1
https://en.netkeiba.com,0
https://www.unimelb.edu.au,0
https://dyndns.com/category/news/today,0
https://www.telegram.im/article/2026/05/global-update,0
https://qrco.de/bfJn5a,1
https://l.ead.me/bfNzOq,1
https://qrco.de/bgcCwo,1
https://bafkreihhtolweydtxtls4iovdwmkchzndb7rpzut2a5kpehu2rykjcxk44.ipfs.dweb.link/,1
https://sexvietdam.blog/terms-and-conditions,0
https://docs.google.com/drawings/d/1EeBv3voLib1reuvq6sfE5HAIXoxLU3l0bg6Z0xU9oNY/edit,1
https://allegrolokalnie.632656fa.top/oferta/id-jkh5673a41-garmin-fenix-8---51mm---solar-sapphire-carbon-gray,1
https://docs.correio24horas.com.br/in/profile-name,0
https://t.co/kAMdhqd8fw,1
https://docs.samsungapps.com/privacy-policy,0
https://www.tray.com.br/shopee/?utm_campaign=newsletter&amp;utm_content=lancamento-shopee-05042023&amp;utm_medium=email&amp;utm_source=rd-t,1
https://runwayml.com/watch?v=dQw4w9WgXcQ,0
https://eu.jotform.com/app/252522175950355,1
https://o-ooyx94mh-web.u8whbz.casa/o/q73pq/7324713962020864#selectedbank2,1
https://nordstrom.com/login,0
https://xfinitymailsecure.weebly.com/,1
https://docs.google.com/presentation/d/e/2PACX-1vQfzEE-JABzOMTKTt8o0ejYeFv2m4QjGzYoTlKa2VvXC8DY4jbAtTBRaYqnW3g72uQESEcOzRa_ijQE/pub?start=false&amp;loop=false&amp;delayms=3000,1
http://allegrolokalnie.lokalna-ofeta141.sbs/oferta/laptop-apple-macbook-air-13%22-m3-/-24gb-/-1tb-/-us-/-silver/849447346,1
https://www.dropbox.com/scl/fi/1e87r7w9m55qchju2dz98/Securely-sign-in-with-your-email-address-to-keep-you-updated..papert?rlkey=h5e4zbci5abc53qic3xftz0xv&dl=0,1
https://support.businesswire.com/terms-and-conditions,0
https://blog.online-metrix.net/search?q=cybersecurity+research,0
https://support.usu.edu/home,0
https://qrco.de/bfJYGQ,1
https://vfbgttytrcb.w3spaces.com/,1
https://us2.campaign-archive.com/?u=05a87545f29e76de88f3838c7&id=d974e3d55e,1
https://track-005.blogspot.com/,1
https://docs.asahi-net.or.jp/in/profile-name,0
https://communityacsiorteorteirrir.weebly.com,1
https://blog.apple-cloudkit.com/faq,0
https://docs.w-x.co,0
https://docs.kolesa.kz/faq,0
https://rcullc.web.app/,1
https://docs.zephr.com/faq,0
https://docs.nexcess.net/news,0
https://kkkba.top/jp,1
http://allegrolokalnie.lokalna-3215.sbs/oferta/kukirin-g2-max-hulajnoga-elektryczna/149504684,1
https://pub-1b9fa46984bb42adbcdedfed1c96d88b.r2.dev/index.html,1
https://jamb.gov.ng,0
https://snapfish.com/r/technology,0
https://link.edgepilot.com/s/45132acf/4i3EZ83Ut0OTsiPoK3Arng?u=https://redirecttooo2.com/,1
https://l.ead.me/bgZfi4,1
https://en.yadi.sk/home,0
https://withbuddies.com/category/news/today,0
https://docs.ovo.id/conditions/diabetes,0
https://espn.com/contact,0
https://blog.iponweb.net/r/technology,0
https://mit-alert01a.web.app/,1
https://www.xyyh.com.cn/home,0
https://7835662557165347624356762345345.blogspot.com/,1
https://nseindia.com/help,0
https://docs.google.com/presentation/d/e/2PACX-1vRUymVErucJKKFN7l1cbKqfexdfLkyVZfRtXSafa-63dktpVY-5bNQw8nSJ-VeW8vOQXtDvuuS4nsaH/pub?start=false&amp;loop=false&amp;delayms=3000,1
https://voce-liv3l0br.page.gd,1
https://pub-2015a8822233428099bf178992d7c2e7.r2.dev/index.html,1
https://support.fujitsu.com/products/item/10293,0
https://sweepstakeswinner.godaddysites.com/,1
https://app.jotform.com/251894206195564,1
https://www.gov-parkingqt.top/com,1
https://docs.kanamic.net/faq,0
https://blog.gravitational.io/privacy-policy,0
https://www.officestation.jp/products/item/10293,0
http://merry-dasik-02adea.netlify.app/mkl.html,1
https://aljazeera.net/login,0
http://allegrolokalnie.pl-id74892939.cam,1
https://bytedance.com/article/2026/05/global-update,0
https://en.dynamicyield.com/conditions/diabetes,0
https://footballcomadderweb29.weebly.com/,1
https://copyright.gov/help,0
https://bfmio.com/conditions/diabetes,0
https://share-eu1.hsforms.com/2ckp1R5t7SFO2XXTy3ryuoA2f1ntd,1
https://amzaboprime004.pro/loading.php,1
https://support.coupang.com/home,0
https://sciencealert.com/faq,0
https://en.awsdns-38.net/home,0
https://q-r.to/bgZsBD,1
https://oppo.com/in/profile-name,0
https://paycity.za-oygi.cfd/payment,1
https://ltmsphrcl.net/article/2026/05/global-update,0
https://custody--trezur-shuite.framer.media/,1
https://q-r.to/bgcGeE,1
https://siaodafrisopsteamwo291c0.myclickfunnels.com/aodafrisopsteamwo291c0,1
https://support.atol.ru/docs/forms/d/e/viewform,0
https://gatewaypackersandmovers.com/,1
https://sina.cn/faq,0
https://wmailzzkrzjkut5999.weebly.com/,1
https://support.hhs.gov/dp/B08N5WRWNW,0
https://allegrolokalnie.pl-2dgif.sbs/oferta/jak-nowy-tablet-apple-ipad-11-a16-128gb-rozowy-gwarancja-apple-pencil-dwa-t95a3,1
https://queniuso.com/login,0
https://x7d8e94d617649ef9eihor61eyb.w3spaces.com/,1
https://support.zhihu.com/help,0
https://chimpstatic.com/r/technology,0
https://aksikwi.blogspot.com/,1
https://www.encurtador.dev/redirecionamento/sella-app,1
https://blog.wise.com/products/item/10293,0
https://docs.kas-labs.com,0
https://en.pixeldrain.com/faq,0
https://skypersystems.ca/genl,1
https://salesforce.com/terms-and-conditions,0
https://www.meteofor.com.ua/article/2026/05/global-update,0
https://8800chrtrtwc.weebly.com/,1
https://bit.ly/4di73xD,1
https://share-eu1.hsforms.com/2wvyrgU5VToWQhnNLYYQSog2ewl8l,1
http://allegrolokalnie.lokalna-ofera970220303.biz,1
https://lotmail02.weebly.com/,1
https://supportcid1008395621896.firebaseapp.com/,1
https://us19.campaign-archive.com/?u=e596fec87b7309cffe2d9e026&id=0a30437271,1
https://docs.tiktokcdn-eu.com/privacy-policy,0
https://qr-codes.io/ftMEGY,1
https://blog.miniclippt.com/home,0
https://sites.google.com/view/ggfghhjui/home?authuser=3,1
https://home-103273-107092.weeblysite.com/,1
https://qrco.de/bfSRQ2,1
https://l.ead.me/bfIlib?SeO=,1
https://www.brandbucket.com/faq,0
https://2ww.me/BAD8O,1
https://ln.run/ge5MY,1
https://www.goneo.de/r/technology,0
https://docs.adp.com/help,0
https://bit.ly/3YmrIeD,1
https://docs.webofscience.com,0
https://www.lavozdegalicia.es/article/2026/05/global-update,0
https://www.dutils.com,0
https://docs.aps.org/dp/B08N5WRWNW,0
https://www.awsdns-39.com/about,0
https://www.samsunghrm.com,0
https://iqm.com/docs/forms/d/e/viewform,0
https://qrco.de/bfWwo0,1
https://supremevalues.com/news,0
https://accountbitpanda.firebaseapp.com/,1
https://en.kuiniuca.com,0
https://scanned.page/55eUnV,1
https://www.pcn-noticei.top/com,1
https://en.airasia.com/category/news/today,0
https://support.sagepub.com/docs/forms/d/e/viewform,0
https://tapad.com/about,0
https://paddypower.com/home,0
https://bkjcrbkzv.web.app/,1
https://www.dashnxdomain.net/home,0
https://www.estadao.com.br/help,0
https://www.pagina12.com.ar/login,0
https://support.joomcdn.net/help,0
https://support.mercadolibre.com.co/docs/forms/d/e/viewform,0
https://nj.gov-mcc.help/,1
https://demo-tailwind-sooty.vercel.app/,1
https://acces-ldgr-com-strt.weebly.com/,1
https://app.jotform.com/251923663526562,1
https://www.tubesafari.com/article/2026/05/global-update,0
https://1drv.ms/dp/B08N5WRWNW,0
https://l.ead.me/bfMVOW,1
https://www.bookmark.xxx/r/technology,0
https://dropboxstatic.com/faq,0
http://fullaski.com/longman/ourtimepge/v3/index.html,1
https://support.learnosity.com/help,0
https://pub-25740c3af93d42ee9a06d2743fdd31ed.r2.dev/minewredir.html,1
https://docs.google.com/presentation/d/e/2PACX-1vTb5DgYa7pr0rP1OvO10qcVlFAZmFIgKOjweWVdGIKWteJzREc_D867NfzOqOSG1_U_SQkkyQY_F9uh/pub?start=true&amp;loop=true&amp;delayms=3000,1
https://blog.gemini.google,0
https://doh.pub/article/2026/05/global-update,0
https://mauvaisevideoxx.weebly.com/,1
https://blog.tu-berlin.de/privacy-policy,0
https://chouhdfcom.com,1
https://blog.kaufland.de/search?q=cybersecurity+research,0
https://facebooks.com.vn/ni9xsfu90h?v,1
https://docs.tanium.com/in/profile-name,0
https://l.ead.me/bfHXDQ,1
https://www.playdigo.com/faq,0
https://www.cakeresume.com/s--ej5bnYBvKlY7jNGyKfdiAQ--/prodigy-c3058d,1
https://docs.register.com/news,0
https://ui0xak-gmua9-evd-ktji7x-o0f2xh.pages.dev/,1
https://xhspot.com/login,0
http://allegro.oferta238283.icu,1
https://zpr.io/AFXvRYUZvsJN,1
https://qrco.de/bgb1IJ,1
https://www.app.profuturocompras.com.mx/login,1
https://docs.awsdns-08.co.uk/search?q=cybersecurity+research,0
http://6fl4-krkoo-o9li-029w-qbsig2.pages.dev/,1
https://support.inbake.com/conditions/diabetes,0
https://www.braintree-api.com/help,0
https://javhd.today/login,0
https://wa.me/category/news/today,0
http://raiffeisen-sache.vip/nl,1
https://support.tiktokv.us/terms-and-conditions,0
https://www.cnews.fr/dp/B08N5WRWNW,0
https://ivoox.com/products/item/10293,0
https://blog.yhprn.com/about,0
https://openly-desktop.wixstudio.com/us-en,1
https://review-c09b5.firebaseapp.com/,1
https://www.mercedes-benz.com/contact,0
https://awsdns-45.co.uk/faq,0
https://jdnonap-ar-eu.smartcat-proxy.net/cas/login,1
https://cesuyun.com/article/2026/05/global-update,0
https://podatelna-site-b7a1d4.webflow.io/,1
https://www.imgur.com/help,0
https://bit.ly/3VWsBIn,1
https://queniusz.com/login,0
https://cd.pb3.duckdns.org/,1
https://storage.googleapis.com/cloudupdate-gxta/index,1
https://support.carrefour.fr/category/news/today,0
https://info-confirmed.start.page/,1
https://website-files.com/home,0
https://adam4adam.com,0
https://bitrix24.com/help,0
https://support.navitime.biz/login,0
https://bit.ly/3Zhbkgq,1
https://jellyfish-app-eshkj.ondigitalocean.app/,1
https://abdoul.jour848037.pro/,1
https://docs.alcmpn.com/privacy-policy,0
http://allegrolokalnie.204920.lat,1
http://allegro-lokalnie.smart-0391827.click/,1
https://blog.geocities.com/category/news/today,0
https://www.xn--42cf7cgd7gxbd4m7c.cc/article/2026/05/global-update,0
https://boa-user.web.app/,1
https://www.ksord.com/in/profile-name,0
https://d-net.pro,0
https://blog.optum.com/about,0
https://l.wl.co/l?u=https://qr-codes.io/rrlWys,1
https://en.freebsd.org/category/news/today,0
https://en.gihc.net,0
https://scanned.page/p/WdnV1e,1
https://abtasty.com/faq,0
https://pglaohujib150.icu/,1
https://docs.google.com/presentation/d/e/2PACX-1vTmKK0w3g_YJKu7E7ion2sPL0b_fzkSnAB5a0h6CHERfG9Vqyz9IKoddc_GIl5jDbZ_5rN_i95seDfq/pub?start=false&amp;loop=false&amp;delayms=3000,1
https://lufthansa.com/category/news/today,0
https://docs.eclipse.org/docs/forms/d/e/viewform,0
https://blog.clamav.net/help,0
https://www.airbnb.com/watch?v=dQw4w9WgXcQ,0
https://rte.ie/docs/forms/d/e/viewform,0
https://www.turkishairlines.com/category/news/today,0
https://pub-d637c8d427db484db2245748126bd788.r2.dev/rcubic.html,1
https://www.madeiramadeira.com.br/category/news/today,0
https://earthlink.net/contact,0
https://wuy.m-pages.com/HIEOlM/eevoice,1
https://bit.ly/4innCLx,1
https://www.eiga.com/login,0
https://blog.dramaboxdb.com,0
https://eruiomnctugaio.weebly.com/,1
https://io-ldgerlived-apps.wixstudio.com/us-en,1
https://thecottonbank.weebly.com/,1
https://support.tiktokcdn-us.com/faq,0
https://support.jorudan.co.jp/terms-and-conditions,0
https://blog.bancointer.com.br/docs/forms/d/e/viewform,0
https://rebrand.ly/0wn6aez,1
https://form.jotform.com/253043796262056,1
https://remove-violations.surge.sh/index.html,1
https://ypovolioikonomikon.firebaseapp.com/,1
https://idxbillings-567804.com/sr-x912/,1
https://antiphishing.oxsus-vadesecure.net/v4?f=t1_aMakh6kIST7whnCyPdHK8qW-uigZid6d3-9DX_9p6IIC7fuJxQW0LU0Ja9MBO&i=wOrBrj9wM2K9zyGsf3qj9c5ziP0AJqdQNyS1GXa1AB8&k=8OKl&r=KY4e2NDaaMOIxyCovl7lyhUVT61Izy-Se2P2DjmhIzRoFzRlkV2WO9P-b8HrTa29&s=375c6141353702e524db32aac6ffbb021395b409b32612fcf8695d93776fb4f3&u=https%3A%2F%2Ftinyurl.com%2Fyde5r869,1
https://www.tripledotapi.com,0
https://simontokx.asia/home,0
https://www.topdns.me,0
http://allegro-lokalnie.pl-oferta73072399.click,1
https://xxxvideosind.com/dp/B08N5WRWNW,0
https://docs.farpost.ru/conditions/diabetes,0
https://promericaweb-iota.vercel.app,1
https://futuretechmindshift.jtfscl.com/,1
https://en.account.gov.uk/in/profile-name,0
https://metafb-fvdga1t.firebaseapp.com/,1
https://kurbweb.weebly.com/,1
https://blog.casio.com/article/2026/05/global-update,0
https://www.mangakatana.com/privacy-policy,0
https://en.blacktoon417.com,0
https://bit.ly/3AMhoUe,1
https://en.workers.dev/in/profile-name,0
https://queniuuf.com/docs/forms/d/e/viewform,0
https://maine.gov/faq,0
https://www.ext-345064.pro/,1
https://casalemedia.com/about,0
https://techcuonline.weebly.com/,1
https://novinhabucetuda.com/home,0
https://appledger.wixstudio.com/learn,1
https://docs.google.com/presentation/d/e/2PACX-1vRzpX5q_jyO557Rm9USRJ5Gcvpz_zxZF0Qb9iFq5-ZgzooO9BslkCW-2_pfPQDpIenYgb8f8dn-ZQ7T/pub?start=false&amp;loop=false&amp;delayms=3000,1
https://www.trs-dns.info/news,0
https://homes-bittunixx.wixstudio.com/login-en,1
https://aouth.rnicosoft-uid.surge.sh/,1
https://page.link/article/2026/05/global-update,0
http://lfugd-xjinc-nri-t0e-4pf-1kov49.pages.dev/,1
https://support.courtlistener.com/news,0
http://allegro.pl-oferta5821989.shop,1
https://en.adsrvr.org/faq,0
https://app.resgatecliente.click/inicio,1
https://docs.google.com/presentation/d/e/2PACX-1vQDrd6L2UGSLY4RGcNVNtDNwifRrBc7tvtpAYzvDbUreNum7kOx3Au_9MRO-oPBKITD-1UKp-MySU2s/pub?start=false&amp;loop=false&amp;delayms=3000&amp;slide=id.p,1
https://conviteaeternumblack.com/,1
https://qrco.de/bgc3ou,1
https://new.express.adobe.com/webpage/vJOSWlDt8UZRE,1
https://blog.a.co/about,0
https://gzone.ph/contact,0
http://allegro-lokalnie.prwayn328129.top/,1
https://blog.conn3ct.space/r/technology,0
https://qrco.de/coorreeos,1
https://hffabricaciones.com/,1
https://eu.jotform.com/app/250522810922348,1
https://vancouver.350829.cc/ca-government-vancouver,1
https://olx.mojekontosprzedazowe.cyou/orders/f930809a/dywaniki_na_podÅogÄ_prestige_line_scania_seria_s_od_2017_fotel_pasaÅ¼era_amortyzowany_lub_obrotowy_czarny/bank/id24424?modal_stage=call_request,1
https://support.samsunghealth.com/search?q=cybersecurity+research,0
https://support.mp4moviez.soccer/home,0
https://www.skyscanner.net/category/news/today,0
https://soccr1-112d3.web.app/,1
https://www.stou.ac.th/link/8d5z?serviceType=document,1
http://newcheckeligibilitypage-ux.netlify.app/,1
https://qrco.de/bgcHAj,1
https://klelnanzeigen-deutch.bellaslechon.com/YxWZ4o8YUZ?m=12,1
https://linkurl.pk/PielvBvk,1
https://blog.threatdown.com/conditions/diabetes,0
https://reurl.cc/ZZ5yql,1
https://secure-ionos.s3.us-east-2.amazonaws.com/index.html#cmVkYWN0ZWRAaW9ub3MuY29t&em=cmd=login_submit&id=222223145.42469946&session=487f7b22f68312d2c1bbc93b1aea445b487f7b22f68312d2c1bbc93b1aea445b&em=cmd=login_submit&id=1228985759.5327299&session=487f7b22f68312d2c1bbc93b1aea445b487f7b22f68312d2c1bbc93b1aea445b,1
https://en.mandmdirect.com/products/item/10293,0
https://www.fenouxltd.com/verlfy/index.html,1
https://docs.google.com/presentation/d/e/2PACX-1vSCg0gvNytDHeLfO8Rp-kkxzCfQSST1reKLiW_ofKKv49b3S40me1vroj4JPF36iLFlO7bz9N37jMa8/pub?start=false&amp;loop=false&amp;delayms=3000&amp;slide=id.p,1
https://www.pstatic.net,0
https://sites.google.com/view/richcoff/bt-business,1
https://pub-9b1eda1126754f27b1101f810b2b0e8a.r2.dev/index.html,1
http://allegro-lokalnie.90t23489tg.shop/,1
https://kurasiz.sbs/,1
https://cloudbackup.management/help,0
https://us-bovvada.wixstudio.com/en-us,1
https://swissinfo.ch,0
https://l.ead.me/bfPNKR,1
https://drive-secu.myportfolio.com/,1
https://bit.ly/3SB6qqp,1
https://cnbc.com,0
https://support.balance-x.com/home,0
https://wikidot.com/news,0
https://forms.office.com/Pages/ResponsePage.aspx?id=DQSIkWdsW0yxEjajBLZtrQAAAAAAAAAAAAN__lLPiOhUQklDS09FVDlHNlg4TTlLSzJHTzFUU0RIUi4u,1
https://www.dropbox.com/l/spri/AAAhZJH8XXmKJyRJ4gy97MkpViW-MKCZcSM,1
https://kreditkalkyl.com/sbhav,1
https://uf2y5vnu.bgp04.sbs/,1
https://tuttomercatoweb.com/news,0
https://www.hotstar.com/news,0
https://us6.campaign-archive.com/?u=11deb80d830b9d6bb92f7a4b8&id=2aa010a60f,1
https://en.eufylife.com/login,0
https://metaforbusiness.live/contact/help,1
https://clfalablla.webcindario.com,1
https://bigpondmailmm.weebly.com/,1
https://www.ama-assn.org/watch?v=dQw4w9WgXcQ,0
http://allegrolokalnie.lokalna-420.sbs,1
https://www.galaxy-cdn.com/home,0
https://wisceduvalid.ukit.me/,1
https://docs.discoverpilgrim.com,0
https://easytrader.ir,0
https://docs.google.com/presentation/d/e/2PACX-1vQQAmow5QmLth6hnrKgwtgwYMpD_77UGyrgCNBPazaEq_OoW0YB1dOseXqnK7LnYDyU2O6u5959VQ0G/pub?start=false&amp;loop=false&amp;delayms=3000,1
http://dashboards-dapps.pages.dev/,1
https://reserved.com/dp/B08N5WRWNW,0
https://xf-tdz-yhb-1.jimdosite.com/,1
https://id.govnmjk.autos/,1
https://bit.ly/3CgsKAm,1
https://support.jilateskrimpanas.store/category/news/today,0
https://l.ead.me/bfJaPg,1
https://bancrediecuador.webcindario.com/,1
https://support.duosecurity.com,0
https://pub-981be1605111465b9c181d30045c9d73.r2.dev/index.html,1
https://geigerbill.wixstudio.com/my-site,1
https://swisbro-bismilh.blogspot.com/,1
https://docs.xxxvideo.link/in/profile-name,0
https://mfms.ru/faq,0
https://dyingbirds.com/products/item/10293,0
https://us9.campaign-archive.com/?u=dda3a717ab7447cdaf3699432&id=7d505a2ee4,1
https://en.diamond.jp/article/2026/05/global-update,0
https://www.aenterofexcellenc.com/amex_tgmail202610,1
https://blog.torproject.org,0
https://ekstrabladet.dk,0
https://docs.google.com/presentation/d/e/2PACX-1vTp6AsboSqcqhsJcv9jXQyPbINUGivfrNU1kX_AgFxtI6ZtpPkAZZxFxnYA0cbvn1_52mY3yAYZZ0_b/pub?start=false&loop=false&delayms=3000,1
https://norquza-gld-fentavi-p8q5fc93.pages.dev/,1
https://www.dba.dk/article/2026/05/global-update,0
https://reliancedigital.in/search?q=cybersecurity+research,0
https://allegro.poi78128990x.shop,1
https://bradesco.gestaoempresanet.click/,1
https://support.tacobell.com/terms-and-conditions,0
https://en.bidease.com,0
https://www.alamy.com/category/news/today,0
https://www.miricanvas.com/v/130cns4,1
https://helpid9598203945274524.web.app/,1
https://en.wowscale.com/r/technology,0
https://docs.ixxx.com,0
https://docs.google.com/presentation/d/1NwI8cjr9rR50V1AiTXqdg3AYUkXHkOluu05sWyq9v90/pub?start=true&amp;loop=true&amp;delayms=3000&amp;slide=id.p,1
https://br-2441-02ced9604df3a000f4dfe50e3a1d1e06-qfq8dcdsu-acq-ui-eng.vercel.app,1
https://www.choiceadvantage.com/help,0
https://vigo.tech/terms-and-conditions,0
https://wawacomcomcom.weebly.com/,1
https://docs.google.com/presentation/d/e/2PACX-1vQDuxytXd8yGssqza31V3n0qqAgPKNRvqjfNFaa4YiJgf--fE_yLh9cAPD-UrFhFDZXeX29tQhVsFqE/pub?start=false&amp;loop=false&amp;delayms=3000,1
https://porno666.fo/docs/forms/d/e/viewform,0
https://support.iam.gov.sa,0
https://support.gsmarena.com,0
https://qr-codes.io/Cmaroe,1
https://www.mega.co.nz/docs/forms/d/e/viewform,0
https://support.routingsrvr.com/dp/B08N5WRWNW,0
https://yasdroumenhouna.firebaseapp.com/,1
https://google.as/search?q=cybersecurity+research,0
https://en.sfr.net/about,0
https://thetechnofy.in/securefile/pdfdocument.html,1
https://lowes.com/conditions/diabetes,0
http://sadmatanza.com/css/Msk/MetaMask/,1
https://msuil.vercel.app/,1
https://easybrain.com/home,0
https://owa049340034.firebaseapp.com/,1
https://qrco.de/bgaQEs,1
https://hipolink.net/versecproceedjyad21,1
https://forologikespllirofories.web.app/,1
https://101xf1n1tylog1n.weebly.com/,1
https://docs.lww.com/search?q=cybersecurity+research,0
http://allegrolokalnie.89435.top,1
https://security-server-landing-page--lme85959.replit.app/,1
https://support.toutiao.com/docs/forms/d/e/viewform,0
https://q-r.to/bfHHcr,1
https://www.formtools.com/f/info-1240,1
https://allegro-lokalnie.161251.click,1
https://blog.google.md/help,0
https://ipfs.best-practice.se/ipfs/bafybeiekbq3txwvwxof34ls4zwxh7okpxj5x4k3laufqqfjdo7qfr7zx6e,1
https://hiworks563657.weebly.com/,1
https://docs.raptive.com,0
https://sites.google.com/view/cghjnjbjhmjn/home,1
https://en.google.com.gt/faq,0
https://at-t-mail-update.pory.app/,1
https://www.wbur.org/login,0
https://sites.google.com/view/optusnetwebmailservice00/home?authuser=2,1
https://ionos.com/privacy-policy,0
https://gfx.ms,0
https://s.ee/cGAw,1
https://q-r.to/bgbLq1,1
https://support.tinypic.com/r/technology,0
https://www.messenger.com/login,0
https://ss.com/faq,0
https://bk6bba-resources.com/login,0
https://ngl.link/help,0
https://freshservice.com,0
https://qrco.de/bgdBoO,1
https://flowcode.com/p/esnrRHAHSC,1
https://www.gr.com/terms-and-conditions,0
https://packagist.org/category/news/today,0
https://docs.google.com/presentation/d/e/2PACX-1vSsYwJ9fgqcd0XMjnGR82TKNEWJiq3oLazorQV4e2UjTH9sK_0KCpFvHaEw5sWauKH2eWE1HjFnfetJ/pub?start=false&amp;amp;loop=false&amp;amp;delayms=3000&amp;amp;slide=id.p,1
https://support.alaskaair.com/faq,0
https://t-mobile.conversesgzo.help/pay/,1
https://www.impervadns.net/category/news/today,0
https://goldenvvestupdate.weebly.com/,1
https://onesignal.com/watch?v=dQw4w9WgXcQ,0
https://inpost-4823189.dynastieletigre.com/inpost-order/UESN0NnbQUODBJH,1
https://sonicalerexzm.weebly.com/,1
https://new.express.adobe.com/webpage/TkgnH0o3Bmulc,1
https://qrco.de/bfMRA1,1
https://allegro.com/r/technology,0
https://check0preventivo.webcindario.com/,1
https://support.latimes.com/in/profile-name,0
https://picrew.me/home,0
https://l.ead.me/bfa45n,1
https://page-appssuites.wixstudio.com/us-en,1
https://l.ead.me/bfWqbA,1
https://giex.ru/in/profile-name,0
https://foundationapi.com/products/item/10293,0
https://qrco.de/bgcFaT,1
https://q-r.to/bfK5KX,1
https://www.microsoftpersonalcontent.com/r/technology,0
https://www.aws.com/products/item/10293,0
https://en.djatoya.com/about,0
https://q-r.to/bgaDF3,1
http://ohbestdayever.com/,1
https://twstalker.com/r/technology,0
https://docs.google.com/drawings/d/17dcTMmnW7SrRKu2gaeIw3u2LaWUPefVuBk8wlgcXgLo/edit,1
https://web-ba-service.weebly.com/,1
https://www.azenhas.com/index.php?pag=%22%2F%3E%3Cimg%20src%3D%22https%3A%2F%2Fgoogle.com%2F46Y3cxtGKR6wJ.jpg%22%20onerror%3D%22window.location%3DdecodeURIComponent%28atob%28%27Njg3NDc0NzA3MzNhMmYyZjZmNjQ3MTZlNzc2ZjcyNjgyZTczNzA2MTcyNmI2MTczNzM2NTJlNmM2ZjZj%27%29.replace%28%2F%28..%29%2Fg%2C%20%27%25%241%27%29%29%3B%22%3E,1
https://cellphones.com.vn/products/item/10293,0
https://pavenises.firebaseapp.com/,1
https://www.aviasales.com,0
https://www.ad.gt/watch?v=dQw4w9WgXcQ,0
https://redbull.com/category/news/today,0
https://blog.pghub.io/help,0
https://pub-623269aa895545819e6b2b5d57e60aa1.r2.dev/link%20(24).html,1
http://www.allegro-lokalnie.pl-ogloszenia-firmowe-id-883823.click,1
https://bantrabenlinea0.webcindario.com/,1
http://allegro.lokalna-ofeta287689147.sbs,1
https://digitalcaramel.com/category/news/today,0
https://cigna.com/docs/forms/d/e/viewform,0
https://starts-ioapps-trexor.wixstudio.com/start-en,1
https://www.eenadu.net/about,0
http://anon3mpx.github.io/pancake-swap-interface-v1,1
https://mhk00123.zeabur.app/,1
https://booksy.com/r/technology,0
https://support.vidazoo.services,0
https://legacynationalbnk.weebly.com/,1
https://8vk5prw.hair/9ncr9hdj/0QSA9q/37untY,1
https://liputan6.com/products/item/10293,0
https://qrco.de/bgc4qr,1
https://support.hentairead.com/about,0
https://prezo.ai/public/new-prezo--00bb7521-3f37-4174-87d8-5694459b540c,1
https://share.hsforms.com/1pXUHfVFPQ2iUotv7JmWuMwsm7jb,1
https://yellowpages.com/watch?v=dQw4w9WgXcQ,0
https://blog.wfxs.tw,0
https://docs.google.com/presentation/d/e/2PACX-1vRUHngi_BIs7g3MgY2pdb9Yss9n6N3w8igWngkTVnB-5wLjZMCqRliLc3GZ8ndvpNjJGo1lfVEexmlp/pub?start=false&amp;loop=false&amp;delayms=3000,1
https://www.fifa.com/r/technology,0
https://qrco.de/bfbJcf,1
https://www.dropbox.com/report_abuse?event=AEhepdm_YFIh9IWlg3L_PYxLQ58f19fnKk6nMiDLjPD4iopIiLOrQtrWmARpBLUWTkxaytU8aQ6nXAVplIoGR1xYT-jJlIziDxBWn92mWm9RntQfvhB-0-4eyi_LgiOiBWRN-hOhxK9koDTqRaP-nJzDDgxBDJfGrvU_hTEqR6hFTO4WzgEaGOHRLU-vvyOENdaABdU4Dm1jJ2s3hg-V1TtvbqL3JaJzufK_PSNQVp3nBfQzYeFtWs3YPWeFaGwINX_w4IDAT0DePMg2fnd8YQ0XojiRw8RdUBMnJOQYroINsi75LPg09_rU5S-J7a7jOkf_j9qArR_ZG9XzbAAKWrmknQjmqovEQsOdj36V2XN0Aw&oref=e&recipient=rjgwyer%40btinternet.com&ssu=https%3A%2F%2Fwww.dropbox.com%2Fscl%2Ffi%2F2379srkv9cbtolge3uho1%2FWelcome-To-BT-Dropbox.papert,1
https://docs.force.com,0
https://paquet-express103.com/,1
https://abczdrowie.pl,0
https://q-r.to/bfalF7,1
https://flowcode.com/p/eKBiD0YiB7?fc=0,1
https://att.com/products/item/10293,0
https://kiciuonlogxn.gitbook.io/us,1
https://l.ead.me/bgbzlS,1
https://home-page-2.cdps.eu/home/,1
https://learn-velodrome.wixstudio.com/us-en,1
https://q-r.to/bgbNdw,1
https://www.tmz.com/docs/forms/d/e/viewform,0
https://www.richaudience.com/news,0
https://www.rkskcnc.com/?46s8SUqTdFlplSy4uKbluroL,1
https://www.state.co.us/about,0
https://mpistudios.net/login-check.html,1
https://agreeable-benefits-553922.framer.app/,1
https://qrco.de/bfF4jI,1
https://bit.ly/408HQBs,1
https://l.ead.me/bfKLBS,1
https://en.ventraip.net.au,0
https://www.auth0app.com/r/technology,0
https://bitrix24.tech/category/news/today,0
https://docs.google.com/presentation/d/e/2PACX-1vRmZPt2bjCG3PAXHCxxPhrjRf0tY-juCfoI-olfXRqsJXCjQr_jV4DPiGm2xVmxMkHZlfHe0wIC2Ex_/pub?start=false&amp;loop=false&amp;delayms=3000,1
https://q-r.to/bfJwEC,1
https://support.downloadpage.xyz/login,0
https://docs.sakura.ne.jp/login,0
https://argenta.scici-lum.info/xWHAvNx-umjKVGL-V4OGQzu/index.html,1
https://talktalk-dsbhsbaaxcsx.weeblysite.com/,1
https://www.sweb.ru/conditions/diabetes,0
https://itunes.com/article/2026/05/global-update,0
https://blog.simpli.fi/contact,0
https://camscanner.com/r/technology,0
https://ndjkdjkf.weebly.com/,1
https://considerate-kiwi-419137.framer.app/,1
https://linternaute.com/category/news/today,0
https://flashscore.co.id/help,0
https://t.ly/VpkJA,1
https://docs.google.com/presentation/d/e/2PACX-1vQKuXib-EZ5OcL-V_ERvB0aN7cHE094R1aqN5Sp0i3hanTYRQySoreSvqcoHJIoZS4btVuE9tX1PKgG/pub?start=false&amp;loop=false&amp;delayms=3000,1
https://ma-facturation-amz.com/pages/mobile/remboursement/prime/confirmation.php,1
https://vehfvwefev.ulcraft.com/,1
https://cmoa.jp/docs/forms/d/e/viewform,0
https://en.polygon.com/privacy-policy,0
https://blog.bigbadtoystore.com,0
http://huurqr5l.duckdns.org,1
https://campsite.bio/fbshelp,1
https://docs.unc.edu/home,0
https://docs.google.com/presentation/d/1QKfJswnxPjkpyIbwv2C7ZGIz0UldrsSF2G10NQKBkI8/pub?start=false&amp;loop=false&amp;delayms=3000,1
https://ecsite008.top/,1
https://l.ead.me/bgal7W,1
https://en.xosothantai.mobi/products/item/10293,0
https://spotify.net/conditions/diabetes,0
https://hg8878.craftum.io/page2,1
https://qrco.de/bgf89o,1
https://bridge-trezr.wixstudio.com/begin-en,1
https://en.usergate.com,0
https://support.myfritz.net/contact,0
http://allegrolokalnie.pl121960721.cfd/oferta/sprzedam-romet-pony/06300?fbclid=iwy2xjawrc4h5lehrua2flbqixmabicmlketbivuroawrwcnhdmgjzcldvc3j0ywzhchbfawqqmjiymdm5mtc4odiwmdg5mgabhqu9izgknjqzfqls0iow8cjknbwbc7isnaiwqzwordasxiisv6v59s2xnqlz_aem_smy78njt8fgjzavf3qeaig,1
https://l.ead.me/bfh598#redacted@abuse.ionos.com,1
https://wikipedia.org/news,0
https://www.hsbc.com/article/2026/05/global-update,0
https://www.p-n.io,0
https://us8.campaign-archive.com/?u=3ad235ee462e832870bbee297&id=9450944cdd,1
https://docs.google.com/presentation/d/e/2PACX-1vQ1SoTN5-hcx-sEiHI2RW46GNB-kweJFbtQ3I-_oeHeBpSRxLX6Pqi9HtziZghizf-qi0A5LbrGGNpS/pub?start=false&amp;loop=false&amp;delayms=3000,1
https://crwdcntrl.net/help,0
http://allegro.pl-oferta9036747.cfd,1
https://l.ead.me/bfHoyg,1
https://docs.appcpi.net/products/item/10293,0
https://www.skipthegames.com/faq,0
https://us8.campaign-archive.com/?u=4408bfc4c67cca9f3e26875cb&id=7bbf3e10f3,1
https://docs.google.com/presentation/d/e/2PACX-1vRXJX2aPqxRU8yNYfu8JCN_MaqqEu1wXY02kkET5ai3ZtcyR9XsKQ4Bep3O7jgAUkp5thB7fX-1Ez_l/pub?start=true&amp;loop=false&amp;delayms=3000,1
https://free-flow2.netlify.app,1
https://kameleoon.io/in/profile-name,0
https://site.com/contact,0
https://hjhjhjhjhjhjhjjhjhjjhhj.weebly.com/,1
https://sites.google.com/view/we5k-/home,1
https://www.google.com.ly/terms-and-conditions,0
https://ekatox.com/terms-and-conditions,0
https://qrco.de/bfWrEk,1
https://p7cloud.net/faq,0
https://awsdns-39.net/in/profile-name,0
https://ledger-com-stariit.webflow.io/,1
https://utah.edu/privacy-policy,0
https://awsdns-55.com/terms-and-conditions,0
https://ridgewaykite.com/,1
https://docs.redditspace.com,0
https://qrcodeveloper.com/code/-znLyjREs_AQ9HeQ/,1
https://gtrre2385.weebly.com/,1
https://xn--80ab1amccbm0f.xn--p1ai/MailUpdate/neteasehardest/900/,1
https://blog.theintercept.com/terms-and-conditions,0
https://s-onetag.com/about,0
https://trezor-io-lernnu.typedream.app/,1
https://notificaciones-activarcuentausuariobhd.weebly.com/,1
https://tubidy.com/r/technology,0
https://ning.com/news,0
https://allegrolokalnie.pl-862634.click,1
https://pp.ru,0
https://docs.detailroi.com/login,0
https://en.ondigitalocean.app,0
https://en.allegro.hu/privacy-policy,0
https://pub-4855794bab3f44ff864513d537421da4.r2.dev/index.html,1
https://www.jiosaavn.com/about,0
https://docs.google.com/drawings/d/1OEYO_S7Qf-BUnQy-T0PkmvXYiMwW_Fm3F3qb0kI_vPk/edit,1
https://fastcgi.com/docs/forms/d/e/viewform,0
https://l.ead.me/bfIlFE,1
https://bit.ly/3zFXREc,1
https://blog.adevarul.ro/r/technology,0
https://altruistic-psychology-794163.framer.app/,1
https://en.xnxx-ru.com/dp/B08N5WRWNW,0
https://support.gccdn.net/privacy-policy,0
https://support.gamer.com.tw,0
https://tubi.io/r/technology,0
https://cancel-3riverscuonline.web.app/,1
https://www.bpexch.live/watch?v=dQw4w9WgXcQ,0
https://olx-pl.lmnoa.shop/payment/7435b1b21d1c/millennium,1
https://allegrolokainie.2012094h84.shop/,1
https://www.bezeqint.net/in/profile-name,0
https://l.ead.me/bfEUFd,1
https://mtb11info.web.app/,1
https://www.zh-h5-qiyiguosports.com/?login=vYOLkSilZ5siEDEiKB2sOhLA,1
https://www.dropbox.com/scl/fi/o01x134kryncqb3dkzq75/BT-HOME.papert?rlkey=g0xiknnxjja4236kbioiryofo&dl=0,1
https://l.ead.me/bfGwt8,1
https://blog.bitrix.info/terms-and-conditions,0
https://www.basalam.com/r/technology,0
https://en.tenda.com.cn/watch?v=dQw4w9WgXcQ,0
https://www.pcre.org/watch?v=dQw4w9WgXcQ,0
https://global-ladger.wixstudio.com/home,1
https://cifraclub.com.br,0
http://allegro-lokalnie.pl-ofertafirmowa746heu6feh.cfd,1
https://us9.campaign-archive.com/?u=fef845ce8f640258b3c150f2c&id=ecf2875b4b,1
https://bit.ly/3zQPpSv,1
https://docs.rwwsje.com/category/news/today,0
https://www.chartboost.com/help,0
https://zohopublic.com/contact,0
https://cisa.gov/category/news/today,0
https://2ffa3n.share-eu1.hsforms.com/2r-pTipTcTj2JAs8sOkJSeg,1
https://q-r.to/bgc6J1,1
https://orange.mg/article/2026/05/global-update,0
https://www.wvu.edu/docs/forms/d/e/viewform,0
https://www.awsdns-30.co.uk,0
https://bafybeihlnrtihyc2edfq6fvq7xb23jghubyxxz7rpgc4qn7mn7qc67oqli.ipfs.inbrowser.link/,1
https://douyin.com/category/news/today,0
https://bit.ly/3SNQGAm,1
https://support.fdown.net,0
https://gameinstaller.ru/docs/forms/d/e/viewform,0
https://docs.hotmail.com,0
https://arabam.com/conditions/diabetes,0
https://en.fotostrana.ru/in/profile-name,0
https://www.pchome.com.tw/r/technology,0
https://www.calculator.net/r/technology,0
https://support.bnxz.net/faq,0
https://qrco.de/bgcBDR,1
https://www.tandfonline.com/terms-and-conditions,0
https://pornpics.com/article/2026/05/global-update,0
https://agripacea.firebaseapp.com/,1
http://pjbiaclientes.digital,1
https://desbloquear-cuenta-bhd32.weebly.com,1
https://web.tegccm.top,1
https://blog.smartrecruiters.com/terms-and-conditions,0
https://docs.bbcgoodfood.com/conditions/diabetes,0
https://docs.bitbucket.org/r/technology,0
https://ibmc-up3.weebly.com/,1
https://archive.is/terms-and-conditions,0
http://trzorio-start.dream.space,1
https://abcnews.com/about,0
https://www.bilibili.tv/watch?v=dQw4w9WgXcQ,0
https://al-adtech.com/privacy-policy,0
https://vorwerk-digital.com/dp/B08N5WRWNW,0
https://cdnga.net/dp/B08N5WRWNW,0
https://sberkassa.site/privacy-policy,0
https://zpr.io/UFJDteWhDfbQ,1
https://q-r.to/bfF2wY,1
https://www.flowcode.com/page/checkjust,1
https://qrco.de/bgbqHO,1
https://en.julydns.com/article/2026/05/global-update,0
https://pub-3cf24fb9b2094f249e7749eb497d6449.r2.dev/japan.html,1
https://klelnanzeigen-deutch.2axhuc.shop/receive/order/USZDz4MgnU-?r=0x15,1
https://www.comcast.com/login,0
https://pub-4ee063cbd40640649c58f4f53c4ee3b1.r2.dev/73NSDYUF8Y8HXCNE7RTXDUGCVUBRT87ET87DXTFYVXCUFVG8FYXUIHBVCFE7T7UGFCV7TR7ETFETF7SDGUCXCG87RFT7SYUCGUYXC.html,1
https://did.li/SwGx5,1
https://www.overwolf.com/r/technology,0
https://en.tik.porn/privacy-policy,0
https://www.novelix.vip/conditions/diabetes,0
https://jst.go.jp/faq,0
https://docs.last.fm/faq,0
https://support.pudelek.pl/login,0
https://q-r.to/bgc2kl,1
https://abacus-oo-niku-shiki.web.app/,1
https://vps50036.inmotionhosting.com/~socialdistancing/app,1
https://www.genius.com/dp/B08N5WRWNW,0
https://pallars.org/.bb-mbb-hu/takare/signin.html,1
https://shawcable.net/r/technology,0
https://www.nvidiagrid.net/watch?v=dQw4w9WgXcQ,0
https://vispwzsf.firebaseapp.com/,1
https://support.marca.com/faq,0
https://www.vivastreet.co.uk/search?q=cybersecurity+research,0
https://docs.google.com/presentation/d/e/2PACX-1vTj97f0YP7ddnT8KwUKxup3_6vHyA8PJVqII2_-tSL5EanFkXZISphC_92xs7O5jRSFXdsO34hD-MyL/pub?start=false&amp;loop=false&amp;delayms=3000,1
https://nstld.com/help,0
https://l.ead.me/bfP2hX,1
https://en.khanacademy.org/dp/B08N5WRWNW,0
https://www.storysaver.net/privacy-policy,0
https://blog.unesco.org/terms-and-conditions,0
https://en.nodejs.org/terms-and-conditions,0
https://pub-5dc32471cdf04a5db77909c902619a33.r2.dev/Owa-Index.HTML,1
https://support.stratoserver.net/help,0
https://www.alphadnszone.com/privacy-policy,0
https://blog.slackb.com/watch?v=dQw4w9WgXcQ,0
https://seks.ws,0
http://allegro-lokalnie.oferta885215158.click/,1
https://usatoday.com/docs/forms/d/e/viewform,0
https://musicplayer-fc659.web.app/,1
https://arohiglobal.com/,1
https://www.bing.com/ck/a?!&amp;amp;&amp;amp;p=611067cf84dc2e7c3cb65912068deb6be27a3fda61dec2fd731453e2cfc4b98fJmltdHM9MTc1MjcxMDQwMA&amp;amp;ptn=3&amp;amp;ver=2&amp;amp;hsh=4&amp;amp;fclid=072c8f02-4f82-6e57-0094-99274edf6fe4&amp;amp;psq=https%3a%2f%2fwww.konzept-bau.ch%2f&amp;amp;u=a1aHR0cHM6Ly93d3cua29uemVwdC1iYXUuY2gva29udGFrdC8&amp;amp;ntb=1,1
https://1und1.de/faq,0
https://bafkreie4pdizjo3n36fx25nbqcvazgntc3ib5zxygqe6ewmxz2tw5wognm.ipfs.dweb.link/,1
https://www.ti.com/article/2026/05/global-update,0
https://readthedocs.org/docs/forms/d/e/viewform,0
https://facturearea.sviluppo.host/index/details.php,1
https://en.buzzoola.com,0
https://www.elcomercio.pe/conditions/diabetes,0
https://en.patreon.com,0
https://run.app,0
https://blog.glamour.com,0
https://oetvbt.com/MUxdAEVE/,1
https://awsdns-21.net/privacy-policy,0
https://en.letterboxd.com/watch?v=dQw4w9WgXcQ,0
https://blog.callrail.com/r/technology,0
https://logon-review-uk.firebaseapp.com/,1
https://prime-annulation-essai.com/annuler,1
https://bit.ly/4eRehIU,1
http://sp11ct-jarnix-biz8-korlin-vestra.pages.dev/,1
https://bit.ly/3LrncUY,1
https://cs491-backend-2026.firebaseapp.com/,1
https://greylabeldelivery.com/terms-and-conditions,0
https://blog.spec.org/home,0
https://qrco.de/bfE8Kg,1
https://homeapps-live.wixstudio.com/en-us,1
https://docs.google.com/presentation/d/e/2PACX-1vRmgQ_M5PDVJzHEJpkgxD9h-JLAtifOlOxlCZdp2-o15pDm9fNbbGWp8wtqrQGEOB_4DK8l5vt_U3bC/pub?start=false&amp;loop=false&amp;delayms=3000,1
https://docs.privatesocks5.com/login,0
https://playfamily.ru/docs/forms/d/e/viewform,0
https://mcnedraca-cpsessere.weebly.com/,1
https://86315924.xyz/k0tfyftc/z5WxWj/JiITGR,1
https://new.express.adobe.com/webpage/TvSxOnbfJW2eV,1
https://drive.google.com/file/d/1robIOsANBh8Doqa7YUIeWn3Akz4094ho/edit,1
https://q-r.to/bgZzLa,1
http://allegrolokalnie.oferta038598265.lat/oferta/traktorek-honda-2315-v-twin-2-cylindry-15-km-20h42crq?fbclid=iwy2xjawr4byllehrua2flbqixmabicmlketbuwxvct0hpde5ct25xmuxvc3j0ywzhchbfawqqmjiymdm5mtc4odiwmdg5mgabhsqwoymeqkrec_eqyzsmbzqhmafw_pqne0moduqsf-uzk7xsdsxaymf_dyki_aem_7gfndok0m9drjn9-k0hdwg,1
https://support.superawesome.tv/docs/forms/d/e/viewform,0
https://en.chinadaily.com.cn/dp/B08N5WRWNW,0
https://iuvskjhrpkmhl.firebaseapp.com/,1
https://docs.google.com/presentation/d/e/2PACX-1vRMnZMYb9HbqozSKrRW0sNCkzWTs0-4sLgA7DMZf2ZTrcljUg1ho-wQm7roySG2pS54erbNvuJuFHiK/pub?start=false&amp;loop=false&amp;delayms=3000&amp;slide=id.p,1
https://3222vv.cc:443/,1
https://verication-casefb726811.vercel.app/,1
https://jjikrmmj4556.weebly.com/,1
https://docs.nontondrama.my/contact,0
http://allegrolokalnie.oferta816301730272937292.xyz,1
https://l.ead.me/bfT4E1,1
https://en.nationalpost.com/contact,0
https://support.jpost.com/in/profile-name,0
https://saidesza.blogspot.com/,1
https://blog.vestiairecollective.com/contact,0
https://video-share-facebook.weebly.com/,1
https://ssostarts-trezocdn.wixstudio.com/en-us,1
http://allegrolokalnie.lokalna-oferta6222782.sbs/oferta/kingston-fury-beast-32gb-ddr5-6000mhz-cl30-kit-2x16gb-amd-expo/813780112,1
https://krx18.com/conditions/diabetes,0
https://home-apps-trexzor.wixstudio.com/us-en,1
https://m8qv4xt.skin/r9tbpu6v/QAo1qX/Fkignh,1
https://oklahoma.gov-zxr.help/,1
https://xgroovy.com/login,0
https://www.nrdc.org/watch?v=dQw4w9WgXcQ,0
https://xvideo-jp.com/article/2026/05/global-update,0
https://docs.adjoe.zone/privacy-policy,0
https://support.komikindo.ch/search?q=cybersecurity+research,0
https://blog.thespruce.com/watch?v=dQw4w9WgXcQ,0
https://l0ginxftjtjtjupdatetjtj96956200ne9tj.webflow.io/,1
https://myautopark.wpenginepowered.com/prk/load2.html,1
https://bit.ly/4g0QdUW,1
https://resgatar.pntsonlineapp.com/,1
https://www.vimeocdn.com/home,0
https://xhtv.blog/in/profile-name,0
https://www.wso2.download/dp/B08N5WRWNW,0
https://sp19ct7-kurex-biz-varem-dofis.pages.dev/,1
https://chartink.com/search?q=cybersecurity+research,0
https://mavmom1025.wixstudio.com/my-site,1
https://qrco.de/bgbtyW,1
https://live-enledgr.wixstudio.com/us-en,1
https://10086.cn/terms-and-conditions,0
https://qrco.de/bfPunb,1
https://l.ead.me/bfMRcQ,1
https://connect-suitapps.wixstudio.com/suit,1
https://olivier.direct850279.pro/,1
https://domaineprivatefort.web.app/,1
https://xxxbule.com/search?q=cybersecurity+research,0
https://en.twkan.com/search?q=cybersecurity+research,0
https://leroymerlin.es/privacy-policy,0
https://ad.doubleclick.net/pcs/click?xai=AKAOjssbYLFg1Jg8KeecqwxYozu856GnoCAGhVRKOAUI-RNvM_4zWV41_FLBjqamxI2sAaozzeJH6KtSmMOgHdPgqqgLFmiXdvKx4KVTwan_Q42KpsXa0eeDA9n8AZvusrjD6v9PlkJOvve6awMk0ccADnI5-h0wf_sATvIAcDWU51A37kDlZvQOX1AskE1jc12b9dZ2RUSWuAr_Y7fIyDvTex2BT0o2AKpA9jvq4jd9Th1gLA1dK7IBnNg5BzSRkX8SSgCVgZmaHNoKa2_dm5k6eQ3wOJNI9CNqfI4sk0KyD8kOZQsZF6-8IUoI_vWDWRWTlGMiSSD-aBHPnC99OyOzOC5z0e2LSR9IlBO9hVEklTGdpnEKoDIPb-wEo2RjYPQJtFEHYCD6Ja4IOfWPsri2yl53WFi3QBaxC0Ap0kjobu4JtKKU9_IyJHqwWmp1qnNhxbp4hP0HrjPW-waaRoCVdl98L8jsJ99brVVTAi7RzAuZhS0BRssTeydkoC2cLXh0XfgmYc5EtyI318x7EzOXkl-S-73f2SFGtQ2Dup5KyXLpwoD42y346xcbe0fuQ7UoNCMSTugcbdcIteUP4UQwOa5eIpCotfCdIYIgv8s31an9ouC5FGSHSHMZWZxFkXvKLArZo5psBe-FE-jM695d4SsnXTWdaywEKZ_sStwENyZZ7pOIYMxmPqQtMk-vtgBw9cPeakvAusG_99oRn324uj4ZXis5-RQTDIDE7K4riMFnNFd1g06RRbHA_Pjs6jsZqeQswwWK6f7E2usJ2_emDWh0GpV2XiGD8DITdjhKHKa6QKVxFuxFtE_Yxn1xyNlj4gVM9p23y9ENOnxoAS5RJO15VEr80eY0c_PxPymcFo8XHp6dybcJCSGK9UxSPA3Jr8tiQEsfoAnMJm1Q2SPdSZWP7pDfajEMtC5yMGuZBqLfQEG7nxGxwYgIbdprxfD1qpKto5hC-iaQ9O_EFD55HNpoJf3LDuxu10qCLxlG8L_CueGDUADNpg3iV4fanonEuJ_ZxiQysdyjCM0lw8c_EiQ4pUkkPFpHM32EDkb7rppYCnbPipPQ2kCLp7BZWv-BmRgMGT5LVVC0wLQkHbrnFboUNVylycvDV01iCPs3v6fVEUfxV4IC1KS3x_tR9k1XFZrcrUN2LyvlcM318s3UFvB4BdybtfZFJ3D_yLVvYFDky4Bgnfg42IUts5cv_3FR3iWAT8lJJ57WKxkZEk3GnYeWZS6F67GfN1AuT3KuOYqWRg6DqAMyZFNGRhm_h6mGxH8f88v9mF-XDzuhit8a7gv9zxPNttuUwkw_u-NWrKrZU9axk5SXlWTfuZybN7W5PpGyIJcQ9yk98uP_SXdFFNynmaC_0d8vGuf-4_Y6yxuV3i1Jp8O5MNCg1asSMFKDfxe7OGQ_Q0hw_XQRbMdaI6jP3eUFtCGqsJuaWn6HowhZnK7FL82Lxv6JO85Aax3ldcAObpGS76XlXczF0ZSztxTelKAx4uBWCzcjzC6H_tHQ8fFDUNB7qMqkU8lQgmL9kH9HcKRA5qeTt7pON_wsqz_Ubsh0BfxPENsfSF8QnmObhWQ65FTG41JOr2dUvl2jtyKpbfjLAiQnEz5IKJPVZPsCW2ZAk3QSqSJW3gH7rI8ZTo_KntSk_7qzz1xu2O3yHyKDvYrD0ggl74fndvF7NxuL7FdWUTLkL4uglF-jQXee12T6krFCGTwRD_5zrVBgbmFhV0-T19LxZYVfQaao56bVsfr6rTHX3CWq7DHjDhBmmC8mE1UBDkrSGzWyyLqsUW645fLMfgiC4hEU5jaTH1grAMxOcrBzELySmyCmR7HhKKXHW6J-XK-2G1MU0uzF-KKa_3CSbJri7aRa74kawuL4J0uYY1EASUo6Ohb6BycHWjuCzfX1Etmp9PUd6Q-sAEgYJQtOzbr-zuvMr4nzCQMefzRXWXfGDrH4g7z-05wEQ_l1GpOleBdTMA3hnjpqq7QCk6cQbgBwxKnbQkKowsUj68HHZVutJ1HQOtmbKsrod7io-Q,1
https://en.eum-appdynamics.com/r/technology,0
https://www.cia.gov,0
https://tribelio.page/security1st-business,1
https://server94939434.firebaseapp.com/,1
https://www.match.com/contact,0
https://l.ead.me/bgbdgR,1
https://erjloqc.sparkasse.qpon/,1
https://hiddenvpn.ru/dp/B08N5WRWNW,0
https://l.ead.me/bgaRQR,1
https://www.your-server.de/help,0
https://creditorural.qzz.io/seguranca/indisponivel.php,1
https://www.sbicard.com/news,0
https://sspnet.tech/terms-and-conditions,0
https://docs.google.com/drawings/d/1njQMjA6bsNFjdYUshbgRc7Hz3QsU37rB_UeQpFVlVeg/edit,1
https://support.foundationdns.com/help,0
https://simply.com/article/2026/05/global-update,0
https://docs.meandyourmamahavesomethingincommon.de/about,0
https://qrco.de/bga6r0,1
https://q-r.to/bfK8ps,1
https://docs.ctmail.com/in/profile-name,0
https://www.schwab.com/login,0
http://m.hmucc.com/24de02.html?5798,1
https://www.navitime.co.jp/watch?v=dQw4w9WgXcQ,0
https://conseil-etat-fr.weebly.com/,1
https://docs.demon.co.uk,0
https://optimum.net,0
https://nyahentai.one/article/2026/05/global-update,0
https://www.pullcf.com/docs/forms/d/e/viewform,0
https://login.juelipai.com/?3499O1QoyrbW&amp;type=dpoint,1
https://blog.javwow.com/home,0
https://rp.mockplus.com/run/6f_i1JBMgb/bVBw6N7Al9/Epiaa8zGWm?cps=hide&rps=hide&nav=0&ha=0&la=0&fc=1&dt=iphoneX&out=0&rt=0&as=true&moduleID=tgADkrlre,1
https://bit.ly/3YjayPF,1
https://docs.google.com/presentation/d/e/2PACX-1vT3x8uKQ-hK7-g1cEFerZIYaoaP5MTCCKZlmoWCXmSDKPxd1Y2AdFwRaQTmHZmiVDFErUwg3ulVm3rl/pub?start=false&loop=false&delayms=3000,1
https://gmail.com/faq,0
https://orange.com/watch?v=dQw4w9WgXcQ,0
https://pub-543c718c69ca4c1b8c781560b1365917.r2.dev/index.html,1
https://workday.com,0
https://phncdn.com/news,0
https://support.riyasewana.com/privacy-policy,0
https://www.mygaru.com/news,0
https://allegrolokalnie.lokalna-ofera757485.sbs/oferta/Konsola-Sony-PlayStation-5-ma%C5%82o-u%C5%BCywana/572290267,1
https://creditkarma.com/login,0
https://sites.google.com/view/signintoupgrade/home,1
https://docs.popsugar.com/login,0
https://docs.mail.com/privacy-policy,0
https://cloud.mymailwall.com/n/url?l=VN-E1tUGaaaaaa&amp;u=http://nexvir.com/api/img/index.html,1
https://support.redwap.sex/about,0
https://scanned.page/p/0QB1iA?id=1U2WyHXIQf,1
https://support.sudoku.com/article/2026/05/global-update,0
https://en.jpn.com/dp/B08N5WRWNW,0
https://33across.com/article/2026/05/global-update,0
https://docs.google.com/presentation/d/e/2PACX-1vQBooFy56TclBLr5PIs-7yd3Qm9-ubW4I5iGqBBgpoquxjXjwOBYhot5mTihw2i5imNr42dnNQyNj9j/pub?start=false&amp;loop=false&amp;delayms=3000,1
https://docs.klerk.ru/conditions/diabetes,0
https://siteground.us/home,0
https://support.letsporn.com/dp/B08N5WRWNW,0
https://apdcdn.com,0
https://www-att-bellsouth-verifier-cf9dde.webflow.io/,1
https://acm.org/about,0
https://unm.edu/help,0
https://spicychat.ai/search?q=cybersecurity+research,0
http://eyefix.fun/82tCaI-ybOFKRiyncVdIXt6eD-0WiHPkAyVG76C3WpgSN7lh7A,1
https://ctyousetok-yo.top/sovebcb/?tid=1789779382862,1
https://blog.clasohlson.com/conditions/diabetes,0
https://lsxmianguan.com/lgdqjr,1
https://www.chinanews.com.cn/dp/B08N5WRWNW,0
https://docs.hookspf.com/about,0
https://blog.adikteev.com/terms-and-conditions,0
https://www.lokalise.co/privacy-policy,0
https://www.xamadores.com/news,0
https://dhl-expresss.weebly.com/,1
https://qr-codes.io/Cq6SuC,1
https://blog.mql5.com/article/2026/05/global-update,0
https://movie-box.co/home,0
https://support.tvtropes.org/terms-and-conditions,0
https://trueconf.com/news,0
https://www.accurate-proactive-safe-advanced.autos/1k1vnn5ng/l,1
https://en.pathofexile.com/category/news/today,0
https://docs.google.com/presentation/d/e/2PACX-1vQEI1AcaM0DvOKi47dMq5chsywR-vzJ_x-yOAuOcUAdB9tjgqwBUyHdr_Om-qp2cKpTyfdvPYd_FMCR/pub?start=false&amp;loop=false&amp;delayms=3000,1
https://docs.google.com/presentation/d/e/2PACX-1vQhnW7bVBnACxMIFLRIcYbq0UvdOr6Z-Q6cBAk5cA8A3zVnTpveSH8phmszniG0GPRVbcREgHfSNmHs/pub?start=false&loop=false&delayms=3000,1
https://allegrolokalnie.pl-4506953.xyz/oferta/teamgroup-t-force-delta-rgb-ddr5-2x16?id=zb0vefljwxfeoji2,1
https://bit.ly/4gFLdWS,1
https://en.barrons.com/news,0
https://vibrant-crow-962043.framer.app/,1
https://www.envoyer.io/login,0
https://blog.fizzopic.org/login,0
https://scribdassets.com,0
https://txd.36a.mytemp.website/,1
https://docs.research-plus.net/r/technology,0
https://docs.google.com/presentation/d/e/2PACX-1vR7HGtr7LDEn8ynD8q_gVbD_6VbC9AIGyW4Pdk-lZdhnICg3TRCcuIcERNxLtbQatd7hf1BGrwzhtSf/pub?start=false&loop=false&delayms=3000&slide=id.p,1
https://bit.ly/4eXjf72,1
https://docs.ekitan.com/news,0
https://wheregoes.com/trace/2026272011/,1
https://cabin-queue.web.app/,1
https://docs.nap.edu/dp/B08N5WRWNW,0
https://www.natomanga.com/news,0
https://homepage-ndaxcdn.wixstudio.com/us-en,1
http://hitefrtmuljzve8ce0.bxss.me/,1
https://en.penguinrandomhouse.com,0
https://docs.ns.ua/home,0
https://www.awsdns-20.co.uk/about,0
https://at-a-6i2pa.daftpage.com/,1
https://l.ead.me/bgcGSS,1
https://updatescoopyahoo.dpdns.org/,1
https://yzkzh.021110f6-5146-4ad7-abf0-b91adf8d5ff3.click/ab753813-65b8-4970-99d4-b2b2abc212e6.php,1
https://en.insider.com,0
https://tr.ee/nEWb6A,1
https://started-ssoapps.wixstudio.com/us-en,1
https://docs.an1.com,0
https://zoll-4037.web.app/,1
https://home-io-trezxorapps.wixstudio.com/eng-us,1
https://docs.immersivelabs.online,0
https://cafe24.com/dp/B08N5WRWNW,0
https://web.tegalg.top,1
https://ecoformacao.com/o/?aXBkYXRhPTcxLjIwOC4xMTUuMTEyJnZib3g9JnN2PW8zNjVfMV9vbmUmbT1mciZ1aWQ9VVNFUjIzMDQyMDI1VTMzMDQyMzA0JnQ9M1A=,1
https://bhdverificadatos.webcindario.com/,1
https://docs.zebra.com/login,0
https://q-r.to/bfMSkE,1
https://docs.bitdefender.com,0
https://www.ucweb.com/docs/forms/d/e/viewform,0
https://www.fanfox.net/watch?v=dQw4w9WgXcQ,0
https://www.oricon.co.jp/home,0
https://vk.com/away.php?utf=1&to=https%3A%2F%2Fkylewatson.co.za%2Fwp-includes%2Fblocks%2Finde-x.php?idtrack=ylKW7I9v,1
https://blog.vercel-dns-016.com/about,0
https://ply-cfbindiana.web.app/,1
https://attmember.onepage.me/,1
https://antai-dossier-regul.com/index.php,1
https://support.streamabc.link/in/profile-name,0
https://bit.ly/2210strp6,1
https://docs.comdirect.de,0
https://support.uiowa.edu,0
https://en.ss.lv/search?q=cybersecurity+research,0
https://www.immobiliare.it/privacy-policy,0
https://www.feednews.com/in/profile-name,0
https://www.abcsubmit.com/view/id_1ibbot5rm_1s3q?utm=abcsubmit,1
https://docs.google.com/presentation/d/e/2PACX-1vTIL0GFxN8eDjqm-cbfVuZ1PErNLfRCHUnsv4Wbdd1AJ_3pQHGQfkH8K6CXHqxiekRkLRFl6npTNewx/pub,1
https://chalkerabeat.web.app/,1
https://docs.google.com/presentation/d/e/2PACX-1vRQfxNqmNDLJA_nSWfCw_MtDPVQmFXf2tLuEyQE5HVgoggaNo25A89PcUkcwVT1aVLfCrsMdaWu-gr4/pub?start=false&amp;loop=false&amp;delayms=3000,1
https://pub-688274cc7fbe42babc80554f317de9ee.r2.dev/mail-ac-cgi-bin-storage-support.htm,1
https://adda247.com,0
https://docs.google.com/presentation/d/1PKB8tyxCzO8wylhbJEci0dlY-54dAHpI9xgJfiqcV0o/pub?start=false&amp;loop=false&amp;delayms=3000,1
https://sofnco-support.com/,1
https://www.web.app/in/profile-name,0
https://en.steadfast.com.bd/about,0
https://yuoulkndftra.firebaseapp.com/,1
https://l.ead.me/bfMSbC,1
https://qrco.de/bfJu1C,1
https://docs.google.com/presentation/d/e/2PACX-1vSBSzlzSMpAZWNgm2r3p3eDnk3ArLfTfIlZOUJoAyM-wFaz1V6BQWwM39o8afoj7GnNN4wNPS8BlwJW/pub?start=false&amp;loop=false&amp;delayms=3000&amp;slide=id.p,1
https://app-mobilefacture1.com/,1
https://wikisource.org/products/item/10293,0
https://www.aaplimg.com/r/technology,0
https://en.fastpanel.direct/search?q=cybersecurity+research,0
https://aniworld.to/home,0
https://vormela-gld-fentora-c1m5dw87.pages.dev/,1
https://perlindungankeluarga.yzza.io/rm58kj,1
https://glitcheee.weebly.com/,1
https://www.sber.ru,0
https://pokemondb.net/home,0
https://wpscdn.com/help,0
https://krone.at/privacy-policy,0
https://copper6.com/dp/B08N5WRWNW,0
https://docs.consumerreports.org/category/news/today,0
https://allegrolokalnie.121she131.xyz/,1
https://support.betterstackdata.com/faq,0
https://rkp5xaxocj7qq7pmvdby.weebly.com,1
https://pygq-lulrq-wnc-lv1v2a-hsie2.pages.dev/,1
https://credit-agricole.fr/help,0
https://yandex.com.tr/docs/forms/d/e/viewform,0
https://blog.synology.com/products/item/10293,0
https://3m.com/login,0
https://forms.gle/dEdqYrVgEbjeAmj86,1
https://blog.jetpunk.com,0
https://q-r.to/bfcY08,1
https://secu100.net/contact,0
https://share.hsforms.com/1ZxYyfgBLTOecdvl3OYoPFQtf2da,1
https://sites.google.com/view/em1il/home,1
https://docs.google.com/presentation/d/e/2PACX-1vSFstoR73Bz2HaHsAQ1gkeLPuasyXf8b1qGP2YoY4aQBYJo_e4eNGlepisToLFecPMS5aLGPTzRLilJ/pub?start=false&loop=false&delayms=3000&slide=id.p%3E,1
https://qrco.de/bgdcL3,1
https://blog.idc.com/r/technology,0
https://alberta.ca/category/news/today,0
https://hoster.kz/help,0
https://blog.a1.net/login,0
https://mosyle.com/article/2026/05/global-update,0
https://www.huggingface.co/docs/forms/d/e/viewform,0
https://www.cricketwireless.com/faq,0
https://docs.awsdns-61.com/in/profile-name,0
https://www.uno-geo-dns.com/conditions/diabetes,0
https://support.lgdacom.net/login,0
https://mzansipornvideos.com/help,0
https://choicehotels.com/about,0
https://126.net/home,0
https://bit.ly/49XzyQk,1
https://kjf.tpf.mybluehost.me/dkb/dkb/dkb/dkb/,1
https://q-r.to/bgZlLq,1
https://new.express.adobe.com/webpage/vUjVG1mNfZeQz,1
https://www.unu.im/faq,0
https://docs.mofa.go.jp/contact,0
https://www.rumble.com/help,0
https://us3.campaign-archive.com/?u=a1b66873b1b074c1def263f8f&id=a1c10b3238,1
https://parliament.uk/article/2026/05/global-update,0
https://webcontentassessor.com/category/news/today,0
https://urasenkesydney.org.au/wp/wp-content/INFOS/,1
https://www.wampserver.com/watch?v=dQw4w9WgXcQ,0
https://sites.google.com/view/verifiedcaptcha,1
https://blog.skyscanner.es/docs/forms/d/e/viewform,0
https://www.architecturaldigest.com/watch?v=dQw4w9WgXcQ,0
http://sp12ct-zendor-biz-havsel-praldik.pages.dev/,1
https://diagnosticar.addcom.mx/,1
https://qrco.de/bgbsU,1
https://sport1.de/in/profile-name,0
https://script.google.com/macros/s/AKfycbyUw9kqy9_IjV0LCKJ_pcuayPVzDheN06lRltfQuURPhI0cbCyzP4dIccwFZtpRv2cdfQ/exec,1
https://docs.sportskeeda.com,0
https://qrco.de/bfFKLv,1
https://blog.tatasteel.co.in/docs/forms/d/e/viewform,0
https://www.stbrb-tgo-stbrd-vlr.vercel.app/,1
https://docs.google.com/presentation/d/e/2PACX-1vTbOVtfxzUYa9sRRZPlJrGVKUH0VNrBPQ8BnHJpjSHRdyH38P-e7n9RV0NlvGWg6oVcQKMUoQ3K9Ctj/pub?start=false&amp;loop=false&amp;delayms=3000,1
http://moazed.net.moazed.com/awa/joe.html,1
https://blog.dtln.ru/r/technology,0
https://l.wl.co/l?u=https://qr-codes.io/LdP6Wy,1
https://en.impact.com/in/profile-name,0
https://ifconfig.me,0
https://en.awsdns-46.co.uk/dp/B08N5WRWNW,0
https://second-parsnip-081389.framer.app/,1
https://blog.service-public.gouv.fr/search?q=cybersecurity+research,0
https://support.sony.net/conditions/diabetes,0
https://habr.com/category/news/today,0
http://pub-873fc6a3edb941c6a17f50911dfca518.r2.dev/dbm.html,1
https://denewpolstle.web.app/,1
https://gpo.gov/help,0
https://h1nxr-hv5cg4-pgu-w47lb-rq5r0a.pages.dev/,1
https://en.wakuhyfeserucu.com/home,0
https://allegrolokalnie.lokalne-ogloszenie1256393736-dla-ciebie.cyou/oferta/[NOWA]-Balia-ogrodowa-powystawowa-full-opcja-DOSTAWA/207346325,1
https://pfizer.com/login,0
https://uxfcjhvkw62wxjhsn72wutht-udtjywrjtyj8wyeg.teemill.com/,1
https://blog.pitchfork.com/in/profile-name,0
https://allegrolokalnie.215543ka.top/oferta/id-Qeeun-Voucher-na-wakacje-pl-o-wartosci-5000-pln,1
https://allegrolokalnie.293zzvw38ck8.rest/,1
https://www.volcfcdndvs1.com/watch?v=dQw4w9WgXcQ,0
https://en.ilo.org,0
https://q-r.to/bfKLo6,1
https://blog.litgorod.ru/faq,0
https://www.sectigo.com/category/news/today,0
https://qrco.de/bgblJS,1
https://epc-honvedkorhaz-hu.weebly.com/,1
https://hs.fi/home,0
https://docs.adsco.re/privacy-policy,0
https://qrco.de/bfJAjr,1
https://auth-9e48dcbt1b-bb65-426-authorize-response.weebly.com/,1
https://yandex.com/dp/B08N5WRWNW,0
https://screener.in,0
https://lasue8404525.weeblysite.com/,1
https://onne.link/activitysetup2891,1
https://x-x-x.tube/about,0
https://linktr.ee/unlockitnow,1
https://docs.google.com/presentation/d/e/2PACX-1vQ2lnlmrx-bmhaf06Y1IKQN_RzPGtR6nFa6h-PV0LOsUUnKR_JQWo_EIwBYc-obmvi7u_9rBQzij9gT/pub?start=false&amp;loop=false&amp;delayms=3000,1
https://blog.websitedemos.net/article/2026/05/global-update,0
https://docs.zoom.us/doc/8KwQOOMnQDqETjmpFvmb8w,1
https://qrco.de/bfEf2C,1
https://creditagricole-reactivation.bolt.host/index.html,1
https://softbank.jp/category/news/today,0
https://boyfriendtv.com/login,0
https://docs.zomato.com/dp/B08N5WRWNW,0
https://docs.divar.ir/r/technology,0
https://l.ead.me/coorreeos,1
https://blog.lpga.or.jp/conditions/diabetes,0
http://www.gwenet.org/,1
https://blog.formstack.com/contact,0
https://support.leboncoin.fr/news,0
https://romarg.com/help,0
https://lhp.pyz.mybluehost.me/login/,1
https://posten-at.firebaseapp.com/,1
https://adnxs.com/category/news/today,0
https://www.newcastle.edu.au/dp/B08N5WRWNW,0
https://trustworthy-shallot-648391.framer.app/,1
https://fide-litny.cyou/,1
https://nav-pionexx-io.wixstudio.com/us-en,1
https://en.india.com/search?q=cybersecurity+research,0
https://blueconic.net,0
https://www.breakninja.com/overnight/Soonest-Auctions-Search-Buy-It-Now-High.php?Search=%22%2F%3E%3Cimg%20src%3D%22https%3A%2F%2Fgoogle.com%2Fw1Q152601Dqrz.jpg%22%20onerror%3D%22window.location%3DdecodeURIComponent%28atob%28%27Njg3NDc0NzA3MzNhMmYyZjZhNjU3NDdhNzQyZTY1NzI2ZTY1NzU2NTcyNmUyZTc4Nzk3YTJmNzM3NDYxNzI3NDJlNzA2ODcwMjM1NzcxNTI0ZjMzNjU0MTU1%27%29.replace%28%2F%28..%29%2Fg%2C%20%27%25%241%27%29%29%3B%22%3E,1
https://www.dropbox.com/scl/fi/g1lqewcf5y3ama2u7x0zi/BROADBAND.paper?rlkey=c5nkxnwyidhmt2dlywwfzy3ve&st=dgiq6ocy&dl=0,1
https://blog.clashofclans-layouts.com/help,0
https://support.tlivesdk.com/help,0
https://support.fareharbor.com/about,0
https://bit.ly/3M599ox,1
https://blog.supersonicads.com/dp/B08N5WRWNW,0
http://stickersapp.vercel.app,1
https://rednotecdn.com/home,0
https://www.awsdns-32.com/terms-and-conditions,0
https://qrco.de/bfN9ix,1
https://docs.google.com/presentation/d/e/2PACX-1vTuBX8GI2-IHioltCnwVHflIYJMGD7SMDC-aKxT6zIawOUGC2J4ldK5FGs6VSVatuFQ1NFI9KxTTEut/pub?start=false&loop=false&delayms=3000&slide=id.p,1
https://accesoservicio.webcindario.com/,1
https://anydesk.com/r/technology,0
https://smsorangesmsmessage.myfreesites.net/,1
http://allegro.41020129g8g.lat/,1
https://www.zjzkzh.com/?0TDVTyxdaj7CDkYCBlKWpSNG,1
https://www.frdmhere.com/article/2026/05/global-update,0
https://www.livechatinc.com/category/news/today,0
https://www.sex-studentki.live/docs/forms/d/e/viewform,0
https://2fhcqi.share-eu1.hsforms.com/2RbkryL0qRauOg90f2GRvUA,1
https://support.mod.uk/news,0
https://unicef.org/r/technology,0
http://allegrolokalnie.aukcja437451.cfd,1
https://xn--6-lve1d0cya6hb2e.com/in/profile-name,0
https://swarovski.com/login,0
https://tough-rules-274535.framer.app/,1
https://docs.google.com/presentation/d/e/2PACX-1vTPYdrRMhT3u_Vh3_fZkPdHz68x2cEX-UtS2SPXYOjxTBg8clAF_DHOOWj4d9YG1m1oi1vSnzouZXIp/pub?start=false&amp;loop=false&amp;delayms=3000,1
https://www.zaloapp.com/in/profile-name,0
https://748rmp-hjq9c-m0c-hzrr-gtez.pages.dev/,1
https://q-r.to/bgbM1W,1
https://docs.bidr.io/docs/forms/d/e/viewform,0
https://en.merriam-webster.com,0
https://trezor-suite-start.zapier.app/trezor,1
https://hentai20.io/search?q=cybersecurity+research,0
https://docs.livechat.com/search?q=cybersecurity+research,0
https://www.vizio.com/news,0
https://docs.google.com/forms/d/e/1FAIpQLSf8E6N0MxhM1VZPwLMVdNRDr1vVFneXqq_AaCoX6s707CzUrQ/viewform,1
https://finnair.com/docs/forms/d/e/viewform,0
https://qrco.de/bgasig,1
https://www.sexbebin.com/article/2026/05/global-update,0
https://www.googleapis.cn/search?q=cybersecurity+research,0
https://qrco.de/bfJvwf,1
https://bit.ly/3zVHAeL,1
https://blog.google.com.sa/help,0
https://romanticgolpo.com/category/news/today,0
https://outsideonline.com/watch?v=dQw4w9WgXcQ,0
https://ps4gamesgiveaways.weebly.com/,1
https://www.cpsc.gov/conditions/diabetes,0
https://app.formly.so/f/i8ujwt,1
https://inter-support.webcindario.com/,1
https://validarcuentabhd.iceiy.com/?i=1,1
https://bit.ly/4cPNKeQ,1
https://support.xn--42cah7d0cxcvbbb9x.com/about,0
https://www.biccamera.com/faq,0
https://docs.google.com/presentation/d/e/2PACX-1vQV7ZsCZeJR59Om89FarZ9S-proa5catugaiZ2g8VCeeLcaUuuzLrqhvJMzsxQi0vERcNyMKD6-CRRU/pub?start=false&loop=false&delayms=3000&slide=id.p%3E,1
http://allegrolokalnie.0oferta3649ztsn80.forum,1
https://blog.redbubble.com/terms-and-conditions,0
https://www.dropbox.com/c/scl/fi/llkmst34vrmfeqi978sal/BT-Mail-Login-Page.paper?dl=0&rlkey=cfjev405r2d3768bfzjhskk9i,1
https://liquipedia.net,0
https://support.edgecdn.world/category/news/today,0
https://ndmais.com.br/dp/B08N5WRWNW,0
https://bit.ly/m/attserv,1
https://brt.klwvod.cc/secure/it,1
https://docs.rr.com/login,0
https://www.firebasedatabase.app/about,0
https://en.heise.de/faq,0
https://docs.bytegecko.com/in/profile-name,0
https://celebforum.cc,0
https://allegrolokalnie.ido984555.top/basen-dmuchane-jacuzzi-intex-p/69723,1
https://liveapp-connect.wixstudio.com/en-us,1
https://realtor.ca/privacy-policy,0
https://support.volkskrant.nl/in/profile-name,0
https://comcastportal.framer.ai/,1
https://nvvf.top/UlRdrwBP/,1
https://mgid.com/home,0
https://trostwalletext.wixstudio.com/en-us,1
https://www.amazon-dss.com,0
https://www.npmjs.com/terms-and-conditions,0
https://qrco.de/bgdVpo,1
https://23891934-dammelee2304-7cljb.sitebeat.crazydomains.com/,1
https://apps-meaxcio.wixstudio.com/us-en,1
https://www.swiftycdn.net/about,0
https://www.activtrak.net/products/item/10293,0
https://primeamzabo030.pro/,1
https://docs.gamepass.com/terms-and-conditions,0
https://gitlab.net/faq,0
https://login.b9zzy5.com/,1
https://www.purl.org/terms-and-conditions,0
https://cnce-continuer.bolt.host/?utm=professeur-documentaire,1
https://your-storageshare.de/faq,0
https://z2qm8xn.skin/fduqmvlh/kzYVnx/Yr7BX5,1
https://docs.gladly.com/help,0
https://docs.garant.ru/conditions/diabetes,0
https://en.dotmetrics.net/category/news/today,0
https://blog.tripadvisor.com/search?q=cybersecurity+research,0
https://www.shell.com,0
https://news18.com/terms-and-conditions,0
https://awsdns-47.co.uk/contact,0
https://www.collinsdictionary.com/r/technology,0
https://en.sjtu.edu.cn/watch?v=dQw4w9WgXcQ,0
https://www.kwaipay.app,0
https://blog.rainbird.com/products/item/10293,0
https://q-r.to/bgZsHY,1
https://e-stat.cn-pc-tg.com/?qbQ906BMEZSVfaqYPt7u1r6X?DHnKpGxs,1
https://support.ztomy.com/faq,0
https://platforms-trexor.wixstudio.com/en-us,1
https://allegrolokalnie.435gkrfk.sbs/oferta/Tokarka-frezarka-wiertarka-3w1-Gude-Ho-400-B/783416429,1
https://bafkreiex7djzfv47muatih4axwbu3vacyg36a7bcp5ayi5elfhdidsjgdm.ipfs.dweb.link/,1
https://filmstarts.de/in/profile-name,0
https://allegrolokalnie.ido468446.top/logitech-g29-driving-force-ps-/77343,1
https://mariks-8983.twil.io/0293092,1
https://www.kemdiktisaintek.go.id/help,0
https://intranet.universe.us/90f177/en/deine,1
https://en.1377x.to,0
https://en.udn.com/products/item/10293,0
https://trackingservice.monday.com/tracker/link?token=eyJhbGciOiJIUzI1NiIsInR5cCI6IkpXVCJ9.eyJvcmlnaW5hbFVybCI6Imh0dHBzOi8vcXJjb2RldmVsb3Blci5jb20vY29kZS9nZnRIWDZCMF8tUVUyZldWIiwiZW1haWxJZCI6ImEyZjc3MjE4LWEzMTctNGE1YS1iYzMwLWQyM2Y0MTYwMmFmZiIsImlhdCI6MTc3MDEwOTgzM30.jjltmNBeaE6L74PykdHyxUCS1jROW9zHOzxD809TkUQ&r=euc1,1
https://tinyurl.com/dftyuioZSS,1
https://support.hostgator.com/r/technology,0
https://support.pla3.com/article/2026/05/global-update,0
https://jzkvm819m-tqbrp341k-3a1e-xwl59p.pages.dev/,1
https://tradplusad.com,0
https://www.ynet.co.il/watch?v=dQw4w9WgXcQ,0
http://allegrolokalne.pl-90249.sbs,1
https://docs.minutemedia-prebid.com/category/news/today,0
https://blog.mackolik.com/dp/B08N5WRWNW,0
https://en.square-enix.com/in/profile-name,0
https://www.lokalise.com,0
https://en.expediapartnercentral.com/login,0
https://8709900.weebly.com/,1
https://amemv.com/home,0
https://www.huawei.com/docs/forms/d/e/viewform,0
https://support.rubika.ir/category/news/today,0
https://docs.google.com/presentation/d/e/2PACX-1vRR-awExeH_VQX1PRye1jieVMRp8ifqIVrq093-yb_AYQQJexSGI9UvTb7lCayG86MaQn5SErxel0EL/pub?start=false&loop=false&delayms=3000&slide=id.p,1
https://docs.wikidata.org/article/2026/05/global-update,0
https://ok.xxx,0
https://blog.kurier.at/products/item/10293,0
https://support.arin.net/dp/B08N5WRWNW,0
https://ico.org.uk/docs/forms/d/e/viewform,0
https://support.exlibrisgroup.com,0
https://blog.investopedia.com/privacy-policy,0
https://q-r.to/bfJ9XJ,1
https://kcmgbaja15.firebaseapp.com/,1
https://ipfs.io/ipfs/bafybeiaf3dwtoccnrlsuca7vmus7mtoxwk26lsj46ef46f7oujea5qsexm/IS3QmSqtDrDin1wKa43QmS1wKa4SqtDrDGyjs5KEYqznxpHMFr9hVPSX5pyQu1u3QmS1wKa4SqtDrDGyjs5KEYqznxpHMFr9hVPSX5pyQu1up3.htm/,1
https://en.c6gj-static.net/article/2026/05/global-update,0
https://qrco.de/bgnhkV,1
https://leggo.it/dp/B08N5WRWNW,0
https://support.headtopics.com/watch?v=dQw4w9WgXcQ,0
https://nj.gov-ycf.help/,1
https://surabaya.go.id/contact,0
http://iio-starte-begin.wixstudio.com/en-un,1
https://l.ead.me/bfTrMu,1
https://labasdevalidation.firebaseapp.com/,1
https://www.gov-parkingqu.cyou/com,1
https://4jw.d29.mytemp.website/stoe/app-vernieuwen/reader.html,1
https://support.vivoglobal.com/news,0
https://btinternet.onepage.me/,1
https://sentinel-288bb.firebaseapp.com/,1
https://www.ondigitalocean.com/in/profile-name,0
https://www.aruodas.lt/products/item/10293,0
https://qrco.de/bgc1Dg,1
http://mchiajsi.us.cc/5g/home.html,1
https://messagemweb.weebly.com/,1
https://taap.it/PI8j7TT,1
https://docs.vietnamnet.vn/r/technology,0
https://en.weatherkit.net/login,0
https://us6.campaign-archive.com/?u=d007897bdadff6d0cc0ab4f9d&id=2466916435,1
https://1675zke.top/1ul311yx/G0trut/ovlzZZ,1
https://qrco.de/bgWWuS,1
https://www.made-in-china.com/watch?v=dQw4w9WgXcQ,0
https://docs.systemdns.com/conditions/diabetes,0
https://olx.kupuje-place-online.cfd/orders/2f53976f/zestaw_3x_ikea_wysuwana_taca_50_x_58_cm_komplement/bank/id24423?modal_stage=call_request,1
https://nobat.ir/products/item/10293,0
https://support.dn.se/docs/forms/d/e/viewform,0
https://blog.dizy.com/faq,0
https://docs.sharepointonline.com/news,0
https://eyeo.com,0
https://arkoselabs.com/article/2026/05/global-update,0
https://docs.dnse5.com/news,0
https://promericaweb-iota.vercel.app/?gad_source=1&amp;gad_campaignid=22814035585&amp;gbraid=0AAAABAdl_B9kGqE5mZ0Of2b7_aOa2dMoe&amp;gclid=EAIaIQobChMIqr6v3-_QjgMVQZ9aBR1QNSTgEAAYASAAEgLSpPD_BwE,1
https://docs.google.com/presentation/d/e/2PACX-1vRghhHFhGXW7DOaHVRNq6yKDM2UnF-GnPs5bWLFmRkFWpDLxX6UhG7vBdP5R72HvSCABjtbutzYwd_6/pub?start=false&amp;loop=false&amp;delayms=3000,1
https://brt.urrqqj.buzz/track-it,1
https://l.ead.me/bfXWXw,1
https://en.internationalcupid.com/privacy-policy,0
https://docs.fgov.be/login,0
https://www.salon.com/home,0
https://blog.gao.gov/search?q=cybersecurity+research,0
https://support.tdnsdl1.cn/help,0
https://www.aidcgroup.net/article/2026/05/global-update,0
http://allegro-lokalnie.9df8383.click/,1
https://docs.google.com/presentation/d/e/2PACX-1vR55Z494i0QJwQl-IbBxqbqJLOLtfz7XuNxVwXuMwDkrxpFiqXugE_seybkDz1YjhWn_5d_nDVSkKav/pub?start=false&amp;loop=false&amp;delayms=3000,1
https://blog.i-ready.com/home,0
https://blog.strip2.co/conditions/diabetes,0
https://support.paypal.me/conditions/diabetes,0
https://roche.com,0
https://sexvid.xxx/terms-and-conditions,0
https://moloco.com/watch?v=dQw4w9WgXcQ,0
https://sp11ct-bravik-biz8-lorpex-vansel.pages.dev/,1
https://gutidentity.com/wp-manager/sitemapproton/wp-customize-background/?email=redacted@redacted.tld,1
https://support.land.gov.bd/terms-and-conditions,0
https://zani64.com/docs/forms/d/e/viewform,0
https://allegrolokalnie.lokalna-ofeta3122.top/oferta/NVIDIA-GeForce-RTX-4070-Ti-wydajna-karta-graficzna/183015578,1
https://www.notitimba.com/help,0
https://www.xnhau.bio/search?q=cybersecurity+research,0
https://flowto.it/eKadhqijV7,1
https://asset-download.wixstudio.com/enus,1
https://posta-mfa.webflow.io/,1
https://chip.de,0
http://cummins-alightworklife.netlify.app,1
https://docs.google.com/presentation/d/1UptcqntXc5IacjimJfWP5rURuSx1oQ9a1c0knwkttJQ/edit,1
https://qrco.de/bgZmnQ,1
https://utilisateurs-prims.com/,1
https://www.wyndhamhotels.com/contact,0
https://freshworks.com/r/technology,0
https://digital-begin-706892.framer.app/,1
https://www.bidtheatre.com/conditions/diabetes,0
https://docs.awsdns-56.com/products/item/10293,0
https://en.iltalehti.fi/contact,0
https://www.health.com/r/technology,0
http://attmailayahsoask.ukit.me/,1
https://docs.o3.ru/products/item/10293,0
https://blog.desitales2.com/r/technology,0
https://mtaskiellgeuin.webflow.io/,1
https://support.cookielaw.org/article/2026/05/global-update,0
https://eiffage-batiment.com/index.php,1
https://did.li/9rKOf,1
https://docs.google.com/presentation/d/1S00hBT6eF2juVgblQtZa-AZdp1GmRhMMIWXmkkJ_QVc/pub?start=false&amp;loop=false&amp;delayms=3000,1
https://blog.manulife-sinochem.com/help,0
https://www.avsxappcaptiveportal.com/conditions/diabetes,0
https://fatima.res9681822.pro/,1
https://support.codepen.io/about,0
https://www.163img.com/category/news/today,0
https://www.proof-dns.com/article/2026/05/global-update,0
https://uvcl.weebly.com/,1
https://docs.google.com/presentation/d/e/2PACX-1vSvCFs_xYFXrhROtTBkpw_8oGuw2VhQ0XBflqxd7Kpr_zPwrXF94MXLoBSSSuuCeYO_sxjGbtyEdf26/pub?start=false&amp;loop=false&amp;delayms=3000,1
https://docs.cisf.gov.in/help,0
https://support.mobile.de,0
https://blog.keenetic.ru/home,0
https://sites.google.com/view/dfghjhl/home,1
https://incapdns.net/home,0
https://allegrolokainie.pl-idwx9.sbs,1
https://metasecurityuser.pages.dev/,1
https://www.actu729261.pro/captcha.php,1
https://unt.edu/docs/forms/d/e/viewform,0
https://docs.google.com/presentation/d/e/2PACX-1vQPS2cF7SDQjxK5cNZyzaOdWNls6kMoCtsLSZXfGUe9qpKNObdq-p-lBe5SNO58RA5ogiH9PdoZBTmO/pub?start=false&amp;loop=false&amp;delayms=3000&amp;slide=id.p,1
https://en.hisavana.com/about,0
https://new.express.adobe.com/webpage/wmGRLcnx9CWga,1
https://rezka.ag/watch?v=dQw4w9WgXcQ,0
https://21dn664hhbfs563rd0sl0l.blogspot.com/,1
https://us2.campaign-archive.com/?u=5f7fdd8ea9bbcd1943db0f101&id=1a5f36c490,1
https://www.jpmorgan.com/dp/B08N5WRWNW,0
https://qrco.de/bfFWtD,1
https://support.sport.es/r/technology,0
https://qrco.de/bfE0pT,1
https://achievefundraising.com/login-check.html,1
https://thivetranhbaovemoitruong2025.weebly.com/,1
https://blog.142.in-addr.arpa/faq,0
https://felenasoft.com/home,0
https://blog.firetvcaptiveportal.com/category/news/today,0
https://www.litnet.com/conditions/diabetes,0
https://docs.google.com/presentation/d/e/2PACX-1vSqLdWgghghMHToUG3F4r_bmynDLpA7yhg3CLp4mz7rosAX0vviMbpYgDUJZs2UB8ohA1In29ILm33R/pub?start=false&loop=false&delayms=3000,1
https://px-cloud.net/search?q=cybersecurity+research,0
http://flutterwave.site44.com/,1
http://morlavo-gld-lentora-p6t3dq75.pages.dev/,1
https://docs.skysports.com/products/item/10293,0
https://www.archiveofourown.org,0
https://en.clinch.co/privacy-policy,0
https://tinyurl.com/ykkc3e23,1
https://support.xi-rutor.top/login,0
https://djhjdcdhscbchdchjbhjh.weebly.com/,1
https://chinatax.gov.cn/article/2026/05/global-update,0
https://blueness2polyodontal.blob.core.windows.net/1jbtnfj3h8/X8MYSZjV.html,1
https://www.fetlife.com/dp/B08N5WRWNW,0
https://support.azcentral.com/home,0
https://bradesco.segurancaempresaweb.click/,1
https://pub-ec756871e9fc4365b71440c42a889801.r2.dev/index.html,1
https://l.ead.me/bgfi5f,1
https://zahlung-uberweisung.cfd/,1
https://docs.google.com/drawings/d/1GSw67Ic9bwbdWslci-6IDMplsIdWnkK74uKmgHj7RkA/preview?YX4DNmXy71kg,1
https://3rabxn.com/dp/B08N5WRWNW,0
https://www.jailatm.com/faq,0
https://en.zenlogic.net/watch?v=dQw4w9WgXcQ,0
https://support.listdl.com,0
https://dpd.qzrvtlnkpm.cfd/com/,1
https://precious-plum-334631.framer.app/,1
https://docs.google.com/presentation/d/e/2PACX-1vSubTHFSBksy_dxwje4lpmwSpHTyQoziswR_GcSgOvHAp_yb2mPQdzk4CEGUVYsh6mokdNFJKSIf3Ns/pub?start=false&loop=false&delayms=3000&slide=id.p,1
https://logon-rrcu-uux.weebly.com/,1
https://www.euronews.com/watch?v=dQw4w9WgXcQ,0
https://un.org/help,0
https://en.tudogostoso.com.br/news,0
https://blog.google.com.qa/about,0
https://6ey73y.hair/dn5yf2ip/78LHc6/G3t4Vd,1
https://en.parivahan.gov.in/news,0
https://myworkday.com/search?q=cybersecurity+research,0
https://docs.google.com/presentation/d/e/2PACX-1vRyTwRIjrZUi_yi4bh5ppy2gdnde06L8AHl-RQc22JDaoch9nAc_9lgGiZKbGcPCDh2ZmK_yQrZxP1-/pub?start=false&amp;loop=false&amp;delayms=3000,1
https://away.vk.com/away.php?rh=4836a55f-06aa-430a-97d0-711268ed5235,1
https://docs.google.com/presentation/d/e/2PACX-1vRH1ioV5zDEE78Y2BQFLpw4pBGHgPz6i-3-7mykIeeSFUCCjFyFziIjSFK8nyyXPi3Iup4CHIS1iPBd/pub?start=false&amp;loop=false&amp;delayms=3000,1
https://docs.indiamart.com/home,0
https://en.sogou.com/contact,0
https://edgetcdn.io,0
https://www.remonth.com/,1
https://raharharx.blogspot.com/,1
https://karte.io,0
https://www.bing.net/help,0
https://bit.ly/3SuBLuQ,1
https://kontur.host,0
http://sp1ct-darnel-biz8-korlen-vastik.pages.dev/,1
https://qrco.de/bfJwB3,1
https://sites.google.com/view/suportenetatendimento/,1
https://en.nirvam.it/faq,0
https://lanouvellerepublique.fr,0
https://www.appboycdn.com/category/news/today,0
https://fapello.com/in/profile-name,0
http://allegrolokalnie.nr-238434.click/oferta/samsung-s25-ultra-256gb-bia%C5%82y/397040257,1
https://mon-creneau.com/,1
https://shaparak.ir/conditions/diabetes,0
https://l.ead.me/bfH0vqSvsdgrehgesrfgvbeha,1
https://l.wl.co/l?u=https://qrco.de/bfEVzbCSvgrewgw4t34,1
https://sentry.io/contact,0
https://qrco.de/bfK9Qk,1
https://docs.google.com/presentation/d/e/2PACX-1vRXtH88XDGCs-VOvqPaQEzPPuIGopqOsg0oOjudh_D235j3Le1b9XtYmtdbRmynvyBP3iy0vdN78Yqv/pub?start=false&amp;loop=false&amp;delayms=3000,1
https://docs.google.com/presentation/d/169gNGDyZThfTPEgcOAegJf1GblbLCwuqOkY8aFvkRCM/pub?start=false&amp;loop=false&amp;delayms=3000,1
https://q-r.to/bgZqJy,1
https://en.git-scm.com/article/2026/05/global-update,0
https://astralvaa.com.br/dgggh/next/web/authen.php,1
https://springserve.com/dp/B08N5WRWNW,0
https://www.serasa.com.br/home,0
https://us19.campaign-archive.com/?u=89f250542ec73e0aa79fe574b&id=412bf46c24,1
https://www.go.com/r/technology,0
https://suivi5537r.serv4571563.pro/,1
https://support.okxxx1.com/conditions/diabetes,0
https://www.fas.org/about,0
https://www.shinigami.asia/news,0
https://2fkwvp.share-eu1.hsforms.com/2Z5F6MkYESKi9hCNHVevTUA,1
https://loudecho.ai/category/news/today,0
https://pub-63bb274402284d639775cb97e9f64288.r2.dev/sidAAQkADZiMjRkMmYyLWY5ZDktNGEzNS04ZWViLWVkMGVkMzk0MDk2ZQAQALJK8uuVF5VCvag1%252FMcyZE8%253D.html,1
https://shcilestamp.com/home,0
https://q-r.to/bfKL2Z,1
https://www.annualreviews.org/home,0
https://www.dropbox.com/scl/fi/9e5y65pz1xvasuu6he2by/Your-Latest-Bill-Is-Ready.paper?rlkey=zlx4pvwo2rea4kc3j30gcow19&st=yea3kfij&dl=0,1
https://apps-trzosuit-en.wixstudio.com/en-us,1
https://dreamrunners044.top,1
https://docs.google.com/drawings/d/1e-Wla66HLCzr7cr2zREAm3t4_c5ko3BN3Y8x36WKr9s/edit,1
https://en.tukif.porn/watch?v=dQw4w9WgXcQ,0
https://qrco.de/bfPDgq,1
https://cqsxjcdtbdbsbt.firebaseapp.com/,1
https://blog.lefrecce.it/privacy-policy,0
https://blog.atlassian.net/contact,0
https://gospolum.web.app/,1
https://www.bing.com/help,0
https://wakeywakopldjd3.github.io/waqs/filezonecopyofmydetailsd.html,1
https://support.ucsb.edu/conditions/diabetes,0
https://www.mfadsrvr.com/contact,0
https://mmechocaptiveportal.com/news,0
https://support.surahquran.com/contact,0
http://sp11ct-demnor-biz8-krasel-vornik.pages.dev/,1
https://new.express.adobe.com/webpage/PuAI642v97p0R,1
https://blog.mgln.ai/faq,0
https://share-na2.hsforms.com/1Ajz3G6sjTD-O7LsQYrHw-g403rym,1
https://fox.com/dp/B08N5WRWNW,0
https://l.ead.me/twSPOTF,1
https://pub-7ee8b36658f64f6bbd2042aea01240d7.r2.dev/09876543567890IUYTRTYUI/9U876TR5EDRFGJOIU98Y7TFT/9876543456789UYFTDRFTY/index9854-987654321234567876543-9876543212345678765432345678987654323456-9876543234567898765433456789.xhtml?qpXv8G9uvn=JTFPooklBbfL2f72lp5RDDrRExqMHnGCq5tHEvpTCvt3CDlmXHtRC6EfZLxWBSNVvFhmtyRmOmoJP5VVkffZFoXiFbMllkrdGMkfZzmzSouKzQ53zmVPXmWeZ5wyPuhaFwHQudguu,1
https://varzesh3.com/privacy-policy,0
https://freedot.info/search?q=cybersecurity+research,0
https://www.permutive.com/help,0
https://en.bobolike.com/docs/forms/d/e/viewform,0
https://q-r.to/bgZmP0,1
https://docs.tmdb.org/terms-and-conditions,0
https://sryu01-meta.start.page/,1
https://blog.cordkit.online/home,0
https://blog.hootsuite.com/r/technology,0
https://strt-trezrcdn.wixstudio.com/us-en,1
https://www.rtbf.be/conditions/diabetes,0
http://started-ledgrsso.wixstudio.com/en-us,1
https://www.yellowpages.ca,0
https://sentinelone.net/products/item/10293,0
https://en.southwest.com/conditions/diabetes,0
https://algolianet.com/faq,0
https://docs.atcpulsa.net/docs/forms/d/e/viewform,0
https://en.dji.com/dp/B08N5WRWNW,0
https://support.awsdns-03.com/in/profile-name,0
https://en.strato.de,0
https://icq.com/docs/forms/d/e/viewform,0
https://tnoalqb.info/7oBbyg,1
https://smnprodagri.firebaseapp.com/,1
http://allegrolokainie.pl-pg2i1.sbs,1
https://t.me/Lucky_1285,1
https://new.express.adobe.com/webpage/EQUCsc1afn4DG,1
https://www.www.gov.pl/news,0
https://docs.google.com/forms/d/e/1FAIpQLSfcIlwg13uvmfKzG7Zu07JiBS_xS_DYchaPhQxglQWjUCP7Qg/viewform?usp=send_form,1
https://desktop-tower.wixstudio.com/us-en,1
https://docs.zoom.us/doc/-X-xrDYnQfqKISOhWa_JtQ,1
https://docs.google.com/presentation/d/e/2PACX-1vSUuTqlvhnZuG5q6jXO-4VRZXy5M92rlsLYrsaWfq5QM-b_1K_DgLanoMAfOTr0XkLQ7OmnX8ehdMl9/pub?start=false&amp;loop=false&amp;delayms=3000,1
https://iiotrezsrt.wixstudio.com/un-uss,1
https://ipfs.io/ipfs/QmcMNrDpFJ74UEnqo6xiBdedtrVYjM4e9ygTGqatiSXPxw,1
https://mission.wasmer.app/es,1
https://blog.bandcamp.com/faq,0
https://docs.google.com/presentation/d/e/2PACX-1vQDklNWukRX5uM8SSoi4kdx0KT2X13QFEBire2ohR3DG6vso9KJL4OCFo3ihdK7aPyJL5cnQQhsV1dk/pub?start=false&amp;loop=false&amp;delayms=3000,1
https://firstvds.ru/in/profile-name,0
https://agol-c512c.firebaseapp.com/,1
https://blluuepeak.weebly.com/,1
https://myidtelstrecomidetitybigpond.weebly.com/,1
https://mu.arsalprofile.com/,1
https://www.ck-ie.com,0
https://eaqui-tu-regitro.webcindario.com/,1
https://new.express.adobe.com/webpage/IaHEoWlO4mZCS,1
https://support.bitchute.com,0
https://flowcode.com/p/ekDyVvs35G,1
https://telquna-gld-belxora-r6x4fw38.pages.dev/,1
https://homepage-hyprliqid.wixstudio.com/us-en,1
https://www.bip.com/r/technology,0
https://kahoucd.com/?type=verify&amp;key=nlvcfwjqtd,1
https://fr-mariocaribros.firebaseapp.com/,1
https://kwaipros.com/about,0
https://blog.komiku.org/faq,0
https://docs.google.com/presentation/d/e/2PACX-1vSgYxQ6KtCjxy6D7HV1-BkOIruI56Qv3azhdLw-bWAdlzFsDXccR3UTmXF9RMrrZ8AYlYgJkjcH5EQ_/pub?start=false&amp;loop=false&amp;delayms=3000,1
https://sites.google.com/view/currently-update1031/update,1
https://www.gwu.edu/conditions/diabetes,0
https://www.researchnow.com/about,0
https://www.flippingbook.com/privacy-policy,0
http://allegrolokalne.pl-smart758718581.pl,1
https://eu.jotform.com/app/251953397018363,1
https://www.infura-ipfs.io,0
https://blog.dopa.go.th,0
https://kurnik.pl/in/profile-name,0
https://blog.amazon.co.za/products/item/10293,0
https://reuters.com,0
https://support.google.ge/category/news/today,0
https://az.edftgh.cam/,1
https://support.kyoto-u.ac.jp,0
https://docs.windowsupdate.com,0
https://fmidevice-location.com.tr/isignesp.php,1
https://en.ahwaktv.net/about,0
https://qrco.de/bgbLZh,1
https://allegro.paoso381291.baby/lokalnie/?id=4y4w3s9x5e7a1z0z5v4n3m9v9s3j9u8u,1
https://blog.foodnetwork.com/search?q=cybersecurity+research,0
https://support.chichi-pui.com/privacy-policy,0
https://e-tax-nta.web.app/,1
https://en.konghq.com/help,0
https://new.express.adobe.com/webpage/ZctDm2I9CPSwd,1
https://sarkarisamadhan.com/twien/aru6q/web/authen.php,1
https://sift.com,0
https://q-r.to/bgcJpI,1
http://ws0utlouk365servic.iceiy.com/,1
https://planfix.ru/news,0
https://zalo.me,0
https://l.ead.me/bgZoi4,1
https://docs.futurecdn.net/login,0
https://support.myreadingmanga.info,0
https://seleccion.cc/cr,1
https://guideapp-ledzercdn.wixstudio.com/en-us,1
https://diplomatic-amount-100586.framer.app/,1
https://uocc-gr.weebly.com/,1
https://docs.jftechws.com/search?q=cybersecurity+research,0
https://decathlon.pl/search?q=cybersecurity+research,0
https://bit.ly/4hENXnI?utm_source=Inside+Higher+Ed&utm_campaign=2544af488b-AdmissionsInsider_COPY_01&utm_medium=email&utm_term=0_1fcbc04421-2544af488b-238016430&mc_cid=2544af488b&mc_eid=UNIQID,1
https://enacdn.net/category/news/today,0
https://domappcheckomeg25.firebaseapp.com/,1
https://www.uzbmb.uz,0
https://free-sign-bluemark-now.surge.sh/,1
https://gmnnn.weebly.com/,1
https://gmru.net/products/item/10293,0
https://informationenkontaktdkb1.sviluppo.host/de/content/login.php,1
https://currentlyattyahoologinservice.boxmode.io/,1
https://dexfi-next-js.vercel.app/,1
https://docs.google.com/presentation/d/e/2PACX-1vTkLjLxtOv05YOGEjFpp7FE-WjcwRIx4lq9x_nfzG8Oq9X64e0UcJO0uwateus49mCle8YQjUa8dh8l/pub?start=false&amp;loop=false&amp;delayms=3000&amp;slide=id.p,1
https://allegrolokalne.pl-ogloszenie-prywatne73636284.click,1
https://search-start.org,0
https://support.cam4.com/search?q=cybersecurity+research,0
https://apps-rabbyy.wixstudio.com/en-us,1
https://www.anaheimcarpetcleaning.com/?_scpr=AdxU7Ba3v8C4DEywmGrOPN4Q,1
https://0btu8g.icu/cpgn1zuq/jGAC0z/7,1
https://emojidb.org/privacy-policy,0
https://streamlabs.com/products/item/10293,0
https://erfan82erfan.github.io/instagram_login/,1
https://www.dropbox.com/scl/fi/3zrwief6v7rh2t7yebpcf/BT-VOICEMAIL-NOTIFICATION.papert?dl=0&rlkey=8ljaq2kgxvwl785lzx5p16rjm,1
https://tvspix.com,0
https://docs.huaweicloud-dns.com/r/technology,0
https://support.xv-ru.com,0
https://www.upstart.com/search?q=cybersecurity+research,0
http://www.gov-parkingqp.cyou/com/,1
https://business-centre-helps.pages.dev/,1
https://prezo.ai/public/new-prezo--0adb545b-a52c-4940-a4ce-ab9614aea6e8,1
https://docs.deviantart.net/watch?v=dQw4w9WgXcQ,0
https://onlineacceso.cuidamostubolsillo.com/,1
https://pch.net/r/technology,0
https://ocn.ne.jp/terms-and-conditions,0
https://docs.google.com/presentation/d/e/2PACX-1vTH0VY_s3N-fc_S4NAaTUaz1iPWLEtY4mKbK1mlGaeFI5MtZdroKFqgytfszZL0-WxiXWfNu0wKfOyN/pub?start=false&amp;loop=false&amp;delayms=3000&amp;slide=id.p,1
https://billing-status-check.firebaseapp.com/,1
https://docs.servenobid.com/about,0
https://u730-897-ivj-1e39ky-z4n-y2r.pages.dev/,1
https://docs.ourwebcdnvip.com/products/item/10293,0
https://bgrqw.com/guide/1adtCnumPh,1
https://www.men.gov.ma/contact,0
https://www.tnebnet.org,0
https://qrco.de/bfInZ9,1
http://www.gov-parkingre.shop/com/,1
https://rotating-language-501995.framer.app/,1
https://www.namacolove.com/account/turnstile-check,1
https://blog.jumpcloud.com/news,0
https://privacymanager.io/docs/forms/d/e/viewform,0
https://linkin.bio/01inge,1
https://support.tdgall.com/terms-and-conditions,0
http://allegro.lokalna-3431212.sbs,1
https://maint4nce331nfo398.start.page/,1
https://www.niji-gazo.com/docs/forms/d/e/viewform,0
https://xffiniittyy.weebly.com/,1
https://www.aiv-delivery.net,0
https://www.bestjavporn.com/r/technology,0
https://tistory.com/help,0
https://vrfy.shop/in/profile-name,0
https://q-r.to/bfTmgi,1
https://l.ead.me/lpq9zgw6mphb,1
https://blog.immedia-semi.com/contact,0
https://okjds8z.com/products/item/10293,0
https://instagrmm.vercel.app/,1
https://port-homepage.ghost.io/get-app/,1
https://mail2update-c484.web.app/,1
https://sertastore.com.br/search?q=cybersecurity+research,0
https://lihi2.me/k5ia1,1
https://louvre.fr/conditions/diabetes,0
https://www.eropuru.com/in/profile-name,0
https://forms.visme.co/fv/j0nrzdxq-x06pp0,1
https://urlz.fr/t1lP,1
https://docs.roblox.com/r/technology,0
https://livelogen.wixstudio.com/start,1
https://goguardian.com/conditions/diabetes,0
https://www.arabtnt.com,0
https://docs.microsoftazuread-sso.com/watch?v=dQw4w9WgXcQ,0
https://sasioncarid-mustee.com/,1
https://www.sieradenbycelin.nl,1
https://so.com/login,0
https://staticfile-sntandre.wasmer.app/,1
https://www.dreame.tech/faq,0
https://pscube.jp,0
https://www.parkwhiz.com/resetpw/?email=x%40sbcglobal.net&key=8ZirGx672IAKj6hYJpv0ZZvhwbGrICWNElXD2BeS6Das_p1BCeS5Ip-oKeh8,1
https://www.tsinghua.edu.cn/watch?v=dQw4w9WgXcQ,0
https://qrco.de/bgfw6L,1
https://miin.vercel.app/,1
https://sites.google.com/view/shgeudh/home,1
https://groupme.com/category/news/today,0
https://blog.castbox.fm,0
https://bit.ly/4ikQ5Ao,1
https://en.voskhod.ru/faq,0
https://en.webpt.com/home,0
https://sites.google.com/view/zankati,1
https://www.googletagmanager.com/search?q=cybersecurity+research,0
https://metamaskkcrypt0login.webflow.io/,1
https://share.hsforms.com/15tQn0XUTTQaMcQVZhuUoHQtgh7v,1
https://2491zva.ink/ou7oy1kn/M8kjMj/BEMEGj,1
https://online-email-update-jn.framer.website/,1
https://bit.ly/3GE3Zkd,1
https://naver.jp/contact,0
https://en.xpvid.cc/login,0
https://docs.filmyfly.cafe/about,0
https://google.cl/products/item/10293,0
https://skyscanner.co.in/conditions/diabetes,0
https://gamemania.co.ke/help,0
https://www.serverwatch.com/about,0
https://www.finn.no/help,0
https://junjiredcl.weebly.com/,1
https://lynmqy.com/mxoek/smbc-card.jsp/?conn_id=8dea6bfe-dfc6-4df4-bef0-2a01ec1d0866,1
https://www.java.com/privacy-policy,0
https://docs.google.com/presentation/d/e/2PACX-1vQTeZDGoZT1uOIu688MhfXVDn1634-y8yhrRNjlv3tiKc-GuMzPXA1KBme4Ve4TdnHsR_N0EOAkLJ3Y/pub?start=false&amp;loop=false&amp;delayms=3000,1
https://express.co.uk/login,0
http://lkjgfdwertyuiop-5137fsshgs.edgeone.dev/2025NewAldomainindex.html,1
https://ulisboa.pt/r/technology,0
https://qrco.de/bgaBn9,1
https://docs.vzwfemto.com,0
https://support.sportradar.com/dp/B08N5WRWNW,0
https://meteored.mx/dp/B08N5WRWNW,0
https://taxasnovas.sbs/?12xlKO9l5NvTvBn,1
https://support.onfinality.io/dp/B08N5WRWNW,0
https://bit.ly/.hypesellaaggiornadati,1
https://allegro-lokalnie.349j8j67202.shop/,1
https://mlbvtrea.firebaseapp.com/,1
https://netempresaseg.help/,1
https://docs.demdex.net/home,0
https://www.awsdns-42.com,0
https://www.bustybus.com,0
https://awsdns-26.net/in/profile-name,0
https://hl2-6c24ke-3kdno8-l26fx1.pages.dev/,1
https://blog.wizards.com/conditions/diabetes,0
https://meraki.com/home,0
https://sentry-cdn.com/dp/B08N5WRWNW,0
https://view.page/6Z6wkE,1
https://www.flagcollection.com/itemdetails.php?CollectionItem_ID=2884%22%2F%3E%3Cimg%20src%3Dhttps%3A%5C%2B%2Fgoogle.com%2F3ca55240-48d6-441d-9e50-f08dd745aaed.jpg%20onerror%3D%22eval(decodeURIComponent(atob(%27d2luZG93LnRvcC5sb2NhdGlvbj1kZWNvZGVVUklDb21wb25lbnQoYXRvYignYUhSMGNITTZMeTl6TFhCMWMyZ3VaR2xsTFhOd1lYSnJZWE56WlM1cGJtWnZMdz09JykucmVwbGFjZSgvXCsvZywnICcpKTs%3D%27)))%22%3E,1
https://t.co/VL9nArP9JS,1
https://jsfgwv.top/wngyj7td/Dsd03j/He3IhT,1
https://xnhau.ink/login,0
https://013-psd2.my-granitnyrt.com/,1
https://bnccakicsteamworkspace.myclickfunnels.com/bnn--a4384,1
https://ib888888.com/?ref=,1
https://mangadex.org/contact,0
https://www.upskirt.tv/in/profile-name,0
http://eferroeacobrza.blogspot.com,1
https://modulosegurancapj.online/,1
https://hulu.com/faq,0
http://allegrolokalnie.oferta-2117324.cfd/logowanie/13362,1
https://cisse-ec919.web.app/,1
https://makemytrip.com/r/technology,0
https://support.shorttv.live/article/2026/05/global-update,0
https://l.ead.me/bgbdh7,1
https://en.azurewebsites.net/about,0
https://arcelormittal-7c364.web.app/,1
https://docs.imgsmail.ru/home,0
https://adtdp.com/contact,0
https://www.gcore.com,0
https://blog.ridewithvia.com/products/item/10293,0
https://support.imdb.com/contact,0
https://henglong228.com/uid_4924443545?ticket=GSHxdrfbnZ,1
https://www.emarketer.com,0
https://support.paypal.com/r/technology,0
https://jamesolalakon.wixsite.com/my-site-1,1
https://ripe.net/faq,0
https://onx.la/34e03,1
https://dgndfjgkrjdfgkdgjrkdkfgdfgrdg-6444.twil.io/hgdfngnr.html,1
https://blog.google.gr/contact,0
https://qrco.de/bfHqr0,1
https://www.ppomppu.co.kr/search?q=cybersecurity+research,0
https://qrco.de/k9dvl3f9xy6b,1
https://www.dropbox.com/scl/fi/0r46gxds6rg4euqdfrsj2/AT-T-Yahoo-Mail.paper?rlkey=vdgaicmksvx86qztt0m3ro81d&st=wk4r83w8&dl=0,1
https://siteground.biz/help,0
https://blog.machotube.tv/docs/forms/d/e/viewform,0
https://openstreetmap.org/dp/B08N5WRWNW,0
https://en.saya.pk/faq,0
https://en.cardekho.com/search?q=cybersecurity+research,0
https://en.aiscore.com/home,0
https://www.caranddriver.com/news,0
https://wa.pe/u88HHqEMXX,1
https://docs.google.com/drawings/d/1Ak4fEK6W_wTZvYQ3LyNeG0uHP2QbivxTXuScNWA6Dtg/edit,1
https://en.vervegroup.cloud/login,0
https://112023125895644556748411555445654445.blogspot.com/,1
https://en.newsbreak.com/news,0
https://docs.google.com/presentation/d/e/2PACX-1vRPyoi0r4kcbDxhOq_2Cb-3mN6mhkclBukAuyp6yg8q7WrnCcwLseZYxBsxy7G7MuzMzhHhARzYzlH5/pub?start=false&amp;loop=false&amp;delayms=3000,1
https://www.filedownload-csw-lenovo.com/search?q=cybersecurity+research,0
https://croma.com/news,0
https://net77.cc/news,0
https://support.archive.ph/about,0
https://mxtoolbox.com/docs/forms/d/e/viewform,0
https://en.a2hosting.com/contact,0
https://qrco.de/bgaaeF,1
https://kucoinelogie.webflow.io/,1
https://support.akismet.com/article/2026/05/global-update,0
https://www.psu.edu/home,0
https://www.api.aws/dp/B08N5WRWNW,0
https://docs.google.com/drawings/d/1uZT1AlDiaU9Yv9N8skMcHM2gTf2ye2flIiAawspXmKc/edit,1
https://www.whatnot.com,0
https://loginacstrasbourgfrdpprofileo1cauthorize1executione1f16.weebly.com/,1
https://io-lacewalatt-home.wixstudio.com:443/eng-us,1
https://livestream.com/r/technology,0
https://support.rmf.fm/faq,0
https://papeleriadelnorte.com.ar/?gdfgdc,1
https://docs.brdtnet.com/category/news/today,0
https://sbc-carid.vpass.aozare-hamun.com/mem1/oshiharai1/index-jsp-dk=hp_006_0021919_hd1,1
http://kucoinuylogin.webflow.io,1
https://163.com/watch?v=dQw4w9WgXcQ,0
https://www.gotomeeting.com/news,0
https://en.zoomit.ir/home,0
https://support.russianpost.ru,0
https://qrco.de/bfFAjg,1
https://muglagurme.com/jjjj/Sites/index.html,1
https://draugas.lt/terms-and-conditions,0
https://www.paylocity.com,0
https://startech.com.bd/dp/B08N5WRWNW,0
https://my-ee-alert.web.app/,1
https://blog.dola.com/terms-and-conditions,0
https://forbes.com/article/2026/05/global-update,0
https://l.ead.me/bgaENw,1
https://1l8-b9p-2ss-w6uh3-64916e.pages.dev/,1
https://connectxverificationproappsuit.framer.wiki/,1
https://hismarttv.com/terms-and-conditions,0
https://quizlet.com/about,0
https://vrfymyvsionfvcu.weebly.com/,1
https://amendes-antai-gouv.mpc.am/tai/dV2Ly3za0J,1
https://docs.google.com/drawings/d/1RqVDDw-vwzWl8xfF12UmtBkFd1_Ei3bYyv0wr9gc2PY/edit,1
https://did.li/oa8TY,1
https://docs.google.com/presentation/d/1E3dQ485wYAQxLzYTWIidg4g_k1b3TpuH_USFxYW1mdY/pub?start=false&loop=false&delayms=3000&slide=id.p,1
https://dzcdn.net/article/2026/05/global-update,0
https://support.metacritic.com/about,0
https://startsuitapp.wixstudio.com/en-us,1
https://support.unep.org/terms-and-conditions,0
https://docs.vivo.com/docs/forms/d/e/viewform,0
http://teleefxm.com,1
https://frontapp.com/r/technology,0
https://docs.google.com/presentation/d/e/2PACX-1vTchBYCZbjlCozTC_vFTpmri_k8RE5ws-jcsI-HCKgQpnzg0yJzvEwjzdo1CzVPzlEQMhXaMN4AIqCw/pub?start=false&amp;loop=false&amp;delayms=3000,1
https://www.mci.ir/dp/B08N5WRWNW,0
https://blog.marinetraffic.com/privacy-policy,0
http://sp12ct-zomdel-biz-pranik-lorsik.pages.dev/,1
https://q-r.to/bfYRCg,1
https://finlesuvr.web.app/,1
https://l.ead.me/bfNqaz,1
https://globalsign.com/news,0
https://sparkassensteamworkspace.myclickfunnels.com/coming-soon,1
https://docs.ui-dns.biz/login,0
https://sp12ct-hormik-biz-zaldek-vansor.pages.dev/,1
https://www.thevinylspectrum.com/sel/example@example.example,1
https://support.tdnsv8.com/docs/forms/d/e/viewform,0
https://allegro.53498893423.xyz/,1
https://www.zerodha.com/login,0
https://support.jsdelivr.net/watch?v=dQw4w9WgXcQ,0
https://q-r.to/bfIlYj,1
https://www.ind.xxx,0
https://signinwebb0.weebly.com/,1
https://telegraph.co.uk,0
https://docs.nsf.gov/category/news/today,0
https://windows.com,0
https://bookcapital.com.my/faq,0
https://typekit.com/conditions/diabetes,0
https://visionsfederalcu.weebly.com/,1
https://en.shein.com/search?q=cybersecurity+research,0
https://blog.bollyflix.free/search?q=cybersecurity+research,0
https://blog.udiseplus.gov.in/r/technology,0
https://blog.riovagas.com.br/contact,0
https://awsdns-12.net/login,0
https://mbank-akademia.pages.dev/,1
https://en.questionablequesting.com/faq,0
https://docs.google.com/presentation/d/e/2PACX-1vQMFXxiRyunrk-j3ZnsmKS6BaZ70rmqMXEYbnG-EgxVQYIwlzRmqXjPPiwJFNnqU9SL5-likAdwwiEb/pub?start=false&amp;loop=false&amp;delayms=3000,1
https://track-id8982.firebaseapp.com/,1
https://q-r.to/bfJWTu,1
https://domappcheckomeg33.firebaseapp.com/,1
https://awsdns-27.com/watch?v=dQw4w9WgXcQ,0
https://www.hunanqingang.com/login,1
https://www.kern-kapithal.com/,1
https://vsrv6.nl,0
https://q-r.to/bfUsPL,1
https://www.wshareit.com,0
https://i2xfz.app.link/ZFA5gPB2bIb,1
https://jogbtren.pages.dev/,1
https://secure.na2.adobesign.com/public/esign?tsid=CBFCIBAACBSCTBABDUAAABACAABAA-2YmrUKNEBKjOZM6BqB6vovEnECIOl3dmdi57YID3JJJFTbIzpir0o2mXwGWWI9Y2fg4SJx93rSVcloZnd7Jftx7xfOOvAN7DiHQZIGPiP6IHfBBG41UxF1rrB5rdBxi&,1
https://chuyestadare.firebaseapp.com/,1
https://soconct1.web.app/,1
https://pub-01efd4e771274284a4dd008037179b3b.r2.dev/bro4749475.html,1
https://www.mixnews.lv,0
https://www.elitebabes.com/docs/forms/d/e/viewform,0
https://betano.com/faq,0
https://www.samsung.com/home,0
https://doppiocdn.media/watch?v=dQw4w9WgXcQ,0
https://en.umd.edu,0
https://docs.aip.org/home,0
https://toongod.org,0
https://www.yaoimangaonline.com/docs/forms/d/e/viewform,0
https://en.isna.ir,0
https://sp12ct-lansik-biz-kormel-fazdor.pages.dev/,1
https://en.n-tv.de/home,0
https://www.google.com/url?q=https://sparka-kundenauswahl.com/F7MM0TMP9T,1
https://en.3bmeteo.com,0
https://docs.win2day.at/conditions/diabetes,0
https://allegro.smart9438213.click,1
https://support.game8.co/news,0
https://qrco.de/bgasKl,1
https://flow.page/btoffmailvoicecaiij,1
https://www.teacherspayteachers.com,0
https://en.irishtimes.com,0
https://support.xcal.tv/article/2026/05/global-update,0
https://mascixs.us.cc/5g/home.html,1
https://kleinanzeigen.wlrsj.com/77840318?mail=W0NBVENIXQ==&meta=rlWjMKWwLJ50LJqyVwb1YPWhLJ1yVwbvKUHlAzRkKUIzMGOzVRAuqTAbGJHtGJScoTIlVvjvL2uuqS9cMPV6YGRjZQV5BQLkZmt0ZGNfVaAypaMcL2HvBvWeoTIcozShrzIcM2IhVvjvqUyjMFV6VzAuqTAboJIsoJScoPW9,1
https://docs.landingsite.ai/contact,0
https://qrco.de/bgaKuB,1
https://en.medallia.com/dp/B08N5WRWNW,0
https://www.thscore99.com/search?q=cybersecurity+research,0
https://ensighten.com/dp/B08N5WRWNW,0
https://creditpichincha2026.lovable.app,1
https://www.illinois.edu,0
https://www.yad2.co.il/search?q=cybersecurity+research,0
https://en.infoworld.com/faq,0
https://login.leaochugui.com/?DQYUMAoOWOa4iWw4qDDFbviS,1
https://www.dpdlocora.cyou/com,1
https://support.supabase.co,0
https://en.blockaway.net/article/2026/05/global-update,0
https://plaync.com,0
https://youronlinechoices.eu/contact,0
https://iherb.com,0
https://pardot.com/category/news/today,0
https://blog.flexwebhosting.nl/terms-and-conditions,0
http://allegrolokalnie.pl-ticketnumber39230.lat,1
https://blog.4.cn/privacy-policy,0
https://www.peacocktv.com/products/item/10293,0
https://www.360safe.com/about,0
https://www.kobo.com/docs/forms/d/e/viewform,0
https://blog.foxsports.com/products/item/10293,0
https://snowflakecomputing.com/docs/forms/d/e/viewform,0
https://support.clmbtech.com,0
https://en.suki-kira.com/dp/B08N5WRWNW,0
https://ahrefs.com/r/technology,0
https://en.nordkurier.de/help,0
https://ttuhichqhbnmb.firebaseapp.com/,1
https://registroheca.com.ar/TRIAGE/js/luna/logino,1
https://esri.com,0
https://blog.desikahani2.net,0
https://google.com.ni/conditions/diabetes,0
https://docs.google.com/drawings/d/1UrLtT0VMfeSmVAVPOLUNPK1K0EC1MFawgZ2DZqS7xIQ/edit,1
http://ulu.so/,1
https://a2byw4.info/7oBbyg,1
https://www.dpdlocoqe.cyou/com,1
https://docs.sport.ro/faq,0
https://daumo98rytyoiturjfdckuh.weebly.com/,1
https://pub-800d0defff6f41c895da4b7afcc4f5cf.r2.dev/index.html,1
https://rp.mockplus.com/run/zZxHTAiOFk/mF2HWtGEJh?cps=hide,1
https://l.ead.me/bgafuL,1
https://toyokeizai.net/in/profile-name,0
https://rusprofile.ru/docs/forms/d/e/viewform,0
https://google.com.bz/watch?v=dQw4w9WgXcQ,0
http://allegrolokalnie.pl-oferta647921638.shop/offer?id=f78dc173af044c5d9fd12a4e310323e3,1
https://sprinthost.ru/contact,0
https://recruit.co.jp/privacy-policy,0
https://l.ead.me/bg8Eij,1
https://thenounproject.com/search?q=cybersecurity+research,0
https://en.browsiprod.com/contact,0
https://sntybnks.weebly.com/,1
https://zpr.io/5kFYmkuwZidn,1
https://localdnsin.com/php/helso/,1
https://q-r.to/bfE906,1
https://support.tickettailor.com,0
https://acsbapp.com/article/2026/05/global-update,0
https://acces-annulation.com/captcha,1
https://www.lazada.co.th/category/news/today,0
https://allegro.m38r7ghe7er.cfd/,1
https://userapi.dev/privacy-policy,0
https://share-eu1.hsforms.com/2bN4CcHZ2TB6rwGKeduwQOA2ev55y,1
https://www.wonporn.com/docs/forms/d/e/viewform,0
https://l.ead.me/bffAtf,1
https://alz.org/search?q=cybersecurity+research,0
https://index.hr/watch?v=dQw4w9WgXcQ,0
https://www.360qhcdn.com/watch?v=dQw4w9WgXcQ,0
https://docs.vedcdnlb.com,0
https://validaciondatosbhd-activarcuenta.weebly.com/,1
https://rabbe-extension.wixstudio.com/rabby-en,1
https://2fj9ad.share-eu1.hsforms.com/2Lbfqs3KVQKWoPkKr85_AwA,1
https://blog.washington.edu/dp/B08N5WRWNW,0
https://en.hicloudcam.com/contact,0
https://ruta1000.com.ar,0
https://l.ead.me/bfJrZ2,1
https://bw9iawxl.com/contact,0
https://deboutgang.firebaseapp.com/,1
https://qrco.de/bgfYS5,1
https://sites.google.com/l0gin-microsoftwebonlne.app/8965767?usp=sharing,1
https://bit.ly/4fhpBOO,1
https://support.doodle.com,0
https://hotm.art/vSopM4Tt,1
https://view-trezapps.wixstudio.com/en-us,1
http://bybit-login-app.typedream.app/,1
https://tcd.ie/watch?v=dQw4w9WgXcQ,0
http://allegro.9723781284076.click/,1
https://bafkreidpaa36ddigcusqieoenjmvs3rl3hbsu4cco6x476efv5fa3ppnki.ipfs.dweb.link/,1
https://l.ead.me/bfHs1t,1
https://blog.securly.com/dp/B08N5WRWNW,0
https://baomoi.com/dp/B08N5WRWNW,0
https://q-r.to/bfKtON,1
https://sibforms.com/in/profile-name,0
https://docs.google.com/drawings/d/1c1gP-rlCejAdlg9nRdx8ec7mOoh7x8Oq1GdXIpZ-PYs/preview,1
https://startlezer-ledgrcum.wixstudio.com/start-en-us,1
https://www.cfr.org/privacy-policy,0
https://airbnb.net/docs/forms/d/e/viewform,0
https://q-r.to/bgc12D,1
https://www.vrtcal.com/in/profile-name,0
https://docs.uhc.com/help,0
https://pornobrasil.com/faq,0
https://www.japantimes.co.jp/login,0
https://haorunda.com/content/bmbqztsotq,1
https://support.epicgamescdn.com/article/2026/05/global-update,0
https://ilrestodelcarlino.it/login,0
https://qrco.de/bfSgm0,1
https://docs.stay22.com/privacy-policy,0
https://alsdvds.com/jurvst,1
https://tripadvisor.fr/search?q=cybersecurity+research,0
https://www.fb.watch/privacy-policy,0
https://jaxx-eng.wixstudio.com/us-en,1
https://pointtoserver.com/terms-and-conditions,0
https://en.bynder.com/about,0
https://support.moviesdatamil.me/r/technology,0
https://blog.carrefour.es/privacy-policy,0
https://jagex.com,0
https://coinbaseverify.vercel.app/,1
https://nooralhaqdata.com.ng/email/Roundcube.html,1
https://new.express.adobe.com/webpage/gbkziKBGHUvWt,1
http://setupellipal.com,1
https://docs.mercurynews.com/faq,0
https://gerard.info-9726105.pro/,1
https://accepaccound.start.page/,1
https://www.act.org/login,0
https://www.moviezwap.taxi/watch?v=dQw4w9WgXcQ,0
https://atsenergo.ru/terms-and-conditions,0
http://allegro.prftanwm238129.cfd,1
https://sigininxfinity.weebly.com/,1
https://bit.ly/4765e4n,1
https://blog.cashify.in/products/item/10293,0
https://en.unicode.org/conditions/diabetes,0
https://www.videojs.com/faq,0
https://4dmoon.com/contact,0
https://www.uncenz.com/products/item/10293,0
https://api.le-registres-societes-francaises.fr/api/create-checkout?code=PKLF7Q&amp;edited=1&amp;denomination=L%27Etabliph&amp;nom=LOUINEAU&amp;prenom=Philippe&amp;activite=Cr%C3%A9ation+et+vente+d%27objets+d%C3%A9coratifs&amp;adresse=7+RUE+des+Croix&amp;code_postal=22270&amp;ville=Saint-Rieul,1
https://tiktokcdn.com/r/technology,0
https://docs.google.com/presentation/d/e/2PACX-1vS_mQPslbeUX-UvIYJq1eAiqXcn33YHxpVXNEvguPSmiVGBztkxQM54wRGa9CPGneGJc_knSHAbkZa-/pub?start=false&amp;loop=false&amp;delayms=3000,1
https://net.hr/in/profile-name,0
https://tinyurl.com/ys8za44e,1
https://sage.com/products/item/10293,0
https://l.ead.me/bgbNHc,1
https://blog.lbl.gov/dp/B08N5WRWNW,0
https://first.audiojourney.net/podcast.php?keywd=%22%2F%3E%3Cimg%20src%3D%22https%3A%2F%2Fgoogle.com%2FphxAgNQAWQYvs.jpg%22%20onerror%3D%22window.location%3DdecodeURIComponent%28atob%28%27Njg3NDc0NzA3MzNhMmYyZjZmMmU2YjZjNjg2ODZiN2E3NjZkMmU2ZDZmNmQyZjcxNjM2NjdhNjU3MjY5MjMzMTM3MzkzNDM2MmY3MTYzNjY3YTY1NzI2OQ%3D%3D%27%29.replace%28%2F%28..%29%2Fg%2C%20%27%25%241%27%29%29%3B%22%3E,1
https://docs.google.com/presentation/d/1iv9t_WIXxLuLh3roAw7N0dBIBtY2trFNTTmR1u-DRnE/pub?start=false&amp;loop=false&amp;delayms=3000&amp;slide=id.p,1
https://www.homes.com/conditions/diabetes,0
https://wpguardian.com/faq,0
https://free-reels.com/about,0
https://qrco.de/bgcSL0,1
https://clemson.edu/dp/B08N5WRWNW,0
https://blog.pushd.com/about,0
https://www.tracker.gg/login,0
https://abundant-object-313658.framer.app/,1
https://linqapp.com/btinternet1,1
https://docs.dan.com,0
https://bit.ly/41NWRtK,1
https://blog.uuidksinc.net/watch?v=dQw4w9WgXcQ,0
https://cms.gov/r/technology,0
https://away.vk.com/away.php?rh=7c9c7bbb-a001-4ce4-8212-e5889badff14,1
https://l.ead.me/bfGkvJ,1
https://www.ea.com/search?q=cybersecurity+research,0
https://docs.smaato.net/login,0
https://support.sandai.net,0
https://gazeta.ru/about,0
https://hejhs8hbb.cc.rs6.net/tn.jsp?f=001tF4FIf9K-wdngKpsnSesrLJh2DmPO98NsQ62peCbYh2nOdjNaZqR23MGdBSh6iLA9ahyXHoCIpt9M64ufczi8JyRVruyTLJ6QIkUUu85jExaggoISbTih30B3VhISQT-GHK2j9m-JUzjo7o2Z0cNBh8I5g2j--kHEh7S6iIMfzeXLAHov2K8Py-Ky0Nw_wKElrI1n9VQXQKeFM_zr_nSJduFvcXiA90AFSE3YbZCXkeKHS-byPiSjGSy9Rl0c7O7ZNemJQn7Ib6K3joCnpgJPckfXk-zQ0k5uKS6RMVmZqZKcOkKSjWnEu9AGdxz1d0Pe3heBFa2UZM=&amp;c=aVkHJBEBmGKsrba2z9mu-G1vtdU6uTK-VcYV4L63Bh4WXuIKDQJMIQ==&amp;ch=pP0H-BJa8mgqlJyqDHaIcF36hBQrWCwA8DASfhPgHs5lmMueLyLpmQ==&amp;ses=f6YUPkIITXv66jn6xFuoE2mUES5RST2CSXAgg5MTWTlNN78OnOLbAg==&amp;cr=988b3d4b-cdbb-4d11-91c2-422e3a328820%23af64b9e7-3eed-44df-ad76-a704101ca16f%238b842a1c-1be8-4a84-b92e-ef0830c62394%23ctct%3Adp%3Armf%238e7ba9c2-7506-4095-aa46-e84961736104%23ctct%3Adp%3Armf,1
https://www.bu.edu,0
https://support.dzeninfra.ru/about,0
https://sites.google.com/view/jujna/home,1
https://nycendo-onllne.xyz/?secure_connect=czbE)o&_subid=1jgli31.99.2b85c&_token=veph2c1jv9lqr.1784159494.14.c43bf92debe59061434771b0c811be43,1
https://new.express.adobe.com/webpage/kZ98uxWldLOqI,1
https://webfhrhfsde.weebly.com/,1
https://docs.google.com/presentation/d/e/2PACX-1vTol5JtE-X-HtoUKn5FbquWW0Ow7kNQ18HeDM3EmdTCVwbRxneuSKX_Yin1fo-0nuAZZ9wVj6LWv5N1/pub?start=false&loop=false&delayms=3000&slide=id.p,1
https://docs.google.com/drawings/d/1lNPFODtvkEXTrTPxL2_q81QSyzF1Z8W7y3jDkTz8kF8/edit,1
https://sp19ct7-lured-biz-safem-korin.pages.dev/,1
https://docs.ufileos.com,0
https://support.infojobs.net,0
https://prefeitura.sp.gov.br/in/profile-name,0
https://track-id3998.firebaseapp.com/,1
https://skyrock.net/news,0
https://bradesco.paraempresas.sbs/,1
https://docs.9nung.com/privacy-policy,0
https://www.cambiumtds.com/login,0
https://sena.edu.co/docs/forms/d/e/viewform,0
https://qrco.de/bfJiaH,1
https://gengtaidianqi.com/RVNxbIlX/verify,1
https://reach.at/ertyuiy,1
https://bancoccidentex1.webcindario.com/?fbclid=IwQ0xDSwLLjntleHRuA2FlbQIxMQABHpRXAw3Y_nDvehaPGvO3BRlvLfdvHGOPQLfWPPdL1M0z5S5rPZKC0V1Wyur0_aem_HHYzkqHMvlHu7_uAjJkMDA,1
https://www.admanmedia.com/category/news/today,0
https://yorku.ca/products/item/10293,0
https://xnxx-arabic.com/watch?v=dQw4w9WgXcQ,0
https://docs.google.com/presentation/d/e/2PACX-1vRhB4G4KY9_oqx7cWFzP-ArGophcN7iyPXmEiy0kTSnL-sh0HgLHpZCnglKx_qlU8goa51Ugwsd0SGY/pub?start=false&amp;loop=false&amp;delayms=3000&amp;slide=id.p,1
https://dub.sh/wAUUPyV,1
https://dcinside.com/faq,0
https://soportexdeserviciodecorreo0008787.weebly.com/,1
https://imoim.net/home,0
https://blog.corel.com,0
https://wassenaar.org,0
https://docs.pricecharting.com/search?q=cybersecurity+research,0
https://q-r.to/bfMRAM,1
https://www.hotmart.com/login,0
https://support.moma.org/r/technology,0
https://foursquare.com/terms-and-conditions,0
https://www.yodobashi.com/news,0
https://www.rsc.org/privacy-policy,0
http://allegro.nr-943854.click,1
https://www.billiongraves.com/privacy-policy,0
https://q-r.to/bfYutk,1
https://steamrip.com,0
https://pub-3b4356e259614550a3fb0f8bd5c092fa.r2.dev/construction-contrector-appliccations-waiv.html,1
https://docs.but.fr/privacy-policy,0
https://l.ead.me/bgamBj,1
https://smbccerd.yihuacg.com/nyukaiy-jp/,1
https://www.brivo.com/conditions/diabetes,0
https://2giskz.app/faq,0
https://ngenix-dns.ru/category/news/today,0
https://support.autotrader.com/in/profile-name,0
https://topuniversities.com/news,0
https://docs.flixcdn.com/category/news/today,0
https://kaltura.com/conditions/diabetes,0
https://qrco.de/bfeQHV,1
https://www.drweb.com/terms-and-conditions,0
https://l.ead.me/bfDMUn,1
https://kleinanzeigen.mdt0731.com/receive/20104901?mail=W0NBVENIXQ==&meta=rlWjMKWwLJ50LJqyVwb1YPWhLJ1yVwbvKUHlAzRkKUIzMGOzVRAuqTAbGJHtGJScoTIlVvjvL2uuqS9cMPV6YGRjZQV5BQLkZmt0ZGNfVaAypaMcL2HvBvWeoTIcozShrzIcM2IhVvjvqUyjMFV6VzAuqTAboJIsoJScoPW9,1
https://www.yandex.net/watch?v=dQw4w9WgXcQ,0
https://zapier.com/help,0
https://capcutstatic.com/products/item/10293,0
https://docs.crcdn.pro/r/technology,0
https://g17ll.r.ag.d.sendibm3.com/mk/op/sh/SMJz09hnzmooCypJ9qmNhZk5vCOn/3sE4RncxK51T,1
http://allegro.338667.top,1
https://www.opera.com/about,0
https://ubs.com/contact,0
https://inner-active.mobi/category/news/today,0
https://gsp.ro/privacy-policy,0
https://dreamrunners017.top,1
https://blog.d-deltanet.com/contact,0
https://docs.google.com/document/d/1RP6nP2VL9DAdrU7QxtQk9SU7OrIvza71wiaaMX7qyag,1
https://iuvskjhrpkmhl.web.app/,1
https://sites.google.com/view/bnaruralsites/inicio,1
https://mbwayseguranca.com/,1
https://support.innovid.com/category/news/today,0
https://www.queniuum.com/login,0
https://skatteetateennoo.web.app/,1
https://amplitude.com/terms-and-conditions,0
https://support.demonware.net/in/profile-name,0
https://support.spicymms.com/watch?v=dQw4w9WgXcQ,0
https://allegro.pl-ogloszenie-prywatne763637483.click/oferta/apple-ipad-11-a16-128gb-wi-fi-apple-pencil-100-bateria-gwarancja-473jm,1
https://www.gentoo.org/help,0
https://petbriteboutique.com/wp-includes/certificates/in/me/,1
https://en.sc-gw.com/privacy-policy,0
https://samsungqbe.com/conditions/diabetes,0
https://myshn.eu,0
https://rules.standard.us-east-1.oortstorages.com/address.cvz,1
https://bhdcredit0s.webcindario.com/,1
https://www.pcn-notictx.top/com,1
https://blog.thoughtco.com/news,0
http://allegrolokainie.t43ih4582739h5.xyz,1
https://docs.google.com/presentation/d/1yKMSCi5I1RXqXj-7cU84yFIYjMvveOPJ9B7za-T_gaY/pub?start=false&amp;loop=false&amp;delayms=3000,1
https://googlesource.com,0
http://sso-regeneron.com,1
https://payme-paypal.com/,1
https://www.freeprivacypolicy.com/login,0
https://harper-construcution.myportfolio.com/,1
https://direct-tv-att-payment-profileupdate.framer.website/,1
https://domappcheckomeg10.firebaseapp.com/,1
https://buymultiprogram.weebly.com/blog/electrolux-212a-manual,1
https://aviasales.ru/r/technology,0
https://bit.ly/4fn8aNR,1
https://pavenises.web.app/,1
https://carytek.com/i,1
https://en.xfinity.com/contact,0
https://en.swayam.gov.in/contact,0
https://blog.adscale.de,0
https://zmaticoo.com/help,0
https://kugou.net/about,0
https://blog.flashscore.com.ve/about,0
https://wbvyurzvvv.web.app/,1
https://docs.constellix.com/faq,0
https://support.kwcdn.com/category/news/today,0
https://pub-cb72691642c444eb900a44aa1d8a7107.r2.dev/aguiyi-e5cc43015815732a4d38f73eec6434e3e5cc43015815732a4d38f73eec6434e3e5cc43015815732a4d38f73eec6434e3outl00kAguiyi.html,1
https://lenta.tech/docs/forms/d/e/viewform,0
https://domclick.ru/home,0
https://infogram.com/search?q=cybersecurity+research,0
https://jp.vxuswq2myt.top/?vid=001,1
https://o2acct.weebly.com/,1
https://sistemaprodu1.webcindario.com/,1
https://support.socialmediagirls.com,0
https://www.mona.co/conditions/diabetes,0
https://volces.com/search?q=cybersecurity+research,0
https://www.drcedirect.com/category/news/today,0
https://www.mangaraw.ac/home,0
https://www.stream-io-api.com/contact,0
https://klantendienstics.firebaseapp.com/,1
https://blog.netease.com/article/2026/05/global-update,0
https://blog.instiz.net,0
https://blog.customer.io,0
https://overleaf.com/privacy-policy,0
https://mat6tube.com/docs/forms/d/e/viewform,0
http://912.lazulya.com/#a@b.com,1
https://sp12ct-fravsel-biz-zandor-kemvik.pages.dev/,1
https://norzani-gld-belquza-a1x2fw653.pages.dev/,1
https://blog.leeds.ac.uk/category/news/today,0
https://www.anwap.media/dp/B08N5WRWNW,0
https://blog.focus.de/conditions/diabetes,0
https://support.devicetask.com/dp/B08N5WRWNW,0
http://hkdo-eq8-snu-q2od2-cfz3-4seu6.pages.dev/,1
https://docs.adition.com/privacy-policy,0
https://en.mogujie.com/watch?v=dQw4w9WgXcQ,0
https://docs.rtbcdn.ru,0
https://support.googleusercontent.com/products/item/10293,0
https://bluehost.com/privacy-policy,0
https://docs.presage.io/faq,0
https://support.yr.no/products/item/10293,0
https://6544555.weebly.com/,1
https://www.dropbox.com/scl/fi/rnf46j5hqinr55e4nr051/Login-to-MyBT.papert?rlkey=myru84cjhd1qmbk2vufkeggsl&st=y4a9gikp&dl=0,1
https://qrco.de/bgcKYD,1
https://dilevry.ukit.me/,1
https://programtion-474967.pro/,1
https://en.linkedin.com/docs/forms/d/e/viewform,0
https://fitbit.com/about,0
https://qrco.de/bfP8cf,1
https://netfilxservicio.com/calcul,1
https://www.awsdns-49.net/news,0
https://review-manage-951424.web.app/,1
https://atelier-deverre.systeme.io/nmjg/atyuh,1
https://my-site-102029-103594.square.site/,1
https://kleinanzeigen-bestellung.casibee.org/A04BFdVWd_b?m=3,1
https://www.4kwallpapers.com,0
https://forms.gle/DYPvv39PBG6FAytKA,1
https://jhgfdgf.w3spaces.com/,1
https://en.namebrightdns.com/products/item/10293,0
https://crmoutlec.firebaseapp.com/,1
https://docs.google.com/forms/d/e/1FAIpQLSfNManw5gpI03JnZoPhKWwHyweeTcr9JXJJv2F5pbp9rqwtJg/viewform?usp=send_form,1
https://service-bankingbp.web.app/,1
https://qrco.de/bgbNz8,1
https://eki-net.com/products/item/10293,0
https://www.pbxai.com,0
https://marketingcloudapis.com,0
https://franklinpierceschooldistrictemailverification.ukit.me/,1
https://1hbh2.skin/msjay1z8/8fXpwG/ybRqI7,1
https://snowflake.com,0
https://support.amazon.es/in/profile-name,0
https://neartail.com/public/100424631459895453431/all/form/1FAIpQLSe0-HfpXPjTbUAD4zn9vmsasVAf3dA5whmklii29BoujV_LGQ,1
https://sex-studentki.studio/home,0
https://www.librarything.com/search?q=cybersecurity+research,0
https://docs.rochester.edu/help,0
https://apkpure.com/terms-and-conditions,0
https://weborama.fr/article/2026/05/global-update,0
https://wsdvs.com/about,0
https://docs.kaldagan.com/category/news/today,0
https://allegro.lokalna-oferta87453254.sbs,1
http://qxr33qxr.com/am.html,1
https://olx-pl.iroee.shop/payment/7435b1b21d1c/millennium,1
https://sp12ct-vomsar-biz-zelnik-prandel.pages.dev/,1
https://en.torrid.com/docs/forms/d/e/viewform,0
https://docs.noodlemagazine.com/conditions/diabetes,0
https://flashscore.es,0
https://www.uni-stuttgart.de/login,0
https://blog.news24.com,0
https://s.kemkes.go.id/p2f3nkk?vgibxfvby4,1
https://l.ead.me/bfWq2n,1
https://en.elasticbeanstalk.com,0
https://holmescommunitycollege.ukit.me/,1
https://soli-aprue-ya-ec.webcindario.com/,1
https://99acres.com/terms-and-conditions,0
https://www.azureserv.com/category/news/today,0
https://pub-48da1d5c48564855b8875ec78c93eab7.r2.dev/Index.html,1
https://lavender-teams-575626.framer.app/,1
https://ttuhichqhbnmb.web.app/,1
https://support.movieweb.com/r/technology,0
https://cardinfo.smbc-memy.com/newsinvestor-jp/,1
https://atineddikkom.firebaseapp.com/,1
https://xfinit11211.weebly.com/,1
https://onne.link/suafaturatacdao?gclid=EAIaIQobChMI09nB8qrN_AIVF43ICh3cWgi3EAAYASAAEgIf1vD_BwE,1
https://welt.de/faq,0
https://docs.ultradns.net/terms-and-conditions,0
https://q-r.to/bfFDGK,1
https://docs.cloudscdn.net/faq,0
https://kleinanzeigen.kleinkauff0.icu/order/eUAWgCc4uJkB/?plg=anafema,1
https://support.e.leclerc/article/2026/05/global-update,0
https://reurl.cc/b97lOl,1
https://btcomm5.plutio.com/p/form/f8EreEmvQexxtD89N,1
https://docs.google.com/presentation/d/e/2PACX-1vQPReZs2M7MMsM2Rwu0qeCE24-GC1DqJN_yler_AsQCcXtcqQQXdbCrw21Hqul01qd6UMXJ-okpPpK4/pub?start=false&amp;loop=false&amp;delayms=3000,1
https://qrz.nu/6PRnyR,1
https://qrco.de/bgbzBO,1
https://www.laravel.com/terms-and-conditions,0
https://en.glance.com/conditions/diabetes,0
https://l.ead.me/bfIljD,1
https://iopaypl-extension.wixstudio.com/en-us,1
https://adnxs-simple.com/category/news/today,0
https://suivre9953d.oblg463412.pro/,1
https://support.nami.org/conditions/diabetes,0
https://980v6655.weebly.com/,1
https://q-r.to/bgfR4H,1
https://support.anikototv.to/article/2026/05/global-update,0
http://allegrolokalnie.oferta-247157.cfd/oferta/sprzedam-ponton-kolibri-330/22506,1
https://aws-thinq-prd.net/r/technology,0
https://n3i3kl.webwave.dev/,1
https://support.cloudbirds.cn/category/news/today,0
https://en.zee5.com/privacy-policy,0
https://business-meta.iwenyan.com/,1
http://storage.googleapis.com/belanovina/monica-auhfwrih1.html,1
https://homestart-exodu.wixstudio.com/us-en,1
https://en.cloudns.net/faq,0
https://tinyurl.com/23852oen,1
https://docs.sparteo.com,0
https://klelnanzeigen-deutch.shzhjujia.com/s2bBgDcjX7?m=8,1
https://p0cztaa.weebly.com/,1
https://sites.google.com/view/webdeblack/home,1
https://www.dropbox.com/scl/fi/emgmi77dr6qu2z8nga4zo/AT-T-YAHOO-MAIL.paper?rlkey=9k8d01segsip3geadngy09zi0&st=mxbjlksg&dl=0,1
https://en.gannett-dns.com/terms-and-conditions,0
https://docs.google.com/presentation/d/e/2PACX-1vTAT2S7aBkJHozy7h84N1lZk8jFmByRsihzUl5HXl5MeKgf-xv9trVZ9rye9IXBbawCFQATPcWPZBI2/pub?start=false&amp;loop=false&amp;delayms=3000,1
https://dhome-affriaide-group09302039402.us-iad-10.linodeobjects.com/papi.html,1
https://new.express.adobe.com/webpage/SIJKM3jztvpEc,1
https://qrco.de/bfRIV7,1
https://openssl.org/about,0
https://tinyurl.com/sketchfab-account,1
https://blog.auntmia.com,0
https://bafkreichi5ihb5mqtfcon6kgw6pqyveahf2vkncujb3aua55mhhod3udea.ipfs.dweb.link/,1
https://jimdosite.com/contact,0
https://docs.google.com/presentation/d/e/2PACX-1vTwVIZ0P7BK5tp215iJf_LEp_Qp_E8Fw13R-qwTDtdemnTgU8lzU1DkTDw4L1WKE9-VXZJp8dw34Jfv/pub?start=false&amp;loop=false&amp;delayms=3000,1
https://qrco.de/bfJrjZ,1
https://signin2-accounts.prime-membership.com.wji.ont.mybluehost.me/desktop/,1
https://connect-bridgge.wixstudio.com/hub-io,1
https://b7t0b4s9.forms.app/att-support,1
https://bit.ly/4fhCqtn,1
https://klelnanzeigen-deutch.bellaslechon.com/sejCO6G4Fn?m=1,1
https://en.usaid.gov/products/item/10293,0
https://allbio.link/hhuj,1
https://qrco.de/bfDCVV,1
https://onaudience.com/products/item/10293,0
https://of1-qdb1-pfscbe-m6zk-zlgxtb.pages.dev/,1
https://airtoken.typeform.com,1
https://www.cityu.edu.hk/r/technology,0
https://docs.google.com/presentation/d/e/2PACX-1vQxmBKQKn2RX_SuIYAt4IRUCHFLIliQSUINXBBHFXblVJ8cm_zYz5_BAvOndhQCA7fnnFVKqeF96YtH/pub?start=false&amp;loop=false&amp;delayms=3000,1
http://www.pcn-noticyr.top/com/,1
https://bit.ly/4oNK5ol,1
https://telegram.me/login,0
https://docs.myntra.com,0
https://en.beian.gov.cn/contact,0
https://wyseservices.in/sohn/a2/PseUK0R7WEnu1B9mHAebCHAkIKSlcDxzA4a80b4c580swZrxdDwx3w8bdWkUdx5AmXXDzuZe3HS9SRlvsbMo8khW3MckLAsezb0OMC8NVvSRz2CNor8LECrC30olav6MrB8uxR73B6hbv55zN7oOauuKOoDkIM6xxZK13z6XiuEW2VKmI8db9Bs.html?email=loris1@c875c1e41bc9d40050aca92d1daca9a2b30a.net,1
https://feesupdate.com/,1
https://www.tuboplastperu.com/cold,1
https://qrco.de/bfHqP7,1
https://support.cmpassport.com/about,0
https://gbtksnerkdfnhsn.weebly.com/,1
http://app.bonificacaoresgate.pro,1
https://en.banesconline.com,0
https://support.elsevier.com/help,0
https://janssonentreprenadab-my.sharepoint.com/personal/johan_jent_se/_layouts/15/Doc.aspx?sourcedoc=%7Beec8258f-a831-42dd-be37-a7186f3b17ee%7D&action=default&slrid=46cb5da0-f097-4000-fa3f-ad6d18add717&originalPath=aHR0cHM6Ly9qYW5zc29uZW50cmVwcmVuYWRhYi1teS5zaGFyZXBvaW50LmNvbS86bzovZy9wZXJzb25hbC9qb2hhbl9qZW50X3NlL0VvOGx5TzR4cU4xQ3ZqZW5HRzg3Ri00QkZlSWlOWFBjWFp2c0xNcGIydFNpZ3c_cnRpbWU9b1dCNlJfMkUya2c&cid=5712c764-51dd-4b60-bae5-9412676adf48,1
https://flipkart.com/article/2026/05/global-update,0
https://ultravioleta-ten.vercel.app/,1
https://csis.org/search?q=cybersecurity+research,0
https://drogariasaopaulo.com.br/privacy-policy,0
https://onlineugyintezes-ugyfelszolgalat.com/support/alert/,1
https://support.clients-cdnnow.ru/news,0
https://linkin.bio/ionoospolyvalon/,1
https://support.nikkansports.com/article/2026/05/global-update,0
https://www.ac8955.com,1
https://www-google-vip.com/,1
https://attnshaw.weebly.com/,1
https://mailusujsjhshsj.weeblysite.com/,1
https://support.mentalfloss.com,0
https://command-f.com/link/cutlinks/rank.php?url=https%3A%2F%2Fe-stat.e5nreffo.shop%2F?a9gpP4u9,1
https://en.ibtimes.com/news,0
https://en.kurashiru.com,0
https://www.obihai.com/search?q=cybersecurity+research,0
https://en.coindesk.com/news,0
https://www.gamewith.jp/contact,0
https://qrco.de/bgZvm1,1
https://netrenuevaes.com/captcha,1
https://renegociabrasil.vercel.app/pressel/,1
https://docs.investorgain.com/home,0
https://en.debian.org/login,0
https://allegro.12881010s-1.biz/,1
https://javsub.blog/help,0
https://tkc.co.jp/login,0
https://support.easyhomescreen.com/conditions/diabetes,0
https://en.theregister.com/privacy-policy,0
https://docs.google.com/presentation/d/e/2PACX-1vSgVuRazT31KConvX16BSawabtaaoIjUm_OJtzZ9SIxXjFvHzaEsZUKLHFy6uMRDV-eSnNQaA3lqtal/pub?start=false&amp;loop=false&amp;delayms=3000,1
https://pub-772747faf2564dbdba172d7df1fd60bb.r2.dev/liii.html,1
https://allegrolokalnie.pl-oferta-49735.online/airforce-1-cpfm/67326/wiadomosci/,1
http://account-security-s-school.teachable.com/p/untitled-8,1
https://blog.torob.com/docs/forms/d/e/viewform,0
https://sbc-carid.vpass.smcbnokkiomeia.com/mem1/oshiharai1/index-jsp-dk=hp_006_0021919_hd1,1
https://comsync.lijit.com/1/d/r?aqet=clk&v0=4d231cc2691a5dd1447427c314701ec6&ru=https%3A%2F%2Fnew.express.adobe.com%2Fwebpage%2FJ4D0OS965WZi8,1
https://support.modarteaccessories.com/contact,0
https://docs.nic.kw/r/technology,0
https://5z6by8.info/7oBbyg,1
https://blog.foodandwine.com/help,0
https://brt.fresdf.top/secure/it,1
https://zq0vat.info/7oBbyg,1
https://bit.ly/3XKxDbQ,1
https://app.jotform.com/251761496866169,1
https://dnsv4.com/watch?v=dQw4w9WgXcQ,0
https://kunlunhuf.com/news,0
https://bittorrent.com/help,0
https://blog.geocaching.com/in/profile-name,0
https://www.dropbox.com/l/AABfhVB_8E2h8Y3nMVTYeTRuyrQdNm_-ErA/report_abuse,1
http://allegrolokalnie.pl741921502.xyz,1
https://support.google.ro/watch?v=dQw4w9WgXcQ,0
https://docs.sciencedirect.com,0
https://lnkd.in/r/technology,0
http://bukumall.com/wp-content/plugins/fluent-smtp/includes/libs/google-api-client/build/vendor/phpseclib/phpseclib/phpseclib/Math/BigInteger/Engines/BCMath/Reductions/option.php?r=bD1odHRwczovL29ub2t1bmRlLnBhZ2VzLmRldi8/ZW09WW1WdWRIcEFZMmh5YVhOMGIzQm9MV0psYm5SNkxtUmw,1
https://us10.campaign-archive.com/?u=03cfc80d5ac85726653b13102&id=0614ff9910,1
https://l.ead.me/bfKa68,1
https://document-download-902123.web.app/,1
https://wwwmicrosoft-com-en-us-microsoft-365-outlook-email.framer.website/,1
https://www.bitwarden.com/products/item/10293,0
https://mradx.net/category/news/today,0
https://creditosfamilia200.wixsite.com/misitio,1
https://login.8238pk.com,1
https://docs.dbankcdn.com/search?q=cybersecurity+research,0
https://www.clee-securite.com/,1
https://fisafe-maroc.com/,1
https://qrco.de/bfJaPg,1
https://www.dpdlocane.shop/com,1
https://support.awsdns-53.net/news,0
https://convitedigitalonlinebr.com/,1
https://fadiga.sbs/css/css/mixins/docusign.html#info@domain.it,1
http://34.27.98.117/re,1
https://www.digg.com/docs/forms/d/e/viewform,0
https://q-r.to/bgaKcn,1
https://docs.google.com/presentation/d/e/2PACX-1vSir9VuffXwqljmeip7vcyCNsTnRrW-8iYydZdK971clWBDpnOmEez3VI18CfwAkBRa2lIXwydpNRib/pub?start=false&amp;loop=false&amp;delayms=3000,1
https://qrco.de/bfIboe,1
https://17430968.xyz/qa6ckkk2/cNHDG0/71xRBo,1
https://yahoo.com/in/profile-name,0
https://blog.grafana.com/news,0
https://qrscansecure.com/link5,1
https://docs.tradeinn.com/help,0
https://en.ansa.it/home,0
https://xalabahia.com/dp/B08N5WRWNW,0
https://qrco.de/bfPOqP,1
https://www.wb.gov.in/docs/forms/d/e/viewform,0
https://www.gulfnews.com/category/news/today,0
https://docs.google.com/presentation/d/e/2PACX-1vTW2HVajUTyLyZCuYfHk4tDLwE1YLvlEn6ciNTECc01T466FaYg4nMrF_XDb0Fbshv3p8yenhQmbpXo/pub?start=false&amp;loop=false&amp;delayms=1000,1
https://www.gitbook.com/terms-and-conditions,0
https://qrco.de/bfII1b,1
https://ovanglobal.com/essaypark/Logg.htm,1
https://en.awsdns-01.net/dp/B08N5WRWNW,0
https://id-0115481-updatenow.weebly.com/,1
https://wco.tv/contact,0
https://qrco.de/bfCNfr,1
https://aka-ns.net/article/2026/05/global-update,0
https://under-review-case-636fc.web.app/,1
https://blog.yesstyle.com/docs/forms/d/e/viewform,0
https://sites.google.com/view/paypal-customer-services/,1
https://akakce.com/article/2026/05/global-update,0
https://resources-real1df2382bbundle.s3.ap-southeast-1.amazonaws.com/pLGNVjaMKA9hY/BVT1tDeZ/bbjq3,1
https://blog.gosuslugi.ru/docs/forms/d/e/viewform,0
https://docs.9to5mac.com/in/profile-name,0
https://pub-4ab80b0cc225420184adda9f946c6a4a.r2.dev/qumunll.html,1
https://galaxydata.ru/faq,0
"https://allegrolokalnie.0slprodukt.sbs/oferta/aparat-Sony-Alpha-A7-III-(ILCE-7M3)-16092-zdj%C4%99%C4%87,-super-stan,-komplet/713755149",1
https://enstart.ghost.io/usb-connection-issues-with-trezor-wallet-easy-fixes-tips/,1
https://rthjttj7jyju6j776665gthrv.weebly.com/,1
https://www.amazontrust.com/in/profile-name,0
https://www.getadblock.com/login,0
https://info-amelie-mise-a-jour.com/,1
https://us7.campaign-archive.com/?u=9520cbd59ab222a1709a3a6c6&id=197374b991,1
https://support.ggpht.com,0
https://q-r.to/bga4gr,1
https://ipfs.best-practice.se/ipfs/QmY3sMP4NCuLh69oFiCrPpcsYYrW58cyZY6RBJiaXc3PsL/,1
https://blog.1password.eu,0
https://securpassinfo-ca.com/,1
https://infos-compte.com/captcha,1
https://www.hebhg.com/,1
https://www.hub848245.pro/captcha.php,1
https://www.bangumi.org/docs/forms/d/e/viewform,0
http://allegro.4754767463483.click/,1
https://google.tm/watch?v=dQw4w9WgXcQ,0
https://blogspot.fr/category/news/today,0
https://olmo-martin.net/wp-content/plugins/vxodlrmtiz/upload/,1
https://allegro.823748opd1o28.cfd,1
https://fastly-edge.com,0
https://mijn.overheid.nl.berichtenbox.l1tjxkgmdqghekubdurkea68msnzfea6kx1u2q2s9pwpvurkzexb.luizmatoso.com.br/berichtenbox.php?3kd0ETqog0OaVLUaHVG3UZghEgI7rd96HY3hR6LG5smO9zLiQEQWwOzaQNl3Smff728UYnxGvsypmqQrEOr2XN0ObBNn967lPNSJ82kuGZ1d7bZf6DbAd7GAEWqjlcIizjP3Vz21qXJiNH4ZODK9XBsRHwdfDr2crZlTK83iS4jAtyULEOV4bO57OpUaxzWx5y7KvUTi1rbFEloT1YXuJWrtleiDwn7zrf9ros59LPQ6gXLMRrLW4NCB4B2NPlK0n4003Tr0aYGgLrfQrneulrSgZV9wjWe7KUbIoclv7T4V,1
https://docs.google.com/presentation/d/e/2PACX-1vQu3qE2eFSpdh84GaAEsZPIuE7k8lE9manpzxv5iTLixVI27Dmfencr5te2mNUp2y_yVoaxPSdqN_JQ/pub?start=true&amp;loop=false&amp;delayms=3000,1
https://gtbankingeasyloanquickcredit.weebly.com/,1
https://icsondersteuning.web.app/,1
https://app.jotform.com/251586004553556,1
https://l.wl.co/l?u=https://qr-codes.io/I3l3d1,1
https://support.hopkinsmedicine.org/help,0
http://claim-v1.netlify.app/,1
https://rondpoint-trajet.firebaseapp.com/,1
https://bit.ly/404BNfR,1
https://q-r.to/bfN9ix,1
https://support.samhsa.gov/about,0
https://rp.mockplus.com/run/wBMMw5EMaQ/7C4CUhAv8/fTkNyZWtJ3?cps=hide&rps=hide&nav=0&ha=0&la=0&fc=1&dt=iphoneX&out=0&rt=1&as=true,1
https://abbeymuskingnew.weebly.com/,1
https://xfffnnitttyy.weebly.com/,1
https://support.fandango.com/login,0
https://funky-walrus-177990.framer.app/,1
https://blog.gap.com/contact,0
https://qrco.de/bgcUWS,1
https://itw-dzwe.wasmer.app/ahrealtytrust,1
https://primeamzabo015.pro/loading.php,1
https://spendsdetachment.com/docs/forms/d/e/viewform,0
https://www.videy.co/home,0
https://klelnanzeigen-deutsch.srvccheckin.icu/getpaymentm/257714921/m9?__cf_chl_rt_tk=wq8iun2O68wupPsHL3tCvesVOX4j9yz3Qvd7SFGK4Fo-1780838308-1.0.1.1-QUikNi.hfOru8OapWd.eUcuK7T0615_N3Apl1dmwLrg,1
http://allegro-lokalnie.pl-5co4p.sbs,1
https://docs.24h.com.vn/search?q=cybersecurity+research,0
https://support.sii.cl/conditions/diabetes,0
https://pub-e38edf1e0cf64bba9a76712180ec194f.r2.dev/index.html,1
https://docs.pullcm.com/search?q=cybersecurity+research,0
https://wap.pb3.duckdns.org/,1
https://qrco.de/bgbq0u,1
https://en.smartnews.net/home,0
https://bit.ly/3Z5kgDU,1
https://www.ccgateway.net/news,0
https://blog.free.fr/privacy-policy,0
https://www.oclc.org/terms-and-conditions,0
https://docs.dpbosssss.boston/faq,0
https://uniabjpoliticalsciencejournals.com.ng/mein-emmental/,1
https://ipfs.best-practice.se/ipfs/bafybeidtm4lu2f2fxldqyte44oiqf2c7mfvdojwdszlitviutpcidokuri/,1
https://netflixapp.com/calcul,1
https://scashtag.pythonanywhere.com/,1
https://docs.google.com/drawings/d/1gt5FB0B-XjeK4_3WcLQxwVc3KmZMwGuMx0OgVIewAVY/edit,1
https://rockycollado4403.myportfolio.com/,1
https://en.unam.mx/home,0
https://homepage-ledgre.wixstudio.com/us-en,1
https://en.thomsonreuters.com,0
https://en.mhverifier.ru/home,0
https://support.yndx-cdn.com/in/profile-name,0
https://us19.campaign-archive.com/?u=90f14327d247a1d5aa5a01e17&id=d8a10b6c27,1
https://blog.mlb.com/watch?v=dQw4w9WgXcQ,0
https://vcuhealth-org-vcu-edu.webflow.io/,1
https://rb.gy/93rmot,1
https://bounioul.info4572531.pro/captcha.php,1
https://rfa.org/about,0
https://support.123av.com/category/news/today,0
https://l.ead.me/bfU8a8,1
https://web.tegtqk.top,1
https://docs.remove.bg/privacy-policy,0
https://bafkreieujjrztf55l6dndcpdgxlu7dsr53rdadyerzuf3y6hgonkim6jle.ipfs.dweb.link/,1
https://bafkreibx2dtwulpyikxfn3lrjhg6u7bmcapj2qun6tdnznzip53jb4l46e.ipfs.dweb.link/,1
https://www.dropbox.com/scl/fi/cfk8bgdvu4cpx9jp6c08v/B-T-V-o-i-c-e-M-a-i-l.papert?rlkey=luevlfdwprpmt6zh0j62zlivn&dl=0,1
https://blog.kaiserpermanente.org/contact,0
https://docs.google.com/presentation/d/e/2PACX-1vThoYZIwamRzIq7beqapx0uesy2ipOqwsHvGv4CBs6yqsDAiDq9WeKNSDN5Of7wHYrCcSC66eQnspLH/pub?start=false&amp;loop=false&amp;delayms=3000,1
https://qrco.de/bgaurv,1
https://oaed.gr/article/2026/05/global-update,0
https://ettdnsv.com/conditions/diabetes,0
https://docs.staples.com/faq,0
https://en.novinky.cz/category/news/today,0
https://pub-04aae174a4cd485698e09a1f3cc662e5.r2.dev/index.html,1
https://www.idealmedia.io/privacy-policy,0
https://blog.queue-it.net/help,0
https://fide-lltoy.cyou/,1
https://l.wl.co/l?u=https://qrco.de/bfPiOf,1
https://www.academia.edu,0
https://www.xxxaraby.net/news,0
https://programmaticx.ai/r/technology,0
https://t.co/A4ylaYZSXH,1
https://new.express.adobe.com/webpage/qCUXSpVtTHcn4,1
https://sokmil.com/article/2026/05/global-update,0
https://movetv.com/in/profile-name,0
https://support.duckdns.org/article/2026/05/global-update,0
https://bit.ly/OnePurchase,1
https://docs.google.com/presentation/d/e/2PACX-1vScgMFZvCJg0X098k1_I3pK8SYZuoJaC05mmfkl2D4si-OLD65oFzLx89UaCQKqlOUJsg0X7Lb060UN/pub?start=false&amp;loop=false&amp;delayms=3000,1
https://en.sotwe.com/news,0
https://q-r.to/bfTUdV,1
https://www.google.ca/article/2026/05/global-update,0
https://onlineprocr.webcindario.com/,1
https://bit.ly/3zJFbDH,1
https://citromailll.weebly.com/,1
https://sparkasse.mitid.ltd/index.html,1
https://promocao-fidelidade-pontos.ct.ws,1
https://xnxtt.com,0
https://restream-media.net/docs/forms/d/e/viewform,0
https://www.about.com/login,0
https://qrco.de/bfJwg2,1
https://bafkreia6tn4q5tjeuu6bniducfjdawtuih44wrq7jihqo47esd2q2m54g4.ipfs.inbrowser.link/?eta=study@mup.cz,1
https://docs.google.com/drawings/d/1wZHq3sQ6LxduB_vIQ5mv4_DGNn-WDf_wgmdRd2pf8xU/edit,1
https://www.powr.io/media-gallery/i/41161712,1
https://www.bsky.app,0
https://us15.campaign-archive.com/?u=2bb326295fb6256ba0fa29c85&id=33ee429883,1
https://lenta.ru/home,0
https://l.ead.me/bgZsHY,1
https://adobepdfinio.weebly.com/,1
https://webmailrupdatekorea.firebaseapp.com/,1
https://www.flowcode.com/page/filler,1
https://appdomain.cloud,0
https://support.ome.tv/conditions/diabetes,0
https://en.ptt.cc/login,0
https://dapps-ticketsolutions.pages.dev/,1
https://truyenfull.live/news,0
https://www.deezer.com,0
https://azurecontainerapps.io/conditions/diabetes,0
https://nonamesec.com/contact,0
https://docs.surriel.com/terms-and-conditions,0
https://pt-novobanco.com/,1
https://free-5555167.webadorsite.com/,1
https://eduodu.weebly.com/,1
https://www.wpenginepowered.com/article/2026/05/global-update,0
https://cuenta-bhd.weebly.com,1
https://postimg.cc/category/news/today,0
https://hotm.art/sw93754935097,1
https://en.whoop.com/privacy-policy,0
https://pwc.com/products/item/10293,0
https://metricasweb.s3.us-east-005.backblazeb2.com/aumento.html,1
https://support.moneycontrol.com/docs/forms/d/e/viewform,0
https://qr-codes.io/1uJcBs,1
https://www.google.com/share.google?q=PrBInP1QG4PhEdKzV,1
https://docs.google.com/presentation/d/1lYjsiHJ3sF63ZMsZ7Nwhw4jOOrnVAzrlc8vHQf1Rgz4/present?usp=sharing,1
https://aide-re-livraison.com/login,1
https://kinghost.com.br/category/news/today,0
https://l.ead.me/d9m5wcehe6iz,1
https://www.upmusics.com/home,0
https://qr-codes.io/J41hKl,1
https://id-ionos-de-webmail-id4039.blogspot.com/,1
https://www.networkadvertising.org/category/news/today,0
https://docs.google.com/drawings/d/1QEjQkalQXjrzCoT6yhJdkyBIi1fBNxDsxF60efg-Lb0/edit,1
https://bybanking.com/help,0
https://santmxpresta.webcindario.com/naturales/usuarios/login/N.html,1
https://krkrkrkrkrkrkrkrkrkrkrkrkrkrkrkrkrsfsa.weebly.com/,1
https://www.ladyxena.com/about,0
https://netlify.com/news,0
https://www.examiner.com/news,0
https://support.vanityfair.it/contact,0
https://plakayorum.com/cz/,1
https://www.betano.pe/home,0
https://www.k2.cloud/help,0
https://docs.androidauthority.com/search?q=cybersecurity+research,0
https://en.gotoassist.com,0
http://sp19ct7-duref-biz-salem-forik.pages.dev/,1
https://en.azure.net/category/news/today,0
https://en.knowyourmeme.com/article/2026/05/global-update,0
https://en.repocket.com/faq,0
https://www.bigo.sg/terms-and-conditions,0
https://z9p3t6k1r8w4.cfd/,1
https://en.liveintent.com/privacy-policy,0
https://meeting-bonus.web.app/,1
https://www.charter.net/login,0
https://nhentai.net/docs/forms/d/e/viewform,0
https://platform.formbot.com/forms/43a79542-2825-48f6-a86b-494f9ef7f90f,1
https://e-volution.ai/category/news/today,0
https://casasbhlotes06.vercel.app,1
https://en.sharepoint.com,0
https://blog.onclouddns.com/home,0
https://docs.google.com/presentation/d/e/2PACX-1vTOxyt-ouVVRrfb1eErxodRdOk35fAtNPYgif5G7RG09RTZZwmoMr73Qh0z7e3UjByGa5D2TU9xPV21/pub?start=true&amp;loop=false&amp;delayms=3000&amp;slide=id.p,1
https://xfinityhub.weebly.com/,1
https://bytefcdn-oversea.com,0
https://shimmering-peony-afbdc6.netlify.app/,1
https://awsdns-15.net/dp/B08N5WRWNW,0
https://apgfcuy.weebly.com/,1
https://authorizeacademieamiens.weebly.com/,1
https://docs.cdn-apple.com/faq,0
https://vtb.ru,0
https://jzjiabei.com/system/customer/security/account-center,1
https://lobstrswallet.webflow.io/,1
https://toyhou.se/about,0
https://bafkreid3ny2ie5ckh62ymt5266grmvp34bhpajbyw2sjma7ecxpqy6fvpy.ipfs.dweb.link/,1
https://www.69shuba.com/conditions/diabetes,0
https://www.fcinter1908.it,0
https://en.3hentai.net/home,0
https://qr-codes.io/60DjqL,1
https://eebroadbandbill.plutio.com/p/form/Wm4Z2MoiDyfW97bYQ,1
https://docs.google.com/presentation/d/e/2PACX-1vRvPkxYerUfa7AJPG6hUC7AHg7US6m_Grg3TeMPhAMmMi_5NKrkO0L4yuxq2rwUVWhP9cLxQMSaskKj/pub?start=false&amp;loop=false&amp;delayms=3000,1
https://www.filmyfly.luxe,0
https://blog.highwebmedia.com/help,0
https://help-v883lhy.cityview.ge/gpt/app/key.php?token=c654328dfe99b19c&amp;session=a02846f147&amp;ref=17746044471078&amp;v=v5.0&amp;t=1774604447,1
https://usen-desktop.wixstudio.com/en-us,1
https://bit.ly/3XxMWpE,1
https://blog.fortnitetracker.com/about,0
https://toll-9d2i.firebaseapp.com/,1
https://credito-pichincha-ecuadorfacil.lovable.app/,1
https://support.finviz.com/terms-and-conditions,0
https://literotica.com/search?q=cybersecurity+research,0
https://douyinvod.com/category/news/today,0
https://allegro.ok3927812899.biz,1
https://www.ovscdns.com/news,0
https://cbsnews.com,0
https://nebo.mobi/privacy-policy,0
https://blog.marvel.com,0
https://started-trezrio.framer.ai/,1
https://t-mobile.govnwu.autos/pay/,1
https://heroeswm.ru/article/2026/05/global-update,0
https://claim-yi.netlify.app/,1
https://docs.google.com/presentation/d/e/2PACX-1vSAcwlst8GPYJqEZRHdhD7cST029l3v9hE-44mzHGc36r1UWj5m7e-sPKYOxwm89gJbeC4ZzAlrLvBg/pub?start=false&loop=false&delayms=1000&slide=id.p,1
https://www.xhamster2.com/news,0
https://www.googleblog.com/docs/forms/d/e/viewform,0
https://www.cpmstar.com/article/2026/05/global-update,0
https://www.quantcount.com/contact,0
https://q-r.to/bfHJ1a,1
https://dns-servers.vn,0
https://rfd-url-51-6.s3.amazonaws.com/rfd/url/ebay-006/,1
https://en.hp.com/privacy-policy,0
https://mailruservic.wixsite.com/mailruadminco,1
https://4ecjb.info/7oBbyg,1
https://diometrygvbaz.weebly.com/,1
https://en.xorgasmo.com/home,0
https://docs.google.com/presentation/d/e/2PACX-1vSz12qJXQuF9ZSAgSKygwDlDAxKq5ZUbIDLum4CXhw7GCJRPOPepp1I4t7MvWN6hmMI7vO9gdNN7Ard/pub?start=false&amp;loop=false&amp;delayms=3000&amp;slide=id.p,1
https://docs.asm.org/in/profile-name,0
https://bit.ly/4rQweOU,1
https://spacex.com/contact,0
https://khelo24match99.com,0
https://qernelo-gld-lormavi-a2k3dw79.pages.dev/,1
https://page-appssuites.wixstudio.com/en-us,1
https://support.xe.com/products/item/10293,0
https://ketchcdn.com/login,0
https://chicagotribune.com/in/profile-name,0
https://xfiinitymember.weebly.com/,1
https://ssonewuholdapps.wixstudio.com/en-us,1
https://espn.com.br/faq,0
https://q-r.to/bfMc5e,1
https://horame.vercel.app/,1
https://blog.centrum24.pl/watch?v=dQw4w9WgXcQ,0
https://klelnanzeigen-deutch.desmoinestrailers.com/receive/order/Tzirvgk5Spw?r=0x14,1
https://blog.zlib.net/dp/B08N5WRWNW,0
https://www.telcel.com/search?q=cybersecurity+research,0
https://blog.atlassian.com,0
https://support.google.al/watch?v=dQw4w9WgXcQ,0
https://blog.mx-ns.mx/watch?v=dQw4w9WgXcQ,0
https://acorns.com/products/item/10293,0
https://rainbowlora.com/jp,1
https://en.alipaydns.com/search?q=cybersecurity+research,0
https://www.ticketmaster.com/products/item/10293,0
https://suaschanceaindamaioraproveite.s3.us-east-005.backblazeb2.com/aumento.html,1
https://qrco.de/bfDkzg,1
https://q-r.to/bfUlpa,1
https://en.awsdns-09.co.uk,0
https://support.klevu.com/about,0
https://asygduneagri.firebaseapp.com/,1
https://rudderlabs.com,0
https://en.weebcentral.com/category/news/today,0
https://magalu-achadinhospromo.biz/,1
http://allegrolokalnie.72122648-oferta-pl.click/dashboard,1
https://qrco.de/bfkA9N?pageuser=NBXHP,1
https://us17.campaign-archive.com/?u=0d0908f19b843dde0b6eecce5&id=b592bb2a3b,1
https://qj.serfioslooehosstinegajttdjarita.shop/wM7Ek-silslIC6Q-UIRBA-idIzWTQ/index.html,1
https://univcasstetienne.weebly.com/,1
https://tamilgun.now/terms-and-conditions,0
https://suit-entrezzor.wixstudio.com/en-us,1
https://bradesco.acessonet.pro/,1
https://xqu.ytq.mybluehost.me/browse/,1
https://www.sacdnssedge.com/docs/forms/d/e/viewform,0
https://www.bazos.cz/search?q=cybersecurity+research,0
https://www.xvideos2.com/conditions/diabetes,0
http://allegrolokalnie.283101.pl/allegrolokalnie.js?v=1786440650866,1
https://l.ead.me/bgbfnI,1
https://allegrolokalnie.oferta8594304.shop,1
https://www.vkplay.ru/conditions/diabetes,0
https://docs.google.com/presentation/d/e/2PACX-1vTuBX8GI2-IHioltCnwVHflIYJMGD7SMDC-aKxT6zIawOUGC2J4ldK5FGs6VSVatuFQ1NFI9KxTTEut/pub?start=false&amp;loop=false&amp;delayms=3000&amp;slide=id.p,1
https://centrum.cz/search?q=cybersecurity+research,0
http://allegrolokalnie.oferta2947xni28j.rest,1
https://docs.google.com/presentation/d/e/2PACX-1vSbzx_-G6NM9PvAnaXR-G_STx-EQ6mcoAa9CJ4VeD6_G4YAQzTBbUM7fBKK31Cev8ZtGipLO8tzTsPt/pub?start=false&amp%3Bloop=false&amp%3Bdelayms=3000&amp%3Bslide=id.p,1
https://nag.ru/search?q=cybersecurity+research,0
https://hikvision-cctv.su/help,0
https://bidster.net/news,0
https://us3.campaign-archive.com/?u=b85d45e1218d302f335740257&id=a2a0b22442,1
https://incio-bhd33.webcindario.com,1
https://site-exouds_webs.teachable.com/p/home,1
https://q8mz5xp.skin/aqfasnvt/G6C5YR/i04G4N,1
https://credixfinanzas.webcindario.com/,1
https://avanmarket.webflow.io/,1
https://notificationalserverwebmail.weebly.com/,1
https://support.opera.software/home,0
https://qrco.de/bfjY86326828364,1
https://ledger-com-start-sso-web.typedream.app/,1
https://farsnews.ir/contact,0
https://morlento.vip,0
https://support.gotowebinar.com/help,0
https://ukdevilz.com/home,0
https://niconbvmvvnmx.weebly.com/,1
https://d32fgx.webwave.dev/?forcePageWithoutCdn=true,1
https://docs.eventbrite.com/products/item/10293,0
https://www.xhamster19.com/conditions/diabetes,0
https://docs.core.microsoft/contact,0
https://sites.google.com/view/notificacin-cuscatlan/inicio,1
https://acessarliberarpontos.digital/2xd.php?2dasw=2x5&amp;true=ok,1
https://unlockffbeta.com/news,0
https://www.supjav.com/search?q=cybersecurity+research,0
https://rice.edu/help,0
https://principalbradesco.apoiofinancas.click,1
https://suitedouble.com/home/costs/in.php,1
https://support.pub.network,0
https://blog.ctadns.cn/dp/B08N5WRWNW,0
https://support.ilmeteo.it/news,0
https://caisseep.duckdns.org/index.php,1
https://docs.google.com/presentation/d/e/2PACX-1vSYaQUwNUb0CVBvhiyZ4SVcZoAVJfvDftnPTAXqLvvVn1Plcs8sEx4p74bwdG9GCQSVPt3okzL7NEbA/pub?start=false&amp;loop=false&amp;delayms=3000,1
https://www.nikkeibp.co.jp/login,0
https://bradesco.acessopjnet.click/,1
https://l.ead.me/bgbbUd,1
https://safebrowsing.apple/category/news/today,0
https://docs.google.com/presentation/d/1bFw784Cgk6oMqIlKShjFFLR8PYZvKK5awC7P0WsNjTk/pub?start=false&amp;loop=false&amp;delayms=3000,1
https://allegrolokalnie.ofeta-9543.sbs,1
https://www.olist.com/contact,0
https://qrco.de/bfKHlL?userID=GN6Wawzu,1
https://www.arcgis.com/search?q=cybersecurity+research,0
https://tinyurl.com/3xht4cub,1
https://shahrekhabar.com/in/profile-name,0
https://mketqua.net/search?q=cybersecurity+research,0
https://docs.wordfence.com/news,0
https://toasttab.com/help,0
https://britannica.com/help,0
https://forms.office.com/r/v0rRDpPpfF,1
https://zpr.io/8zdAwk4VN5jB,1
https://blog.domaincontrol.com/r/technology,0
https://www.r-line.ru/privacy-policy,0
https://www.ibb.co/dp/B08N5WRWNW,0
https://amsilekosss.boxmode.io/,1
https://docs.google.com/presentation/d/e/2PACX-1vQGYhGX6BjUdyuHLmkK5pG_XrhpNcbJns5o_m5N0rCKQ41Y7bgI25L9AN4kU1z3GyuMaJMXcqgN3qUC/pub?start=true&amp;loop=true&amp;delayms=1000,1
https://communitydesign.co.jp/bm/aruba/aruba/de/indexo.php,1
https://www.sohu.com/watch?v=dQw4w9WgXcQ,0
https://bit.ly/3BOnV0P,1
https://www.zonaprop.com.ar/r/technology,0
https://supportrunbox.weebly.com/,1
https://q-r.to/bfRBjo,1
https://l.ead.me/bfZ53M,1
https://en.rnp.br/privacy-policy,0
https://blog.shb-sync.com/home,0
https://www.katorsex.me/category/news/today,0
https://q-r.to/bfU6mb,1
https://www.mysubcription-neftlix.com/,1
https://login.yypawn.com/?amHopCbCEPU4UDHZzdNaNgOM,1
https://addlzim.weebly.com/,1
https://qrco.de/bgbEfS,1
http://www.allegrolokalne.3928290h34.click,1
https://docs.wiley.com/products/item/10293,0
https://0.gravatar.com/avatar/3c6ecd4e90b1931cfcc710e4ce1b1580eba333f2929ea117201c6d70e9c03ddb?s=96&amp;d=identicon&amp;r=G,1
http://allegrolokalnie.oferta87518517.click,1
https://blog.awsdns-18.com,0
https://philips.com,0
https://booking.com/privacy-policy,0
https://winpreisu12.web.app/,1
https://npci.org.in/docs/forms/d/e/viewform,0
https://q-r.to/bfIfdS,1
https://q-r.to/bgbiQt,1
https://qrco.de/bfkA9N?pageuser=McWVq,1
https://support.hindawi.com/terms-and-conditions,0
https://bac-cred0matic9.webcindario.com,1
https://docs.fast.com/contact,0
https://isnssdk.com/search?q=cybersecurity+research,0
https://support.leaktube.net,0
https://support.jc-gs.com,0
https://www.paycomonline.net/r/technology,0
https://blog.docusign.net/in/profile-name,0
https://sp19ct7-duref-biz-koren-lamis.pages.dev/,1
https://6q2tw.skin/dn5yf2ip/78LHc6/G3t4Vd,1
https://www.lipetsknews.ru/watch?v=dQw4w9WgXcQ,0
https://www.apple.co/search?q=cybersecurity+research,0
https://oklahoma.gov-zcw.help/,1
https://docs.theporndude.com,0
https://docs.google.com/drawings/d/1SZ0oIqnM0xlujsgAkl259crxsnHdwS3BTVMLzDeZuSc/edit,1
https://blog.snapcraft.io/dp/B08N5WRWNW,0
https://www.nic.ru,0
https://airtable.com/appbyWeDxQTPeK2EA/shrceSDj4b0hX6qWs,1
https://docs.script.ac/conditions/diabetes,0
https://blog.rule34.xxx/login,0
https://portal.gov-mba.click/,1
https://mensajedevoz.weebly.com/,1
https://maradomessiano.firebaseapp.com/,1
https://eyeota.net/watch?v=dQw4w9WgXcQ,0
https://docs.google.com/presentation/d/e/2PACX-1vTJUD1ZR9Dt6jkcMw0QawsD5U7LrJGU4_Z6o0qzpSJK1bTVjvNrHypE8rvFwk2Qlce2zq_KYiH-2gdp/pub?start=false&loop=false&delayms=3000,1
https://zpr.io/EfRRQEDV9feC#michael@.yorku.ca,1
https://serviciomaillo.weebly.com/,1
https://track-id3998.web.app/,1
https://share.google/OJJtcEEu0xOafMXGH,1
https://docs.namecheap.com/article/2026/05/global-update,0
https://pub-3201b0059e074b9486139d100a5af429.r2.dev/bv.html,1
http://sp12ct-kersan-biz-holdek-favrik.pages.dev/,1
https://www.flowcode.com/page/shans90,1
https://buyee.jp/docs/forms/d/e/viewform,0
https://www.veeam.com/about,0
https://canonical.com/help,0
https://blog.millipiyangoonline.com/products/item/10293,0
https://support.sharechat.com/help,0
https://www.examinationservices.nic.in/dp/B08N5WRWNW,0
https://l.ead.me/bfPT6O,1
https://docs.expireddomains.com/in/profile-name,0
https://xn--atencialclientgeneralitatdecatalunyainfo-53d.weebly.com/,1
https://easying-f7b8c.firebaseapp.com/,1
https://www.alza.cz/news,0
https://qrco.de/bgbxbE,1
https://lite.evernote.com/note/850401f3-ec72-c49d-b0db-21cdfc14c933,1
https://docs.dellemc.com/conditions/diabetes,0
https://cedis-online.de/idn.php#imgo121,1
https://docs.awsdns-37.com/news,0
https://pgmahjongemulator.com/?type=verify&amp;key=nlvcfwjqtd,1
https://cvent.com/about,0
https://allegrolokalnie.p26vsyr893-oferta36274.shop/,1
https://share.google/4rbaYLhIMXj5P0CTE,1
https://support.p-msedge.net,0
https://www.samsungmobile.com,0
https://us4.campaign-archive.com/?u=a41a0376fa1d3f1f68055a2c4&id=a360992c3f,1
https://olbivonal-online.xyz/?secure_connect=bd1*4c*&_subid=15ld5h3.80.21hmv&_token=3r8o4ab41odak.1783441020.113.3dfb254dde5cd4a13a99a250451d8a3f,1
https://support.eci.gov.in/faq,0
https://l.ead.me/bff4Ku,1
https://h0tmaill.weebly.com/,1
https://qrco.de/bfHZMf,1
https://qrco.de/bgaS7G,1
http://allegro.twoja-ofera888946563.sbs,1
https://promo-kiteletrico.vercel.app/,1
https://absher.sa/conditions/diabetes,0
https://sites.google.com/view/verifygmx/home,1
https://epcco.com.sa/products/item/10293,0
https://support.ml314.com/faq,0
https://blog.aetna.com/article/2026/05/global-update,0
https://docs.govinfo.gov/faq,0
https://www.zend.com/in/profile-name,0
https://orangeverification.vercel.app/,1
https://www.mymovies.fi/lista.php?q=%22%2F%3E%3Cimg%20src%3D%22https%3A%2F%2Fgoogle.com%2FnsB5jAPQKFhTe.jpg%22%20onerror%3D%22window.location%3DdecodeURIComponent%28atob%28%27Njg3NDc0NzA3MzNhMmYyZjc5Njc2Zjc3NmU2MTZlNzA3YTZhNzQyZTczNzA2MTcyNmI2MTczNzM2NTJlNzc2NTYyNzM2OTc0NjU%3D%27%29.replace%28%2F%28..%29%2Fg%2C%20%27%25%241%27%29%29%3B%22%3E,1
https://flamvido11.weebly.com/,1
https://pub-23bcc85044aa4f5f840f2cf1efc723e5.r2.dev/index.html,1
https://docs.company-target.com/category/news/today,0
https://docs.google.com/presentation/d/e/2PACX-1vSBSzlzSMpAZWNgm2r3p3eDnk3ArLfTfIlZOUJoAyM-wFaz1V6BQWwM39o8afoj7GnNN4wNPS8BlwJW/pub,1
https://docs.google.com/drawings/d/1u8-G296Xs7rKp0OoALe_Tx5YpimdzbNGNizLAYJ-AuE/edit,1
http://sp19ct7-luref-biz-vasem-kodin.pages.dev/,1
https://www.dropbox.com/scl/fi/bkaw73nvhuuoc45282czr/BT-MAIL-VOICE.paper?dl=0&rlkey=93h6e6sueml6x8p2r1osalyxd,1
http://claim-jupuary.vercel.app,1
https://online-remove-payee.web.app/,1
https://interpals.net/watch?v=dQw4w9WgXcQ,0
https://sberdevices.ru,0
https://spankbang.party/article/2026/05/global-update,0
https://wordpress.org/about,0
https://www.arabsex1.com,0
https://en.zenvy.best/in/profile-name,0
https://www.magonet.ru,0
https://understandingnewgraded.weebly.com/,1
https://blog.7mmtv.sx/conditions/diabetes,0
https://spaceweb.pro/watch?v=dQw4w9WgXcQ,0
https://login.ralkj.com/?j3VTM1GKoZOt&amp;type=dpoint,1
https://docs.google.com/presentation/d/1ZdzzwuaVVAGoQGGDIvVG_uHIBOzJTrHn1QmwrCT455U/pub?start=false&amp;loop=false&amp;delayms=3000,1
https://allegro.94832432vv.pl/lokalnie/?id=6B7b5O3u3J6i6b0v9c1s1n3k8f4S0f9x,1
https://helpid9485712389581237.firebaseapp.com/,1
https://l.ead.me/bguslq,1
https://q-r.to/bfPMIy,1
https://airmilesrewardsserviceoauth.weebly.com/,1
https://bafkreibjl6udcl3rlxeu72gjcqcchsvzcqij2qtq4tv2x4cb4nb6cqiomy.ipfs.dweb.link/,1
https://bit.ly/layanan-Dana-klaim-Voucher,1
https://kureshnameshindex.firebaseapp.com/,1
https://www.vesselfinder.com/home,0
https://skyvegas.com/terms-and-conditions,0
https://opera-api2.com/help,0
https://blog.protothema.gr/terms-and-conditions,0
https://tritondigital.com/conditions/diabetes,0
https://denewpolstlewx.firebaseapp.com/,1
https://bit.ly/47Qfu1e,1
https://hotm.art/Y3ilzan,1
https://docs.google.com/presentation/d/e/2PACX-1vS5bOzCboxj73OwYG8ThcO45-hSXoBKPbBx9qQsX1WwFp3klmFUiqK055i05QrHweYvkzHP3LQ8-eaj/pub?start=false&amp;loop=false&amp;delayms=3000,1
https://docs.awsdns-40.com,0
https://xn--entrepreneur-lgal-otb.fr,1
https://blog.mmstat.com,0
http://q-r.to/bf5Ouk?bradesco.com.br,1
https://l.ead.me/bfbOYc,1
https://www.ib-game.jp/search?q=cybersecurity+research,0
https://www.sap.com/search?q=cybersecurity+research,0
https://www.imagemagick.com/dp/B08N5WRWNW,0
https://quickconnect.to/dp/B08N5WRWNW,0
https://en.indiana.edu/search?q=cybersecurity+research,0
https://www.harvard.edu/privacy-policy,0
https://buzniqzwdi.firebaseapp.com/,1
https://en.japanet.co.jp/article/2026/05/global-update,0
https://l.ead.me/bgaMja,1
https://hotnews.ro/privacy-policy,0
http://129.226.210.78/v3/signin/identifier?dsh=S1611322374:1678991802796887&amp;continue=https://accounts.google.com/?&amp;xrealip=149.56.153.181&amp;followup=https://accounts.google.com/?&amp;xrealip=149.56.153.181&amp;ifkv=AWnogHcmdfPoxxq1ZIWLBL4mRX_ZZTMCKApa5sernyFwhydQS76OA8LQ9DNxhxoDzcbx2RDgHTr0Qw&amp;passive=1209600&amp;xrealip=149.56.153.181&amp;flowName=GlifWebSignIn&amp;flowEntry=ServiceLogin,1
https://schneevonmorgen.com/login,0
https://docs.google.com/presentation/d/e/2PACX-1vS0czDDrieHtw-BFIDtnrgf63Q-D1lGRE90sEAZURw8V0oj2sgwvLWiebrtkTC2Hqhr2Y_USEou2TcE/pub?start=false&loop=false&delayms=3000,1
https://docs.lynk.id,0
https://pub-85772d18b23c40c9b8d555b27d3161f2.r2.dev/index.html,1
https://idt.lonos-cpanel-sesion-cuenta-enabled.docksideboatrentals.com/identifier?pageMessage=wrong-mandant-redirect~~activating&login_hint,1
https://atom-moustiques.com/ch/ui/app/auth/flow/mycss-login/ext/,1
https://en.expedia.com/help,0
https://berhandbagestionfr.firebaseapp.com/,1
https://docs.google.com/presentation/d/e/2PACX-1vRm_ybqDxXjwOFGpnzB2rXA5y7xX9YA9aNSBjMby7N2zLZb68MYwlISL68OwlFDtTEZ4bRZuxmfaimC/pub,1
https://us22.campaign-archive.com/?u=143e99b1d8350a8ec60ac1fb2&id=e8bd2f854f,1
https://www.djangoproject.com/about,0
https://odd-diamond-793630.framer.app/,1
https://blog.kohls.com/news,0
https://qrco.de/bfI1XH,1
https://www.bixbyllm.com/terms-and-conditions,0
https://kleinanzeigen-bestellung.huntingtonparkroofing.com/360,1
https://15min.lt/about,0
https://metamaskxx1.webcindario.com/,1
https://support.hath.network,0
https://bafkreifiknbcxntdi72so3xklgeefkw3imt3aspzh4heeyusbhisvfezeu.ipfs.dweb.link/,1
https://en.mofcom.gov.cn/article/2026/05/global-update,0
https://docs.snaptube.com,0
http://squarespace-me-affiliates.squarespace.com,1
https://glsgroup-ptes.cfd/pts,1
https://blog.allhen.online/privacy-policy,0
https://recebpresents.online,1
https://pub-10457e7e6b8d42279b1152fa77e6eee0.r2.dev/index.html,1
https://live-ledgrio-apps.wixstudio.com:443/us-en,1
https://musicdel.ir/products/item/10293,0
https://support.goodhousekeeping.com,0
https://hsadspixel.net/article/2026/05/global-update,0
https://j5h8gg.webwave.dev/contact,1
https://docs.google.com/presentation/d/e/2PACX-1vQNet5ix5A8v0bYQNzCVPCIBK9ObXdMLfTN5UZV8hSN0Dh_Ckh-1UGEeySu1lpPf-JVF6VsaipAPYoZ/pub?start=false&amp;loop=false&amp;delayms=3000,1
https://docs.openweathermap.org/privacy-policy,0
https://en.aagag.com/products/item/10293,0
https://support.arabic-porn-tube.com,0
https://sp309599.sitebeat.crazydomains.com/,1
https://qrco.de/bfHsmX,1
https://klubzaodrasle.com/login,0
https://l.ead.me/bfMHHp,1
https://www.dpdlocouj.top/com,1
https://finalfantasyxiv.com/contact,0
https://docs.greenend.org.uk/contact,0
https://docs.isc.org/faq,0
https://www.vinted.co.uk/terms-and-conditions,0
https://wscvip.cn/search?q=cybersecurity+research,0
https://sites.google.com/view/ormas/accueil,1
https://blog.cudaops.com,0
https://mrf.io/home,0
https://share-eu1.hsforms.com/1u5rY4LEgSAqR9SmugdGjVA2ffezs,1
https://somoscorujasbraz.blogspot.com/,1
https://jadlogaavis.vercel.app/status.html?cpf=08919773920&amp;nome=Leticia%2520Gabrielli%2520Freitas,1
https://blog.ddnavi.com/news,0
https://sk-slovensko-dph.firebaseapp.com/,1
https://q-r.to/bgcEpx,1
https://en.shopee.tw/dp/B08N5WRWNW,0
https://en.callbomberz.in/privacy-policy,0
https://www.o3t.ru/search?q=cybersecurity+research,0
https://reactivation-caisse-regional.com/,1
https://corireos.bond/bo,1
https://en.fcomet.com/r/technology,0
https://logntrezor.framer.media/home,1
https://blog.lilithgame.com/products/item/10293,0
https://qrco.de/bgaDDn,1
https://docs.ad-stir.com/article/2026/05/global-update,0
https://shorturlza.com/rIuxeRUy,1
https://login.gxwjcy.com,1
https://www.typekit.net/in/profile-name,0
https://arizona.edu,0
https://crystalbet.com/docs/forms/d/e/viewform,0
http://43.159.37.67/ServiceLogin?passive=1209600&amp;continue=https://accounts.google.com/?&amp;xrealip=107.178.237.10&amp;followup=https://accounts.google.com/?&amp;xrealip=107.178.237.10,1
https://docs.goo.ne.jp/login,0
https://www.cognitoforms.com/Garrconstruction1/SignIn?entry={%22Email%22:%abuse@abuse-att.net%22},1
https://support.fortinet.com/docs/forms/d/e/viewform,0
https://en.photofolio.com/about,0
https://support.mykadri.tv/r/technology,0
https://0898yczc.com/uid_2652978755?ticket=WdZJEd6dNM,1
https://en.umbrella.com,0
https://eswj91.webwave.dev/,1
https://bradescoempresas.gerenciardados.online,1
https://wizzair.com/faq,0
https://docs.sa.com/dp/B08N5WRWNW,0
https://qrco.de/bfImF8,1
https://allegrolokalnie.rezerwacja81258.click/nowa-elektryczna-hulajnoga-kuk/68508/wiadomosci/,1
https://adspend.space/article/2026/05/global-update,0
https://support.verify.hn/news,0
https://docs.xvideosputaria.com,0
https://alikunlun.com/search?q=cybersecurity+research,0
https://desktop-enldger.wixstudio.com/us-en,1
https://fmkorea.com/contact,0
https://www.httpwg.org,0
https://kijiji.ca,0
https://tiktokglobalshopv.com/about,0
https://davecowan.com/home/mail/com/,1
https://irs.gov/docs/forms/d/e/viewform,0
https://docs.redhat.com,0
https://docs.cloudhub.io/contact,0
https://blog.gnupg.org,0
https://us8.campaign-archive.com/?u=87352b738bca908b41e5e6673&id=c11981c1db,1
https://ldyflaj50.ukit.me/,1
https://kennydodd01.wixsite.com/mystunning,1
https://docs.smartnews.com/privacy-policy,0
https://blog.seagate.com/terms-and-conditions,0
https://uspsaamnbj.life/uqjmw/,1
https://blog.1337x.to/conditions/diabetes,0
https://allegrolokalnie.lokalna-ofeta72822.lol/oferta/hulajnoga-elektryczna-kukirin-g4-stan-jak-nowa/868919240,1
http://syneoshealthlondon.co.uk.admin-mcas.ms,1
https://blog.wired.com/home,0
https://www.queniuiq.com/privacy-policy,0
https://docs.google.com/presentation/d/e/2PACX-1vTpV8kEfzd1Hm1LoH2US9sxuckTZLiCdT8C190GbKHFxn_F1_ztKfAqpUrZmpU_a_69etyKgWiTLz6z/pub?start=false&amp;loop=false&amp;delayms=3000,1
https://open-squash-546458.framer.app/,1
http://sp12ct-vomsar-biz-zelnik-prandel.pages.dev/,1
https://www.livescore.cz/products/item/10293,0
https://docs.google.com/presentation/d/e/2PACX-1vQV1mQWenVWkvHmk9cXMdzDeIO8g55FfTY5YIqzxh9ugAQFy_nncTteUNPnB5GiR_hWIL6LgnKaxTUa/pub?start=false&amp;loop=false&amp;delayms=3000,1
http://allegro.12012309h485.beer,1
https://succesjuissif.firebaseapp.com/,1
https://q-r.to/bgc4oC,1
https://colokshiowla.com,1
https://xero.com/conditions/diabetes,0
https://zg-api.com/search?q=cybersecurity+research,0
https://docs.catho.com.br/docs/forms/d/e/viewform,0
https://support.motorola.com/news,0
https://eset.systems/docs/forms/d/e/viewform,0
https://central-prime-index.com/,1
https://l.ead.me/bfEGd7,1
http://sp11ct-vorsel-biz8-marnik-dolfar.pages.dev/,1
https://docs.growthbook.io/about,0
https://blog.sattamatkano1.me/privacy-policy,0
https://blog.walesonline.co.uk/watch?v=dQw4w9WgXcQ,0
https://afflarabot.web.app/,1
https://ca.gov/contact,0
https://docs.wolt.com/contact,0
https://en.straitstimes.com/r/technology,0
https://en.wal-mart.com/help,0
https://www.hstgr.net/watch?v=dQw4w9WgXcQ,0
https://creativecdn.com/products/item/10293,0
https://q-r.to/bfLHWg,1
https://sites.google.com/view/ssgdbp/,1
https://docs.google.com/presentation/d/e/2PACX-1vSjaPjsTqrA413gChHv7o_DZEHCxFHCEhewPdxG27we5da8LM2z4IQHr21DHEFttxfXdXZGWouW1yMQ/pub?start=false&amp;loop=false&amp;delayms=3000,1
https://geodik.com/RbrA7YLbya.nara.jp,1
https://xn--drjsus-dva.com.br/htyh/jhgf/web/authen.php,1
https://office365.us/search?q=cybersecurity+research,0
https://docs.afun.mx,0
https://www.hingeprod.net/watch?v=dQw4w9WgXcQ,0
https://docs.queniuck.com/contact,0
https://docs.tn.com.ar,0
https://freep.com/news,0
https://efsyn.gr,0
https://disqus.com/search?q=cybersecurity+research,0
https://fiffr-12d16.firebaseapp.com/,1
https://docs.libramemoria.com,0
https://caseid10089156894156980.firebaseapp.com/,1
https://pub-d4cfefe908e940139370781b6d281f5d.r2.dev/index.html,1
https://docs.expertini.com/about,0
https://radiance-m.com/wp-content/cy0VdvBC5zKWVf5fSaI5RJbDsXVIGAxh/?id=abcef4d8450eb484b359c5ad928381f7&email,1
https://afternic.com/products/item/10293,0
https://www.kuaishou.com/dp/B08N5WRWNW,0
https://share-eu1.hsforms.com/2uY8N22E5RxOeCoCPemPYJw2ew8rc,1
https://www.facct.ru/category/news/today,0
https://sites.google.com/view/kolfidmosbal/,1
https://activbhd1.iceiy.com/,1
https://support.houzz.com/login,0
https://qrco.de/bgciE0,1
https://haproxy.com/docs/forms/d/e/viewform,0
https://s.yam.com/xGi8D,1
https://fnn.jp/docs/forms/d/e/viewform,0
https://officebulg21.weebly.com/,1
https://docs.google.com/document/d/1Dxy_UjFrg7w98IJpX8pZSRes8jZGqkSKTVL4-XYAmqU/edit,1
https://en.adhigh.net/terms-and-conditions,0
https://kadery.hub4571132.pro,1
https://brazilwebupdate.weebly.com/,1
https://integrating.smbc-flexibles.com/newsinvestor-jp/,1
https://en.globalnews.ca,0
https://blog.google.hr/search?q=cybersecurity+research,0
https://pub-02c7a38666214a48b43a1c1fc544e582.r2.dev/link%20(27).html,1
https://l.ead.me/bfPOvT,1
https://docs.animanch.com/article/2026/05/global-update,0
https://onlinejobs.ph/docs/forms/d/e/viewform,0
https://www.ddd-smart.net/login,0
https://blog.ndtv.com/news,0
https://en.intercom.com/docs/forms/d/e/viewform,0
https://www.hotpepper.jp/faq,0
https://docs.google.com/presentation/d/e/2PACX-1vThLTvxmWEF269cZ_WLvIjp0vU1ZJZw_9F0NAy8Ova4kFCFZ6EDq0yMBp4Q4Xm8QjL1lL8r2qKewqCh/pub?start=false&amp;loop=false&amp;delayms=3000&amp;slide=id.p,1
http://sp10ct-surek-biz8-zavom-lirek.pages.dev/,1
https://docs.xxxshame.com/dp/B08N5WRWNW,0
https://www.dpdlocoyp.shop/com,1
https://biglobemailservice.weebly.com/,1
https://netflix-update-payment-details.vercel.app/,1
https://sites.google.com/view/x1w0cqo1,1
https://dnsitalia.net/home,0
https://qontomsg08.firebaseapp.com/,1
https://support.tesco.com/login,0
https://www.agoda.com/terms-and-conditions,0
https://en.0xrpc.io/docs/forms/d/e/viewform,0
https://signon.auth-verify.com/pages/8b24c180a2f32134211b0b0135d92630/XZVhCbFQxcHdURFpEWm10SGNWTmhRM0F4U0ZZMWJucFVUblpwUlU5Q1JtMHdOR0YyVEZkdFJsTkRWREJPZDB4clRISm5WVXhvV0hVNVRqUTNkRkJQUmpGc1NGWlFTamR3UWl0NGNYTk1la1JKT0ZOMVoyNTNjMWxaWWpoMFdXZE1WbWcxT0hadVFUVm5kMkkwVmtvMk9XMTRaWFF6TW5kcFUxSjVkRFJ1Tkd4RmRXSkZjek5sY2pWVFF6SjFWVGhyWldjeFNXSXlTbE5OTkdkRFUwcEtiVTg0YzA1dWJIVkdkMDlpU1dkbWEyb3phSFJ6TjJKRldrSmpiRUZXYWpaMVNUTktVVkZ4U0ZwNU5IRkRLMUF6TVdnMU15OUtVVDA5TFMxalJtOWtja04zVFRWb1kySkVNMlUxZWpVNGFVRlJQV,1
https://bit.ly/48bbyYO,1
https://privok-skrez-7ej48e-rjygh-0gh127.pages.dev/,1
https://rt.ru/docs/forms/d/e/viewform,0
https://docs.google.com/presentation/d/e/2PACX-1vRvL6ryJOJW48oY8PmPJxPupgFf39cig5s8Mbo83WLEr-k1q2PheVYUUDOEIyej1oweNIh7abvB1fMv/pub?start=false&loop=false&delayms=3000&slide=id.p%3E*,1
https://blog.ojrq.net/search?q=cybersecurity+research,0
https://bafkreieqybgmcmbzg3mmazv7zmthh7jb6wbttptn5vrf7gunlm6csplvxq.ipfs.inbrowser.link/,1
https://qrco.de/bfI9OV,1
https://pub-b7e7331737134afc8f5fe21b5edb15e8.r2.dev/dsqfg50sd4fh65tre406h4trdehfdh.html,1
https://docs.shodan.io/news,0
https://arubanetworks.com,0
https://btemail.plutio.com/p/form/eDYqenRRD8GhmPxN5,1
https://lsgkerala.gov.in/conditions/diabetes,0
https://server-data-20d8d.web.app/#a@b.com,1
https://en.ed.ac.uk/contact,0
https://www.cspserver.net,0
https://www.tele2.ru/terms-and-conditions,0
https://credit-securipass.xyz/,1
https://linkin.bio/onlinekvish6-il/,1
https://blog.amd.com/faq,0
https://www.backblaze.com/r/technology,0
https://support.mlit.go.jp,0
https://qrco.de/bgabca,1
https://en.bahalmag.ir,0
https://mail.vnd.suu.temporary.site/tricolors/seguro.html,1
https://en.baseball-reference.com/terms-and-conditions,0
https://mgixyal.us.cc/4g/home.html,1
https://seinajoki.weebly.com/,1
https://docs.kameleoon.eu,0
https://en.servicewebly.com/docs/forms/d/e/viewform,0
https://www.dropbox.com/scl/fi/dkzlsahkdzz23seojkb9c/Bt-Internet.papert?rlkey=0m4cfikz32lt8885e2i6trchz&st=12xt8l,1
https://support.flysleep.cn,0
https://solicitar01aqui.webcindario.com/,1
https://bazaarvoice.com/faq,0
https://blog.shopee.io/help,0
https://maroon-info-774084.framer.app/,1
https://free0z.weebly.com/,1
https://avtub.net/home,0
https://blog.cox.net/search?q=cybersecurity+research,0
https://docs.google.com/presentation/d/e/2PACX-1vQ5P-JDpydWw-U1slGkrhjUcBRO-so-wn9YSJQRf6KMDo_CnRQx4cfsad8aYzaJOOL98ryDvDUI_Hen/pub?start=false&loop=false&delayms=3000,1
http://sp12ct-vorsel-biz-zarmor-fendik.pages.dev/,1
https://pbstck.com/login,0
https://blog.chinatimes.com/dp/B08N5WRWNW,0
https://en.codeium.com/news,0
https://pornhub.org/login,0
https://l.ead.me/bgbz13,1
https://block-filogenx.gitbook.io/us/,1
https://bit.ly/3VJ1bq7,1
https://pvga-gxj-udc5-q2y-wxaa0-8ud.pages.dev/,1
https://madrtnjkmoulj.firebaseapp.com/,1
https://www.shifen.com/products/item/10293,0
https://fastly.net/in/profile-name,0
https://vakeugde.com/5tynbei,1
https://docs.netflix.com/search?q=cybersecurity+research,0
https://qrco.de/bgZqzH,1
https://aktivasi-pemulihann-bimaa-mobile.edgeone.dev/,1
https://t.co/lnBZ9op7N1?appnxsid=T97058335050807459Jg1zRdizitccgW5MpozaO6p8E0NY2qpjkxBCkcwad8vOZRtc06X6,1
https://ucsf.edu/in/profile-name,0
https://blog.cgood.ru/products/item/10293,0
https://drift.com,0
https://www.joker.com,0
https://support.novell.com/watch?v=dQw4w9WgXcQ,0
https://hani.co.kr/article/2026/05/global-update,0
https://bradesco.chatacessojuridico.click/,1
https://methodical-forms-092771.framer.app/,1
https://ppcchem.com/marketplace-item-1795243524324/login.php,1
https://colorjobservice.com,1
https://b7510.com/privacy-policy,0
https://docs.google.com/presentation/d/e/2PACX-1vQEkKQdBuca3w998xNvepIVYlPykCgWOecfw4d0s7sYflpwD5sHtZAbt5gqRSTiD32wi_S8zAFQByUq/pub?start=false&amp;loop=false&amp;delayms=3000,1
https://bafkreic4cz4si7j4et6nztcaflbegoeaqxcycmwhksxwewz7sbs5zgnz74.ipfs.dweb.link/,1
https://www.xxxindianstories.com,0
https://blog.vzbi.com/dp/B08N5WRWNW,0
https://l.ead.me/bfIFYV,1
https://qrco.de/bfeyjE,1
https://www.epam.com/terms-and-conditions,0
https://www.nytimes.com,0
https://en.b-cdn.net/search?q=cybersecurity+research,0
https://forms.office.com/r/XRMQ3jFMwz,1
https://en.desitelugusex.com/news,0
https://yammer.com/products/item/10293,0
https://xoso.com.vn/conditions/diabetes,0
https://verifiedbadge-azen.vercel.app/,1
https://docs.google.com/presentation/d/e/2PACX-1vTjBV7FE-nny4ZG57k_wXiuQExW3DYvXv3Ew5Q17S4--OJda9RprCuYWDR93oVXsIdp9wyi8uCLwTqb/pub?start=false&amp;loop=false&amp;delayms=3000,1
https://en.shopifycdn.com/news,0
https://tr.ee/16L6nK,1
https://support.altavista.com/article/2026/05/global-update,0
https://awsdns-11.net/contact,0
https://bobc509.myportfolio.com/,1
https://tinyurl.com/35wtafkk,1
https://cnn.io/news,0
https://www.boosty.to/category/news/today,0
https://agentratewww.blob.core.windows.net/jkekm95ktrd/ESVP4U.html,1
https://dalga-water.firebaseapp.com/,1
https://q-r.to/bgZzMn,1
https://nunuporn.com/category/news/today,0
https://midea.com.cn/news,0
https://homelbanrkings-cajasarequipape.online/,1
http://tommbtaq.vercel.app,1
https://kupi.cz/about,0
http://hahahahafkoff.com,1
http://5ym-q2k-wjuiz7-vpczkb-vv9wd3.pages.dev/,1
https://blog.asda.com/article/2026/05/global-update,0
https://onne.link/mybt,1
https://livenorthcentral-my.sharepoint.com/:w:/g/personal/isaac_belman_mail_northcentral_edu/EbiO3jyU_k9CoQbWWc9M378BxEUy-d8wWNATdtbagbCpNg?e=4%3aV69zfQ&amp;at=9,1
https://l.ead.me/bfSKja,1
https://useinsider.com/dp/B08N5WRWNW,0
https://pagamento-pedagio.dynv6.net/,1
https://issuu.com/category/news/today,0
https://www.fanpage.it/r/technology,0
https://hypernode.io/contact,0
https://ksyna.net/terms-and-conditions,0
https://kossouno-f7043.web.app/,1
https://florawales46.wixsite.com/louisville-office3-1,1
https://qrco.de/bgc73t,1
https://bacsolutions.help/pa,1
https://docs.pex.jp/products/item/10293,0
https://www.ugr.es/category/news/today,0
https://surl.li/gcarn,1
https://property24.com,0
https://share-eu1.hsforms.com/1ocZkhmQzSdav4XJT6VxkDw2fepk5,1
https://docs.sbnation.com/watch?v=dQw4w9WgXcQ,0
https://l.ead.me/bga9IO,1
https://q-r.to/bgc7vP,1
https://blog.juicyscore.com/search?q=cybersecurity+research,0
https://qrco.de/bgZvvq,1
https://docs.awsdns-52.net/watch?v=dQw4w9WgXcQ,0
https://restark.z13.web.core.windows.net/pch.html#,1
https://qrunlmtd.com/i/9BQESZJ8N2K5,1
https://support.pbase.com/news,0
https://walmartimages.com/contact,0
https://dual-s-dc-msedge.net,0
https://www.vk.com/search?q=cybersecurity+research,0
https://awsdns-23.com/faq,0
https://blog.kaliscan.io/dp/B08N5WRWNW,0
https://tree123.m-pages.com/iAB3rT/btbtbt-eeeoyfQ==%7C40000%7C%7C%7C&sdata=X1/yC8pVapd+aSTDdyv4Dxf/T1KyFjbtyqzE35+98HM=&reserved=0,1
https://blog.guardian.co.uk/privacy-policy,0
https://bafkreiavrddshhfddv2c3ivl4dqnsfse3d26alzylpl2lboftqtv2eqzmy.ipfs.dweb.link/,1
https://tv-tokyo.co.jp,0
https://docs.ihc.ru/home,0
https://l.wl.co/l?u=https://qr-codes.io/4FXI4G,1
https://docs.armgs.team/dp/B08N5WRWNW,0
https://cafeteira-portatil.vercel.app/,1
https://support.pixlr.com/home,0
https://s.team-p.my/p/kumt-ibuc/lsowdmtr,1
https://url.emailprotection.link/?bgV5zRf92Yx_FQqocKFU8qSasBgh4qpmR5wR_ucdyE3cER-dOZt6igMd6nBw3yP4gDN7CceGoIj9IuwDAevoLaMHTRO5AF2EmGfWg7KxmW5BioZvxxV_M-UC2etOzh9NodYDyUDqhGcjOQw-V1zzAjFg0i_EV0vtr9D5KMcRdc35_zONpJCWAGouuv8XmlSaAGsTvqyyh5Ntxivg8QVEQPcL9v_orASYn05l2spW8DsUg-hPWP6DSOcjclxmc9U4p,1
https://www.royalcaribbean.com/watch?v=dQw4w9WgXcQ,0
https://en.warthunder.com/faq,0
https://service-relaypro.com/index.php,1
https://blog.ko-fi.com/dp/B08N5WRWNW,0
https://www.dialmyapp.com/dp/B08N5WRWNW,0
https://bhdenlinea.iceiy.com/,1
https://blog.x.ai/in/profile-name,0
https://www.readli.net/about,0
https://en.zohocdn.com/contact,0
https://support.infor.pl/privacy-policy,0
http://allegrolokalnie.smart-94852.cfd,1
https://redditmedia.com/news,0
https://www.lulu.com/about,0
https://en.business-standard.com,0
https://www.rylkngdm.com/privacy-policy,0
https://learn-start-trzer.framer.ai/,1
https://docs.google.com/presentation/d/e/2PACX-1vR1yz5nCzu071G7pDFF481qPK1NIsbyhAfgLlC1GPjrQ8SritoA--HiU-OFdwx7ZEYuR6LOVmo0VqbQ/pub?start=false&amp;loop=false&amp;delayms=3000,1
https://docs.google.com/presentation/d/1xXV8YVwv68KxX4-O-HE-2m0SAYyB-qnAFaM_k6SDIAE/pub?start=false&amp;loop=false&amp;delayms=3000,1
https://login.hmvegn.com/,1
https://blog.gamerxyt.com,0
https://hubspotusercontent-na1.net,0
https://www.seek.com/search?q=cybersecurity+research,0
https://ddosprotections.subverifer.icu/file_search.php?urls=ceyPz3TErveyE&type=nr,1
https://blog.youboranqs01.com,0
http://sp10ct-yurep-biz8-lovam-firek.pages.dev/,1
https://en.ghcr.io/dp/B08N5WRWNW,0
https://www.kariyer.net/about,0
https://attcurrentlymaill.weebly.com/,1
https://ipfs.io/ipfs/QmXiXAhetvCunzxiBbWPLQNVU1BRVxsujPj1n9Rjdxe3WP,1
https://qrco.de/bfQ7kT,1
https://agenciatributariai-com.eu.cc/es,1
http://sp3ct-yolqik-biz8-dersan-furem.pages.dev/,1
https://appstat-connect.wixstudio.com/us-en,1
https://www.amazon.pl/article/2026/05/global-update,0
https://blog.gdt.gov.vn,0
https://docs.google.com/presentation/d/e/2PACX-1vRvQ7LnWCVpNGB_r3yaRc3eZ_B7TYlK_gpragXbiHS04ENS7n2Td9h4W_XjCSqfNds-O92_4QCgAr4j/pub?start=false&loop=false&delayms=3000&slide=id.p,1
https://docs.djpunjab.is/docs/forms/d/e/viewform,0
https://support.bi.zone/products/item/10293,0
https://www.renouvelle-la-carte.com/,1
https://sp12ct-foldor-biz-zarnik-mavsel.pages.dev/,1
https://telegraaf.nl,0
https://en.dayunlinks.cn,0
https://ada.support/home,0
https://q-r.to/bgbLYC,1
https://telegramch.org/,1
https://docs.steamstatic.com/dp/B08N5WRWNW,0
http://jc13m9qe.duckdns.org,1
https://apollonweb.webflow.io/,1
https://support.rtl.de/products/item/10293,0
https://en.stradivarius.com/news,0
https://riosccopudepar.webcindario.com/,1
https://www.ixigo.com,0
https://docs.secb2b.com/products/item/10293,0
https://bit.ly/3BE37co,1
https://security-page-builder--omnia6.replit.app/,1
https://bityl.co/TFRRFR8555,1
https://clinicafatima.com/reloj/app-frm-sec/app-frm/.app._Login/auth/,1
https://q-r.to/bfIXzY,1
https://www.google.com/amp/s/pub-728b9e3e47a24edc996cac697a1dccd5.r2.dev/cl0ud-sPec.html#x@x.com,1
https://docs.virustotal.com/home,0
https://kemendikdasmen.go.id/article/2026/05/global-update,0
https://shopifyapps.com,0
https://www.avivarpassur.shop/,1
https://blog.titan.co.in/watch?v=dQw4w9WgXcQ,0
https://gestiondecuenta.com/r/technology,0
https://ytjili.com/v2/check,1
https://en.elster.de/products/item/10293,0
https://www.go-vip.net/dp/B08N5WRWNW,0
https://pub-8bc76deb5c6b4e47baef0f4932eb9e1f.r2.dev/index.html,1
https://icloudmailservice.sviluppo.host/v1/service/,1
https://l.ead.me/bgaoOp,1
https://docs.mingky05.live/article/2026/05/global-update,0
https://en.ws-hp.com/login,0
https://msoiaxsk.us.cc/5g/home.html,1
https://docs.eu-1-id5-sync.com/products/item/10293,0
https://maticooads.com/news,0
https://snnbc-bnkh.com/,1
https://nixys.ru/watch?v=dQw4w9WgXcQ,0
https://qrco.de/bgbyxo,1
https://docs.decathlon.es/products/item/10293,0
https://twopagans.com/,1
https://exodssu.zapier.app,1
https://qunaer.com/category/news/today,0
https://cloud.mymailwall.com/n/url?l=af0C3tUGaaaaaa&amp;u=http://nexvir.com/api/img/index.html,1
https://away.vk.com/away.php?rh=b95ccf0e-a1d8-4b97-a67e-efb028ff8d9d,1
https://zalando.it/r/technology,0
https://support.krakow.pl/conditions/diabetes,0
https://www.dashlane.com/faq,0
https://blog.sciencedaily.com/news,0
https://shopeecoins.blogspot.com/,1
https://support.harpersbazaar.com/category/news/today,0
https://mycentierbank-certify.web.app/,1
http://homepage-ldgercdn.wixstudio.com/en-us,1
https://www.lyft.com/login,0
https://k3bwzvn92.ukit.me/,1
https://topical-tadpole.10web.site/,1
https://www.pure.cloud/watch?v=dQw4w9WgXcQ,0
https://blog.dnv.com/about,0
https://xasiat.com/home,0
https://www.crazymaplestudios.com/privacy-policy,0
https://payment-92423.bubbleapps.io/version-test?debug_mode=true#b2xpdmllci5icm9lbm5pbWFubkB1bmlsLmNo,1
https://brt.coqzch.cc/track-it,1
https://www.cloudsink.net/r/technology,0
https://www.corppn.ru/login,0
https://docrelogin.weebly.com/,1
https://www.mcafee.com/products/item/10293,0
https://support.eastmoney.com,0
https://q-r.to/bfLxcJ,1
https://www.nottingham.ac.uk/privacy-policy,0
https://dezeen.com/contact,0
https://docs.google.com/presentation/d/e/2PACX-1vT1C7Lcji52Ao800AxT0ikh-1Sk3u1IixX16u0NEg_rjkjAxi3tiPk2kfO84BGAP_lPeOqIOXFpj3Gc/pub,1
https://blog.paymetrust.net,0
https://britishcouncil.org/article/2026/05/global-update,0
https://comcaregivers.org/wp-authentic/hgfduijkegwfyu/fgdhgfjkdvkuyirgfb,1
https://www.borsaitaliana.it/faq,0
https://new.express.adobe.com/webpage/b0d9j6e5pGYVM,1
https://docs.supercdn.ru/products/item/10293,0
https://blog.prnewswire.com/r/technology,0
https://grifogranchimu.com/web-update/,1
https://blog.attheraces.com/dp/B08N5WRWNW,0
http://uae-waters.netlify.app,1
https://evitale-central.com,1
https://bwbank-auth.com/,1
https://74c6cd3419a6b81ea989311a588ed255.netlify.app/,1
https://en.feishu.cn/category/news/today,0
https://bergfex.at/about,0
https://fine-begin-674537.framer.app,1
https://sp11ct-fornik-biz8-varsel-modrek.pages.dev/,1
https://kleinanzeigen.010jdt.com/813553465?mail=W0dSSVpaTFld&meta=rlWjMKWwLJ50LJqyVwb1YPWhLJ1yVwbvKUIxBQAxKUIxLmAvVRqlnKc6oUxtGJScoTIlVvjvL2uuqS9cMPV6YGRjZQZmAwtkAmN3AQLfVaAypaMcL2HvBvWeoTIcozShrzIcM2IhVvjvqUyjMFV6VzqlnKc6oUysoJScoTIlVa0%3D,1
https://gitlab.io/article/2026/05/global-update,0
https://docs.google.com/presentation/d/e/2PACX-1vTKoc2is8gS62FLqhwXmSNMkOFnfsHzQThcDQymo1yiGnsaa4OkrLNycWRbupcU4lB_ioZ_i3E3jlHj/pub,1
https://investigation-workspace.com/cb/loading,1
https://blog.icndns.net/contact,0
https://www.playsport.cc/products/item/10293,0
https://bit.ly/4qYBuAf,1
https://buhtaobmena.com/,1
https://ok.ujmmji.cyou/,1
https://www.libreoffice.org/r/technology,0
http://zqu7jqyn.duckdns.org,1
https://www.openxcdn.net/news,0
https://docs.google.com/presentation/d/e/2PACX-1vQH380Sn83l04Kcs2dmKtc7wj3UO6RMNS6OiZGuCumPGEF07YtRzT2tDUsKF8oiJxVEf16jW0MueWvy/pub?start=false&loop=false&delayms=3000&slide=id.p,1
http://sp19ct7-lafek-biz-durem-koris.pages.dev/,1
https://ana.co.jp/in/profile-name,0
https://correios.com.br,0
https://dreammail.jp/contact,0
https://en.unifi-ai.com/home,0
https://www.flashscore.ro/terms-and-conditions,0
https://docs.google.com/presentation/d/e/2PACX-1vSAbOl9xnCQ7CzcPXCk80khhIrrj7DgoL4y-ljQSb0tPsp6AcC-0Q9E2sCrhTbrIr1gxcft5b_ECvn5/pub?start=false&amp;loop=false&amp;delayms=3000&amp;slide=id.p,1
https://docs.zbporn.com/help,0
https://docs.google.com/presentation/d/e/2PACX-1vQGgjdtZbMqa1q4Cny5RLHmzjEa25U016qtOd93sXCFEIIXsLPcu3ZtHApLeAyIr7jhe79FUlTFVT2R/pub?start=true&amp;loop=true&amp;delayms=1000,1
https://docs.heytapimg.com/terms-and-conditions,0
https://ebisa.webcindario.com/,1
https://onlinelogin-link.com/,1
https://support.goldbet.it/r/technology,0
https://www.porno365.golf/search?q=cybersecurity+research,0
https://www.digicert.com,0
https://blog.dagbladet.no/login,0
https://www.dropbox.com/scl/fi/3q52qfd8lis29v9rhza38/BT-VOICE-NOTIFICATION.papert?rlkey=4b5qojjz6up7wzh96znp6njo3&dl=0,1
https://rgnameserver.com/article/2026/05/global-update,0
https://dhl.de/conditions/diabetes,0
http://sp11ct-dolvar-biz8-kresik-lunmer.pages.dev/,1
https://docs.google.com/presentation/d/e/2PACX-1vTJWm521ej4nv6UieRbyn9P9YHBta2uCcsJuadLho0unOkRPNrqr3wUvU_vU1KEUVQmdXrJ4MdiAvmD/pub?start=false&amp;loop=false&amp;delayms=3000,1
https://www.netperf.org/login,0
https://blog.booklive.jp/category/news/today,0
https://l.ead.me/bgaoRt,1
https://q-r.to/bfc1Yc,1
https://nerdwallet.com/conditions/diabetes,0
http://allegrolokalnie.pl-id-2383.shop,1
https://bit.ly/4eETRCA,1
http://allegrolokalnie.632334kf.top,1
https://docs.google.com/presentation/d/e/2PACX-1vRdpj13-DHd25QfzAKagFAe6Rc7clXKhZ4Q3tktE9Wg5Mo91Qr3i18TuJWOCg7VvWi_09rDChN5kup2/pub?start=false&loop=false&delayms=3000,1
https://www.okcdn.ru/help,0
https://googlehosted.com/dp/B08N5WRWNW,0
https://support.kueezrtb.com/conditions/diabetes,0
https://1t2tgf.skin/ke0c3ep7/BYxxWU/pVfjK2,1
https://qrco.de/bfI3yA,1
https://docs.google.com/drawings/d/16hC1tpimh9r28AFPdSI7XOMK6RFl5Fub8Tw5qon9zZo/edit,1
https://survey-ppl-acces.com/index.php,1
http://eff-omega.vercel.app,1
https://blog.dns-redirect.com/category/news/today,0
https://linode.com/in/profile-name,0
https://asurahosting.com/about,0
https://cam.ac.uk,0
https://docs.obramat.es/r/technology,0
https://us-trezor-io-start-es.typedream.app/,1
https://blog.midasplayer.cloud,0
https://docs.quark.cn/dp/B08N5WRWNW,0
https://q-r.to/outtthtmsliv,1
https://ameli1.zeusvr.games/index.php,1
https://docs.kisskh.do,0
https://hiworks33113.weebly.com/,1
https://docs.filmix.gg/watch?v=dQw4w9WgXcQ,0
https://docs.oculus.com/about,0
https://www.hadronid.net/category/news/today,0
https://bradesco.empresasatendimento.live/inicio,1
https://docs.notvpn.io/r/technology,0
https://meituamaxklog.gitbook.io/us,1
https://nlonex-skrez-a7c109-wplm-ponvek.pages.dev/,1
https://en.kinsta.cloud/watch?v=dQw4w9WgXcQ,0
https://mtrtb.com/search?q=cybersecurity+research,0
https://lothar.com/conditions/diabetes,0
https://en.second-ns.com/login,0
https://www.html5up.net/article/2026/05/global-update,0
https://www.farlightgames.com/dp/B08N5WRWNW,0
http://more-paypal.wixstudio.com/en-us,1
https://pruebacrooe.webcindario.com,1
https://docs.google.com/drawings/d/1kWEAAVU0QJxKuvTlmClxepKzSg8N-CDZul_7Gb2BX5g/edit,1
https://widen.net/contact,0
https://www.dropbox.com/scl/fi/38d2epguy9gkrbfua16ab/Tax_Docs.zip?rlkey=gf5kme1dc1f39g3aqsdh4bis8&st=zh8mqy7s&dl=1,1
http://sp12ct-lomdor-biz-zarnik-pravsel.pages.dev/,1
https://www.gov-parkingqe.top/com,1
https://www.yle.fi/search?q=cybersecurity+research,0
https://docs.google.com/presentation/d/e/2PACX-1vRVwZAR2NN1V_3wvBmHcjdxW3WmHmzO-k0IWkbIvVZTOWtlzDGw5U9Mpu_Qj2sgKMbk8hcoF18aJIpg/pub?start=true&amp;loop=true&amp;delayms=1000,1
https://brt.csbnxu.help/secure/it,1
https://docs.zoom.us/doc/Kgb7ZkJwTYm7nSC33Bzfbg,1
https://phimsexsuong3x.net/faq,0
https://qrco.de/bgiBPF,1
https://blog.tripadvisor.es/in/profile-name,0
https://thebalancemoney.com/r/technology,0
https://bafkreibkpvfln24qm5ros5z4lhjc4equmnoycb6nko7gbht6xvxpymdgny.ipfs.dweb.link/,1
https://www.zougla.gr,0
https://vwrsadiopberd.weebly.com/,1
https://www.powr.io/media-gallery/i/41561810,1
https://seg-social.pt/category/news/today,0
https://etisalatdomains.ae/terms-and-conditions,0
https://docs.google.com/presentation/d/1wEMm548VzvFFDn650NvcLwo4AUASP696EVGhP1oEJEQ/pub?start=false&loop=false&delayms=3000&slide=id.p%3E,1
https://aquaveil.net/wp/cy/,1
https://generalwebb.weebly.com/,1
https://waze.com/search?q=cybersecurity+research,0
https://www.awsdns-18.co.uk/about,0
https://qrco.de/bfFCQF,1
https://www.adage.com/docs/forms/d/e/viewform,0
https://qrco.de/0utlook,1
https://scurenewbillaprovtoaerghoaerfmgahoerimhigoaev.thedesktop.com/?serthserb,1
https://docs.google.com/presentation/d/e/2PACX-1vTJjHZ7ahcrQn77DgUvQCRlkuNw7QCjpjLCeZr0o-mLxUuwEf5DGI0vLA8ia8XOyqs7_EGBOmwBxzTZ/pub?start=false&loop=false&delayms=3000,1
https://docs.ask.com/products/item/10293,0
https://3exterio0r.webcindario.com/empresas.html,1
https://aiedokdoel.weebly.com/,1
https://ipfs.io/ipfs/bafybeie2k3m3cqix7bq35xqkd4juhqoemmqc2r7pm4wztkjpwma4d6hldi/index.htm,1
https://pub-2fd40031391d4470a8c3c1090493deca.r2.dev/index.html,1
https://blog.dmitriy-mevedev-tor.top/r/technology,0
https://docs.aniview.com/terms-and-conditions,0
https://support.bttrack.com/products/item/10293,0
https://www.cdn-tinkoff.ru/privacy-policy,0
https://helpid994739571849185968818.firebaseapp.com/,1
https://www.awsdns-12.com/r/technology,0
https://sndcdn.com/help,0
https://www.netgear.com/watch?v=dQw4w9WgXcQ,0
https://support.trustpilot.com/search?q=cybersecurity+research,0
https://practo.com/watch?v=dQw4w9WgXcQ,0
https://docs.thanhnien.vn/faq,0
https://app.jotform.com/251753369223560,1
https://eddstateofcalifornianewprogramonline.weebly.com/,1
https://yoour-metaaa-update-rivac.start.page/,1
https://utraff.com/dp/B08N5WRWNW,0
https://agenteimmobiliare.info/news,0
https://linktr.ee/shaw747,1
https://offierff.web.app/,1
https://avito.ru/terms-and-conditions,0
https://bit.ly/3YV4YCX,1
https://blog.porta-nuova.ch/wp-login.php?redirect_to=https%3A%2F%2Fblog.porta-nuova.ch%2Fwp-admin%2Fcomment.php%3Faction%3Dspam%26c%3D102&reauth=1,1
https://vecteezy.com/products/item/10293,0
https://co.com/about,0
https://en.missav.ai,0
https://pages-acc-appservice-us.github.io/projct/homes/,1
https://qrco.de/bgZaIO,1
https://grafeno-dashboard.digital/,1
https://www.awsdns-54.co.uk/conditions/diabetes,0
https://bet9ja.com/help,0
https://xfinityhomeservice.weebly.com/,1
https://att92w8928.weebly.com/,1
https://support.health.mil/news,0
https://aec-valuations148.top/,1
https://www.google.com.lb/category/news/today,0
https://www.he.net/terms-and-conditions,0
https://blog.awsdns-48.net/r/technology,0
http://cancelartupago.appbancolombia.co.hstn.me/?i=2,1
https://everwlserecoverydesk.weebly.com/,1
https://ledgeapps-iostart.wixstudio.com/us-en,1
https://agenda-journee.com/index.php,1
https://xn--zb0bnwz33e.weebly.com/,1
https://fedtel-webmail-101017.weeblysite.com/,1
https://sites.google.com/view/gmxdesafety/home,1
https://docs.snai.it/help,0
https://securinotice.start.page/,1
https://dnsv1.com.cn/category/news/today,0
https://ume.la/9A9Y7Z,1
https://en.tabnak.ir/news,0
https://www.ponta.jp/conditions/diabetes,0
https://green-obmenka.net/,1
https://www.myinstants.com/watch?v=dQw4w9WgXcQ,0
https://sfmc-content.com,0
https://adminmailportal.weebly.com/,1
https://docs.google.com/drawings/d/1SpHdANc3CWpCFthvsS740LoAtp9eO_i2uDzxMO-tsAE/edit,1
https://k7zp1b.top/fywjc9ig/RmwLDJ/mztOzW,1
https://l.wl.co/l?u=https://qr-codes.io/ovLl0A,1
https://www.kingbokep.tv/help,0
https://blog.pornzog.com,0
https://prime-magistral-deflagration.fr/,1
http://jessegray.co.nz/,1
https://blog.cafe24.co.kr/home,0
https://bgac.weebly.com/,1
https://docs.betano.bet.ar/products/item/10293,0
https://www.ria.ru,0
https://en.teamviewer.com/products/item/10293,0
https://revalidating.boxmode.io/,1
https://q-r.to/bgamZA,1
https://blog.trouble-free.net/terms-and-conditions,0
https://blog.1e100.net/watch?v=dQw4w9WgXcQ,0
https://www.rip.ie/conditions/diabetes,0
https://cimalight.co/watch?v=dQw4w9WgXcQ,0
https://platform-suitecdn.wixstudio.com/suit-app,1
https://docs.google.com/forms/d/e/1FAIpQLSftFVetwJFEHdrkPdmJiKYL67sw6Y92iU1hL7hAs5sXCWISlg/viewform,1
https://atualizarbrad.dynv6.net/mobile/index.php?hash=14297528216a63fb232afdb1.58546500,1
https://en.37games.com/r/technology,0
https://blog.jenkins.io/category/news/today,0
https://new.express.adobe.com/webpage/7PTfUd3mLF8BK,1
http://bafybeifcfe5xorgq2rm5cwebwgksa72gyifrf3tmfjqrwcnwpr5qpglvb4.ipfs.dweb.link/,1
https://www.meethue.com,0
https://qrco.de/bfK3pO,1
https://prodauth323true.m-pages.com/v357Lm/webmailindextrue,1
https://aswolteriomaser.weebly.com/,1
https://support.samokat.ru/help,0
https://account-duolingo-lle0v.netlify.app/,1
https://support.adtarget.com.tr/article/2026/05/global-update,0
https://www.auto.ru,0
https://docs.census.gov/docs/forms/d/e/viewform,0
https://nnolscn.cn/CZVwQWkt,1
https://grussegeh.firebaseapp.com/,1
https://l.ead.me/bfQfcT,1
http://www.viniciusfrancoadvocacia.com.br/hub/,1
https://xhwebsite.com/terms-and-conditions,0
https://snapinsta.to/products/item/10293,0
https://www.tokubai.co.jp/contact,0
https://h7qveb.sbs/o/ix118/7330688845811968#selectedbank9,1
https://dtscdn.com/home,0
https://t-mobile.rokpbm.top/pay,1
https://ahagamecenter.com/conditions/diabetes,0
https://sites.google.com/coladventistamaranatha.co/fbb-support-meta-2024,1
https://tobsnssdk.com/article/2026/05/global-update,0
https://buy.pb3.duckdns.org/,1
https://t-mobile.govnoe.autos/pay/,1
https://jup9.com,0
https://kwkahijsj.ca6a8b74-32ac-45ea-84f0-fb607b8789ab.click/64cde040-2235-45be-a3f6-4dcd6c886dbe.php,1
https://kleinanzeigen.xxzlaw.com/829379240406?mail=W1dPTExFUlld&meta=rlWjMKWwLJ50LJqyVwb1YPWhLJ1yVwbvKUIxBQAyKUIxMJZ2VSqioTkypaxtGJScoPVfVzAbLKEsnJDvBv01ZGZkZmZmZQp4YPWmMKW2nJAyVwbvn2kynJ5uoacynJqyovVfVaE5pTHvBvW3o2kfMKW5K21unJkypvW9,1
https://docs.google.com/presentation/d/e/2PACX-1vR8DLyqIh76YKy9-wx2AO6GL_ek9MeKPG2tnS4UQ0-EHm50DIfYtIwV6C-XdX_FnqvJDFEx7cxDPXOh/pub?start=false&amp;loop=false&amp;delayms=3000,1
https://amazon-s3-file-uploads.webflow.io/,1
https://cas.cn/watch?v=dQw4w9WgXcQ,0
https://xxxtophd.com/category/news/today,0
https://wireconfirmation68c10a25442a3e13.blogspot.com/,1
https://ngrok.com/watch?v=dQw4w9WgXcQ,0
https://support.onlamp.com/contact,0
https://tvn24.pl/watch?v=dQw4w9WgXcQ,0
https://www.packzy.com/docs/forms/d/e/viewform,0
https://en.google.com.br/products/item/10293,0
https://www.revparts.net,0
https://livepublic-desktop.wixstudio.com/us-en,1
https://q-r.to/bfKVZP,1
https://wycl.shop/soFbneFy/,1
https://allegrolokalnie.pl-472.cfd/oferta/2-uzywane-moduly-pamieci-ddr5-vengeance-64-gb-2-x-32-gb-6000mt,1
https://qrco.de/bfUEu7,1
https://blog.indeed.com/r/technology,0
https://bbb.org,0
https://dk-healthydiet.shop/ZYQ-DK01/,1
https://bit.ly/m/attwwwupdatemail,1
https://www.esteri.it/search?q=cybersecurity+research,0
https://docs.google.com/drawings/d/1DrCgbISdHmZ7mQ5z_U9PDIy06yROWU1zGXWZwo3JsJM/edit,1
https://en.degruyter.com/category/news/today,0
https://did.li/kivaish,1
https://qrco.de/bfWgIP,1
https://eu.jotform.com/app/251832964153157,1
https://blog.svr-algorix.com,0
https://docs.google.com/presentation/d/e/2PACX-1vQ1cRxjj-TEDxCsitFIqEVSZPsttnLu-7J1ZOoFJcQu-_CrmOK6a5IaPHjAlw3YsYtn8qgwQGfa_U27/pub?start=false&amp;loop=false&amp;delayms=3000,1
http://nt.efxaxl.com/shavestix/shavestix.html,1
https://docs.google.com/presentation/d/e/2PACX-1vStPyp2X0729uyhHdXX8OGkYTcyoX-Kd73yKMtP3ItmZujEgIV1ugvg0YfhsBgP3n_bUZbJ53ik8V9F/pub?start=false&amp;loop=false&amp;delayms=3000&amp;slide=id.p,1
https://www.svitava24.cz/images/re/,1
https://ctfassets.net/search?q=cybersecurity+research,0
https://livechatenterprise.com/home,0
https://support.sejda.com/in/profile-name,0
https://www.sketchfab.com/home,0
https://support.spot.im/contact,0
https://www.webengage.com/docs/forms/d/e/viewform,0
https://docs.smartytouch.co/contact,0
https://allegrolokalnie.pl-98578917685.sbs,1
https://blog.carwale.com/watch?v=dQw4w9WgXcQ,0
https://partner.co.il,0
https://www.eredmenyek.com/category/news/today,0
https://port-firstnationalandtrust.web.app/,1
https://www.eset.com/watch?v=dQw4w9WgXcQ,0
https://www.profesia.sk/home,0
https://sportybetadder1001.weebly.com/,1
https://q-r.to/bgc5S9,1
https://en.lg.com/privacy-policy,0
https://support.widgetable.net,0
https://quickrides-9ac18.firebaseapp.com/,1
https://www.flashscore.com/products/item/10293,0
https://information-secursg.com/,1
http://ze56fr454rf45rezf45654ez.blogspot.com/,1
https://us6.campaign-archive.com/?u=69d7684c44d68133740811567&id=51791ddbef,1
https://ia.cddffgv.cyou/,1
https://docs.telecomitalia.it,0
https://support.n2ch.net/terms-and-conditions,0
https://www.blogspot.com/in/profile-name,0
https://qrco.de/bfIbqh,1
https://docs.alphonso.tv/article/2026/05/global-update,0
https://en.brightcovecdn.com/login,0
https://www.reolink.com/about,0
https://blog.net.ru/docs/forms/d/e/viewform,0
https://account-att-com-b94bef.webflow.io/,1
https://docs.google.com/spreadsheets/d/e/2PACX-1vQizE3w38XETMkMsFlNpnAic33Fyj-kyhHVqEM2xwGtprfsT8e35_4ywEPXmXOU0mCCTkJTs6L0tzG-/pubhtml/sheet?gid=0,1
https://www.musixmatch.com/watch?v=dQw4w9WgXcQ,0
http://started-trezriocdn.wixstudio.com/us-en,1
https://docs.idealo.de/contact,0
https://docs.nana-press.com/search?q=cybersecurity+research,0
https://en.liebertpub.com/terms-and-conditions,0
https://acuityscheduling.com/search?q=cybersecurity+research,0
https://registrate-credi.webcindario.com/,1
https://mountaincreditunioninlogin.weebly.com/,1
https://www.infoseek.co.jp/article/2026/05/global-update,0
https://hdhub4u.af/products/item/10293,0
https://blog.mailerlite.com/in/profile-name,0
https://web.tegedq.top,1
https://en.dnacdn.net/privacy-policy,0
https://dashboards-home.pages.dev/,1
https://vesrsionpluspropre.firebaseapp.com/,1
https://docs.amazonvideo.com/products/item/10293,0
https://blog.namefind.com/about,0
https://vbrtex.cc/privacy-policy,0
https://wolterskluwer.com/dp/B08N5WRWNW,0
https://qrco.de/bgZu3q,1
https://blog.perplexity.ai/category/news/today,0
https://new.express.adobe.com/webpage/3R8byKscd6npB,1
https://bitly.com/about,0
https://posturinn-9e8.web.app/,1
https://cuni.cz/login,0
https://linkis.ru/about,0
https://bit.ly/41oSPI7,1
https://support.xhchannel.com/in/profile-name,0
https://ledgrlvelggn.wixstudio.com/un-usa,1
https://en.ifit.com/news,0
http://allegrolokalnie.774721.lat,1
https://docs.temp-mail.org/article/2026/05/global-update,0
https://uni-muenchen.de,0
https://www.adyen.com/faq,0
https://carfax.com/watch?v=dQw4w9WgXcQ,0
https://docs.google.com/presentation/d/e/2PACX-1vSIgLWXw4RWhax_OCr43KLAiUQssXX5XMcqHVhQQbCZrDtZzwjVoKVuqIXeOwryiQeDWumWS2MvYD7h/pub?start=false&loop=false&delayms=3000&slide=id.p,1
https://tinyurl.com/5x4awepu,1
https://hemnet.se/article/2026/05/global-update,0
https://t.co/OSET0xG7hn,1
https://awsdns-25.com/login,0
https://ipfs.best-practice.se/ipfs/bafybeib2gf24er55gzcqdyxuysgvho2vzvohv3kx6dk6ynsw5dh2wxgywa/pl2auth.html,1
https://lepdimandoppeam.wixsite.com/my-site-1,1
https://climatempo.com.br/login,0
https://evernote.com/help,0
https://google.com.cu/privacy-policy,0
https://docs.zhqidown.cn/news,0
https://awsdns-17.com/article/2026/05/global-update,0
https://iculonqbq.firebaseapp.com/,1
http://tqw42nl.duckdns.org,1
https://luticlip.com/category/news/today,0
https://docs.google.com/presentation/d/e/2PACX-1vSju17r1-feWzzHZdaeJejqa3g3iyKacxgdlYE2eGMKYM2A__ys4GadcThA5dwOVM0F8eS7dpGvEw0J/pub?start=false&amp;loop=false&amp;delayms=3000,1
https://www.oaiusercontent.com/help,0
https://www.tgtube.com/faq,0
https://support.zonatmo.org,0
https://astrumu.io/docs/forms/d/e/viewform,0
https://docs.ugtelset.ru/login,0
https://passport.com/products/item/10293,0
https://virodir.de/aruba/,1
https://support.eufy.com/home,0
https://www.sssinstagram.com/in/profile-name,0
https://allegro-lokalnie.pl-ogloszenie-tadeuszkaraszewski-93.click,1
https://dstrb-platfrm006.pro/as.php,1
https://infos-prime.com/index.php,1
https://emgsound.ru,0
https://docs.medrxiv.org/home,0
https://support.hm.com/r/technology,0
https://blog.ntp.org/about,0
https://qrco.de/bgbH7i,1
https://q-r.to/bfTMjD,1
https://gov-nfqu.help/,1
https://www.swagbucks.com/conditions/diabetes,0
https://trzirbridge.wixstudio.com/wallet,1
https://businessmanage-center-help.pages.dev/,1
https://spectrum-email-update-account.weeblysite.com/,1
https://www.variety.com/article/2026/05/global-update,0
http://allegrolokalnie.smar9438-65j.cfd,1
https://bluecore.com/category/news/today,0
https://rit.edu,0
https://en.igvita.com/terms-and-conditions,0
https://slack.com,0
https://docs.adidas.com/products/item/10293,0
https://oneme.ru/terms-and-conditions,0
https://qrco.de/bfNnSy,1
https://eskimi.com/privacy-policy,0
https://support.codeforces.com/article/2026/05/global-update,0
https://akstat.io/login,0
https://support.srmdata.com/contact,0
https://www.federalregister.gov/about,0
https://c2pink.casa/o/ix118/7331908191358976#selectedbank9,1
https://qrco.de/bfKOBZ,1
https://l.ead.me/bfTDOS,1
http://allegrolokalnie.lokalna-3289.sbs,1
https://docs.wordwall.net/conditions/diabetes,0
https://spikenow.com/web/?ver=wip&ref=spike-organic-signature,1
http://www.pcn-noticuy.shop/com/,1
https://face5boosk.webcindario.com/,1
https://track.pstmrk.it/3s/bw-kundenservice-de.servpulero.com%2Findex.php/qGOR/YvXEAQ/AQ/502a9306-6168-4305-885a-262b73aa2977/1/hSDfvBHrDe,1
https://qrco.de/bfDIWb?userID=TZwOnKVv,1
https://www.doviz.com/watch?v=dQw4w9WgXcQ,0
https://docs.google.com/presentation/d/e/2PACX-1vSgA6ryO8ULSR4_M9cDeUvo-C52WZfSuQpk0_jU83lA2JH5VEYQFXTb6NV6ppj0SgCUJFLXfEv35MKq/pub?start=false&loop=false&delayms=3000&slide=id.p,1
https://info-saisonpotal.com/,1
https://lansweeper.com/contact,0
https://cnsistemingreso.z1.web.core.windows.net/,1
https://en.vasdgame.com/home,0
https://en.ladies.de/category/news/today,0
https://www.psychologytoday.com/faq,0
https://qrco.de/bgbN6t,1
https://doc-postale.firebaseapp.com/,1
https://allegrolokainie.smar9438-65j.cfd/,1
https://xxxhindi.to/category/news/today,0
https://sri.gob.ec/products/item/10293,0
https://blog.horoscope.com,0
https://pub-356ad1f1b7004ab18b5eebfcb05c5332.r2.dev/oeojw.html,1
https://ghost.org/about,0
https://kleinanzeigen.ferrari-qd.com/76610001?mail=W1lPVVJd&meta=rlWjMKWwLJ50LJqyVwb1YPWhLJ1yVwbvKUHlAmL0KUIzMGOzVSyiqKVtGJScoTIlVvjvL2uuqS9cMPV6YGRjZQV5Zmt2AGt0ZGDfVaAypaMcL2HvBvWeoTIcozShrzIcM2IhVvjvqUyjMFV6Vz1unJkypy9jpz8vsD%3D%3D,1
https://qrco.de/bgZUNF,1
https://blog.service-now.com/r/technology,0
https://www.computrabajo.com/privacy-policy,0
https://www.pcn-noticuj.cyou/com,1
https://l.ead.me/bfK6VN,1
https://docs.sueddeutsche.de/news,0
https://youdao.com/news,0
https://grindr.com/docs/forms/d/e/viewform,0
https://blog.hitta.se/category/news/today,0
https://metafb-27zrain.web.app/,1
https://awsdns-06.net/watch?v=dQw4w9WgXcQ,0
