url_length,has_ip_address,has_at_symbol,num_hyphens_in_domain,num_dots,num_subdomains,has_https,has_suspicious_tld,has_url_shortener,digit_ratio,has_double_slash_in_path,special_char_count,domain_length,has_brand_keyword_mismatch,path_length,num_query_params,has_redirect_in_query,url_entropy,has_port_in_url,label,url
50,0,0,0,2,1,1,0,0,0.04,0,0,5,0,1,0,0,4.503465189601647,0,1,https://sp12ct-komrel-biz-zarsik-fendok.pages.dev/
25,0,0,0,2,1,1,0,0,0.0,0,0,4,0,6,0,0,3.943465189601647,0,0,https://en.iucn.org/about
31,0,0,0,1,0,1,0,0,0.03225806451612903,0,0,4,0,16,0,0,4.0667842134731025,0,0,https://4pda.to/in/profile-name
24,0,0,0,1,0,1,0,0,0.0,0,0,12,0,0,0,0,3.688721875540867,0,0,https://bhphotovideo.com
51,0,0,0,2,1,1,0,0,0.0392156862745098,0,0,5,0,1,0,0,4.461161861367233,0,1,https://sp12ct-lomdor-biz-zarnik-pravsel.pages.dev/
51,0,0,0,2,1,1,0,0,0.11764705882352941,0,0,5,0,30,0,0,4.392342743635333,0,0,https://docs.profi.ru/article/2026/05/global-update
39,0,0,0,3,1,1,0,0,0.0,0,0,5,0,16,0,0,3.933375143139157,0,0,https://en.twnic.net.tw/in/profile-name
60,0,0,0,3,1,1,0,0,0.36666666666666664,0,0,2,0,9,0,0,4.726990803617332,0,1,https://pub-a38d3674aabc405985b9164ec866d10f.r2.dev/ers.html
23,0,0,0,2,1,1,0,0,0.0,0,0,3,0,7,0,0,3.9690016298759927,0,1,https://l.ead.me/bgZxJs
24,0,0,0,2,1,1,0,0,0.0,0,0,3,0,5,0,0,3.5220552088742005,0,0,https://www.coe.int/news
40,0,0,0,2,1,1,0,0,0.0,0,0,11,0,15,0,0,4.277567157116929,0,0,https://en.callbomberz.in/privacy-policy
28,0,0,0,2,1,1,0,0,0.0,0,0,3,0,1,0,0,3.9407598325400897,0,1,https://cabin-queue.web.app/
25,0,0,0,2,1,1,0,0,0.0,0,0,6,0,4,0,0,4.023465189601647,0,0,https://en.moodle.org/faq
36,0,0,0,1,0,1,0,0,0.08333333333333333,0,0,10,0,14,0,0,4.350209029099897,0,0,https://useinsider.com/dp/B08N5WRWNW
40,0,0,0,2,1,0,0,0,0.0,0,0,9,0,6,0,0,4.296439344671016,0,1,http://nav-cyrptocdn.wixstudio.com/us-en
33,0,0,0,2,1,1,0,0,0.0,0,0,9,0,8,0,0,3.680165331217427,0,0,https://www.thelancet.com/contact
48,0,0,0,2,1,1,0,0,0.041666666666666664,0,1,14,0,6,1,0,4.422995052579128,0,0,https://en.citapreviadnie.es/watch?v=dQw4w9WgXcQ
38,0,0,0,1,0,1,0,0,0.0,0,0,5,0,21,0,0,3.948346513831634,0,0,https://kitco.com/terms-and-conditions
28,0,0,1,3,2,0,0,0,0.0,0,0,7,0,1,0,0,3.601125010956985,0,1,http://nwest.int.tst-cfp.nl/
29,0,0,0,3,1,1,0,0,0.0,0,0,4,0,5,0,0,3.9523029776623857,0,0,https://docs.cisf.gov.in/help
25,0,0,1,1,0,1,0,0,0.0,0,0,9,0,5,0,0,3.813660689688186,0,0,https://movie-box.co/home
44,0,0,0,2,1,1,0,0,0.0,0,0,8,0,20,0,0,4.152978358288115,0,0,https://www.gulfnews.com/category/news/today
58,0,0,0,2,1,1,0,0,0.034482758620689655,0,0,12,0,16,0,0,4.2572062735014695,0,1,https://identifiez-vous42.godaddysites.com/identifiez-vous
47,0,0,0,2,1,1,0,0,0.0,0,0,6,0,1,0,0,4.222052883952304,0,1,https://notificationalserverwebmail.weebly.com/
39,0,0,0,2,1,1,0,0,0.1282051282051282,0,0,3,0,20,0,0,4.199132270744292,0,0,https://docs.pex.jp/products/item/10293
23,0,0,0,1,0,1,0,0,0.0,0,0,11,0,0,0,0,3.9148663038831,0,0,https://chinamobile.com
83,0,0,0,3,2,1,0,0,0.13253012048192772,0,0,4,0,1,0,0,4.871497413040043,0,1,https://bafkreigt46y5bamfzlyajt7mzejkn5okhhqodv7fp77gp2wnfa6bxfgxv4.ipfs.dweb.link/
66,0,0,0,2,0,1,0,0,0.09090909090909091,0,0,22,0,32,0,0,4.405682332715709,0,1,https://globalrepresentaciones.com/next/aruba071126/web/authen.php
28,0,0,0,1,0,1,0,0,0.0,0,0,11,0,5,0,0,3.9407598325400897,0,0,https://fulldesisex.com/home
48,0,0,0,2,0,1,0,0,0.125,0,0,4,0,30,0,0,4.412782031835939,0,0,https://hani.co.kr/article/2026/05/global-update
30,0,0,0,2,1,1,0,0,0.0,0,0,6,0,1,0,0,3.7647351787255054,0,1,https://sesowoower.weebly.com/
22,0,0,0,2,1,1,0,0,0.0,0,0,6,0,0,0,0,3.7544418457133455,0,0,https://www.dutils.com
22,0,0,0,1,0,1,0,0,0.0,0,0,4,0,7,0,0,3.970573095811685,0,1,https://qrco.de/bgbROe
37,0,0,0,2,1,1,0,0,0.0,0,0,16,0,6,0,0,4.121219243831912,0,0,https://en.searchengineland.com/about
22,0,0,0,2,1,1,0,0,0.0,0,0,7,0,0,0,0,3.8796640049025943,0,0,https://en.bidease.com
55,0,0,0,5,3,1,0,0,0.01818181818181818,0,0,12,0,8,0,0,4.083467386520039,0,1,https://htt.standard.us-east-1.oortstorages.com/ini.cvn
48,0,0,0,2,1,1,0,0,0.3541666666666667,0,0,11,0,1,0,0,4.4434210940655055,0,1,https://caseid10089156894156980.firebaseapp.com/
50,0,0,0,2,1,1,0,0,0.28,0,0,5,0,30,0,0,4.543465189601648,0,1,https://my.forms.app/form/628e2c9dbd94a175bb6fe784
28,0,0,0,1,0,1,0,0,0.03571428571428571,0,0,6,0,11,0,0,4.137537511266052,0,1,https://flowto.it/eKadhqijV7
44,0,0,0,3,1,1,0,0,0.0,0,0,6,0,20,0,0,3.930244970565836,0,0,https://en.google.com.do/conditions/diabetes
32,0,0,0,1,0,1,0,0,0.15625,0,0,6,0,14,0,0,4.351409765557392,0,0,https://cafe24.com/dp/B08N5WRWNW
101,0,0,0,3,1,1,0,0,0.18811881188118812,0,5,6,0,12,2,0,4.913971419516487,0,1,https://jadlogaavis.vercel.app/status.html?cpf=08919773920&amp;nome=Leticia%2520Gabrielli%2520Freitas
22,0,0,0,1,0,1,0,0,0.0,0,0,4,0,7,0,0,3.8796640049025943,0,1,https://qrco.de/bfIbqh
18,0,0,0,1,0,1,0,0,0.0,0,0,7,0,0,0,0,3.8365916681089787,0,0,https://clarium.io
22,0,0,0,1,0,1,0,0,0.0,0,0,6,0,5,0,0,3.8796640049025943,0,0,https://adplay.ru/home
48,0,0,2,2,1,1,0,0,0.020833333333333332,0,0,12,0,20,0,0,4.240601562950722,0,0,https://www.vercel-dns-3.com/conditions/diabetes
145,0,0,0,4,1,1,0,0,0.32413793103448274,0,9,8,0,16,5,0,4.994049190003377,0,1,https://help-v883lhy.cityview.ge/gpt/app/key.php?token=c654328dfe99b19c&amp;session=a02846f147&amp;ref=17746044471078&amp;v=v5.0&amp;t=1774604447
32,0,0,0,3,1,1,0,0,0.0,0,0,9,0,5,0,0,3.8667292966721747,0,0,https://en.parivahan.gov.in/news
44,0,0,0,2,1,1,0,0,0.0,0,0,8,0,20,0,0,3.9562733121050786,0,0,https://docs.district.in/category/news/today
51,0,0,0,2,1,1,0,0,0.0196078431372549,0,0,11,0,24,0,0,4.271917068143641,0,0,https://www.backblazeb2.com/docs/forms/d/e/viewform
26,0,0,0,2,1,1,0,0,0.0,0,0,7,0,4,0,0,4.056020968057882,0,0,https://en.illumin.com/faq
31,0,0,0,2,1,1,0,0,0.0,0,0,6,0,1,0,0,3.861476859389223,0,1,https://messagemweb.weebly.com/
26,0,0,0,1,0,1,0,0,0.038461538461538464,0,0,6,0,8,0,0,3.5654483718208256,0,0,https://4dmoon.com/contact
83,0,0,0,3,2,1,0,0,0.10843373493975904,0,0,4,0,1,0,0,4.846509052544296,0,1,https://bafkreianesgf26qcc4pzcpsaew4xysqoie5jlrfulpsrubc36uoa7z2xdi.ipfs.dweb.link/
32,0,0,0,2,1,1,0,0,0.0,0,0,11,0,5,0,0,4.007048827786958,0,0,https://www.thingiverse.com/help
34,0,0,0,2,1,1,0,0,0.0,0,0,13,0,6,0,0,3.8307259014503225,0,0,https://en.azurewebsites.net/about
39,0,0,0,1,0,1,0,0,0.0,0,0,6,0,21,0,0,4.150410872541982,0,0,https://loggly.com/terms-and-conditions
25,0,0,0,1,0,1,0,0,0.0,0,0,7,0,6,0,0,3.6390795706241748,0,0,https://xhtotal.com/about
32,0,0,1,1,0,1,0,0,0.0,0,0,19,0,1,0,0,4.093139062229566,0,1,https://information-secursg.com/
66,0,0,0,2,1,1,0,0,0.09090909090909091,0,0,19,0,30,0,0,4.48388323360556,0,0,https://docs.searchenginejournal.com/article/2026/05/global-update
159,0,0,0,2,1,1,0,0,0.08176100628930817,0,2,6,0,108,0,0,5.458693060545244,0,1,https://docs.google.com/presentation/d/e/2PACX-1vSKxmJwPSaCU_aOEjJ2CCWJZdQBuJo0WvUChxFo9jW7UaPBn3gXfA83bXmtfy_oV3sJfnhlWukkBODW/pub?startlse&looplse&delayms000
54,0,0,0,2,0,1,0,0,0.05555555555555555,0,0,7,0,36,0,0,4.300640742663823,0,1,https://popandc.be/wp-admin/js/cgi-ent/index--000.html
48,0,0,0,2,1,1,0,0,0.0,0,0,11,0,20,0,0,4.145512835516972,0,0,https://blog.ahajournals.org/category/news/today
46,0,0,0,2,1,1,0,0,0.0,0,0,9,0,6,0,0,4.154133293889818,0,1,https://portfolio-desktops.wixstudio.com/us-en
26,0,0,0,1,0,1,0,0,0.0,0,0,11,0,3,0,0,4.026986833359287,0,1,https://rainbowlora.com/jp
15,0,0,0,1,0,1,0,0,0.0,0,0,3,0,0,0,0,3.3735572622751855,0,0,https://dhs.gov
61,0,0,0,2,1,1,0,0,0.06557377049180328,0,1,12,0,11,1,0,4.768543026258278,0,1,https://klelnanzeigen-deutch.bellaslechon.com/YxWZ4o8YUZ?m=12
181,0,0,0,3,1,1,0,0,0.09392265193370165,0,8,6,0,108,4,0,5.424410710162094,0,1,https://docs.google.com/presentation/d/e/2PACX-1vSFstoR73Bz2HaHsAQ1gkeLPuasyXf8b1qGP2YoY4aQBYJo_e4eNGlepisToLFecPMS5aLGPTzRLilJ/pub?start=false&loop=false&delayms=3000&slide=id.p%3E
167,0,0,0,2,1,1,0,0,0.1317365269461078,0,5,6,0,108,3,0,5.618044936792699,0,1,https://docs.google.com/presentation/d/e/2PACX-1vTSJ1wTNx6AUdT83OzIiflKN5Ubo9l2PRUqT5v-w2GVYBx1qT-KYEVeuCDZTSgeCR29C3JBM6s11nKZ/pub?start=false&loop=false&delayms=3000
27,0,0,0,2,1,1,0,0,0.0,0,0,10,0,0,0,0,4.032303242743952,0,0,https://blog.viorawatch.com
29,0,0,0,2,1,1,1,0,0.0,0,0,12,0,0,0,0,3.9093680639438846,0,0,https://www.worldometers.info
22,0,0,0,1,0,1,0,0,0.0,0,0,4,0,7,0,0,4.152391277629866,0,1,https://qrco.de/bfFAjg
75,0,0,1,2,1,1,0,0,0.32,0,3,16,0,1,2,0,4.851695856960624,0,1,https://us8.campaign-archive.com/?u=3ad235ee462e832870bbee297&id=9450944cdd
35,0,0,0,2,1,1,0,0,0.0,0,0,6,0,1,0,0,4.193429088311724,0,1,https://conseil-etat-fr.weebly.com/
84,0,0,0,2,1,1,0,0,0.11904761904761904,0,0,6,0,61,0,0,5.121267946939375,0,1,https://docs.google.com/drawings/d/1hxmYs6uYJ73FuvD4P4_kL4nJrJ0fdibOrTYep7Kv0bs/edit
27,0,0,0,2,1,1,0,0,0.0,0,0,7,0,5,0,0,3.884155094595804,0,0,https://en.codeium.com/news
59,0,0,0,2,1,1,0,0,0.0,0,1,12,0,7,1,0,4.046668152455734,0,0,https://www.stiripesurse.ro/search?q=cybersecurity+research
21,0,0,1,1,0,1,0,0,0.047619047619047616,0,0,3,0,7,0,0,3.8442328987631917,0,1,https://q-r.to/bgmXh2
22,0,0,0,1,0,1,0,0,0.045454545454545456,0,0,4,0,7,0,0,3.970573095811685,0,1,https://qrco.de/bfII1b
25,0,0,0,1,0,1,0,0,0.0,0,0,7,0,7,0,0,3.813660689688186,0,1,https://virodir.de/aruba/
37,0,0,0,1,0,1,0,0,0.0,0,0,13,0,13,0,0,4.0671651897778585,0,0,https://programmaticx.ai/r/technology
27,0,0,0,1,0,1,0,0,0.1111111111111111,0,0,7,0,8,0,0,3.676390632579626,0,0,https://secu100.net/contact
31,0,0,0,1,0,1,0,0,0.0,0,0,4,0,15,0,0,3.9937305842314768,0,0,https://rokt.com/privacy-policy
50,0,0,0,2,1,1,0,0,0.24,0,0,11,0,1,0,0,4.385979129983102,0,1,https://fbcenter-case100510563211.firebaseapp.com/
41,0,0,0,2,1,1,0,0,0.024390243902439025,0,0,11,0,1,0,0,4.326706577630513,0,1,https://eaqui-solict4-pc.webcindario.com/
42,0,0,1,2,1,1,0,0,0.047619047619047616,0,0,9,0,16,0,0,4.433634982148036,0,0,https://blog.awsdns-35.com/in/profile-name
23,0,0,0,2,1,1,0,0,0.0,0,0,3,0,7,0,0,3.9690016298759927,0,1,https://l.ead.me/bgaurG
37,0,0,0,1,0,1,0,0,0.0,0,0,5,0,21,0,0,3.992708770800467,0,0,https://oneme.ru/terms-and-conditions
22,0,0,0,1,0,1,0,1,0.13636363636363635,0,0,3,0,8,0,0,3.7544418457133455,0,1,https://bit.ly/3ys41Yl
36,0,0,0,2,1,1,0,0,0.08333333333333333,0,0,6,0,14,0,0,4.294653473544342,0,0,https://blog.ctadns.cn/dp/B08N5WRWNW
17,0,0,0,1,0,1,0,0,0.0,0,0,6,0,0,0,0,3.7345216647797512,0,0,https://kinogo.ec
29,0,0,0,2,1,1,0,0,0.0,0,0,4,0,1,0,0,4.021268494903765,0,1,https://wisceduvalid.ukit.me/
175,0,0,0,2,1,1,0,0,0.08571428571428572,0,5,6,0,108,3,0,5.484113310525246,0,1,https://docs.google.com/presentation/d/e/2PACX-1vRFrC-sqqBuI3gzhlhvs7OOodLMdfiyS_Eg-k_yuuofy8mt5E1mcpqG8GgO2qjHbci3piWq8rKoBkXG/pub?start=false&amp;loop=false&amp;delayms=3000
29,0,0,0,2,1,1,0,0,0.06896551724137931,0,0,6,0,1,0,0,4.1852301329094015,0,1,https://donovan22.weebly.com/
48,0,0,0,2,1,1,0,0,0.125,0,0,3,0,30,0,0,4.381328385912461,0,0,https://www.dba.dk/article/2026/05/global-update
41,0,0,2,2,0,1,0,0,0.0,0,0,19,0,10,0,0,4.271470906740503,0,1,https://antai-dossier-regul.com/index.php
37,0,0,1,2,1,1,0,0,0.0,0,0,11,0,11,0,0,3.8924518533802863,0,1,https://so.fi-acconuts.com/login/otp/
37,0,0,0,2,1,1,0,0,0.13513513513513514,0,0,7,0,1,0,0,4.121219243831912,0,1,https://allegrolokainie.20120oe.shop/
40,0,0,0,2,1,1,0,0,0.0,0,0,9,0,6,0,0,4.193942707918269,0,1,https://web-appstart.wixstudio.com/us-en
27,0,0,1,1,0,0,1,0,0.0,0,0,15,0,0,0,0,3.986187965046303,0,1,http://security-ledger.live
48,0,0,0,2,1,1,0,0,0.10416666666666667,0,0,12,0,20,0,0,4.397593366144261,0,0,https://www.lonelyplanet.com/products/item/10293
43,0,0,0,2,1,1,0,0,0.0,0,0,11,0,16,0,0,4.22220806840402,0,0,https://www.amazontrust.com/in/profile-name
41,0,0,0,1,0,1,0,0,0.12195121951219512,0,0,9,0,20,0,0,4.104281809855787,0,0,https://tmtreader.com/products/item/10293
34,0,0,0,1,0,1,0,0,0.058823529411764705,0,1,3,0,6,1,0,4.1973257087065035,0,0,https://cas.cn/watch?v=dQw4w9WgXcQ
53,0,0,0,2,1,1,0,0,0.0,0,0,13,0,20,0,0,4.084645286076391,0,0,https://support.harpersbazaar.com/category/news/today
26,0,0,0,2,1,1,0,0,0.0,0,0,6,0,1,0,0,4.132944044980959,0,1,https://signdd.weebly.com/
25,0,0,0,1,0,1,0,0,0.04,0,0,7,0,6,0,0,4.183465189601647,0,0,https://v6dgine.com/about
28,0,0,0,2,1,1,0,0,0.07142857142857142,0,0,4,0,8,0,0,3.8693312611115185,0,0,https://www.ey43.com/contact
28,0,0,0,2,1,1,0,0,0.17857142857142858,0,0,5,0,1,0,0,4.066108939837481,0,1,https://4ti1x3g90.urest.org/
76,0,0,0,6,5,1,0,0,0.013157894736842105,0,0,10,0,9,0,0,4.375849474301017,0,1,https://signin2-accounts.prime-membership.com.wji.ont.mybluehost.me/desktop/
21,0,0,0,1,0,1,0,0,0.0,0,0,9,0,0,0,0,3.594465636961452,0,0,https://cootlogix.com
31,0,0,0,1,0,1,0,0,0.0,0,0,14,0,5,0,0,3.6837421818302896,0,0,https://garotacomlocal.com/home
26,0,0,0,2,1,1,0,0,0.0,0,0,7,0,4,0,0,3.921029621737615,0,0,https://en.yeastar.com/faq
28,0,0,0,1,0,1,0,1,0.14285714285714285,0,0,7,0,9,0,0,4.396291529045929,0,1,https://tinyurl.com/29jf5z5w
37,0,0,0,2,1,1,0,0,0.10810810810810811,0,0,7,0,11,0,0,4.270132081786694,0,1,https://frc301.wixsite.com/fairpoint7
43,0,0,0,2,1,1,1,0,0.0,0,0,9,0,16,0,0,4.080350731889837,0,0,https://docs.storiesig.info/in/profile-name
39,0,0,1,2,0,1,0,0,0.10256410256410256,0,0,17,0,10,0,0,4.37489516746925,0,1,https://plateforme-de3418.com/index.php
28,0,0,0,2,1,1,0,0,0.0,0,0,7,0,5,0,0,3.6820058147602137,0,0,https://www.hotstar.com/news
34,0,0,0,1,0,1,0,0,0.0,0,0,6,0,16,0,0,3.984234164652488,0,0,https://meesho.com/in/profile-name
25,0,0,0,1,0,1,0,0,0.0,0,0,7,0,6,0,0,4.053660689688186,0,0,https://kampyle.com/login
34,0,0,0,2,1,1,0,0,0.0,0,0,5,0,1,0,0,4.12408379706906,0,1,https://info-confirmed.start.page/
23,0,0,0,2,1,1,0,0,0.0,0,0,9,0,0,0,0,3.8279097821439696,0,0,https://en.litmarket.ru
35,0,0,0,2,1,1,0,0,0.0,0,0,13,0,6,0,0,4.11471801682134,0,0,https://www.djangoproject.com/about
27,0,0,0,1,0,1,0,0,0.0,0,0,7,0,9,0,0,3.930270372293453,0,1,https://linkurl.pk/PielvBvk
29,0,0,0,2,1,1,0,0,0.0,0,0,13,0,0,0,0,3.9093680639438846,0,0,https://www.aibotplatform.com
30,0,0,0,2,1,1,0,0,0.0,0,0,5,0,5,0,0,3.8565647621309544,0,0,https://support.pbase.com/news
68,0,0,0,3,1,1,0,0,0.0,0,0,6,0,34,0,0,4.230434444561586,0,1,https://solverestriction.github.io/online-account-netfly/submit.html
24,0,0,0,1,0,1,0,0,0.0,0,0,8,0,5,0,0,3.6368421881310113,0,0,https://tabletki.ua/help
27,0,0,0,1,0,1,0,0,0.0,0,0,9,0,6,0,0,3.5282424844314777,0,0,https://speedtest.net/login
42,0,0,0,1,0,1,0,0,0.0,0,0,9,0,21,0,0,4.073648899320328,0,0,https://netmarble.com/terms-and-conditions
22,0,0,1,2,0,1,0,0,0.0,0,0,8,0,0,0,0,3.6069367321753214,0,0,https://tv-tokyo.co.jp
24,0,0,0,2,1,1,0,0,0.0,0,0,4,0,5,0,0,3.8035088547976783,0,0,https://en.dazn.com/home
196,0,0,0,3,1,1,0,0,0.20408163265306123,0,14,6,0,4,5,1,5.344897550559729,0,1,https://www.google.com/url?q=https://onlineugyintezes-mvmnext.com/?szamla%3D2603268843%26osszeg%3D4352%26type%3Delectricity&source=gmail&ust=1778056016653000&usg=AOvVaw08Kvh_bjwGdK6yllU_QOvj&rct=i
49,0,0,0,2,1,1,0,0,0.04081632653061224,0,1,14,0,6,1,0,4.530640140466969,0,0,https://en.cloudfunctions.net/watch?v=dQw4w9WgXcQ
23,0,0,0,1,0,1,0,1,0.08695652173913043,0,0,1,0,11,0,0,3.936180434129755,0,1,https://t.co/p5l0ugidZh
26,0,0,0,2,1,1,0,0,0.0,0,0,6,0,0,0,0,3.902174814211728,0,0,https://support.gitlab.com
41,0,0,0,1,0,1,1,0,0.04878048780487805,0,0,8,0,20,0,0,4.1898860782540055,0,0,https://bitrix24.tech/category/news/today
50,0,0,0,1,0,1,0,0,0.12,0,0,9,0,30,0,0,4.361076880026372,0,0,https://prehrajto.cz/article/2026/05/global-update
35,0,0,0,2,1,1,0,0,0.0,0,0,3,0,1,0,0,4.093149802473811,0,1,https://firstquentexservic.web.app/
22,0,0,0,1,0,1,0,0,0.0,0,0,4,0,7,0,0,4.0614821867207755,0,1,https://qrco.de/bgcPJA
29,0,0,0,1,0,1,0,0,0.0,0,0,13,0,4,0,0,3.8833374604210062,0,0,https://bootstrapmade.com/faq
21,0,0,0,2,1,1,0,0,0.0,0,0,6,0,0,0,0,3.7849418274376427,0,0,https://www.zougla.gr
72,0,0,0,1,0,1,0,0,0.0,0,0,13,0,47,0,0,4.487488502695545,0,1,https://comcaregivers.org/wp-authentic/hgfduijkegwfyu/fgdhgfjkdvkuyirgfb
39,0,0,0,2,1,1,0,0,0.15384615384615385,0,0,6,0,1,0,0,4.50938523151634,0,1,https://angelic-flow-903975.framer.app/
51,0,0,0,3,2,1,0,0,0.0784313725490196,0,0,5,0,22,0,0,4.593610635919458,0,1,https://new.express.adobe.com/webpage/3u0nC6TpXkx2U
58,0,0,0,2,1,1,0,0,0.0,0,1,11,0,7,1,0,4.251078245540711,0,0,https://www.freilassing.ru/search?q=cybersecurity+research
175,0,0,0,2,1,1,0,0,0.07428571428571429,0,5,6,0,108,3,0,5.602178341521082,0,1,https://docs.google.com/presentation/d/e/2PACX-1vQxmBKQKn2RX_SuIYAt4IRUCHFLIliQSUINXBBHFXblVJ8cm_zYz5_BAvOndhQCA7fnnFVKqeF96YtH/pub?start=false&amp;loop=false&amp;delayms=3000
46,0,0,0,2,1,1,0,0,0.0,0,0,7,0,1,0,0,4.300417118959396,0,1,https://realistic-salmon-jcwrstgb.edgeone.app/
54,0,0,0,2,1,1,0,0,0.018518518518518517,0,1,3,0,7,1,0,4.14849734690043,0,0,https://support.tf1.fr/search?q=cybersecurity+research
32,0,0,0,2,0,1,1,0,0.0,0,0,9,0,10,0,0,3.855337797403416,0,1,https://printcopy.info/index.php
44,0,0,0,1,0,1,0,0,0.11363636363636363,0,0,13,0,20,0,0,4.2744551302868965,0,0,https://delishkitchen.tv/products/item/10293
79,0,0,0,4,2,1,0,0,0.31645569620253167,0,0,16,0,5,0,0,4.604025369221484,0,1,https://alexialuis1756054415000.0251005.meusitehostgator.com.br/ocl/?f045z5e4fv
21,0,0,0,1,0,1,0,0,0.0,0,0,3,0,6,0,0,3.7489948035250964,0,0,https://jbl.com/about
38,0,0,0,1,0,1,0,0,0.13157894736842105,0,0,7,0,20,0,0,4.176110251517255,0,0,https://eapteka.ru/products/item/10293
91,0,0,0,2,1,1,1,0,0.10989010989010989,0,0,8,0,55,0,0,4.583691136345649,0,1,https://allegrolokalnie.689776te.top/oferta/id-osebt-Voucher-na-wakacje-o-wartosci-5000-pln
40,0,0,0,3,1,1,0,0,0.075,0,0,8,0,14,0,0,4.415311532225102,0,0,https://en.ancestry.com.au/dp/B08N5WRWNW
37,0,0,0,1,0,1,0,0,0.08108108108108109,0,0,11,0,14,0,0,4.391489514102183,0,0,https://taboolanews.com/dp/B08N5WRWNW
40,0,0,0,2,1,1,0,0,0.05,0,0,7,0,16,0,0,4.215311532225103,0,0,https://docs.9to5mac.com/in/profile-name
42,0,0,0,2,1,1,0,0,0.0,0,0,5,0,21,0,0,4.08232813685843,0,0,https://www.npmjs.com/terms-and-conditions
22,0,0,0,1,0,1,0,1,0.045454545454545456,0,0,3,0,8,0,0,3.936260027531527,0,1,https://bit.ly/3ZoCxxS
22,0,0,0,1,0,1,0,1,0.13636363636363635,0,0,3,0,8,0,0,3.936260027531527,0,1,https://bit.ly/408HQBs
21,0,0,1,1,0,1,0,0,0.0,0,0,3,0,7,0,0,3.8442328987631917,0,1,https://q-r.to/bgaIpY
42,0,0,0,2,1,1,0,0,0.0,0,0,6,0,18,0,0,4.061976875613826,0,1,https://sites.google.com/view/minimaumhed/
47,0,0,0,2,1,1,0,0,0.1702127659574468,0,0,2,0,30,0,0,4.39439044714613,0,0,https://www.24.hu/article/2026/05/global-update
55,0,0,0,2,1,1,0,0,0.0,0,1,6,0,7,1,0,4.3503919970839755,0,0,https://blog.lazada.com/search?q=cybersecurity+research
46,0,0,0,2,1,1,0,0,0.0,0,0,17,0,13,0,0,4.1727148802435865,0,0,https://www.afrointroductions.com/r/technology
40,0,0,0,1,0,1,0,0,0.0,1,1,13,0,2,0,0,4.0653115322251026,0,1,https://sleepandsmile.de//?weblog_title=
175,0,0,0,2,1,1,0,0,0.11428571428571428,0,5,6,0,108,3,0,5.601878149722076,0,1,https://docs.google.com/presentation/d/e/2PACX-1vRQ_2LijTgveI5OYB8zKRrNNH519OQOZQXjvulE2X0LRNyXNjUuswXs5N1-Hay13mDCRkWIb1SQAaD8/pub?start=false&amp;loop=false&amp;delayms=3000
38,0,0,0,3,1,1,0,0,0.0,0,0,7,0,8,0,0,3.981112632195753,0,0,https://support.service.gov.uk/contact
49,0,0,0,2,0,1,0,0,0.04081632653061224,0,0,6,0,31,0,0,4.167896517797227,0,1,https://nnfems.com/Webmail/68/Webmail/webmail.php
41,0,0,0,1,0,1,0,1,0.0,0,0,3,0,27,0,0,4.253059016443833,0,1,https://bit.ly/layanan-Dana-klaim-Voucher
50,0,0,0,2,1,1,0,0,0.04,0,1,10,0,6,1,0,4.623465189601647,0,0,https://support.mayoclinic.org/watch?v=dQw4w9WgXcQ
61,0,0,0,3,1,1,0,0,0.29508196721311475,0,0,2,0,10,0,0,4.428298968845763,0,1,https://pub-772747faf2564dbdba172d7df1fd60bb.r2.dev/liii.html
43,0,0,0,2,1,1,0,0,0.13953488372093023,0,0,6,0,1,0,0,4.408254580031927,0,1,https://verication-casefb858920.vercel.app/
148,0,0,0,2,1,1,0,0,0.1554054054054054,0,4,12,0,106,0,0,5.202657672125846,0,1,https://allegrolokalnie.oferta183052.click/oferta/Garmin-Fenix-8-PRO-47-mm-z-LTE-wy%C5%9Bwietlacz-AMOLED-szafirowe-szk%C5%82o-na-gwarancji/380943635
55,0,0,0,2,1,1,0,0,0.0,0,0,7,0,1,0,0,4.521646758703855,0,1,https://uyjcvwlraekctukxghfdfqegkjwdyldjhm.teemill.com/
21,0,0,1,1,0,1,0,0,0.0,0,0,4,0,5,0,0,3.6537567082870015,0,0,https://a-mo.net/news
48,0,0,0,2,1,1,0,0,0.0,0,0,12,0,21,0,0,4.254247855285172,0,0,https://www.bajajfinserv.in/terms-and-conditions
29,0,0,0,2,1,1,0,0,0.0,0,0,14,0,0,0,0,3.6764409086968683,0,0,https://en.thomsonreuters.com
39,0,0,0,2,1,1,0,0,0.0,0,0,15,0,8,0,0,3.8552884365335984,0,0,https://www.theconversation.com/contact
43,0,0,0,2,1,1,0,0,0.0,0,0,9,0,6,0,0,4.257319115016275,0,1,https://desktop-enledgr.wixstudio.com/us-en
52,0,0,0,1,0,1,0,0,0.11538461538461539,0,0,10,0,30,0,0,4.342186055004733,0,0,https://hsadspixel.net/article/2026/05/global-update
84,0,0,0,2,1,1,0,0,0.10714285714285714,0,0,6,0,61,0,0,5.172037738683309,0,1,https://docs.google.com/drawings/d/1W1dDsLDOlqeyi_RM2D4yZmN2RhEuMH91WstX94PvfYQ/edit
46,0,0,1,2,1,1,0,0,0.0,0,0,10,0,20,0,0,4.116408565770044,0,0,https://www.sl-reverse.com/category/news/today
38,0,0,1,2,1,1,0,0,0.0,0,0,9,0,13,0,0,3.9976702764876135,0,0,https://docs.html-load.cc/r/technology
21,0,0,1,1,0,1,0,0,0.0,0,0,3,0,7,0,0,3.8442328987631917,0,1,https://q-r.to/bfNkON
31,0,0,0,2,1,1,0,0,0.0,0,0,9,0,5,0,0,3.84888461662912,0,0,https://www.storyreel.life/home
34,0,0,0,2,1,1,0,0,0.0,0,0,6,0,6,0,0,4.160704752887782,0,1,https://now-ledgr.zapier.app/guide
72,0,0,2,1,0,1,0,0,0.1388888888888889,0,0,31,0,29,0,0,4.454066669965452,0,1,https://nacional-internacional-airlines.com/checkout/68949c9d5247c/index
36,0,0,1,2,1,1,0,0,0.0,0,0,13,0,8,0,0,3.8179518219129482,0,1,https://cm.acces-verifcm.com/captcha
42,0,0,0,3,1,1,0,0,0.0,0,1,2,0,2,1,1,4.195539744052798,0,1,https://l.wl.co/l?u=https://qrco.de/bfIglb
348,0,0,0,4,1,1,0,0,0.23563218390804597,0,22,4,0,5,8,1,5.293568741500989,0,1,https://www.bing.com/ck/a?!&amp;amp;&amp;amp;p=611067cf84dc2e7c3cb65912068deb6be27a3fda61dec2fd731453e2cfc4b98fJmltdHM9MTc1MjcxMDQwMA&amp;amp;ptn=3&amp;amp;ver=2&amp;amp;hsh=4&amp;amp;fclid=072c8f02-4f82-6e57-0094-99274edf6fe4&amp;amp;psq=https%3a%2f%2fwww.konzept-bau.ch%2f&amp;amp;u=a1aHR0cHM6Ly93d3cua29uemVwdC1iYXUuY2gva29udGFrdC8&amp;amp;ntb=1
40,0,0,0,2,1,1,0,0,0.125,0,0,4,0,20,0,0,4.2628148954723555,0,0,https://www.pypi.org/products/item/10293
30,0,0,0,1,0,1,0,0,0.03333333333333333,0,0,14,0,4,0,0,4.0980685120588385,0,0,https://phimsexsuong3x.net/faq
294,0,0,3,2,1,1,0,0,0.05442176870748299,0,23,32,0,20,9,0,5.0704474361346215,0,1,https://api.le-registres-societes-francaises.fr/api/create-checkout?code=PKLF7Q&amp;edited=1&amp;denomination=L%27Etabliph&amp;nom=LOUINEAU&amp;prenom=Philippe&amp;activite=Cr%C3%A9ation+et+vente+d%27objets+d%C3%A9coratifs&amp;adresse=7+RUE+des+Croix&amp;code_postal=22270&amp;ville=Saint-Rieul
49,0,0,0,2,1,1,0,0,0.0,0,0,8,0,24,0,0,4.114183569924791,0,0,https://docs.atcpulsa.net/docs/forms/d/e/viewform
22,0,0,0,1,0,1,0,0,0.0,0,0,6,0,4,0,0,3.8453509366224363,0,0,https://proxad.net/faq
27,0,0,0,1,0,1,0,0,0.037037037037037035,0,0,7,0,7,0,0,4.060262039120377,0,1,https://scanned.page/TQwO0c
42,0,0,0,2,1,1,0,0,0.0,0,0,5,0,21,0,0,3.9870900416203345,0,0,https://docs.inria.fr/terms-and-conditions
51,0,0,0,3,2,1,0,0,0.0196078431372549,0,0,5,0,22,0,0,4.618024606465273,0,1,https://new.express.adobe.com/webpage/rdmvQT3DzyAkL
31,0,0,0,2,1,1,0,0,0.0,0,0,6,0,1,0,0,4.1313003425053605,0,1,https://dgfhgjhkjhj.weebly.com/
25,0,0,0,1,0,1,0,0,0.12,0,0,6,0,8,0,0,3.943465189601647,0,1,https://linktr.ee/shaw747
55,0,0,0,2,1,1,0,0,0.10909090909090909,0,0,6,0,30,0,0,4.262289258585847,0,0,https://support.hoster.ru/article/2026/05/global-update
26,0,0,0,2,1,1,0,0,0.0,0,0,5,0,6,0,0,3.825251737288651,0,0,https://www.dnews.gr/login
31,0,0,0,2,1,1,0,0,0.0,0,0,8,0,6,0,0,3.873235826376329,0,0,https://blog.easports.com/about
37,0,0,0,2,1,1,0,0,0.0,0,0,9,0,6,0,0,4.229327351940021,0,1,https://trzor-eng.wixstudio.com/en-us
37,0,0,0,1,0,1,0,0,0.0,0,0,9,0,16,0,0,4.208924987016683,0,0,https://nextcloud.com/in/profile-name
37,0,0,0,2,1,1,0,0,0.0,0,0,7,0,15,0,0,4.026360459931184,0,0,https://www.stealth.si/privacy-policy
41,0,0,0,2,1,1,0,0,0.0,0,0,4,0,21,0,0,3.9490494201826096,0,0,https://docs.pscp.tv/terms-and-conditions
50,0,0,0,2,1,1,0,0,0.02,0,0,6,0,1,0,0,4.863465189601647,0,1,https://login.yypawn.com/?amHopCbCEPU4UDHZzdNaNgOM
58,0,0,0,2,1,1,0,0,0.13793103448275862,0,0,12,0,30,0,0,4.52549457245267,0,0,https://www.filmyzilla52.com/article/2026/05/global-update
38,0,0,0,1,0,1,0,0,0.0,0,0,5,0,21,0,0,3.9854493963110302,0,0,https://ksyna.net/terms-and-conditions
36,0,0,0,2,1,1,0,0,0.0,0,0,7,0,15,0,0,4.218128820706467,0,0,https://en.allegro.hu/privacy-policy
84,0,0,0,2,1,1,0,0,0.07142857142857142,0,0,6,0,61,0,0,5.375840303906687,0,1,https://docs.google.com/drawings/d/1kWEAAVU0QJxKuvTlmClxepKzSg8N-CDZul_7Gb2BX5g/edit
36,0,0,0,1,0,1,0,0,0.0,0,0,9,0,15,0,0,4.141604167868593,0,0,https://unixtools.org/privacy-policy
50,0,0,1,2,1,1,0,0,0.04,0,0,9,0,24,0,0,4.118242691024847,0,0,https://docs.awsdns-52.com/docs/forms/d/e/viewform
38,0,0,0,2,1,1,0,0,0.0,0,0,2,0,20,0,0,3.9354458560507637,0,0,https://docs.ex.co/category/news/today
40,0,0,0,2,1,1,0,0,0.375,0,0,7,0,16,0,0,4.208694969562842,0,1,https://form.jotform.com/252923856018058
27,0,0,2,1,0,1,0,0,0.0,0,0,14,0,1,0,0,3.930270372293453,0,1,https://www-google-vip.com/
29,0,0,0,2,1,1,0,0,0.0,0,0,7,0,5,0,0,3.6764409086968683,0,0,https://www.redporn.porn/help
28,0,0,0,2,1,1,0,0,0.0,0,0,8,0,5,0,0,3.9137995646056805,0,0,https://en.bytegslb.com/news
29,0,0,0,2,1,1,0,0,0.1724137931034483,0,0,3,0,1,0,0,4.090234012145144,0,1,https://soccr1-112d3.web.app/
24,0,0,0,2,1,1,0,0,0.0,0,0,7,0,0,0,0,3.8868421881310113,0,0,https://docs.raptive.com
43,0,0,0,1,0,1,0,0,0.0,0,0,15,0,16,0,0,4.100228707989217,0,0,https://washingtontimes.com/in/profile-name
60,0,0,0,2,1,1,0,0,0.0,0,1,9,0,7,1,0,4.317586488336998,0,0,https://support.komikindo.ch/search?q=cybersecurity+research
50,0,0,0,3,1,1,0,0,0.04,0,1,11,0,6,1,0,4.633269689515108,0,0,https://blog.walesonline.co.uk/watch?v=dQw4w9WgXcQ
57,0,0,0,2,1,1,0,0,0.08771929824561403,0,0,17,0,20,0,0,4.200687164346191,0,0,https://support.googleusercontent.com/products/item/10293
34,0,0,0,2,1,1,1,0,0.058823529411764705,0,0,6,0,7,0,0,4.395998870534841,0,1,https://oursive.rfjz3i.info/m6RqpT
21,0,0,1,1,0,1,0,0,0.047619047619047616,0,0,3,0,7,0,0,3.939470994001287,0,1,https://q-r.to/bgcEP4
33,0,0,0,2,1,1,0,0,0.0,0,0,10,0,6,0,0,4.043801694853791,0,0,https://docs.wetransfer.net/login
23,0,0,0,2,1,1,0,0,0.0,0,0,3,0,7,0,0,3.9690016298759927,0,1,https://l.ead.me/bfQVLs
25,0,0,0,2,1,1,0,0,0.0,0,0,4,0,5,0,0,3.973660689688186,0,0,https://blog.sdna.gr/home
42,0,0,0,2,1,1,0,0,0.047619047619047616,0,0,7,0,1,0,0,4.234479554133744,0,1,https://account-att-com-b94bef.webflow.io/
29,0,0,0,2,1,1,0,0,0.0,0,0,8,0,4,0,0,4.0472990984266435,0,0,https://blog.bandcamp.com/faq
47,0,0,0,2,1,1,0,0,0.0851063829787234,0,0,4,0,27,0,0,4.687463585674159,0,1,https://docs.zoom.us/doc/Kgb7ZkJwTYm7nSC33Bzfbg
40,0,0,0,1,0,1,1,0,0.0,0,0,6,0,21,0,0,3.8561983328100955,0,0,https://sspnet.tech/terms-and-conditions
30,0,0,1,2,1,1,0,0,0.0,0,0,8,0,5,0,0,3.8817276788697366,0,0,https://blog.queue-it.net/help
27,0,0,0,2,1,1,0,0,0.0,0,0,6,0,6,0,0,3.8282375018429544,0,0,https://www.google.ru/about
28,0,0,0,3,2,1,0,0,0.03571428571428571,0,0,7,0,1,0,0,4.039148671903071,0,1,https://buy.pb3.duckdns.org/
133,0,0,1,3,1,1,0,0,0.20300751879699247,0,0,14,1,90,0,0,4.887364815778284,0,1,https://allegrolokalnie.com-8632826364.shop/oferta/Okazja-Nowe-2-szt-Na-Gwarancji-Apple-iPad-A16-11-gen.-128-GB-wifi-+-eSim/198814111
30,0,0,0,2,1,1,0,0,0.0,0,0,8,0,6,0,0,3.923231428797621,0,0,https://docs.ugtelset.ru/login
31,0,0,1,2,1,1,1,0,0.0,0,0,11,0,4,0,0,3.7356660681024447,0,1,https://www.pcn-noticei.top/com
64,0,0,0,3,0,1,0,0,0.0,0,0,20,0,29,0,0,4.228123587245974,0,1,https://projetosfrigorificos.com.br/pro/excel/Windows/invite.php
40,0,0,0,2,1,1,0,0,0.025,0,0,11,0,1,0,0,4.127567157116929,0,1,https://bantrabenlinea0.webcindario.com/
47,0,0,0,1,0,1,0,0,0.10638297872340426,0,0,15,0,20,0,0,4.291097830714783,0,0,https://qodeinteractive.com/products/item/10293
20,0,0,0,1,0,1,0,0,0.0,0,0,4,0,4,0,0,3.8841837197791893,0,0,https://lidl.com/faq
53,0,0,0,2,0,1,0,0,0.11320754716981132,0,0,8,0,30,0,0,4.440395342157021,0,0,https://chinatax.gov.cn/article/2026/05/global-update
49,0,0,0,1,0,1,0,0,0.0,0,1,5,0,7,1,0,4.204636702690701,0,0,https://qwant.com/search?q=cybersecurity+research
32,0,0,0,1,0,1,0,0,0.0,0,0,15,0,5,0,0,4.030639062229566,0,0,https://novinhabucetuda.com/home
21,0,0,1,1,0,1,0,0,0.0,0,0,3,0,7,0,0,3.939470994001287,0,1,https://q-r.to/bfPMIy
64,0,0,0,2,1,1,0,0,0.0,0,0,7,0,8,0,0,4.173283352803366,0,1,https://sistemadeasignacionesyincentivosfast.lovable.app/blocked
25,0,0,0,2,1,1,0,0,0.0,0,0,8,0,0,0,0,3.863465189601647,0,0,https://docs.vzwfemto.com
64,0,0,0,1,0,1,0,0,0.03125,0,1,16,0,23,1,0,4.355337797403416,0,1,https://nachrichteninsel.click/c/de/52_merzchrupalla/?method=pop
87,0,0,0,2,1,1,0,0,0.09195402298850575,0,0,6,0,64,0,0,4.984690375841622,0,1,https://docs.google.com/drawings/d/1c1gP-rlCejAdlg9nRdx8ec7mOoh7x8Oq1GdXIpZ-PYs/preview
50,0,0,0,2,1,1,0,0,0.1,0,0,6,0,1,0,0,4.848367439558378,0,1,https://login.hglhjg.com/?DqAIFIFN2QVIjx3803ANfyNd
27,0,0,0,1,0,1,1,0,0.1111111111111111,0,0,15,0,0,0,0,4.032303242743952,0,1,https://dreamrunners017.top
75,0,0,1,2,1,1,0,0,0.26666666666666666,0,3,16,0,1,2,0,4.9141072380408435,0,1,https://us2.campaign-archive.com/?u=5f7fdd8ea9bbcd1943db0f101&id=1a5f36c490
128,0,0,1,2,1,0,0,0,0.21875,0,0,21,0,80,0,0,4.816189788568427,0,1,http://allegrolokalnie.lokalna-oferta6222782.sbs/oferta/kingston-fury-beast-32gb-ddr5-6000mhz-cl30-kit-2x16gb-amd-expo/813780112
34,0,0,0,2,1,1,0,0,0.0,0,0,3,0,1,0,0,3.782623783115037,0,1,https://elster-de-eportal.web.app/
34,0,0,0,2,1,1,0,0,0.0,0,0,5,0,3,0,0,4.02085512047121,0,1,https://internacional.ghltq.com/ec
84,0,0,0,2,1,1,0,0,0.11904761904761904,0,0,6,0,61,0,0,5.091622411276601,0,1,https://docs.google.com/drawings/d/1KKQ4wk2Bifwu9gYvYy2no7DfLv_y-0a4ghoxdiOa_30/edit
44,0,0,0,2,1,1,0,0,0.0,0,0,9,0,20,0,0,4.11353886979926,0,0,https://www.microsoft.us/category/news/today
41,0,0,0,2,1,1,0,0,0.0,0,0,10,0,16,0,0,3.9852431629963667,0,0,https://en.samsungotn.net/in/profile-name
37,0,0,0,1,0,1,0,0,0.0,0,0,10,0,15,0,0,4.080414513985239,0,0,https://msappproxy.net/privacy-policy
45,0,0,0,2,1,1,0,0,0.13333333333333333,0,0,6,0,1,0,0,4.385754484978179,0,1,https://encouraging-tenets-802847.framer.app/
21,0,0,1,1,0,1,0,0,0.047619047619047616,0,0,3,0,7,0,0,3.8442328987631917,0,1,https://q-r.to/bfJ2oz
44,0,0,0,2,1,1,0,0,0.045454545454545456,0,1,8,0,6,1,0,4.415882824071533,0,0,https://www.euronews.com/watch?v=dQw4w9WgXcQ
40,0,0,0,2,1,1,0,0,0.05,0,1,5,0,6,1,0,4.496439344671016,0,0,https://en.ricoh.com/watch?v=dQw4w9WgXcQ
51,0,0,0,2,1,1,0,0,0.0,0,0,7,0,1,0,0,4.187158558405722,0,1,https://credito-pichincha-ecuadorfacil.lovable.app/
41,0,0,0,2,1,1,0,0,0.0,0,0,6,0,20,0,0,3.9852431629963663,0,0,https://www.google.bi/conditions/diabetes
23,0,0,0,1,0,1,0,0,0.0,0,0,12,0,0,0,0,3.653996738665709,0,0,https://ekstrabladet.dk
51,0,0,0,2,1,1,0,0,0.11764705882352941,0,0,6,0,30,0,0,4.2263742446802315,0,0,https://en.seesaa.net/article/2026/05/global-update
40,0,0,0,2,1,1,0,0,0.0,0,0,10,0,14,0,0,3.996439344671016,0,1,https://www.commongard.com/curewaenopen/
22,0,0,0,1,0,1,0,0,0.0,0,0,4,0,7,0,0,4.0614821867207755,0,1,https://qrco.de/bfHZMf
41,0,0,1,2,1,0,0,0,0.12195121951219512,0,0,13,0,0,0,0,4.149996516707671,0,1,http://allegrolokalnie.lokalna-81231.shop
23,0,0,0,2,1,1,0,0,0.0,0,0,3,0,7,0,0,3.8820451081368623,0,1,https://l.ead.me/bfRBlm
47,0,0,0,2,1,1,0,0,0.10638297872340426,0,0,10,0,20,0,0,4.341956544024638,0,0,https://blog.mastercard.com/products/item/10293
22,0,0,0,1,0,1,0,1,0.045454545454545456,0,0,3,0,8,0,0,3.936260027531527,0,1,https://bit.ly/3WmmMVa
48,0,0,0,2,1,1,0,0,0.0,0,0,10,0,21,0,0,4.1373803454010725,0,0,https://blog.gaiaonline.com/terms-and-conditions
57,0,0,0,2,1,1,0,0,0.10526315789473684,0,0,7,0,30,0,0,4.310188478735422,0,0,https://support.syosetu.org/article/2026/05/global-update
33,0,0,0,1,0,1,0,0,0.0,0,0,13,0,8,0,0,3.487300847078025,0,0,https://screenconnect.com/contact
37,0,0,0,2,1,1,0,0,0.0,0,0,11,0,1,0,0,4.208924987016683,0,1,https://asygduneagri.firebaseapp.com/
22,0,0,0,1,0,1,0,0,0.045454545454545456,0,0,4,0,7,0,0,4.0614821867207755,0,1,https://qrco.de/bgciE0
40,0,0,0,2,1,1,0,0,0.0,0,0,4,0,20,0,0,4.075070520364182,0,0,https://blog.fubo.tv/conditions/diabetes
43,0,0,0,1,0,1,0,0,0.046511627906976744,0,1,11,0,6,1,0,4.658368242872938,0,0,https://foxbusiness.com/watch?v=dQw4w9WgXcQ
30,0,0,0,2,1,1,0,0,0.0,0,0,8,0,6,0,0,4.139572261986723,0,0,https://www.ladyxena.com/about
33,0,0,0,2,1,1,0,0,0.030303030303030304,0,0,5,0,8,0,0,3.8966879684212654,0,0,https://support.obqj2.com/contact
39,0,0,0,1,0,1,0,0,0.05128205128205128,0,1,7,0,6,1,0,4.490029141717278,0,0,https://seloger.com/watch?v=dQw4w9WgXcQ
36,0,0,0,2,1,1,0,0,0.0,0,0,6,0,1,0,0,4.197159723424149,0,1,https://ionos-gamma-wine.vercel.app/
83,0,0,0,3,2,1,0,0,0.0963855421686747,0,0,4,0,1,0,0,4.837102798916267,0,1,https://bafkreigh2yg4cgbjaa3ovwfsxtnne4d7asifnay3imiqtwcn5vbgr2zaoq.ipfs.dweb.link/
36,0,0,0,2,0,1,0,0,0.0,0,0,6,0,15,0,0,4.127986806877675,0,0,https://google.com.cu/privacy-policy
31,0,0,0,2,1,1,0,0,0.0,0,0,10,0,5,0,0,4.042433003725894,0,1,https://dpd.qzrvtlnkpm.cfd/com/
23,0,0,0,2,1,1,0,0,0.08695652173913043,0,0,6,0,0,0,0,4.088779347361361,0,0,https://blog.news24.com
76,0,0,0,4,1,1,0,0,0.07894736842105263,0,1,7,0,16,1,0,4.592486230178782,0,1,https://aerate873.virixoe.com/demagoguery642/?email=redacted@abuse.ionos.com
53,0,0,0,2,1,1,0,0,0.11320754716981132,0,0,6,0,30,0,0,4.373685784547778,0,0,https://blog.desmos.com/article/2026/05/global-update
46,0,0,0,2,1,1,0,0,0.0,0,0,14,0,16,0,0,4.197049999347146,0,0,https://www.ondigitalocean.com/in/profile-name
44,0,0,0,2,1,1,0,0,0.13636363636363635,0,0,6,0,1,0,0,4.308768198567054,0,1,https://rotating-language-501995.framer.app/
26,0,0,0,1,0,1,0,0,0.0,0,0,7,0,8,0,0,3.8441065448145384,0,1,https://subflix.es/captcha
31,0,0,0,2,1,1,0,0,0.0,0,0,6,0,1,0,0,4.042433003725894,0,1,https://xffiniittyy.weebly.com/
36,0,0,0,2,1,1,0,0,0.1111111111111111,0,0,3,0,1,0,0,4.273684376262023,0,1,https://arcelormittal-7c364.web.app/
37,0,0,0,2,1,1,0,0,0.0,0,0,10,0,8,0,0,4.077715447225512,0,0,https://support.nieuwsblad.be/contact
42,0,0,0,1,0,1,0,0,0.0,0,0,10,0,20,0,0,3.9691165296640616,0,0,https://netvigator.com/conditions/diabetes
23,0,0,0,2,1,1,0,0,0.0,0,0,3,0,7,0,0,3.8492239123906247,0,1,https://l.ead.me/bgaMja
23,0,0,0,2,1,1,0,0,0.043478260869565216,0,0,3,0,7,0,0,4.0559581516151235,0,1,https://l.ead.me/bfMH5Y
39,0,0,0,2,1,1,0,0,0.0,0,0,9,0,13,0,0,4.09656816818019,0,0,https://docs.bitbucket.org/r/technology
24,0,0,0,2,1,1,0,0,0.0,0,0,8,0,0,0,0,3.970175521464345,0,0,https://blog.admaster.cc
35,0,0,0,2,1,1,0,0,0.08571428571428572,0,0,5,0,14,0,0,4.364857659740296,0,0,https://docs.quark.cn/dp/B08N5WRWNW
42,0,0,0,2,1,1,0,0,0.14285714285714285,0,0,10,0,1,0,0,4.45160849410431,0,1,https://midwest-108329youu.weeblysite.com/
21,0,0,1,1,0,1,0,0,0.0,0,0,3,0,7,0,0,3.8442328987631917,0,1,https://q-r.to/bgbNdw
48,0,0,0,2,1,1,0,0,0.0,0,0,9,0,6,0,0,4.123734053066622,0,1,https://home-startsio-trezre.wixstudio.com/us-en
20,0,0,0,1,0,1,0,0,0.0,0,0,3,0,5,0,0,3.784183719779189,0,0,https://bac.com/news
39,0,0,0,2,1,1,0,0,0.15384615384615385,0,0,10,0,1,0,0,4.304257026388136,0,1,https://best-buy-108428.weeblysite.com/
35,0,0,0,2,1,1,0,0,0.02857142857142857,0,0,6,0,11,0,0,4.107156230921614,0,1,https://sites.google.com/view/b0gyu
46,0,0,0,2,1,1,0,0,0.0,0,0,7,0,20,0,0,3.944666510772433,0,0,https://support.optable.co/conditions/diabetes
32,0,0,0,2,1,1,0,0,0.0,0,0,10,0,5,0,0,4.015319531114783,0,0,https://blog.openoffice.org/news
37,0,0,0,1,0,1,0,0,0.05405405405405406,0,0,5,0,20,0,0,3.969607339117404,0,0,https://srv53.net/conditions/diabetes
18,0,0,1,2,1,1,0,0,0.0,0,0,3,0,0,0,0,3.4613201402110083,0,0,https://www.p-n.io
33,0,0,0,2,1,1,0,0,0.0,0,0,17,0,0,0,0,3.8471282101364253,0,0,https://www.chocolateplatform.com
25,0,0,0,2,1,1,0,0,0.0,0,0,6,0,1,0,0,4.023465189601647,0,1,https://vppiz.weebly.com/
40,0,0,0,2,1,1,0,0,0.0,0,0,6,0,9,0,0,3.996439344671016,0,1,https://learnweb.framer.website/us-suite
41,0,0,0,2,1,1,0,0,0.0,0,0,11,0,1,0,0,4.259514199528965,0,1,https://eaqui-tu-regitro.webcindario.com/
27,0,0,0,1,0,1,0,0,0.0,0,0,9,0,6,0,0,3.6484318362032013,0,0,https://mynetname.net/about
29,0,0,1,1,0,1,0,0,0.0,0,0,16,0,1,0,0,3.857306856898128,0,1,https://onlinelogin-link.com/
30,0,0,0,1,0,1,0,0,0.0,0,0,3,0,15,0,0,4.072905595320056,0,0,https://dyn.com/privacy-policy
27,0,0,0,2,1,1,0,0,0.0,0,0,6,0,5,0,0,3.9582291686698783,0,0,https://www.alicdn.com/help
32,0,0,0,2,1,1,0,0,0.0,0,0,5,0,13,0,0,3.9292292966721747,0,0,https://en.ipapi.co/r/technology
18,0,0,0,1,0,0,0,0,0.0,0,0,7,0,0,0,0,3.5724312513221195,0,1,http://tinmari.com
22,0,0,0,2,1,1,0,0,0.0,0,0,5,0,0,0,0,3.6635327548042547,0,0,https://docs.owasp.org
38,0,0,0,1,0,1,0,0,0.05263157894736842,0,1,6,0,6,1,0,4.398857447483311,0,0,https://dnsowl.com/watch?v=dQw4w9WgXcQ
45,0,0,0,2,1,1,0,0,0.0,0,0,5,0,1,0,0,4.091062819892844,0,1,https://businessmanage-center-help.pages.dev/
29,0,0,0,2,1,0,0,0,0.27586206896551724,0,0,9,0,0,0,0,4.168325822713779,0,1,http://allegro.12301028g.qpon
55,0,0,1,2,1,1,0,0,0.0,0,0,14,0,17,0,0,4.348106596737197,0,1,https://integrating.smbc-flexibles.com/newsinvestor-jp/
30,0,0,0,2,1,1,0,0,0.0,0,0,12,0,1,0,0,3.6729055953200564,0,1,https://www.avivarpassur.shop/
45,0,0,0,2,1,1,0,0,0.24444444444444444,0,0,6,0,1,0,0,4.7136408739151445,0,1,https://file08793uhg32gv7d43dbjh2.weebly.com/
34,0,0,0,1,0,1,0,0,0.0,0,0,9,0,13,0,0,4.017917900762096,0,0,https://twstalker.com/r/technology
33,0,0,0,3,1,1,0,0,0.0,0,0,9,0,6,0,0,3.8738125895678266,0,0,https://en.steadfast.com.bd/about
47,0,0,0,1,0,1,0,0,0.0,0,1,3,0,7,1,0,4.153557544614567,0,0,https://nba.com/search?q=cybersecurity+research
52,0,0,0,1,0,1,0,0,0.0,0,0,15,0,25,0,0,4.1738228338092815,0,1,https://pgceafoundation.org/wp-content/themes/lider/
39,0,0,0,3,1,1,0,0,0.0,0,0,13,0,6,0,0,4.092342603144792,0,0,https://www.franceconnect.gouv.fr/about
28,0,0,1,1,0,1,0,0,0.0,0,0,12,0,4,0,0,3.753434386188785,0,1,https://group-glsptr.cfd/pts
42,0,0,0,3,1,1,0,0,0.07142857142857142,0,0,9,0,14,0,0,4.272804327334621,0,0,https://www.newcastle.edu.au/dp/B08N5WRWNW
28,0,0,0,1,0,1,0,0,0.03571428571428571,0,0,4,0,13,0,0,4.039148671903071,0,1,https://qrco.de/0thcznaarebn
36,0,0,0,2,1,1,0,0,0.0,0,0,4,0,1,0,0,4.0724312513221195,0,1,https://mondial-relay-bel.bolt.host/
27,0,0,0,2,1,1,0,0,0.0,0,0,11,0,0,0,0,3.8282375018429544,0,0,https://www.markmonitor.com
175,0,0,0,2,1,1,0,0,0.13714285714285715,0,5,6,0,108,3,0,5.627281790025207,0,1,https://docs.google.com/presentation/d/e/2PACX-1vTPRoxWNudVsoYvgl1J0H8a0UkLVbxX1_24ucEfE4kS8O72My8FXq8YtbKuzcd5N7WlMC91aOT7VBki/pub?start=false&amp;loop=false&amp;delayms=3000
49,0,0,0,2,1,1,0,0,0.04081632653061224,0,0,6,0,1,0,0,4.264935038249543,0,1,https://vee-view-docs-sh3r3d-docxxview.framer.ai/
48,0,0,0,2,1,1,0,0,0.0,0,0,13,0,16,0,0,4.16070150120865,0,0,https://support.unitedcinemas.jp/in/profile-name
35,0,0,0,3,1,0,0,0,0.0,0,0,6,0,11,0,0,3.9328743603470455,0,1,http://taobao.niucha.ren/paket.html
173,0,0,0,2,1,1,0,0,0.10404624277456648,0,5,6,0,108,3,0,5.535018546976016,0,1,https://docs.google.com/presentation/d/e/2PACX-1vSNqlzdGZK08BOfMzZDNGCzEle_irzspS8DSkAlRH7u0w5ca5hsVew84LKyzEcubhetjH5A7upaRX9r/pub?start=true&amp;loop=true&amp;delayms=1000
59,0,0,0,2,1,1,0,0,0.03389830508474576,0,0,5,0,1,0,0,4.2147849477701795,0,1,https://meta-support-clarificacion-page-24hours.start.page/
33,0,0,0,2,1,0,0,0,0.0,0,0,7,0,1,0,0,3.858957286668643,0,1,http://apphlxyztrade.netlify.app/
41,0,0,0,2,1,0,0,0,0.0,0,0,9,0,6,0,0,4.269035163567091,0,1,http://ledge-startcdn.wixstudio.com/us-en
33,0,0,0,2,1,0,0,0,0.18181818181818182,0,0,6,0,0,0,0,4.017900089633386,0,1,http://allegrolokalnie.774721.lat
30,0,0,0,2,1,1,0,0,0.06666666666666667,0,0,9,0,6,0,0,3.939572261986723,0,0,https://www.annunci69.it/login
35,0,0,0,2,1,1,0,0,0.0,0,0,19,0,0,0,0,3.7642990880644707,0,0,https://www.teacherspayteachers.com
32,0,0,0,1,0,1,0,0,0.0,0,0,12,0,8,0,0,3.8195488277869583,0,0,https://inscloudgate.net/contact
49,0,0,0,2,1,1,0,0,0.10204081632653061,0,0,12,0,20,0,0,4.260858896612405,0,0,https://docs.sportingnews.com/products/item/10293
21,0,0,1,1,0,1,0,0,0.047619047619047616,0,0,3,0,7,0,0,3.939470994001287,0,1,https://q-r.to/bfU4XB
21,0,0,1,1,0,1,0,0,0.047619047619047616,0,0,3,0,7,0,0,3.8442328987631917,0,1,https://q-r.to/bfRv2v
51,0,0,0,1,0,1,0,0,0.11764705882352941,0,0,10,0,30,0,0,4.353127057360823,0,0,https://copernicus.eu/article/2026/05/global-update
44,0,0,0,3,2,0,0,0,0.22727272727272727,0,0,11,0,0,0,0,4.544325652580697,0,1,http://www.allegro-lokalnie.23912898h54.baby
41,0,0,0,2,0,1,0,0,0.04878048780487805,0,1,6,0,6,1,0,4.5153733457648935,0,0,https://google.com.bz/watch?v=dQw4w9WgXcQ
36,0,0,0,1,0,1,0,0,0.0,0,0,9,0,15,0,0,3.8638263900908156,0,1,https://davecowan.com/home/mail/com/
23,0,0,0,2,1,1,0,0,0.0,0,0,3,0,7,0,0,4.0559581516151235,0,1,https://l.ead.me/bfRPDT
68,0,0,0,3,1,1,0,0,0.014705882352941176,0,0,6,0,35,0,0,4.5323362829877745,0,1,https://wakeywakopldjd3.github.io/waqs/filezonecopyofmydetailsd.html
27,0,0,0,2,1,1,0,0,0.0,0,0,5,0,5,0,0,3.884155094595804,0,0,https://docs.unhcr.org/help
42,0,0,0,3,1,1,0,0,0.0,0,0,7,0,13,0,0,4.032331339951052,0,0,https://support.yomiuri.co.jp/r/technology
38,0,0,0,3,0,1,0,0,0.07894736842105263,0,0,6,0,14,0,0,4.326360407952694,0,0,https://detran.sp.gov.br/dp/B08N5WRWNW
22,0,0,0,1,0,1,0,0,0.0,0,0,4,0,7,0,0,4.152391277629866,0,1,https://qrco.de/bfUXWN
44,0,0,0,2,1,1,0,0,0.022727272727272728,0,0,8,0,20,0,0,4.089780198035243,0,0,https://www.xvideos2.com/conditions/diabetes
80,0,0,0,3,0,1,0,0,0.3,0,1,20,0,10,1,0,4.685554777130055,0,1,https://2bradesconetmepresas.com/login.php?hash=35801459569e38be2ecbac5.84843286
50,0,0,1,2,1,1,0,0,0.0,0,0,12,0,21,0,0,4.201076880026372,0,0,https://blog.trouble-free.net/terms-and-conditions
22,0,0,0,1,0,1,0,0,0.0,0,0,7,0,4,0,0,3.4251185503571397,0,0,https://otomoto.pl/faq
53,0,0,0,2,1,1,0,0,0.11320754716981132,0,0,7,0,30,0,0,4.404543747253433,0,0,https://www.cpmstar.com/article/2026/05/global-update
131,0,0,0,2,1,1,0,0,0.0916030534351145,0,5,6,0,64,3,0,5.398674384158909,0,1,https://docs.google.com/presentation/d/1yKMSCi5I1RXqXj-7cU84yFIYjMvveOPJ9B7za-T_gaY/pub?start=false&amp;loop=false&amp;delayms=3000
76,0,0,1,2,1,1,0,0,0.27631578947368424,0,3,16,0,1,2,0,4.8491937960251885,0,1,https://us12.campaign-archive.com/?u=aef292575d3da8e60abab87a1&id=2a19f9e0d3
134,0,0,0,3,1,1,0,0,0.11940298507462686,0,3,7,0,74,2,0,5.148752370391135,0,1,https://www.dropbox.com/scl/fi/x4s1wjyidu0b26nz4e03q/Sign-in-to-update-your-account-below_.papert?dl=0&rlkey=d14kp1qmjgxc7t09a3hlevuct
50,0,0,1,1,0,1,0,0,0.12,0,0,8,0,30,0,0,4.383465189601647,0,0,https://momon-ga.com/article/2026/05/global-update
297,0,0,0,4,1,1,0,0,0.11447811447811448,0,3,6,0,13,2,0,5.722866304560369,0,1,https://trackingservice.monday.com/tracker/link?token=eyJhbGciOiJIUzI1NiIsInR5cCI6IkpXVCJ9.eyJvcmlnaW5hbFVybCI6Imh0dHBzOi8vY29uYXNlZ3VyLmNvbS5jby9zeXBzIiwiZW1haWxJZCI6ImRmYzc0MTVhLWZkOGUtNDgxNi1hOWM5LTVhOWU2NjE5MjFmMyIsImlhdCI6MTc3NTUyMzk0Nn0.nU3OE5ls4UCbbyLtt44fjUn8T6EUIzz4rW_-nA9bnRU&amp;r=euc1
76,0,0,1,2,1,1,0,0,0.3684210526315789,0,3,16,0,1,2,0,4.757135079941641,0,1,https://us22.campaign-archive.com/?u=4c497cf5fd7209156d9992517&id=ef9220479a
41,0,0,1,3,2,1,0,0,0.024390243902439025,0,0,6,0,1,0,0,4.161953223919209,0,1,https://mail.fr1-webmail-free.s-host.net/
28,0,0,0,1,0,1,0,1,0.10714285714285714,0,0,7,0,9,0,0,4.110577243331642,0,1,https://tinyurl.com/mrynd688
22,0,0,0,1,0,1,0,1,0.045454545454545456,0,0,3,0,8,0,0,4.027169118440618,0,1,https://bit.ly/3CnkRJv
33,0,0,0,2,1,0,0,0,0.0,0,0,7,0,0,0,0,3.858957286668643,0,1,http://teletechdigital.webflow.io
39,0,0,0,2,1,1,0,0,0.0,0,0,8,0,15,0,0,4.265544846790009,0,0,https://www.diabetes.org/privacy-policy
21,0,0,1,1,0,1,0,0,0.0,0,0,3,0,7,0,0,3.8442328987631917,0,1,https://q-r.to/bfNogB
39,0,0,0,2,1,1,0,0,0.0,0,0,8,0,16,0,0,4.150410872541982,0,0,https://en.azurerms.com/in/profile-name
46,0,0,0,3,1,1,0,0,0.043478260869565216,0,1,2,0,2,1,1,4.4250983688183,0,1,https://l.wl.co/l?u=https://qr-codes.io/04JKVb
31,0,0,0,2,1,1,0,0,0.0,0,0,6,0,1,0,0,4.014860327200948,0,1,https://generalwebb.weebly.com/
47,0,0,0,2,1,1,0,0,0.0851063829787234,0,0,5,0,1,0,0,4.4955582663410985,0,1,https://vormela-gld-fentora-c1m5dw87.pages.dev/
39,0,0,1,1,0,1,0,0,0.1282051282051282,0,0,7,0,20,0,0,4.260423540630528,0,0,https://eki-net.com/products/item/10293
22,0,0,0,1,0,1,0,0,0.3181818181818182,0,0,6,0,1,0,0,3.481714572986073,0,1,https://3222vv.cc:443/
38,0,0,0,2,1,1,0,0,0.07894736842105263,0,0,6,0,1,0,0,4.4514890264306795,0,1,https://calidat-bh874login.weebly.com/
24,0,0,0,2,1,1,0,0,0.0,0,0,7,0,0,0,0,4.053508854797678,0,0,https://blog.jetpunk.com
41,0,0,0,1,0,1,0,0,0.21951219512195122,0,0,5,0,23,0,0,4.537804675973283,0,1,https://6q2tw.skin/dn5yf2ip/78LHc6/G3t4Vd
23,0,0,0,1,0,1,0,0,0.0,0,0,3,0,6,0,0,3.8492239123906247,0,0,https://moe.video/login
37,0,0,1,2,1,0,0,0,0.1891891891891892,0,0,16,0,0,0,0,4.378240189894803,0,1,http://allegro.pl-oferta5194890.click
30,0,0,0,2,1,1,0,0,0.0,0,0,6,0,8,0,0,3.7232314287976207,0,0,https://www.xhscdn.com/contact
44,0,0,0,2,1,1,0,0,0.0,0,0,19,0,5,0,0,4.026805199554175,0,0,https://support.tabletcaptiveportal.com/news
91,0,0,0,2,1,1,0,0,0.3626373626373626,0,1,6,0,9,1,0,4.831296289924105,0,1,https://brt.umbdvu.buzz/track-it?_eat=valid_20260713164956_e29333ef424dd3da63d1fb2ead091388
33,0,0,0,2,1,1,0,0,0.15151515151515152,0,1,5,0,1,1,0,4.271370634378849,0,1,https://mx2026mail.iceiy.com/?i=1
42,0,0,0,2,1,1,0,0,0.0,0,0,12,0,13,0,0,4.225185279715573,0,0,https://blog.auappservice.com/r/technology
34,0,0,0,2,1,1,0,0,0.0,0,0,3,0,15,0,0,4.094097032108652,0,0,https://docs.boe.es/privacy-policy
49,0,0,1,2,1,1,0,0,0.04081632653061224,0,1,14,0,6,1,0,4.558088670425058,0,0,https://www.quartier-rouge.be/watch?v=dQw4w9WgXcQ
32,0,0,0,2,1,1,0,0,0.0,0,0,7,0,1,0,0,4.054229296672175,0,1,https://kucoinelogie.webflow.io/
32,0,0,0,1,0,1,1,0,0.09375,0,0,3,0,14,0,0,4.288909765557392,0,0,https://amd.online/dp/B08N5WRWNW
50,0,0,0,2,1,1,0,0,0.0,0,0,12,0,21,0,0,4.101984511178708,0,0,https://docs.sportinglife.com/terms-and-conditions
73,0,0,0,3,1,1,0,0,0.2876712328767123,0,0,6,0,41,0,0,5.025173188898457,0,1,https://nydocnrn-cg14.vercel.app/10007745768379/trnbugwqA9454m2fLoBp.html
56,0,0,0,2,1,1,0,0,0.0,0,1,8,0,7,1,0,4.3188148071238315,0,0,https://www.ultradns.com/search?q=cybersecurity+research
60,0,0,0,2,1,1,0,0,0.1,0,0,10,0,30,0,0,4.377747162910945,0,0,https://support.codeforces.com/article/2026/05/global-update
117,0,0,0,3,1,1,0,0,0.10256410256410256,0,5,7,0,45,3,0,5.089221053977006,0,1,https://www.dropbox.com/scl/fi/afakwfn4j0gjw6ztjrkkq/Untitled.papert?rlkey=ghyp0m981i7qnqy7kmng0agei&st=xozb0vhy&dl=0
40,0,0,0,2,1,1,0,0,0.125,0,0,3,0,20,0,0,4.193942707918269,0,0,https://docs.ask.com/products/item/10293
381,0,0,0,5,1,1,0,0,0.18110236220472442,0,20,14,1,16,1,1,5.7155796983406235,0,1,https://www.flagcollection.com/itemdetails.php?CollectionItem_ID=2884%22%2F%3E%3Cimg%20src%3Dhttps%3A%5C%2B%2Fgoogle.com%2F3ca55240-48d6-441d-9e50-f08dd745aaed.jpg%20onerror%3D%22eval(decodeURIComponent(atob(%27d2luZG93LnRvcC5sb2NhdGlvbj1kZWNvZGVVUklDb21wb25lbnQoYXRvYignYUhSMGNITTZMeTl6TFhCMWMyZ3VaR2xsTFhOd1lYSnJZWE56WlM1cGJtWnZMdz09JykucmVwbGFjZSgvXCsvZywnICcpKTs%3D%27)))%22%3E
34,0,0,0,2,1,1,0,0,0.0,0,0,11,0,6,0,0,4.013070929103844,0,0,https://docs.raspberrypi.com/about
23,0,0,0,2,1,1,0,0,0.0,0,0,3,0,7,0,0,3.9690016298759927,0,1,https://l.ead.me/bfISQl
35,0,0,0,2,1,1,0,0,0.0,0,0,10,0,5,0,0,3.9788640881880974,0,0,https://support.learnosity.com/help
44,0,0,0,2,1,1,0,0,0.0,0,0,19,0,8,0,0,3.9734298462451574,0,0,https://blog.vestiairecollective.com/contact
35,0,0,0,2,1,1,0,0,0.11428571428571428,0,0,6,0,1,0,0,4.2430101595548555,0,1,https://hawaiiantel2025.weebly.com/
113,0,0,0,3,1,1,0,0,0.1415929203539823,0,3,7,0,48,2,0,5.000080632194252,0,1,https://www.dropbox.com/scl/fi/dkzlsahkdzz23seojkb9c/Bt-Internet.papert?rlkey=0m4cfikz32lt8885e2i6trchz&st=12xt8l
55,0,0,0,2,1,1,0,0,0.0,0,1,6,0,7,1,0,4.240540288357313,0,0,https://docs.pullcm.com/search?q=cybersecurity+research
41,0,0,0,1,0,1,1,0,0.12195121951219512,0,0,6,0,23,0,0,4.519392785676613,0,1,https://n7fx1v.top/r9tbpu6v/QAo1qX/Fkignh
31,0,0,0,2,1,1,0,0,0.0,0,0,6,0,8,0,0,3.7600172778496534,0,0,https://docs.hqporn.xxx/contact
51,0,0,0,3,2,1,0,0,0.0196078431372549,0,0,5,0,22,0,0,4.681654263285597,0,1,https://new.express.adobe.com/webpage/GvFCMIjUt2HKO
31,0,0,0,1,0,1,0,0,0.12903225806451613,0,0,5,0,14,0,0,4.1958164715376185,0,0,https://xnxx2.com/dp/B08N5WRWNW
43,0,0,0,2,1,1,0,0,0.0,0,0,9,0,6,0,0,4.303830742923251,0,1,https://learn-velodrome.wixstudio.com/us-en
31,0,0,0,2,1,1,0,0,0.0,0,0,11,0,5,0,0,3.977916874693636,0,0,https://en.mathrubhumi.com/help
39,0,0,0,2,1,1,0,0,0.05128205128205128,0,0,11,0,0,0,0,4.2117021424282175,0,1,https://bac-cred0matic9.webcindario.com
55,0,0,0,2,1,1,0,0,0.0,0,0,12,0,24,0,0,3.978897387892528,0,0,https://support.superawesome.tv/docs/forms/d/e/viewform
42,0,0,0,2,1,1,0,0,0.047619047619047616,0,0,7,0,11,0,0,4.234479554133744,0,1,https://kennydodd01.wixsite.com/mystunning
63,0,0,1,2,1,1,0,0,0.09523809523809523,0,0,16,0,30,0,0,4.433496098639894,0,0,https://docs.relevant-digital.com/article/2026/05/global-update
30,0,0,0,2,1,1,0,0,0.06666666666666667,0,0,3,0,1,0,0,3.948394345536403,0,1,https://mttbs-hiplo09.web.app/
114,0,0,1,2,1,0,0,0,0.19298245614035087,0,0,18,0,69,0,0,4.6953635107341025,0,1,http://allegrolokalnie.lokalna-1920088771.lol/oferta/steam-deck-oled-512gb-ssd-stan-bardzo-dobry-komplet/659844061
21,0,0,1,1,0,1,0,0,0.047619047619047616,0,0,3,0,7,0,0,3.939470994001287,0,1,https://q-r.to/bfKL2Z
49,0,0,0,2,1,1,0,0,0.04081632653061224,0,1,9,0,6,1,0,4.361119599927033,0,0,https://support.eroterest.net/watch?v=dQw4w9WgXcQ
32,0,0,0,1,0,1,0,0,0.0625,0,0,5,0,15,0,0,4.226409765557392,0,0,https://pdf24.org/privacy-policy
40,0,0,0,2,1,1,0,0,0.0,0,0,8,0,16,0,0,4.093942707918269,0,0,https://www.bezeqint.net/in/profile-name
22,0,0,0,1,0,1,0,1,0.09090909090909091,0,0,3,0,8,0,0,4.027169118440618,0,1,https://bit.ly/3S8AUzP
40,0,0,0,2,1,1,0,0,0.225,0,0,10,0,1,0,0,4.3464393446710154,0,1,https://allegrolokainie.2012094h84.shop/
65,0,0,0,2,0,1,0,0,0.0,0,0,12,0,41,0,0,4.474226420980906,0,1,https://muinfogreffe.com/OTSDE/yndicomians/mx/frax/core/login.php
1078,0,0,0,12,1,1,1,0,0.17161410018552875,0,35,8,1,29,12,1,5.94626958766276,0,1,https://login.vingroup.work/common/oauth2/v2.0/authorize?client_id=4765445b-32c6-49b0-83e6-1d93765276ca&amp;redirect_uri=https%3A%2F%2Fm365.cloud.microsoft%2Flandingv2&amp;response_type=code%20id_token&amp;scope=openid%20profile%20https%3A%2F%2Fwww.office.com%2Fv2%2FOfficeHome.All&amp;response_mode=form_post&amp;nonce=639171995274839082.OGY4NTBhYjYtZmMxYS00YTlkLTllOTktNTZjNTIzMzg1OGFiMTUzZDMzN2MtNDkyMi00NDA0LTk4YWItZmUxOGViMjNjNDc0&amp;ui_locales=cs&amp;mkt=cs&amp;client-request-id=b0f57425-8ea4-490e-97f6-745f6af05f04&amp;state=QX7pmmSxBQhC7ZdYn3dIDbXqPArEk9dalPiDVbcosA6rPIlXB_HlOE69_ixrRQ1WY-FZnycn9PTtW1bttQeSiLwIcSbHQesOjRr29uQOaHoPyGxSFDhWpCg-j2TS5L32u_gnTTFTX9boQpw8bzS0QC6niHg0Hwl0tI6E87plM9XMoim1fnMV-Id_SCitJ2VKarhvQt22N5tIbPyNQtOChvlBO_U2_2vr37Zc-SdTMMAv_v5b2v8bem6R10_9T4gMrQS1_A2xXKdJi67ibcAw_krhok8MYxTfeQCOTjHBdGkcFdDm1gDwYiKj6RoQbXFN5YkH4S7ZiRgT0riTfzneM4xPp_-J-2hdFJRxG-DOYowdA6xJsQzzUf1HQwrQUE7-zTH1IRc6ySLp2C6xu1sR2moWcBGF8B1l9B7l1iBnzK-cRvBvKxapDeRCGPlWQSogN8n535pCq6taXfDMhKUXroyItD4MCoGmNdv8Qpj5x40&amp;x-client-SKU=ID_NET8_0&amp;x-client-ver=8.14.0.0
38,0,0,1,2,1,1,0,0,0.13157894736842105,0,0,9,0,14,0,0,4.221097250057957,0,0,https://en.awsdns-01.net/dp/B08N5WRWNW
141,0,0,0,2,1,1,0,0,0.14184397163120568,0,1,6,0,104,1,0,5.597429434430245,0,1,https://docs.google.com/document/d/e/2PACX-1vTh3iya0ov7P49Rk9eJOZGqnUEUk8FNa2mkY389heRtlwx4MNOyHl1MlhnWBZ8sxnsqTk8i5uySMQ68/pub?embedded=true
54,0,0,0,2,1,1,0,0,0.0,0,1,7,0,7,1,0,4.143117827354998,0,0,https://en.indiana.edu/search?q=cybersecurity+research
32,0,0,1,2,1,1,0,0,0.21875,0,0,12,0,1,0,0,4.452819531114783,0,1,https://gerard.info-9726105.pro/
42,0,0,0,2,0,1,0,0,0.0,0,0,3,0,24,0,0,4.040629329131927,0,0,https://ico.org.uk/docs/forms/d/e/viewform
44,0,0,0,2,1,1,0,0,0.0,0,0,7,0,21,0,0,4.058323880188557,0,0,https://www.amateri.com/terms-and-conditions
59,0,0,0,3,1,1,0,0,0.0,0,0,12,0,24,0,0,4.087182720685618,0,0,https://support.mercadolibre.com.co/docs/forms/d/e/viewform
55,0,0,0,2,1,1,0,0,0.0,0,0,6,1,31,0,0,4.165107840986821,0,1,https://sites.google.com/view/paypal-customer-services/
37,0,0,0,2,1,1,0,0,0.24324324324324326,0,0,11,0,1,0,0,4.2425766761474,0,1,https://owa049340034.firebaseapp.com/
68,0,0,0,3,1,1,0,0,0.0,0,0,11,0,32,0,0,4.266675524660264,0,1,https://santmxpresta.webcindario.com/naturales/usuarios/login/N.html
41,0,0,0,2,1,1,0,0,0.1951219512195122,0,0,6,0,1,0,0,4.735362370366207,0,1,https://xn--5h5b30a7g9shrk92d.weebly.com/
39,0,0,0,2,1,1,0,0,0.02564102564102564,0,0,3,0,1,0,0,4.233618885307021,0,1,https://cancel-3riverscuonline.web.app/
75,0,0,1,2,1,1,0,0,0.30666666666666664,0,3,16,0,1,2,0,4.893976904649818,0,1,https://us7.campaign-archive.com/?u=bf54e802518618854a29b8fb5&id=35ae4dae6e
46,0,0,0,2,1,1,0,0,0.0,0,0,9,0,6,0,0,4.32173124920605,0,1,https://home-ledgrlive-cdn.wixstudio.com/us-en
194,0,0,0,7,1,1,1,0,0.20618556701030927,0,1,12,0,25,1,0,5.62391916015702,0,1,https://kleinanzeigen-deutsch.detrackin396.info/getpaymentm/212039042/m9?__cf_chl_rt_tk=56CuMVFkrcG.UJKbuRBcMmEXHaEHbhhi688Z2Z_Yvpg-1780419674-1.0.1.1-f.yUW3x_9CWCB7_Y_2wt5e_LDym2GLuGnsUz3wvvJmo
30,0,0,0,2,1,1,0,0,0.0,0,0,6,0,8,0,0,3.739572261986723,0,0,https://docs.idealo.de/contact
28,0,0,0,2,1,1,0,0,0.0,0,0,11,0,0,0,0,3.7803946541231945,0,0,https://docs.mercadopago.com
28,0,0,0,2,1,1,0,0,0.03571428571428571,0,0,12,0,0,0,0,3.9232517969803373,0,0,https://www.4kwallpapers.com
50,0,0,0,2,1,1,0,0,0.0,0,0,6,0,26,0,0,4.109275070710713,0,1,https://sites.google.com/view/bnaruralsites/inicio
40,0,0,0,2,1,1,0,0,0.0,0,0,9,0,6,0,0,4.377567157116929,0,1,https://my-liveledgr.wixstudio.com/en-us
33,0,0,0,2,1,1,0,0,0.12121212121212122,0,0,3,0,1,0,0,4.18788919491935,0,1,https://mail2update-c484.web.app/
23,0,0,0,2,1,1,0,0,0.0,0,0,3,0,7,0,0,3.9690016298759927,0,1,https://l.ead.me/bfRudn
42,0,0,0,2,1,1,0,0,0.0,0,0,6,0,20,0,0,3.9784108040822326,0,0,https://docs.garant.ru/conditions/diabetes
46,0,0,0,1,0,1,0,0,0.0,0,0,13,0,21,0,0,3.9553235758957603,0,0,https://pointtoserver.com/terms-and-conditions
38,0,0,0,2,1,1,0,0,0.0,0,0,8,0,13,0,0,4.007942895581381,0,0,https://blog.callrail.com/r/technology
42,0,0,0,2,1,1,0,0,0.0,0,0,9,0,6,0,0,4.121267946939375,0,1,https://suit-entrezzor.wixstudio.com/en-us
34,0,0,0,1,0,1,0,0,0.0,0,0,9,0,13,0,0,3.984234164652488,0,0,https://shawcable.net/r/technology
43,0,0,0,2,1,1,0,0,0.13953488372093023,0,0,7,0,20,0,0,4.266397243517744,0,0,https://www.2miners.com/products/item/10293
49,0,0,0,2,1,1,0,0,0.3469387755102041,0,0,11,0,1,0,0,4.552687394782397,0,1,https://abuseid34096348945656878.firebaseapp.com/
40,0,0,0,2,1,1,0,0,0.0,0,0,6,0,1,0,0,4.106198332810095,0,1,https://notificationstelkomm.weebly.com/
27,0,0,0,1,0,1,0,0,0.0,0,0,4,0,10,0,0,3.8380398168981547,0,1,https://wycl.shop/soFbneFy/
46,0,0,0,3,1,1,0,0,0.043478260869565216,0,1,2,0,2,1,1,4.294663586209604,0,1,https://l.wl.co/l?u=https://qr-codes.io/J41hKl
51,0,0,0,2,1,1,0,0,0.0,0,0,9,0,12,0,0,3.9486331263198293,0,1,https://suiteapp-trzrsuit.wixstudio.com/start-suite
19,0,0,0,1,0,1,0,0,0.05263157894736842,0,0,7,0,0,0,0,3.5766176449086657,0,0,https://kompoz2.com
31,0,0,0,2,1,1,0,0,0.0,0,0,8,0,6,0,0,4.131300342505361,0,0,https://docs.medicare.gov/login
33,0,0,0,2,1,1,0,0,0.0,0,0,11,0,1,0,0,4.081532376606413,0,1,https://ejzctyhs.firebaseapp.com/
47,0,0,0,1,0,1,0,0,0.19148936170212766,0,0,6,0,30,0,0,4.293222627951163,0,0,https://bet365.it/article/2026/05/global-update
22,0,0,0,1,0,1,0,1,0.045454545454545456,0,0,3,0,8,0,0,3.879664004902594,0,1,https://bit.ly/3YPQDGt
64,0,0,0,3,1,1,0,0,0.0625,0,0,4,0,14,0,0,4.114557960931275,0,1,https://dgndfjgkrjdfgkdgjrkdkfgdfgrdg-6444.twil.io/hgdfngnr.html
47,0,0,0,2,1,1,0,0,0.0,0,0,12,0,12,0,0,4.092268512247839,0,1,https://onboarding.rideunitedsd.com/conto/hype/
26,0,0,0,1,0,1,0,0,0.07692307692307693,0,0,4,0,11,0,0,4.3637132757501895,0,1,https://qrco.de/my6Gov1AkK
40,0,0,0,2,1,1,0,0,0.1,0,0,9,0,8,0,0,4.306198332810095,0,1,https://mavmom1025.wixstudio.com/my-site
42,0,0,0,1,0,1,0,0,0.11904761904761904,0,0,10,0,20,0,0,4.14853573331382,0,0,https://trendmicro.com/products/item/10293
21,0,0,1,1,0,1,0,0,0.0,0,0,3,0,7,0,0,3.939470994001287,0,1,https://q-r.to/bgakUR
74,0,0,0,4,1,1,0,0,0.32432432432432434,0,1,2,0,8,0,0,4.812720305679068,0,1,https://pub-609041d0f94c469f829e5faf582e4040.r2.dev/cz.html#info@otahal.cz
39,0,0,0,2,1,1,0,0,0.0,0,0,11,0,1,0,0,4.006573937300012,0,1,https://accesoservicio.webcindario.com/
45,0,0,0,3,1,1,0,0,0.0,0,0,5,0,11,0,0,4.207976707200401,0,1,https://remove-violations.surge.sh/index.html
46,0,0,0,2,1,0,0,0,0.08695652173913043,0,0,5,0,1,0,0,4.348798912202497,0,1,http://morlavo-gld-lentora-p6t3dq75.pages.dev/
35,0,0,0,2,1,1,0,0,0.0,0,0,3,0,16,0,0,4.071581588126284,0,0,https://blog.met.no/in/profile-name
30,0,0,0,3,1,1,0,0,0.0,0,0,3,0,4,0,0,3.872905595320056,0,0,https://support.sat.gob.mx/faq
44,0,0,0,2,1,1,0,0,0.11363636363636363,0,0,5,0,20,0,0,4.170134892428194,0,0,https://support.kdocs.cn/products/item/10293
21,0,0,1,1,0,1,0,0,0.0,0,0,3,0,7,0,0,3.8442328987631917,0,1,https://q-r.to/bfRBjo
98,0,0,1,2,1,1,0,0,0.35714285714285715,0,1,8,0,20,1,0,4.786234942502162,0,1,https://allegrolokalnie.pl-92133.click/oferta/l/-063983002?id=c5a798f3-f18c-4db5-b488-3e811145be85
33,0,0,0,2,1,1,0,0,0.09090909090909091,0,0,3,0,14,0,0,4.210764573772789,0,0,https://en.pki.goog/dp/B08N5WRWNW
19,0,0,0,2,1,1,0,0,0.0,0,0,3,0,0,0,0,3.471354487013929,0,0,https://www.msn.com
46,0,0,0,2,1,1,0,0,0.0,0,0,6,0,11,0,0,4.177558761254978,0,1,https://connect-helpen.framer.media/live-en-us
42,0,0,0,1,0,1,1,0,0.11904761904761904,0,0,7,0,23,0,0,4.6037599113796235,0,1,https://37jeyr4.top/gi7ywruc/eHVPyX/caZW4R
39,0,0,1,2,1,0,0,0,0.15384615384615385,0,0,20,0,0,0,0,4.099128821259931,0,1,http://allegro.lokalna-oferta742346.lol
35,0,0,0,1,0,1,0,0,0.05714285714285714,0,1,3,0,6,1,0,4.357295873840569,0,0,https://cve.org/watch?v=dQw4w9WgXcQ
39,0,0,2,2,1,0,0,0,0.0,0,0,19,0,0,0,0,4.162980744225907,0,1,http://thanveve.invoice-ads-program.com
30,0,0,0,2,1,1,0,0,0.03333333333333333,0,0,6,0,1,0,0,3.9898980954642878,0,1,https://0nllnesecu.weebly.com/
15,0,0,0,1,0,1,0,0,0.0,0,0,4,0,0,0,0,3.506890595608519,0,0,https://axon.ai
26,0,0,0,2,1,1,0,0,0.0,0,0,4,0,6,0,0,3.95006375643621,0,0,https://www.eiga.com/login
20,0,0,0,2,1,1,0,0,0.0,0,0,6,0,0,0,0,3.3464393446710154,0,0,https://en.shopee.sg
46,0,0,0,2,1,1,0,0,0.34782608695652173,0,0,7,0,17,0,0,4.708132064658601,0,1,https://gmailzmno.ebforms.com/4916703464259584
27,0,0,0,2,1,1,0,0,0.0,0,0,8,0,4,0,0,4.032303242743952,0,0,https://en.mcdvoice.com/faq
26,0,0,0,2,1,1,0,0,0.0,0,0,6,0,0,0,0,3.6321921215711943,0,0,https://support.soufun.com
27,0,0,0,2,1,1,0,0,0.0,0,0,8,0,0,0,0,3.6158175946759323,0,0,https://support.supabase.co
22,0,0,0,1,0,1,0,0,0.045454545454545456,0,0,4,0,7,0,0,4.152391277629866,0,1,https://qrco.de/bfIG6u
45,0,0,0,1,0,1,0,0,0.0,0,0,13,0,20,0,0,4.205757474531293,0,0,https://discoveryplus.com/category/news/today
22,0,0,0,1,0,1,0,0,0.09090909090909091,0,0,4,0,7,0,0,4.0614821867207755,0,1,https://qrco.de/bfPP96
29,0,0,0,2,1,1,0,0,0.06896551724137931,0,0,3,0,1,0,0,4.159199529386523,0,1,https://loginauth-12.web.app/
29,0,0,0,2,1,1,1,0,0.0,0,0,9,0,0,0,0,4.237291339955158,0,0,https://blog.videymyca.online
27,0,0,0,2,1,1,0,0,0.0,0,0,10,0,0,0,0,4.032303242743952,0,0,https://docs.tribunnews.com
16,0,0,0,1,0,1,0,0,0.0,0,0,5,0,0,0,0,3.452819531114783,0,0,https://tabor.ru
35,0,0,0,1,0,1,1,0,0.0,0,0,9,0,13,0,0,3.9544425746945735,0,0,https://paramount.tech/r/technology
27,0,0,0,2,1,1,0,0,0.0,0,0,7,0,0,0,0,4.032303242743952,0,0,https://support.mydlink.com
28,0,0,3,1,0,1,0,0,0.0,0,0,16,0,0,0,0,3.886839296671271,0,0,https://dual-s-dc-msedge.net
23,0,0,0,2,1,1,0,0,0.043478260869565216,0,0,3,0,7,0,0,3.9690016298759927,0,1,https://l.ead.me/bgcY4g
75,0,0,0,5,3,1,0,0,0.06666666666666667,0,0,7,0,25,0,0,4.690708738011998,0,1,https://blueness2polyodontal.blob.core.windows.net/1jbtnfj3h8/X8MYSZjV.html
173,0,0,0,2,1,1,0,0,0.10404624277456648,0,5,6,0,108,3,0,5.593423021404163,0,1,https://docs.google.com/presentation/d/e/2PACX-1vQX97MWAGMG98SH1uufq_NAJemAP8DIGB31Ai-gF8yxkwHuhUAbgG53etI4eKEa_vVyAIEqsL_AnBtt/pub?start=true&amp;loop=true&amp;delayms=3000
43,0,0,0,2,1,1,0,0,0.0,0,0,9,0,9,0,0,4.274874638322402,0,1,https://bridge-trezr.wixstudio.com/begin-en
25,0,0,0,2,1,1,0,0,0.0,0,0,5,0,5,0,0,3.623465189601647,0,0,https://www.nodes.ac/news
22,0,0,0,1,0,1,0,0,0.0,0,0,4,0,7,0,0,3.970573095811685,0,1,https://qrco.de/bgbyxo
27,0,0,0,2,1,1,0,0,0.0,0,0,6,0,1,0,0,4.060262039120377,0,1,https://idp-idm.weebly.com/
156,0,0,0,3,1,1,0,0,0.08333333333333333,0,9,6,0,64,5,0,5.245621342698151,0,1,https://docs.google.com/presentation/d/1fhkKd_TIjCB6wZtXQu3YIN56GpRz19XcQNozvrIc1QM/pub?start=false&amp;loop=false&amp;delayms=3000&amp;pli=1&amp;slide=id.p
53,0,0,0,2,1,1,0,0,0.16981132075471697,0,0,6,0,30,0,0,4.428036435891858,0,0,https://docs.bet365.com/article/2026/05/global-update
22,0,0,0,1,0,1,0,0,0.0,0,0,4,0,7,0,0,4.152391277629866,0,1,https://qrco.de/bgZUNF
22,0,0,0,1,0,1,0,0,0.0,0,0,4,0,7,0,0,3.970573095811685,0,1,https://qrco.de/bfbRkf
42,0,0,0,2,1,1,0,0,0.0,0,0,12,0,1,0,0,4.236857303422074,0,1,https://web-kopra-update.godaddysites.com/
43,0,0,1,2,1,1,0,0,0.27906976744186046,0,0,15,0,0,0,0,4.3119357556115485,0,1,https://allegrolokalnie.pl-480918958912.lol
19,0,0,1,1,0,1,0,0,0.0,0,0,7,0,0,0,0,3.6421498816369042,0,0,https://trs-dns.com
43,0,0,0,2,1,1,0,0,0.046511627906976744,0,1,7,0,6,1,0,4.286275219617124,0,0,https://www.ohthree.com/watch?v=dQw4w9WgXcQ
46,0,0,0,2,1,1,0,0,0.0,0,0,8,0,21,0,0,3.996630848284676,0,0,https://docs.ultradns.net/terms-and-conditions
53,0,0,0,2,1,1,0,0,0.09433962264150944,0,1,15,0,16,0,0,4.275208785512426,0,1,https://secure289.inmotionhosting.com/~catch26/bitil/
32,0,0,0,2,1,0,1,0,0.28125,0,0,13,0,0,0,0,4.265319531114783,0,1,http://allegro.034g934h834jj.xyz
48,0,0,0,2,1,1,0,0,0.10416666666666667,0,0,12,0,20,0,0,4.337581188618506,0,0,https://www.allporncomic.com/products/item/10293
45,0,0,0,2,1,1,0,0,0.0,0,0,9,0,6,0,0,4.233426641149882,0,1,https://desktop-en-ledgrs.wixstudio.com/en-us
47,0,0,0,2,1,1,0,0,0.10638297872340426,0,0,7,0,20,0,0,4.186914916837341,0,0,https://support.bttrack.com/products/item/10293
24,0,0,0,1,0,1,0,0,0.0,0,0,8,0,5,0,0,3.7720552088742005,0,0,https://hubcloud.cx/help
27,0,0,0,1,0,1,0,0,0.0,0,0,10,0,5,0,0,3.8282375018429544,0,0,https://maticooads.com/news
51,0,0,0,2,1,1,0,0,0.11764705882352941,0,0,5,0,30,0,0,4.461161861367233,0,0,https://www.axios.com/article/2026/05/global-update
21,0,0,1,1,0,1,0,0,0.0,0,0,9,0,1,0,0,3.880179922675738,0,1,https://evri-pamd.cc/
28,0,0,0,2,1,1,0,0,0.0,0,0,8,0,5,0,0,3.655045546825804,0,0,https://www.register.it/home
27,0,0,1,2,1,1,0,0,0.2222222222222222,0,0,10,0,1,0,0,4.0043444463675275,0,1,https://www.ext-345064.pro/
32,0,0,0,2,1,1,0,0,0.03125,0,0,9,0,8,0,0,3.792837797403416,0,0,https://en.a2hosting.com/contact
404,1,0,0,7,0,0,0,0,0.15841584158415842,0,15,12,1,21,7,1,5.775749601277327,0,1,http://43.159.39.69/v3/signin/identifier?dsh=S-251480904:1679498635923052&amp;followup=https://accounts.google.com&amp;ifkv=AWnogHem6JXsfI3I9GTbq2PtjQew0k8G55g-QUjTxUhcXrNI5Dbry5BB-B5zi9pDC1IBJ5EJ9nEX&amp;passive=1209600&amp;continue=https://accounts.google.com/&amp;flowName=WebLiteSignIn&amp;flowEntry=ServiceLogin&amp;ifkv=AQMjQ7TvcZNLgS6EKmdcE__lJJNo5AWyhOD_zJMBtQrPiFJS-6SJpzmmEKV6uo6clBxC0Q_clyzkcQ
52,0,0,1,2,1,1,0,0,0.0,0,1,5,0,7,1,0,4.1977673049215225,0,0,https://en.otm-r.com/search?q=cybersecurity+research
44,0,0,0,2,1,1,0,0,0.0,0,0,7,0,20,0,0,3.9451318349306908,0,0,https://docs.sankuai.com/conditions/diabetes
44,0,0,0,2,1,1,0,0,0.18181818181818182,0,0,14,0,0,0,0,4.40194695925137,0,1,https://allegrolokainie.oferta81480578.click
38,0,0,0,1,0,1,0,0,0.0,0,0,6,0,20,0,0,3.9328178173636616,0,0,https://pardot.com/category/news/today
25,0,0,0,1,0,1,1,0,0.12,0,0,13,0,0,0,0,3.9238561897747246,0,1,https://facturealo171.top
42,0,0,0,1,0,1,0,0,0.0,0,0,9,0,21,0,0,3.980788553370563,0,0,https://hismarttv.com/terms-and-conditions
23,0,0,0,2,0,1,0,0,0.0,0,0,8,0,0,0,0,3.8820451081368623,0,0,https://bunnings.com.au
42,0,0,0,1,0,1,0,0,0.0,0,0,6,0,24,0,0,3.939089745644061,0,0,https://dafont.com/docs/forms/d/e/viewform
68,0,0,0,5,1,1,0,0,0.10294117647058823,0,1,7,0,11,1,0,4.731009444816111,0,1,https://78gbf4g476.tolydas.com/index2.php?u=redacted@abuse.ionos.com
21,0,0,1,1,0,1,0,0,0.047619047619047616,0,0,3,0,7,0,0,3.939470994001287,0,1,https://q-r.to/bfIm9n
35,0,0,0,2,1,1,0,0,0.0,0,0,13,0,1,0,0,3.9001530166977125,0,1,https://resgatar.pntsonlineapp.com/
27,0,0,0,2,1,1,0,0,0.0,0,0,6,0,5,0,0,3.5780564832443074,0,0,https://blog.shopee.io/help
46,0,0,0,2,1,1,0,0,0.043478260869565216,0,1,9,0,6,1,0,4.561286684176787,0,0,https://blog.thespruce.com/watch?v=dQw4w9WgXcQ
24,0,0,0,1,0,1,0,0,0.0,0,0,7,0,5,0,0,3.970175521464345,0,0,https://mozilla.com/news
21,0,0,1,1,0,1,0,0,0.047619047619047616,0,0,3,0,7,0,0,3.8442328987631917,0,1,https://q-r.to/bfHr2Q
46,0,0,0,3,1,1,0,0,0.021739130434782608,0,1,2,0,2,1,1,4.381620107948734,0,1,https://l.wl.co/l?u=https://qr-codes.io/E5DKqb
32,0,0,0,2,1,1,0,0,0.0,0,0,10,0,5,0,0,3.9261085007312415,0,0,https://blog.onclouddns.com/home
42,0,0,1,2,1,1,0,0,0.09523809523809523,0,1,6,0,6,1,0,4.379714446279217,0,0,https://www.24-hdx.com/watch?v=dQw4w9WgXcQ
34,0,0,0,2,1,1,0,0,0.0,0,0,4,0,15,0,0,4.101881223476018,0,0,https://www.prom.ua/privacy-policy
44,0,0,0,3,1,1,0,0,0.1590909090909091,0,0,11,0,12,0,0,4.308768198567054,0,1,https://bounioul.info4572531.pro/captcha.php
41,0,0,0,3,1,1,0,0,0.17073170731707318,0,0,10,0,12,0,0,4.253059016443833,0,1,https://junior.ope5780164.pro/captcha.php
38,0,0,0,1,0,1,0,0,0.13157894736842105,0,0,4,0,20,0,0,4.248607291047873,0,0,https://vwfs.tools/products/item/10293
48,0,0,0,2,1,1,1,0,0.0,0,0,22,0,1,0,0,4.097794209361695,0,1,https://bradescobia.acessosegurancadigital.live/
59,0,0,0,2,1,1,0,0,0.1016949152542373,0,0,7,0,30,0,0,4.903415294941208,0,1,https://share-na2.hsforms.com/1T3zOFVouRaqz3fHazrPNLw40cpqe
23,0,0,0,1,0,1,0,0,0.0,0,0,11,0,0,0,0,3.5013978254341027,0,0,https://totalbattle.com
41,0,0,1,1,0,1,0,0,0.0,0,0,22,0,7,0,0,4.259514199528965,0,1,https://parkplatz-vorschriften.com/ch-de/
34,0,0,0,2,1,1,0,0,0.0,0,0,11,0,0,0,0,4.124083797069061,0,1,https://clfalablla.webcindario.com
36,0,0,0,1,0,1,0,0,0.1388888888888889,0,0,4,0,20,0,0,4.191611641751378,0,0,https://hgtv.com/products/item/10293
22,0,0,0,1,0,1,0,1,0.045454545454545456,0,0,3,0,8,0,0,4.027169118440618,0,1,https://bit.ly/3YmrIeD
22,0,0,0,1,0,1,0,0,0.045454545454545456,0,0,4,0,7,0,0,4.0614821867207755,0,1,https://qrco.de/bgcSL0
29,0,0,1,2,1,1,0,0,0.06896551724137931,0,0,9,0,5,0,0,3.900241770616629,0,0,https://en.awsdns-38.net/home
60,0,0,0,2,1,1,0,0,0.0,0,1,8,0,7,1,0,4.068227679695157,0,0,https://support.redcross.org/search?q=cybersecurity+research
22,0,0,0,1,0,1,0,1,0.045454545454545456,0,0,3,0,8,0,0,4.027169118440618,0,1,https://bit.ly/4fxTGKq
21,0,0,1,1,0,1,0,0,0.047619047619047616,0,0,3,0,7,0,0,3.8442328987631917,0,1,https://q-r.to/bfI4RR
40,0,0,0,1,0,1,0,0,0.0,0,0,7,0,21,0,0,4.143942707918269,0,0,https://xmlsoft.org/terms-and-conditions
49,0,0,0,3,1,1,0,0,0.0,0,0,6,0,20,0,0,4.0239274583585924,0,0,https://support.serpro.gov.br/category/news/today
42,0,0,0,1,0,1,0,0,0.0,0,0,6,0,24,0,0,4.043007078420258,0,0,https://braiiz.com/docs/forms/d/e/viewform
54,0,0,0,3,1,1,0,0,0.0,0,0,10,0,24,0,0,4.191082465610238,0,0,https://blog.bancointer.com.br/docs/forms/d/e/viewform
28,0,0,0,2,1,1,0,0,0.0,0,0,5,0,6,0,0,3.8693312611115185,0,0,https://blog.pushd.com/about
35,0,0,0,2,1,1,0,0,0.0,0,0,7,0,8,0,0,3.699594445021888,0,0,https://support.srmdata.com/contact
43,0,0,0,2,1,1,0,0,0.0,0,0,8,0,20,0,0,4.05371708008224,0,0,https://en.pagalnew.com/conditions/diabetes
21,0,0,1,1,0,1,0,0,0.0,0,0,3,0,7,0,0,3.939470994001287,0,1,https://q-r.to/bfSnlW
98,0,0,0,3,1,1,0,0,0.14285714285714285,0,3,7,0,38,2,0,5.072112620369545,0,1,https://www.dropbox.com/scl/fi/uo2iu04y94fhpgvpi498r/BT.paper?rlkey=xbwmtt8zzvp0ut7za6vuyq2re&dl=0
45,0,0,0,1,0,1,0,0,0.0,0,0,10,0,24,0,0,4.113719486751819,0,0,https://onlinejobs.ph/docs/forms/d/e/viewform
32,0,0,0,2,1,0,0,0,0.15625,0,0,5,0,0,0,0,4.3125,0,1,http://allegrolokalnie.54095.cfd
27,0,0,1,2,0,1,0,0,0.07407407407407407,0,0,9,0,4,0,0,4.180451390892101,0,0,https://awsdns-45.co.uk/faq
69,0,0,0,3,0,1,0,0,0.057971014492753624,0,2,18,0,39,0,0,4.546344022838737,0,1,https://randomdistribution.com/bkg/Login%20_%20Globalsources.com.html
21,0,0,1,1,0,1,0,0,0.0,0,0,3,0,7,0,0,3.939470994001287,0,1,https://q-r.to/bfIXzY
47,0,0,0,2,1,1,0,0,0.10638297872340426,0,0,7,0,20,0,0,4.321095905910891,0,0,https://support.infobae.com/products/item/10293
46,0,0,0,2,1,1,0,0,0.0,0,0,14,0,15,0,0,4.243260804109598,0,0,https://docs.travelaudience.com/privacy-policy
46,0,0,0,2,1,0,0,0,0.08695652173913043,0,0,5,0,1,0,0,4.457919564564538,0,1,http://xelzora-gld-zentora-r6t1fc39.pages.dev/
23,0,0,0,1,0,1,0,0,0.0,0,0,6,0,3,0,0,3.8492239123906247,0,1,https://sumapp.click/de
39,0,0,0,2,1,1,0,0,0.0,0,0,9,0,6,0,0,4.079772731460867,0,1,https://en-us-atomc.wixstudio.com/us-en
25,0,0,0,2,1,1,0,0,0.0,0,0,10,0,0,0,0,3.893660689688186,0,0,https://en.twibbonize.com
22,0,0,0,1,0,1,0,0,0.0,0,0,4,0,7,0,0,3.8796640049025943,0,1,https://qrco.de/bgcWbr
36,0,0,0,2,1,1,0,0,0.08333333333333333,0,0,6,0,1,0,0,4.350209029099897,0,1,https://365unisalleeduco.weebly.com/
128,0,0,0,2,1,1,0,0,0.0859375,0,19,8,0,36,10,0,5.126735258896853,0,1,https://rp.mockplus.com/run/wBMMw5EMaQ/7C4CUhAv8/fTkNyZWtJ3?cps=hide&rps=hide&nav=0&ha=0&la=0&fc=1&dt=iphoneX&out=0&rt=1&as=true
81,0,0,1,2,1,0,0,0,0.1728395061728395,0,0,13,0,41,0,0,4.672149202738434,0,1,http://allegrolokalnie.oferta-247157.cfd/oferta/sprzedam-ponton-kolibri-330/22506
59,0,0,0,2,1,1,0,0,0.1016949152542373,0,0,7,0,30,0,0,4.874002795051216,0,1,https://share-eu1.hsforms.com/2nZ1g4f_ZQRCElen-XWtubg2ewtl8
25,0,0,0,1,0,1,0,0,0.0,0,0,1,0,13,0,0,3.683856189774725,0,0,https://t.ly/r/technology
28,0,0,0,2,1,1,0,0,0.0,0,0,11,0,0,0,0,3.770942421748537,0,0,https://docs.redditspace.com
34,0,0,0,1,0,1,0,0,0.14705882352941177,0,0,3,0,20,0,0,4.216591062590433,0,0,https://nic.uk/products/item/10293
175,0,0,0,2,1,1,0,0,0.10857142857142857,0,5,6,0,108,3,0,5.594069702154834,0,1,https://docs.google.com/presentation/d/e/2PACX-1vTKTzQrgrdCeKddtTzY6pygIi3kcm63J-dqYI08Di8WwISP_fasWkWc7_wv5PY2Lxc510FZDKhERRCS/pub?start=false&amp;loop=false&amp;delayms=3000
62,0,0,0,3,1,1,0,0,0.24193548387096775,0,0,2,0,11,0,0,4.667253569389764,0,1,https://pub-800d0defff6f41c895da4b7afcc4f5cf.r2.dev/index.html
49,0,0,0,2,1,1,0,0,0.0,0,0,9,0,20,0,0,4.0025931408562085,0,0,https://support.janitorai.com/conditions/diabetes
57,0,0,0,1,0,1,0,0,0.0,0,1,13,0,7,1,0,4.020886285828877,0,0,https://securebrowser.com/search?q=cybersecurity+research
15,0,0,0,1,0,1,0,0,0.0,0,0,3,0,0,0,0,3.323231428797621,0,0,https://bbb.org
30,0,0,0,2,1,1,0,0,0.0,0,0,11,0,4,0,0,3.7614063297218427,0,0,https://en.lettuceclub.net/faq
175,0,0,0,2,1,1,0,0,0.08571428571428572,0,5,6,0,108,3,0,5.596075956035302,0,1,https://docs.google.com/presentation/d/e/2PACX-1vQ1cRxjj-TEDxCsitFIqEVSZPsttnLu-7J1ZOoFJcQu-_CrmOK6a5IaPHjAlw3YsYtn8qgwQGfa_U27/pub?start=false&amp;loop=false&amp;delayms=3000
235,0,0,0,2,1,1,0,0,0.1148936170212766,0,5,4,0,13,2,0,5.760046625327915,0,1,https://kleinanzeigen.4etc.com/386989965796?mail=W0NBVENIXQ==&meta=rlWjMKWwLJ50LJqyVwb1YPWhLJ1yVwbvKUHlAzRkKUIzMGOzVRAuqTAbGJHtGJScoTIlVvjvL2uuqS9cMPV6YGRjZQV5BQLkZmt0ZGNfVaAypaMcL2HvBvWeoTIcozShrzIcM2IhVvjvqUyjMFV6VzAuqTAboJIsoJScoPW9
21,0,0,1,1,0,1,0,0,0.0,0,0,3,0,7,0,0,3.939470994001287,0,1,https://q-r.to/bfHeTA
41,0,0,0,2,1,1,0,0,0.0,0,0,5,0,20,0,0,4.013176017331163,0,0,https://www.alamy.com/category/news/today
34,0,0,0,3,1,1,0,0,0.029411764705882353,0,0,2,0,13,0,0,3.9764499732851233,0,1,https://maisixx.us.cc/5g/home.html
51,0,0,0,2,1,1,0,0,0.13725490196078433,0,0,5,0,1,0,0,4.7748873515633115,0,1,https://osivok-gloma-0rw71c-ejbyh-3tu450.pages.dev/
16,0,0,0,1,0,1,0,0,0.0,0,0,5,0,0,0,0,3.452819531114783,0,0,https://youtu.be
44,0,0,0,3,1,1,0,0,0.0,0,0,5,0,20,0,0,3.9734298462451574,0,0,https://www.iinet.net.au/category/news/today
34,0,0,0,2,1,1,0,0,0.0,0,0,11,0,1,0,0,4.094097032108652,0,1,https://redtail-d.firebaseapp.com/
53,0,0,0,1,0,1,0,0,0.0,0,1,9,0,7,1,0,4.260965625094248,0,0,https://myworkday.com/search?q=cybersecurity+research
45,0,0,0,2,1,1,0,0,0.0,0,0,15,0,13,0,0,4.085537262659802,0,0,https://docs.businessinsider.com/r/technology
131,0,0,0,2,1,1,0,0,0.10687022900763359,0,0,6,0,108,0,0,5.643886506122577,0,1,https://docs.google.com/presentation/d/e/2PACX-1vRm_ybqDxXjwOFGpnzB2rXA5y7xX9YA9aNSBjMby7N2zLZb68MYwlISL68OwlFDtTEZ4bRZuxmfaimC/pub
32,0,0,0,2,1,1,0,0,0.0625,0,0,8,0,1,0,0,3.965018266288633,0,1,https://at-a-6i2pa.daftpage.com/
38,0,0,0,1,0,1,0,0,0.0,0,0,14,0,12,0,0,4.050981633039269,0,1,https://avanteshipping.com/-/appesbdk/
30,0,0,1,1,0,0,0,0,0.0,0,0,16,0,3,0,0,3.964735178725505,0,1,http://raiffeisen-sache.vip/nl
28,0,0,0,2,1,1,0,0,0.0,0,0,6,0,6,0,0,3.9407598325400897,0,0,https://www.github.com/login
43,0,0,0,1,0,1,0,0,0.0,0,0,10,0,21,0,0,4.06279520858371,0,0,https://salesforce.com/terms-and-conditions
33,0,0,0,1,0,1,0,0,0.0,0,0,6,0,15,0,0,3.861983513035609,0,0,https://toyota.com/privacy-policy
26,0,0,0,1,0,1,1,0,0.11538461538461539,0,0,6,0,7,0,0,4.103909910282364,0,1,https://f2pt4q.info/7oBbyg
32,0,0,0,2,1,1,0,0,0.0,0,0,10,0,5,0,0,3.85845859334435,0,0,https://blog.miniclippt.com/home
57,0,0,0,2,1,1,0,0,0.10526315789473684,0,0,7,0,30,0,0,4.393607557720746,0,0,https://support.akismet.com/article/2026/05/global-update
22,0,0,0,1,0,1,0,1,0.18181818181818182,0,0,3,0,8,0,0,3.8110378683422788,0,1,https://bit.ly/4hS5h91
95,0,0,1,4,0,1,0,0,0.08421052631578947,0,5,9,0,23,1,1,4.8273392303975236,0,1,https://command-f.com/link/cutlinks/rank.php?url=https%3A%2F%2Fe-stat.e5nreffo.shop%2F?a9gpP4u9
26,0,0,1,1,0,1,0,0,0.0,0,0,13,0,0,0,0,3.9500637564362098,0,0,https://sex-studentki.cafe
99,0,0,0,2,1,1,0,0,0.13131313131313133,0,0,6,0,76,0,0,5.214658514541113,0,1,https://docs.google.com/forms/d/e/1FAIpQLSft7PEJQXwXtty1273WHkexm4k-2E1wzu5wx2WHd3gmz2nmjA/viewform
22,0,0,0,3,1,1,0,0,0.0,0,0,2,0,0,0,0,3.6635327548042547,0,0,https://docs.tn.com.ar
39,0,0,0,2,1,1,0,0,0.0,0,0,11,0,1,0,0,4.233618885307021,0,1,https://credixfinanzas.webcindario.com/
23,0,0,0,2,1,1,0,0,0.0,0,0,3,0,7,0,0,3.795088586397732,0,1,https://l.ead.me/bgbdgR
41,0,0,0,2,1,1,0,0,0.07317073170731707,0,1,4,0,6,1,0,4.454636150748477,0,0,https://docs.js7k.com/watch?v=dQw4w9WgXcQ
33,0,0,0,2,1,1,0,0,0.0,0,0,8,0,5,0,0,3.7259160889243037,0,0,https://support.adspower.net/news
38,0,0,0,2,1,1,0,0,0.0,0,0,15,0,4,0,0,4.050301855434982,0,0,https://support.microsoftonline.us/faq
37,0,0,0,1,0,1,0,0,0.02702702702702703,0,0,5,0,20,0,0,4.023661393171458,0,0,https://dnse4.com/category/news/today
25,0,0,0,2,1,1,0,0,0.0,0,0,3,0,1,0,0,3.813660689688186,0,1,https://gospolum.web.app/
175,0,0,0,2,1,1,0,0,0.10857142857142857,0,5,6,0,108,3,0,5.547041738258693,0,1,https://docs.google.com/presentation/d/e/2PACX-1vRmFNp08Qscbz-qd87pgEQrKyzaI1402nGDJEqfap6MSHOApO-2Xz9IUoEMDpg-0zEnVXPvDXFwxg5p/pub?start=false&amp;loop=false&amp;delayms=3000
40,0,0,0,1,0,1,0,0,0.0,0,0,12,0,16,0,0,4.134183719779189,0,0,https://shahrekhabar.com/in/profile-name
42,0,0,0,2,1,1,0,0,0.35714285714285715,0,0,7,0,20,0,0,4.2072117677593,0,1,https://eu.jotform.com/app/252522175950355
40,0,0,0,2,1,1,0,0,0.0,0,0,6,0,20,0,0,3.9653115322251025,0,0,https://en.google.cz/conditions/diabetes
54,0,0,0,2,1,1,0,0,0.0,0,1,6,0,7,1,0,4.199086234231157,0,0,https://www.arcgis.com/search?q=cybersecurity+research
33,0,0,0,2,1,1,0,0,0.0,0,0,13,0,0,0,0,3.98319563424773,0,0,https://support.exlibrisgroup.com
23,0,0,0,1,0,1,0,0,0.043478260869565216,0,0,4,0,8,0,0,3.903359238383517,0,1,https://qrco.de/0utlook
27,0,0,0,1,0,1,0,0,0.0,0,0,14,0,1,0,0,3.6484318362032013,0,1,https://thebabytheater.com/
37,0,0,0,1,0,1,0,0,0.0,0,0,2,0,24,0,0,3.826716623501108,0,0,https://hf.co/docs/forms/d/e/viewform
42,0,0,0,2,1,1,0,0,0.047619047619047616,0,0,11,0,1,0,0,4.168886994558423,0,1,https://domappcheckomeg25.firebaseapp.com/
47,0,0,0,2,1,1,0,0,0.0,0,0,9,0,21,0,0,4.104823628541092,0,0,https://docs.heytapimg.com/terms-and-conditions
26,0,0,0,2,1,1,0,0,0.0,0,0,5,0,4,0,0,3.8441065448145384,0,0,https://blog.jstor.org/faq
34,0,0,0,2,1,1,0,0,0.0,0,0,11,0,1,0,0,3.9398290174664017,0,1,https://posten-at.firebaseapp.com/
22,0,0,0,1,0,1,0,1,0.09090909090909091,0,0,3,0,8,0,0,3.788754913993503,0,1,https://bit.ly/3AGoyt2
36,0,0,0,1,0,1,0,0,0.0,0,0,8,0,16,0,0,4.125212766041289,0,0,https://evergage.com/in/profile-name
26,0,0,0,2,1,1,0,0,0.0,0,0,10,0,0,0,0,3.979097891134805,0,0,https://www.sahibinden.com
40,0,0,1,3,1,1,0,0,0.125,0,0,9,0,14,0,0,4.515311532225103,0,0,https://en.awsdns-46.co.uk/dp/B08N5WRWNW
50,0,0,0,3,1,1,0,0,0.0,0,0,7,0,21,0,0,4.079079570624175,0,0,https://support.jorudan.co.jp/terms-and-conditions
33,0,0,1,2,0,1,0,0,0.0,0,0,11,0,10,0,0,4.101381529092886,0,1,https://drive-cloud.app/index.php
26,0,0,0,2,1,1,0,0,0.0,0,0,6,0,1,0,0,3.7671834678914613,0,1,https://horame.vercel.app/
24,0,0,0,3,1,1,0,0,0.0,0,0,5,0,0,0,0,3.8868421881310113,0,0,https://docs.gnavi.co.jp
34,0,0,0,2,1,0,0,0,0.0,0,0,5,0,1,0,0,3.771142620598473,0,1,http://dashboards-dapps.pages.dev/
59,0,0,2,2,1,1,0,0,0.13559322033898305,0,0,30,0,0,0,0,4.521953643641606,0,1,https://allegrolokalne.pl-ogloszenie-prywatne73636284.click
40,0,0,0,1,0,1,0,0,0.05,0,0,14,0,14,0,0,4.303055907333276,0,1,https://kontoensurance.net/privacy/O21dU
30,0,0,0,2,1,1,0,0,0.0,0,0,7,0,1,0,0,3.831401845392172,0,1,https://apollonweb.webflow.io/
54,0,0,0,2,1,1,0,0,0.0,0,1,7,0,7,1,0,4.203987391758757,0,0,https://en.huanqiu.com/search?q=cybersecurity+research
40,0,0,0,1,0,1,0,0,0.125,0,0,8,0,20,0,0,4.272573883611435,0,0,https://afternic.com/products/item/10293
35,0,0,0,1,0,1,0,0,0.02857142857142857,0,0,6,0,17,0,0,3.807435516759526,0,1,https://linkin.bio/onlinekvish6-il/
31,0,0,0,2,1,0,0,0,0.0,0,0,7,0,0,0,0,4.220167681284828,0,1,http://bbvanet-cash.duckdns.org
22,0,0,0,1,0,1,0,0,0.0,0,0,4,0,7,0,0,4.0614821867207755,0,1,https://qrco.de/bfPPyw
26,0,0,0,1,0,1,0,0,0.0,0,0,9,0,5,0,0,3.95006375643621,0,0,https://survicate.com/help
27,0,0,0,2,1,1,0,0,0.0,0,0,4,0,3,0,0,3.930270372293453,0,1,https://finessa.xcvz.cam/za
35,0,0,1,2,1,1,0,0,0.0,0,0,5,0,15,0,0,4.229003731107054,0,0,https://en.sc-gw.com/privacy-policy
43,0,0,0,2,1,1,0,0,0.0,0,0,7,0,20,0,0,3.89430422026193,0,0,https://www.tameteo.com/category/news/today
33,0,0,0,2,1,1,0,0,0.0,0,0,7,0,6,0,0,4.066677073707229,0,0,https://support.lgdacom.net/login
54,0,0,0,3,2,1,0,0,0.2777777777777778,0,0,7,0,1,0,0,4.454168410357403,0,1,https://61f0c7ab.597f2b0bd2ee11be5dc06abd.workers.dev/
17,0,0,0,1,0,1,0,0,0.0,0,0,6,0,0,0,0,3.3371753411230767,0,0,https://semana.es
69,0,0,0,3,1,1,0,0,0.0,1,0,13,0,27,0,0,4.337321566798972,0,1,https://kandtnlkppenkomm.flywheelsites.com//Peaopelsach/Hardaoui.html
31,0,0,0,2,1,1,0,0,0.0,0,0,10,0,6,0,0,3.84888461662912,0,0,https://en.photofolio.com/about
34,0,0,0,2,1,1,0,0,0.0,0,0,6,0,1,0,0,3.973512753576009,0,1,https://secureerallycu.weebly.com/
71,0,0,0,1,0,1,0,0,0.23943661971830985,0,0,5,0,55,0,0,4.516899804125849,0,1,https://prezo.ai/public/new-prezo--0adb545b-a52c-4940-a4ce-ab9614aea6e8
109,0,0,0,3,1,0,0,0,0.07339449541284404,0,0,6,0,81,0,0,5.4486471691885905,0,1,http://indreamtech.github.io/waybillkr_UJOAGCTZY6z7zJSWAdEouaxShQZiD2C0HcUJs43ohCF6jkTT3uRFPZW_cryptech.shtml
42,0,0,0,2,1,1,0,0,0.0,0,0,6,0,20,0,0,4.034709089239382,0,0,https://docs.yandex.uz/conditions/diabetes
175,0,0,0,2,1,1,0,0,0.09714285714285714,0,5,6,0,108,3,0,5.71978398786912,0,1,https://docs.google.com/presentation/d/e/2PACX-1vSgYxQ6KtCjxy6D7HV1-BkOIruI56Qv3azhdLw-bWAdlzFsDXccR3UTmXF9RMrrZ8AYlYgJkjcH5EQ_/pub?start=false&amp;loop=false&amp;delayms=3000
40,0,0,0,2,1,1,0,0,0.025,0,0,8,0,1,0,0,4.006198332810095,0,1,https://mestertignseekjet6.blogspot.com/
43,0,0,0,2,1,1,0,0,0.0,0,0,5,0,21,0,0,4.22220806840402,0,0,https://blog.pages.dev/terms-and-conditions
26,0,0,0,2,1,1,0,0,0.0,0,0,5,0,5,0,0,3.6423714487439023,0,0,https://www.depop.com/help
32,0,0,0,2,1,1,0,0,0.0625,0,0,6,0,1,0,0,4.241729296672175,0,1,https://xfincommse14.weebly.com/
52,0,0,0,3,1,1,0,0,0.0,0,1,3,0,7,1,0,4.139699035524333,0,0,https://en.yna.co.kr/search?q=cybersecurity+research
24,0,0,0,2,1,1,0,0,0.0,0,0,8,0,0,0,0,3.720175521464345,0,0,https://www.wshareit.com
24,0,0,0,1,0,1,0,0,0.0,0,0,7,0,5,0,0,3.7720552088742005,0,0,https://cengage.com/news
46,0,0,0,3,1,1,0,0,0.043478260869565216,0,1,2,0,2,1,1,4.381620107948734,0,1,https://l.wl.co/l?u=https://qr-codes.io/EjT49j
232,0,0,0,2,1,1,0,0,0.09482758620689655,0,5,5,0,9,2,0,5.7721939500139765,0,1,https://kleinanzeigen.wlrsj.com/77840318?mail=W0NBVENIXQ==&meta=rlWjMKWwLJ50LJqyVwb1YPWhLJ1yVwbvKUHlAzRkKUIzMGOzVRAuqTAbGJHtGJScoTIlVvjvL2uuqS9cMPV6YGRjZQV5BQLkZmt0ZGNfVaAypaMcL2HvBvWeoTIcozShrzIcM2IhVvjvqUyjMFV6VzAuqTAboJIsoJScoPW9
47,0,0,0,2,1,1,0,0,0.0425531914893617,0,1,10,0,6,1,0,4.420882202419248,0,0,https://docs.deviantart.net/watch?v=dQw4w9WgXcQ
26,0,0,0,1,0,1,0,0,0.0,0,0,10,0,4,0,0,3.796217602590056,0,0,https://apartments.com/faq
27,0,0,0,1,0,1,0,0,0.0,0,0,10,0,5,0,0,3.9582291686698783,0,0,https://didiglobal.com/help
42,0,0,0,2,1,1,0,0,0.16666666666666666,0,0,7,0,8,0,0,4.510899565429859,0,1,https://b8ef3765b4acd4.wixsite.com/my-site
175,0,0,0,2,1,1,0,0,0.10857142857142857,0,5,6,0,108,3,0,5.552512380573218,0,1,https://docs.google.com/presentation/d/e/2PACX-1vSjaPjsTqrA413gChHv7o_DZEHCxFHCEhewPdxG27we5da8LM2z4IQHr21DHEFttxfXdXZGWouW1yMQ/pub?start=false&amp;loop=false&amp;delayms=3000
23,0,0,0,2,1,1,0,0,0.043478260869565216,0,0,3,0,7,0,0,3.9690016298759927,0,1,https://l.ead.me/bfKlL8
36,0,0,0,2,1,1,0,0,0.0,0,0,6,0,1,0,0,4.0067499186387785,0,1,https://telstrraserviice.weebly.com/
36,0,0,0,2,1,1,0,0,0.0,0,0,3,0,1,0,0,4.065079515030719,0,1,https://usajobsearchservifr.web.app/
28,0,0,0,2,1,1,0,0,0.0,0,0,7,0,4,0,0,3.9677201004744993,0,0,https://blog.wantgoo.com/faq
49,0,0,0,2,1,1,0,0,0.04081632653061224,0,1,9,0,6,1,0,4.624315456095192,0,0,https://support.riskified.com/watch?v=dQw4w9WgXcQ
28,0,0,0,2,1,1,0,0,0.0,0,0,7,0,5,0,0,3.842370993177109,0,0,https://www.samsung.com/home
25,0,0,0,2,1,1,0,0,0.0,0,0,6,0,1,0,0,3.863465189601647,0,1,https://msuil.vercel.app/
38,0,0,0,2,1,1,0,0,0.10526315789473684,0,0,4,0,14,0,0,4.240962710641206,0,0,https://support.s8ey.com/dp/B08N5WRWNW
46,0,0,0,1,0,1,0,0,0.0,0,0,10,0,24,0,0,4.074191641642728,0,0,https://crystalbet.com/docs/forms/d/e/viewform
29,0,0,0,1,0,1,0,0,0.0,0,0,2,0,16,0,0,3.9783335811852636,0,0,https://yp.to/in/profile-name
41,0,0,0,2,1,1,0,0,0.0,0,0,5,0,20,0,0,4.141105590449127,0,0,https://blog.mycdn.me/category/news/today
53,0,0,0,2,1,1,0,0,0.03773584905660377,0,0,5,0,1,0,0,4.456522756728215,0,1,https://sp1ct6-slortek-biz-plovnix-fraplor.pages.dev/
62,0,0,0,3,1,1,0,0,0.3870967741935484,0,0,2,0,11,0,0,4.700186536808578,0,1,https://pub-85772d18b23c40c9b8d555b27d3161f2.r2.dev/index.html
38,0,0,0,2,0,1,0,0,0.07894736842105263,0,0,14,0,12,0,0,4.251235329734975,0,1,https://primeamzabo015.pro/loading.php
26,0,0,0,2,1,1,0,0,0.0,0,0,5,0,4,0,0,3.873140679513133,0,0,https://docs.gtimg.com/faq
43,0,0,0,2,1,1,0,0,0.0,0,0,7,0,20,0,0,3.9612945579650987,0,0,https://www.vtwenty.com/category/news/today
48,0,0,0,2,1,1,0,0,0.0625,0,0,5,0,1,0,0,4.579448698502606,0,1,https://sp19ct7-duref-biz-koren-lamis.pages.dev/
22,0,0,0,1,0,1,0,1,0.09090909090909091,0,0,3,0,8,0,0,3.8110378683422788,0,1,https://bit.ly/49yRSPy
36,0,0,0,2,1,1,0,0,0.0,0,0,16,0,5,0,0,3.9193819456463714,0,0,https://en.languagetoolplus.com/home
42,0,0,0,2,1,1,0,0,0.0,0,0,21,0,6,0,0,4.044003363657554,0,0,https://en.expediapartnercentral.com/login
47,0,0,0,2,1,1,0,0,0.0,0,0,10,0,21,0,0,4.147376820030454,0,0,https://blog.protothema.gr/terms-and-conditions
190,0,0,0,3,1,1,0,0,0.07894736842105263,0,7,6,0,108,4,0,5.569084129640045,0,1,https://docs.google.com/presentation/d/e/2PACX-1vQDrd6L2UGSLY4RGcNVNtDNwifRrBc7tvtpAYzvDbUreNum7kOx3Au_9MRO-oPBKITD-1UKp-MySU2s/pub?start=false&amp;loop=false&amp;delayms=3000&amp;slide=id.p
35,0,0,0,2,1,1,0,0,0.0,0,0,5,0,13,0,0,3.8290037311070537,0,0,https://docs.crcdn.pro/r/technology
39,0,0,0,2,1,1,0,0,0.0,0,0,9,0,1,0,0,4.23105823222728,0,1,https://vocmgjenxcmg.sparkasse.website/
56,0,0,0,3,1,1,0,0,0.0,0,1,20,0,17,0,0,4.260405092002413,0,1,https://www.archaicintrogression.cfd/gatway/check.php?r=
175,0,0,0,2,1,1,0,0,0.10285714285714286,0,5,6,0,108,3,0,5.512704010516543,0,1,https://docs.google.com/presentation/d/e/2PACX-1vRAJ6pANiiXwiMhKrC1dAXOu6ooXaQpKvqFXN5WzwmuprHU55o_xJv1npG-F9yAr3MP5rWFRZsY1Zc6/pub?start=false&amp;loop=false&amp;delayms=3000
23,0,0,0,2,1,1,0,0,0.0,0,0,2,0,0,0,0,3.762267390651494,0,0,https://support.go.link
23,0,0,0,2,1,1,0,0,0.0,0,0,3,0,7,0,0,3.9690016298759927,0,1,https://l.ead.me/bfbOYc
30,0,0,0,2,1,1,0,0,0.0,0,0,6,0,8,0,0,3.6565647621309543,0,0,https://docs.ahacdn.me/contact
58,0,0,0,4,2,1,0,0,0.13793103448275862,0,1,3,0,15,1,0,4.61076209120279,0,1,https://www.icmktg.n0c.world/9gMo0-wero/bk/?montant=121.50
39,0,0,0,2,1,1,0,0,0.15384615384615385,0,0,6,0,1,0,0,4.2336188853070205,0,1,https://gray-portion-714077.framer.app/
19,0,0,0,1,0,1,0,0,0.0,0,0,7,0,0,0,0,3.471354487013929,0,0,https://philips.com
49,0,0,0,1,0,1,0,0,0.12244897959183673,0,0,8,0,30,0,0,4.402789885232471,0,0,https://weborama.fr/article/2026/05/global-update
53,0,0,0,2,1,1,0,0,0.11320754716981132,0,0,5,0,1,0,0,4.684822105220855,0,1,https://ycgvh2ekqlo-pjbrqlos-6c5d1a-ycg33w.pages.dev/
22,0,0,0,2,1,1,1,0,0.0,0,0,6,0,0,0,0,3.73215889136457,0,1,https://web.tegxmd.top
45,0,0,0,2,1,1,0,0,0.1111111111111111,0,0,10,0,20,0,0,4.3011017868747,0,0,https://en.teamviewer.com/products/item/10293
93,0,0,0,6,1,1,0,0,0.26881720430107525,0,22,2,0,8,1,0,4.495586731468471,0,1,https://pub-7e9b0498031e4628813e14d54be50f5f.r2.dev/o2f.htm?e=v******.g***@s***********.c*.uk
29,0,0,1,2,1,1,0,0,0.0,0,0,8,0,4,0,0,4.1162646156680225,0,0,https://docs.e-hentai.org/faq
52,0,0,0,2,1,1,0,0,0.0,0,1,3,0,7,1,0,4.265759738638635,0,0,https://docs.lww.com/search?q=cybersecurity+research
21,0,0,1,1,0,1,0,0,0.0,0,0,9,0,0,0,0,3.7849418274376427,0,0,https://musics-fa.com
32,0,0,0,2,1,1,0,0,0.0,0,0,11,0,5,0,0,4.202819531114783,0,0,https://www.bizjournals.com/news
39,0,0,0,2,1,1,0,0,0.07692307692307693,0,0,8,0,14,0,0,4.23105823222728,0,0,https://docs.yastatic.net/dp/B08N5WRWNW
23,0,0,0,1,0,1,0,0,0.08695652173913043,0,0,5,0,6,0,0,3.9690016298759927,0,1,https://lihi1.com/LWk2s
35,0,0,0,2,1,0,0,0,0.37142857142857144,0,0,13,0,1,0,0,4.436006945330955,0,1,http://allegro.9723781284076.click/
35,0,0,0,2,1,1,0,0,0.0,0,0,7,0,8,0,0,3.886884632505994,0,0,https://support.vidoomy.com/contact
30,0,0,0,2,1,1,0,0,0.0,0,0,10,0,0,0,0,3.964735178725505,0,0,https://support.monetixads.com
38,0,0,0,2,1,1,0,0,0.0,0,0,15,0,6,0,0,4.115834092163221,0,0,https://blog.fortnitetracker.com/about
36,0,0,0,1,0,1,0,0,0.05555555555555555,0,1,5,0,6,1,0,4.5514621540398,0,0,https://nixys.ru/watch?v=dQw4w9WgXcQ
44,0,0,0,2,1,1,0,0,0.0,0,0,18,0,1,0,0,3.9645580388459942,0,1,https://onlineacceso.cuidamostubolsillo.com/
29,0,0,0,2,1,1,0,0,0.0,0,0,9,0,5,0,0,3.728502115742625,0,0,https://www.cometchat.io/news
50,0,0,0,1,0,1,0,0,0.0,0,1,6,0,7,1,0,4.151789011092169,0,0,https://disqus.com/search?q=cybersecurity+research
46,0,0,1,2,0,1,0,0,0.0,0,0,24,0,10,0,0,4.104339944858224,0,1,https://primevideo-remboursement.com/index.php
30,0,0,0,2,1,1,0,0,0.03333333333333333,0,0,9,0,4,0,0,4.01506101220307,0,0,https://blog.erothots1.com/faq
29,0,0,1,1,0,1,0,0,0.0,0,0,16,0,1,0,0,3.9093680639438846,0,1,https://commande-maladie.com/
36,0,0,0,3,1,1,0,0,0.0,0,0,12,0,6,0,0,4.17619062614183,0,0,https://en.mercadolivre.com.br/login
40,0,0,0,2,1,1,0,0,0.0,0,0,4,0,21,0,0,4.127567157116929,0,0,https://www.bigo.sg/terms-and-conditions
27,0,0,0,1,0,1,0,0,0.0,0,0,7,0,8,0,0,3.782122224145305,0,0,https://fmkorea.com/contact
33,0,0,0,1,0,1,0,0,0.0,0,0,7,0,15,0,0,4.104407755459851,0,0,https://hotnews.ro/privacy-policy
41,0,0,0,2,1,1,0,0,0.0,0,0,5,0,20,0,0,4.037089431754239,0,0,https://blog.hitta.se/category/news/today
33,0,0,0,2,1,1,0,0,0.0,0,0,5,0,0,0,0,4.210764573772789,0,1,https://multibac-verify.iceiy.com
34,0,0,0,2,1,1,0,0,0.08823529411764706,0,0,3,0,1,0,0,4.359377914716119,0,1,https://musicplayer-fc659.web.app/
42,0,0,0,2,1,1,0,0,0.14285714285714285,0,0,6,0,1,0,0,4.252453066090017,0,1,https://bright-feel-911861.framer.website/
42,0,0,0,2,1,1,0,0,0.0,0,0,6,0,1,0,0,4.225185279715573,0,1,https://connexionagroparistech.weebly.com/
23,0,0,0,1,0,1,0,1,0.043478260869565216,0,0,1,0,11,0,0,4.110093477608015,0,1,https://t.co/fXwTAdLBb6
175,0,0,0,2,1,1,0,0,0.09714285714285714,0,5,6,0,108,3,0,5.575724881165287,0,1,https://docs.google.com/presentation/d/e/2PACX-1vRINqib2EcMozgNXNzGTuXph2rIe0C1TaUgE-6ErXBzWjjWrbXpnQyzgY6uOrhjGk2O5Fvq7qyM64Jq/pub?start=false&amp;loop=false&amp;delayms=3000
26,0,0,0,2,1,1,0,0,0.0,0,0,10,0,0,0,0,3.8441065448145384,0,0,https://www.dreamstime.com
190,0,0,0,3,1,1,0,0,0.12631578947368421,0,7,6,0,108,4,0,5.575758866924996,0,1,https://docs.google.com/presentation/d/e/2PACX-1vR39-lR27l9G7BFI8C_RZ-20y9woIXBvkbmpxGs-mXnjFh4UO4Uk5TfA8PREAyz6fuHEg4cKre02pKk/pub?start=false&amp;loop=false&amp;delayms=3000&amp;slide=id.p
146,0,0,0,3,1,1,0,0,0.04794520547945205,0,7,6,0,64,4,0,5.26666524819728,0,1,https://docs.google.com/presentation/d/1XGlKM-L-yjBG9dmcGxjRL4-sCRzOYswZqrECHIGYpwk/pub?start=false&amp;loop=false&amp;delayms=3000&amp;slide=id.p
35,0,0,0,2,1,1,0,0,0.0,0,0,5,0,5,0,0,3.7287244452691413,0,0,https://support.opera.software/home
37,0,0,0,2,1,0,0,0,0.02702702702702703,0,0,16,0,1,0,0,4.229327351940021,0,1,http://wildcard.hanefra7bikiemta.com/
23,0,0,0,2,1,1,0,0,0.0,0,0,3,0,7,0,0,3.9690016298759927,0,1,https://l.ead.me/bgbfnI
38,0,0,0,2,1,1,1,0,0.15789473684210525,0,0,9,0,1,0,0,4.260828171224455,0,1,https://allegrolokalnie.121she131.xyz/
22,0,0,0,1,0,1,0,0,0.0,0,0,5,0,5,0,0,3.7544418457133455,0,0,https://unece.org/help
42,0,0,0,2,1,1,0,0,0.0,0,0,9,0,6,0,0,4.236857303422075,0,1,https://guidecdn-ldgre.wixstudio.com/us-en
22,0,0,0,2,1,1,0,0,0.18181818181818182,0,0,6,0,0,0,0,3.788754913993503,0,1,https://www.ac8955.com
18,0,0,0,2,1,1,0,0,0.0,0,0,3,0,0,0,0,3.4613201402110083,0,0,https://www.ria.ru
25,0,0,0,1,0,1,0,0,0.08,0,0,4,0,9,0,0,4.053660689688186,0,1,https://hotm.art/kOD0HuY5
174,0,0,0,2,1,1,0,0,0.10919540229885058,0,5,6,0,108,3,0,5.515670402305627,0,1,https://docs.google.com/presentation/d/e/2PACX-1vQu3qE2eFSpdh84GaAEsZPIuE7k8lE9manpzxv5iTLixVI27Dmfencr5te2mNUp2y_yVoaxPSdqN_JQ/pub?start=true&amp;loop=false&amp;delayms=3000
66,0,0,0,2,1,1,0,0,0.06060606060606061,0,1,6,0,7,1,0,5.100990141987387,0,1,https://podatki-qnu.poldsr.com/jerai/?token=2vPQNU5VxOjrK2VZvnFm1L
51,0,0,0,2,1,1,0,0,0.11764705882352941,0,0,6,0,30,0,0,4.4392125382542185,0,0,https://en.nypost.com/article/2026/05/global-update
24,0,0,0,1,0,1,0,0,0.0,0,0,12,0,0,0,0,3.8553885422075336,0,1,https://gymnasticsfy.com
131,0,0,0,2,1,1,0,0,0.09923664122137404,0,5,6,0,64,3,0,5.3439320661752205,0,1,https://docs.google.com/presentation/d/1bFw784Cgk6oMqIlKShjFFLR8PYZvKK5awC7P0WsNjTk/pub?start=false&amp;loop=false&amp;delayms=3000
33,0,0,0,1,0,1,0,0,0.0,0,0,13,0,8,0,0,3.957294029027326,0,0,https://usgovcloudapi.net/contact
23,0,0,0,2,1,1,0,0,0.0,0,0,6,0,0,0,0,3.5555331514269954,0,0,https://docs.iscorp.com
25,0,0,0,2,1,1,0,0,0.0,0,0,4,0,5,0,0,3.813660689688186,0,0,https://docs.sbis.ru/help
52,0,0,0,1,0,1,0,0,0.057692307692307696,0,1,9,0,7,1,0,4.265759738638635,0,0,https://office365.us/search?q=cybersecurity+research
22,0,0,0,1,0,1,0,1,0.18181818181818182,0,0,3,0,8,0,0,4.027169118440618,0,1,https://bit.ly/48K2z1m
35,0,0,0,2,1,1,0,0,0.0,0,0,3,0,1,0,0,3.95729587384057,0,1,https://gurugeniswhoperish.web.app/
43,0,0,0,2,1,1,0,0,0.11627906976744186,0,0,7,0,20,0,0,4.376976022637825,0,0,https://www.gshifen.com/products/item/10293
33,0,0,0,1,0,1,0,0,0.06060606060606061,0,0,5,0,16,0,0,4.354852073838349,0,1,https://kqlyp.com/view/8v9mKweuBw
25,0,0,1,1,0,1,0,0,0.2,0,0,12,0,1,0,0,4.103465189601647,0,1,https://myprim-47291.com/
117,0,0,0,2,1,1,0,0,0.15384615384615385,0,0,18,0,69,0,0,4.672769923480704,0,1,https://allegrolokalnie.ofetalokana5728282.click/oferta/PS5-Pro-2TB-z-kontrolerem-i-oryginalnym-opakowaniem/628633725
41,0,0,0,2,1,1,0,0,0.0,0,0,6,0,20,0,0,3.9852431629963663,0,0,https://www.redwap.me/conditions/diabetes
36,0,0,1,2,1,1,0,0,0.027777777777777776,0,0,6,0,5,0,0,4.0724312513221195,0,1,https://register-gov.ap-my1.com/trg/
43,0,0,0,2,1,1,0,0,0.0,0,0,11,0,1,0,0,4.016283580676733,0,1,https://vesrsionpluspropre.firebaseapp.com/
21,0,0,1,1,0,1,0,0,0.047619047619047616,0,0,3,0,7,0,0,3.8442328987631917,0,1,https://q-r.to/bgbM1W
28,0,0,0,2,1,1,0,0,0.03571428571428571,0,0,7,0,5,0,0,3.8248629576173565,0,0,https://blog.hdhub4u.cl/help
35,0,0,0,2,1,1,0,0,0.0,0,0,11,0,1,0,0,4.128724445269142,0,1,https://cmouknirea.firebaseapp.com/
56,0,0,0,2,1,1,0,0,0.0,0,1,7,0,7,1,0,4.343991763091994,0,0,https://blog.wattpad.com/search?q=cybersecurity+research
33,0,0,0,2,1,1,0,0,0.0,0,0,6,0,9,0,0,3.858957286668643,0,1,https://brt.oqubru.click/track/it
22,0,0,0,2,1,1,0,0,0.0,0,0,7,0,0,0,0,3.8796640049025943,0,0,https://en.walmart.com
54,0,0,0,2,0,0,0,0,0.037037037037037035,0,0,12,0,31,0,0,4.187680270995123,0,1,http://optikgeneral.com/Webmail/18/Webmail/webmail.php
190,0,0,0,3,1,1,0,0,0.1,0,7,6,0,108,4,0,5.533150489109329,0,1,https://docs.google.com/presentation/d/e/2PACX-1vQGmH6jb-7-JvY4BFfBqln7h0t1-ysjY06aj5rwEpb1HfZf_twgQUVfkcbcO9W2vlksysmTc-8K-_wZ/pub?start=false&amp;loop=false&amp;delayms=3000&amp;slide=id.p
31,0,0,0,2,1,1,0,0,0.0,0,0,5,0,6,0,0,3.9535656649464275,0,0,https://support.tibia.com/login
104,0,0,4,3,1,1,0,0,0.34615384615384615,0,0,36,0,41,0,0,4.66169821987018,0,1,https://lmqlrgbazreg.ca6a8b74-32ac-45ea-84f0-fb607b8789ab.click/64cde040-2235-45be-a3f6-4dcd6c886dbe.php
67,0,0,0,3,1,1,0,0,0.34328358208955223,0,1,2,0,16,0,0,4.8176005264018835,0,1,https://pub-57e71bdce0c3497aa0db18233002d2bf.r2.dev/link%20(2).html
23,0,0,0,1,0,1,0,0,0.0,0,0,7,0,5,0,0,3.762267390651494,0,0,https://zalando.nl/news
52,0,0,0,1,0,1,0,0,0.19230769230769232,0,1,8,0,14,1,0,4.818241583892492,0,1,https://szsansin.com/uid_477063630?ticket=COIJytE3Gu
28,0,0,0,1,0,1,1,0,0.0,0,0,9,0,6,0,0,4.012188403968661,0,0,https://iqzonertb.live/login
29,0,0,0,2,1,1,0,0,0.0,0,0,10,0,5,0,0,3.8312762533752496,0,0,https://en.skyscanner.it/help
40,0,0,1,2,1,1,0,0,0.025,0,0,7,0,15,0,0,4.471928094887363,0,1,https://wyeud.m-pages.com/UH2QEZ/yugfsws
23,0,0,0,2,1,1,0,0,0.0,0,0,3,0,7,0,0,3.9690016298759927,0,1,https://l.ead.me/bgbIfE
762,0,0,0,4,2,1,0,0,0.2388451443569554,0,25,3,0,7,5,0,5.926457566683908,0,1,https://hejhs8hbb.cc.rs6.net/tn.jsp?f=001tF4FIf9K-wdngKpsnSesrLJh2DmPO98NsQ62peCbYh2nOdjNaZqR23MGdBSh6iLA9ahyXHoCIpt9M64ufczi8JyRVruyTLJ6QIkUUu85jExaggoISbTih30B3VhISQT-GHK2j9m-JUzjo7o2Z0cNBh8I5g2j--kHEh7S6iIMfzeXLAHov2K8Py-Ky0Nw_wKElrI1n9VQXQKeFM_zr_nSJduFvcXiA90AFSE3YbZCXkeKHS-byPiSjGSy9Rl0c7O7ZNemJQn7Ib6K3joCnpgJPckfXk-zQ0k5uKS6RMVmZqZKcOkKSjWnEu9AGdxz1d0Pe3heBFa2UZM=&amp;c=aVkHJBEBmGKsrba2z9mu-G1vtdU6uTK-VcYV4L63Bh4WXuIKDQJMIQ==&amp;ch=pP0H-BJa8mgqlJyqDHaIcF36hBQrWCwA8DASfhPgHs5lmMueLyLpmQ==&amp;ses=f6YUPkIITXv66jn6xFuoE2mUES5RST2CSXAgg5MTWTlNN78OnOLbAg==&amp;cr=988b3d4b-cdbb-4d11-91c2-422e3a328820%23af64b9e7-3eed-44df-ad76-a704101ca16f%238b842a1c-1be8-4a84-b92e-ef0830c62394%23ctct%3Adp%3Armf%238e7ba9c2-7506-4095-aa46-e84961736104%23ctct%3Adp%3Armf
21,0,0,0,1,0,1,0,0,0.047619047619047616,0,0,5,0,5,0,0,3.880179922675738,0,1,https://lkdin.io/4FUl
175,0,0,0,2,1,1,0,0,0.06857142857142857,0,5,6,0,108,3,0,5.5593044990313185,0,1,https://docs.google.com/presentation/d/e/2PACX-1vSYUR2MyNlIaBXgASTquj_qalkEawhhnoyd25fWEjub2OkbXdoZXKsGbEVifPhxyMedux16uQNFNeDa/pub?start=false&amp;loop=false&amp;delayms=3000
29,0,0,0,2,1,1,0,0,0.0,0,0,4,0,5,0,0,3.814371943179627,0,0,https://support.cpan.org/home
32,0,0,0,2,1,1,0,0,0.0,0,0,10,0,5,0,0,3.7417292966721747,0,0,https://docs.betterhelp.com/help
21,0,0,1,1,0,1,0,0,0.0,0,0,3,0,7,0,0,3.939470994001287,0,1,https://q-r.to/bfMeNm
40,0,0,0,2,1,1,0,0,0.075,0,0,9,0,14,0,0,4.265311532225103,0,0,https://docs.zdnscloud.net/dp/B08N5WRWNW
30,0,0,0,2,1,1,0,0,0.0,0,0,3,0,1,0,0,3.831401845392172,0,1,https://ttuhichqhbnmb.web.app/
37,0,0,0,2,1,1,0,0,0.08108108108108109,0,0,7,0,14,0,0,4.2629790410707376,0,0,https://www.emarsys.net/dp/B08N5WRWNW
77,0,0,0,2,1,0,0,0,0.14285714285714285,0,0,8,0,42,0,0,4.405536704628002,0,1,http://allegrolokalnie.82357823.lol/oferta/ps5---disc-edition-playstation-5-2
99,0,0,0,2,1,1,0,0,0.09090909090909091,0,0,6,0,76,0,0,5.167638089974915,0,1,https://docs.google.com/forms/d/e/1FAIpQLSftFVetwJFEHdrkPdmJiKYL67sw6Y92iU1hL7hAs5sXCWISlg/viewform
47,0,0,0,2,1,1,0,0,0.0,0,0,6,0,1,0,0,4.181624489699322,0,1,https://airmilesrewardsserviceoauth.weebly.com/
47,0,0,0,2,1,1,0,0,0.0,0,0,10,0,20,0,0,3.9381171825066352,0,0,https://docs.coupangcdn.com/conditions/diabetes
40,0,0,0,2,1,1,0,0,0.0,0,0,12,0,13,0,0,4.115311532225102,0,0,https://en.outlookindia.com/r/technology
31,0,0,0,2,1,1,0,0,0.0,0,0,11,0,4,0,0,3.8890495359141695,0,0,https://www.fastcompany.com/faq
49,0,0,0,2,1,1,0,0,0.12244897959183673,0,0,4,0,30,0,0,4.377379426092949,0,0,https://en.nest.com/article/2026/05/global-update
34,0,0,0,2,1,1,0,0,0.17647058823529413,0,0,13,0,0,0,0,4.138502179294739,0,1,https://allegro.popka29129hh5.beer
22,0,0,0,1,0,1,0,0,0.0,0,0,4,0,7,0,0,3.970573095811685,0,1,https://qrco.de/bgaaeF
130,0,0,1,2,1,1,0,0,0.16923076923076924,0,11,7,0,103,0,0,5.342737313828591,0,1,https://tree123.m-pages.com/iAB3rT/btbtbt-eeeoyfQ==%7C40000%7C%7C%7C&sdata=X1/yC8pVapd+aSTDdyv4Dxf/T1KyFjbtyqzE35+98HM=&reserved=0
30,0,0,0,2,1,1,0,0,0.0,0,0,6,0,4,0,0,4.0062389286533895,0,0,https://support.aryion.com/faq
34,0,0,1,1,0,1,0,0,0.0,0,0,21,0,1,0,0,3.9398290174664017,0,1,https://gestion-dossierclient.com/
23,0,0,0,2,1,1,0,0,0.0,0,0,2,0,5,0,0,3.6753108689123635,0,0,https://www.us.org/help
25,0,0,0,1,0,1,0,0,0.0,0,0,6,0,7,0,0,4.053660689688186,0,1,https://myurls.bio/asfdgs
33,0,0,0,1,0,1,0,0,0.06060606060606061,0,0,5,0,16,0,0,4.498939573903908,0,1,https://aagev.com/link/u4Nu4jWBWQ
49,0,0,0,2,1,0,0,0,0.04081632653061224,0,0,5,0,1,0,0,4.43023841519056,0,1,http://sp12ct-kormek-biz-hansor-vardik.pages.dev/
45,0,0,0,3,1,1,0,0,0.044444444444444446,0,1,6,0,6,1,0,4.35586608569048,0,0,https://docs.betway.co.bw/watch?v=dQw4w9WgXcQ
34,0,0,0,1,0,1,0,0,0.08823529411764706,0,0,8,0,14,0,0,4.219528282299547,0,0,https://reserved.com/dp/B08N5WRWNW
34,0,0,0,2,1,1,0,0,0.0,0,0,6,0,13,0,0,3.866587105828959,0,0,https://en.fcomet.com/r/technology
56,0,0,0,3,1,1,0,0,0.0,0,0,4,0,11,0,0,4.184250404386513,0,1,https://creditagricole-reactivation.bolt.host/index.html
26,0,0,1,1,0,1,0,0,0.07692307692307693,0,0,8,0,7,0,0,4.209867121904035,0,1,https://qr-codes.io/J41hKl
23,0,0,0,1,0,1,0,0,0.0,0,0,10,0,1,0,0,3.5013978254341027,0,1,https://northchest.com/
35,0,0,0,2,1,1,0,0,0.0,0,0,10,0,8,0,0,3.854163288856661,0,0,https://docs.spacedaily.com/contact
41,0,0,0,2,1,1,0,0,0.0,0,0,9,0,9,0,0,4.055501322050909,0,1,https://iiotrezsrt.wixstudio.com/site-eng
36,0,0,0,2,1,1,0,0,0.05555555555555555,0,0,12,0,8,0,0,3.816340113853408,0,0,https://docs.pro32connect.ru/contact
29,0,0,0,2,1,1,0,0,0.0,0,0,8,0,5,0,0,3.7193758224153695,0,0,https://www.upmusics.com/home
38,0,0,0,2,1,1,0,0,0.0,0,0,7,0,15,0,0,4.201231789474708,0,0,https://www.harvard.edu/privacy-policy
48,0,0,1,2,1,1,0,0,0.0,0,0,10,0,21,0,0,4.121653522439333,0,0,https://blog.opera-mini.net/terms-and-conditions
26,0,0,0,1,0,1,0,0,0.0,0,0,6,0,8,0,0,3.5944825065194204,0,0,https://spacex.com/contact
39,0,0,0,2,1,1,0,0,0.10256410256410256,0,0,11,0,1,0,0,4.246188756990946,0,1,https://metafb-442nf3o.firebaseapp.com/
35,0,0,0,1,0,1,0,0,0.0,0,0,10,0,13,0,0,4.057575159678482,0,0,https://livestream.com/r/technology
38,0,0,0,2,1,1,0,0,0.0,0,0,8,0,1,0,0,3.9155803954675146,0,1,https://somoscorujasbraz.blogspot.com/
53,0,0,0,2,1,1,0,0,0.11320754716981132,0,0,7,0,30,0,0,4.34519946371142,0,0,https://docs.scopely.io/article/2026/05/global-update
39,0,0,0,2,1,1,0,0,0.0,0,0,3,0,20,0,0,3.9772086288967645,0,0,https://www.gwu.edu/conditions/diabetes
28,0,0,0,2,1,1,0,0,0.0,0,0,6,0,5,0,0,4.066108939837481,0,0,https://blog.safedk.com/help
41,0,0,0,2,0,1,0,0,0.0,0,0,11,0,18,0,0,3.897203151424737,0,1,https://suitedouble.com/home/costs/in.php
37,0,0,0,2,1,1,0,0,0.0,0,0,6,0,15,0,0,4.229327351940021,0,0,https://www.adweek.com/privacy-policy
26,0,0,0,1,0,1,0,1,0.07692307692307693,0,0,7,0,8,0,0,4.132944044980959,0,1,https://rebrand.ly/0wn6aez
229,0,0,1,2,1,1,0,0,0.16593886462882096,0,14,10,1,190,0,0,4.968691679689795,0,1,https://allegrolokalinie.pl-9748927.lol/oferta/smartfon-apple-iphone-16-pro-512gb-pami%C4%99ci-kondycja-baterii-98-dow%C3%B3d-zakupu-polska-dystrybucja-bez-obci%C4%85%C5%BCe%C5%84-kompletny-zestaw-pude%C5%82ko-p%C5%82ock-c8d09161
40,0,0,0,1,0,1,0,0,0.0,0,0,15,0,13,0,0,3.9653115322251025,0,0,https://thebalancemoney.com/r/technology
23,0,0,0,2,1,1,0,0,0.043478260869565216,0,0,3,0,7,0,0,4.0559581516151235,0,1,https://l.ead.me/bgcAJ9
32,0,0,0,2,1,1,0,0,0.0,0,0,4,0,13,0,0,4.077819531114783,0,0,https://www.xsrv.jp/r/technology
41,0,0,0,2,1,1,0,0,0.12195121951219512,0,0,5,0,20,0,0,4.220254675762213,0,0,https://www.bbtec.net/products/item/10293
62,0,0,0,3,1,1,0,0,0.3709677419354839,0,0,2,0,11,0,0,4.655752867418844,0,1,https://pub-2fd40031391d4470a8c3c1090493deca.r2.dev/index.html
83,0,0,0,3,2,1,0,0,0.20481927710843373,0,0,4,0,1,0,0,4.832710895583734,0,1,https://bafkreibiejp6yqk6kz23hzqg734nym3dew64p33vo2ta2eoqu2fybo4zr4.ipfs.dweb.link/
52,0,0,0,2,1,1,0,0,0.0,0,0,8,0,24,0,0,3.9712830458162145,0,0,https://support.aoneroom.com/docs/forms/d/e/viewform
22,0,0,0,1,0,1,0,0,0.0,0,0,4,0,7,0,0,4.152391277629866,0,1,https://qrco.de/bfInYN
35,0,0,0,2,1,1,0,0,0.08571428571428572,0,0,6,0,14,0,0,4.3432894453927675,0,0,https://en.tuyaeu.com/dp/B08N5WRWNW
22,0,0,0,1,0,1,0,1,0.045454545454545456,0,0,3,0,8,0,0,3.8453509366224363,0,1,https://bit.ly/3UTxlif
23,0,0,0,2,1,1,0,0,0.0,0,0,4,0,5,0,0,3.588354347173233,0,0,https://en.ansa.it/home
31,0,0,0,2,1,1,0,0,0.0,0,0,6,0,1,0,0,4.0022680844408445,0,1,https://citromailll.weebly.com/
40,0,0,1,2,1,0,0,0,0.175,0,0,21,0,0,0,0,4.165311532225102,0,1,http://allegro.lokalna-oferta8849231.lol
39,0,0,0,2,1,1,0,0,0.0,0,0,4,0,20,0,0,4.025930027099076,0,0,https://en.webs.com/category/news/today
37,0,0,0,2,1,1,0,0,0.08108108108108109,0,0,3,0,14,0,0,4.100816878908575,0,0,https://support.hhs.gov/dp/B08N5WRWNW
15,0,0,0,1,0,1,0,0,0.0,0,0,4,0,0,0,0,3.3735572622751855,0,0,https://chip.de
41,0,0,0,3,1,1,0,0,0.0,0,0,7,0,16,0,0,4.259514199528965,0,0,https://en.account.gov.uk/in/profile-name
58,0,0,0,2,1,1,0,0,0.08620689655172414,0,0,18,0,20,0,0,4.362376367813709,0,0,https://support.skyscannerplatform.net/products/item/10293
29,0,0,0,1,0,1,0,0,0.0,0,0,3,0,15,0,0,3.935398667466763,0,0,https://gsp.ro/privacy-policy
39,0,0,0,2,1,1,0,0,0.0,0,0,5,0,9,0,0,3.7088908482118885,0,1,https://port-homepage.ghost.io/get-app/
33,0,0,0,1,0,1,0,0,0.0,0,0,6,0,15,0,0,4.0895524525606675,0,0,https://jwpsrv.com/privacy-policy
26,0,0,0,2,1,1,1,0,0.0,0,0,9,0,0,0,0,3.873140679513133,0,0,https://docs.zdnscloud.biz
27,0,0,0,2,1,1,0,0,0.0,0,0,11,0,0,0,0,3.884155094595804,0,0,https://www.mydramawave.com
39,0,0,0,2,1,1,0,0,0.0,0,0,10,0,1,0,0,4.021704462063678,0,1,https://mailusujsjhshsj.weeblysite.com/
45,0,0,0,2,1,1,0,0,0.0,0,0,9,0,7,0,0,4.135863096137367,0,1,https://site-exouds_webs.teachable.com/p/home
28,0,0,0,3,1,1,0,0,0.0,0,0,6,0,0,0,0,3.7264741182543757,0,0,https://support.nomura.co.jp
42,0,0,0,2,1,1,0,0,0.0,0,0,6,0,18,0,0,4.116512448362715,0,1,https://stats.sender.net/forms/dLDNWd/view
22,0,0,0,1,0,1,0,0,0.045454545454545456,0,0,4,0,7,0,0,3.970573095811685,0,1,https://qrco.de/bgc7oG
15,0,0,0,1,0,1,0,0,0.0,0,0,3,0,0,0,0,3.323231428797621,0,0,https://run.app
43,0,0,0,1,0,1,0,0,0.0,0,0,8,0,24,0,0,3.7453188259231696,0,0,https://prosport.ro/docs/forms/d/e/viewform
33,0,0,0,2,1,1,0,0,0.0,0,0,7,0,5,0,0,3.8848588918890474,0,0,https://support.nekopoi.care/home
23,0,0,0,2,1,1,0,0,0.043478260869565216,0,0,3,0,7,0,0,3.9690016298759927,0,1,https://l.ead.me/bga1kY
24,0,0,0,1,0,1,0,0,0.0,0,0,10,0,1,0,0,3.625814583693911,0,1,https://bestchange.help/
31,0,0,0,2,1,1,0,0,0.0,0,0,8,0,6,0,0,3.977916874693636,0,0,https://docs.sprinklr.com/login
85,0,0,0,5,0,1,0,0,0.0,0,3,9,0,9,2,1,4.522101048785801,0,1,https://vkontakte.ru/away.php?cc_key=ckjZNo&to=https://tube.bingle.pro/themes/api.php
44,0,0,0,2,1,1,0,0,0.0,0,0,8,0,20,0,0,4.278200517477363,0,0,https://blog.booklive.jp/category/news/today
29,0,0,0,2,1,1,0,0,0.0,0,0,4,0,5,0,0,3.745406425938248,0,0,https://support.vtex.com/home
83,0,0,0,3,2,1,0,0,0.13253012048192772,0,0,4,0,1,0,0,4.866213534753931,0,1,https://bafkreibx2dtwulpyikxfn3lrjhg6u7bmcapj2qun6tdnznzip53jb4l46e.ipfs.dweb.link/
19,0,0,0,2,1,1,0,0,0.0,0,0,4,0,0,0,0,3.826874881864638,0,0,https://en.yimg.com
60,0,0,0,3,2,1,0,0,0.1,0,0,7,0,24,0,0,5.102479553833678,0,1,https://2fkwvp.share-eu1.hsforms.com/2Z5F6MkYESKi9hCNHVevTUA
26,0,0,0,1,0,1,0,0,0.0,0,0,9,0,5,0,0,3.738149333192866,0,0,https://hostinger.com/home
28,0,0,0,2,1,1,0,0,0.0,0,0,5,0,6,0,0,3.815410725242699,0,0,https://blog.rferl.org/login
32,0,0,0,2,1,1,0,0,0.0,0,0,3,0,13,0,0,4.054229296672175,0,0,https://docs.nic.kw/r/technology
58,0,0,0,2,1,1,0,0,0.0,0,1,6,0,7,1,0,4.1793905393294475,0,0,https://support.pddpic.com/search?q=cybersecurity+research
38,0,0,0,2,1,0,1,0,0.23684210526315788,0,0,11,0,0,0,0,4.4687264483268265,0,1,http://allegrolokalnie.pl741921502.xyz
41,0,0,0,2,1,1,0,0,0.04878048780487805,0,1,5,0,6,1,0,4.473048041045147,0,0,https://blog.alice.it/watch?v=dQw4w9WgXcQ
36,0,0,0,1,0,1,0,0,0.0,0,0,23,0,1,0,0,4.141604167868593,0,1,https://gatewaypackersandmovers.com/
22,0,0,0,1,0,1,0,0,0.0,0,0,4,0,7,0,0,4.0614821867207755,0,1,https://qrco.de/bgcTan
28,0,0,0,1,0,1,0,1,0.07142857142857142,0,0,7,0,9,0,0,4.280394654123195,0,1,https://tinyurl.com/35wtafkk
66,0,0,0,5,3,1,0,0,0.045454545454545456,0,0,7,0,24,0,0,4.5974250907771275,0,1,https://agentratewww.blob.core.windows.net/jkekm95ktrd/ESVP4U.html
47,0,0,0,2,1,1,0,0,0.10638297872340426,0,0,11,0,20,0,0,4.186914916837341,0,0,https://www.internetest.vip/products/item/10293
44,0,0,1,1,0,1,0,0,0.09090909090909091,0,0,3,0,30,0,0,4.743300368538958,0,1,https://q-r.to/aHR0cHM6Ly9tYWlsLnlhaG9vLmNvb
38,0,0,0,3,1,1,0,0,0.15789473684210525,0,0,10,0,12,0,0,3.928481053248385,0,1,https://www.actu729261.pro/captcha.php
52,0,0,0,2,1,1,0,0,0.07692307692307693,0,0,6,0,28,0,0,4.1189237381886405,0,1,https://sites.google.com/view/attmailserver3838/home
39,0,0,0,1,0,1,0,0,0.0,0,0,7,0,21,0,0,3.9359357962188977,0,0,https://eventim.de/terms-and-conditions
21,0,0,0,1,0,1,0,0,0.0,0,0,4,0,6,0,0,3.7489948035250964,0,0,https://kupi.cz/about
29,0,0,0,2,1,1,0,0,0.0,0,0,3,0,1,0,0,3.9952378913808864,0,1,https://zemidaluitre.web.app/
33,0,0,0,1,0,1,1,0,0.0,0,0,17,0,1,0,0,4.18788919491935,0,1,https://modulosegurancapj.online/
20,0,0,0,1,0,1,0,0,0.0,0,0,8,0,0,0,0,3.441446071165522,0,0,https://ftstatic.com
24,0,0,0,1,0,0,0,0,0.0,0,0,13,0,0,0,0,3.6572682296173893,0,1,http://whitepinesinn.com
20,0,0,0,2,1,1,0,0,0.1,0,0,6,0,0,0,0,3.7219280948873625,0,0,https://en.rule34.us
62,0,0,0,3,1,1,0,0,0.3870967741935484,0,0,2,0,11,0,0,4.727759213333524,0,1,https://pub-4b872896122147a2bd9f55937cdcf892.r2.dev/index.html
28,0,0,0,1,0,1,0,0,0.14285714285714285,0,0,4,0,13,0,0,4.423251796980337,0,1,https://qrco.de/k9dvl3f9xy6b
50,0,0,0,2,1,0,0,0,0.06,0,0,5,0,1,0,0,4.5283674395583775,0,1,http://sp11ct-morlan-biz8-dravex-polsik.pages.dev/
47,0,0,0,1,0,1,0,0,0.1276595744680851,0,0,5,0,30,0,0,4.360142777477263,0,0,https://dzcdn.net/article/2026/05/global-update
24,0,0,0,1,0,1,0,0,0.0,0,0,6,0,6,0,0,3.7406015629507223,0,0,https://unisoc.com/about
21,0,0,1,1,0,1,0,0,0.0,0,0,3,0,7,0,0,3.939470994001287,0,1,https://q-r.to/bfNAnE
48,0,0,0,2,1,1,0,0,0.2708333333333333,0,0,11,0,1,0,0,4.545914521951839,0,1,https://supportcid1008395621896.firebaseapp.com/
21,0,0,1,1,0,1,0,0,0.0,0,0,3,0,7,0,0,3.939470994001287,0,1,https://q-r.to/bgakES
50,0,0,1,2,1,1,0,0,0.0,0,0,13,0,20,0,0,3.894177320667444,0,0,https://docs.de-tencentclb.com/conditions/diabetes
38,0,0,0,1,0,1,0,0,0.0,0,0,6,0,21,0,0,4.13569955274647,0,0,https://google.lu/terms-and-conditions
165,0,0,0,2,1,1,0,0,0.07878787878787878,0,1,11,0,1,1,0,5.657366954843256,0,1,https://bancoccidentex1.webcindario.com/?fbclid=IwQ0xDSwLLjntleHRuA2FlbQIxMQABHpRXAw3Y_nDvehaPGvO3BRlvLfdvHGOPQLfWPPdL1M0z5S5rPZKC0V1Wyur0_aem_HHYzkqHMvlHu7_uAjJkMDA
28,0,0,0,1,0,1,0,1,0.14285714285714285,0,0,7,0,9,0,0,4.253434386188785,0,1,https://tinyurl.com/28r5ha7c
43,0,0,0,3,2,1,0,0,0.0,0,0,6,0,1,0,0,4.056640266572305,0,1,https://www.stbrb-tgo-stbrd-vlr.vercel.app/
138,0,0,0,3,1,1,0,0,0.17391304347826086,0,0,5,0,114,0,0,4.681311621356238,0,1,https://storage.ghost.io/c/1d/d5/1dd5eb9b-a014-4be5-acea-8b764fa01f56/content/files/sites/default/files/2021-10/fernandez_rakotomalala.pdf
42,0,0,0,2,1,1,0,0,0.047619047619047616,0,1,6,0,6,1,0,4.338396886909941,0,0,https://www.yandex.net/watch?v=dQw4w9WgXcQ
53,0,0,0,2,1,1,0,0,0.0,0,0,24,0,13,0,0,4.0641315966880285,0,0,https://www.microsoftpersonalcontent.com/r/technology
24,0,0,0,2,1,0,0,0,0.0,0,0,7,0,1,0,0,3.823934896284056,0,1,http://gbiv.netlify.app/
18,0,0,0,1,0,1,0,0,0.0,0,0,6,0,0,0,0,3.5724312513221195,0,0,https://google.com
48,0,0,0,2,1,1,0,0,0.0625,0,0,6,0,25,0,0,4.415400719733289,0,1,https://bttt.plutio.com/p/form/ixxJufviS6qEu2wN2
30,0,0,0,2,1,1,0,0,0.2,0,0,6,0,1,0,0,4.081727678869736,0,1,https://att92w8928.weebly.com/
35,0,0,1,2,1,0,0,0,0.2,0,0,16,0,0,0,0,4.3432894453927675,0,1,http://allegro.pl-oferta9036747.cfd
33,0,0,0,2,1,1,0,0,0.0,0,0,5,1,1,0,0,3.9683403313485464,0,1,https://bank-alwasleeh.pages.dev/
173,0,0,0,2,1,1,0,0,0.12138728323699421,0,5,6,0,108,3,0,5.525738970159232,0,1,https://docs.google.com/presentation/d/e/2PACX-1vQGgjdtZbMqa1q4Cny5RLHmzjEa25U016qtOd93sXCFEIIXsLPcu3ZtHApLeAyIr7jhe79FUlTFVT2R/pub?start=true&amp;loop=true&amp;delayms=1000
175,0,0,0,2,1,1,0,0,0.12571428571428572,0,5,6,0,108,3,0,5.558124021837958,0,1,https://docs.google.com/presentation/d/e/2PACX-1vQKMifQ3ITrif24p81tdn0r89igSXRrJTa8P0kD0cAk3BSzP7gTCMyGrCtibFrSNRZ9UAY4qrDm3mEq/pub?start=false&amp;loop=false&amp;delayms=3000
190,0,0,0,3,1,1,0,0,0.11578947368421053,0,7,6,0,108,4,0,5.522844404793363,0,1,https://docs.google.com/presentation/d/e/2PACX-1vTkLjLxtOv05YOGEjFpp7FE-WjcwRIx4lq9x_nfzG8Oq9X64e0UcJO0uwateus49mCle8YQjUa8dh8l/pub?start=false&amp;loop=false&amp;delayms=3000&amp;slide=id.p
29,0,0,0,2,1,1,0,0,0.0,0,0,8,0,5,0,0,3.9093680639438846,0,0,https://www.springer.com/home
29,0,0,0,1,0,1,0,0,0.0,0,0,12,0,6,0,0,3.7714370294611257,0,0,https://thinkingdata.cn/login
84,0,0,0,2,1,1,0,0,0.07142857142857142,0,0,6,0,61,0,0,5.287627095166007,0,1,https://docs.google.com/drawings/d/1OEYO_S7Qf-BUnQy-T0PkmvXYiMwW_Fm3F3qb0kI_vPk/edit
23,0,0,0,1,0,1,0,0,0.0,0,0,6,0,5,0,0,3.762267390651494,0,0,https://wpscdn.com/help
31,0,0,0,2,1,1,0,0,0.0,0,0,9,0,6,0,0,3.974695407915898,0,0,https://www.swiftycdn.net/about
167,0,0,0,2,1,1,0,0,0.07784431137724551,0,5,6,0,108,3,0,5.541460168368572,0,1,https://docs.google.com/presentation/d/e/2PACX-1vSwyYpgM59bv-tCkSdHTDE0WoWkiFEU9MfjZaKE8KrZrYQLI8W-pQugcSeFaF0pTcyboDJOOdjnnvvy/pub?start=false&loop=false&delayms=3000
24,0,0,0,2,1,1,0,0,0.0,0,0,6,0,1,0,0,3.970175521464345,0,1,https://bgac.weebly.com/
26,0,0,0,2,1,1,0,0,0.0,0,0,5,0,5,0,0,3.825251737288651,0,0,https://www.finra.org/news
35,0,0,0,2,1,1,0,0,0.0,0,0,11,0,8,0,0,3.8110268601616055,0,0,https://docs.landingsite.ai/contact
29,0,0,0,1,0,1,0,0,0.10344827586206896,0,0,3,0,14,0,0,4.073329701949521,0,0,https://cmu.edu/dp/B08N5WRWNW
43,0,0,0,2,1,1,0,0,0.0,0,0,9,0,6,0,0,4.257319115016275,0,1,https://desktop-enldger.wixstudio.com/us-en
20,0,0,0,1,0,1,0,0,0.0,0,0,4,0,5,0,0,3.746439344671016,0,1,https://urlz.fr/tKbe
25,0,0,0,2,1,1,0,0,0.0,0,0,4,0,5,0,0,3.6732696895151085,0,0,https://www.bing.net/help
26,0,0,0,2,1,1,0,0,0.0,0,0,9,0,0,0,0,3.7192945256669794,0,0,https://docs.volvocars.com
36,0,0,0,1,0,1,0,0,0.1388888888888889,0,0,6,0,18,0,0,4.305496793698874,0,1,https://0btu8g.icu/cpgn1zuq/jGAC0z/7
42,0,0,0,1,0,1,0,0,0.11904761904761904,0,0,10,0,20,0,0,4.347691161328112,0,0,https://dyingbirds.com/products/item/10293
41,0,0,0,2,1,1,0,0,0.0,0,0,6,0,1,0,0,4.357075175138721,0,1,https://admasocialmunizfreire.weebly.com/
44,0,0,0,2,1,1,0,0,0.11363636363636363,0,0,8,0,16,0,0,3.9994581877843998,0,1,https://intranet.universe.us/90f177/en/deine
33,0,0,0,2,1,1,0,0,0.09090909090909091,0,0,2,0,14,0,0,4.0895524525606675,0,0,https://docs.sa.com/dp/B08N5WRWNW
28,0,0,0,2,1,1,0,0,0.0,0,0,6,0,5,0,0,3.9407598325400897,0,0,https://blog.clamav.net/help
38,0,0,0,2,1,1,0,0,0.0,0,0,7,0,15,0,0,4.233997907838828,0,0,https://www.mariadb.org/privacy-policy
48,0,0,0,2,1,1,0,0,0.10416666666666667,0,0,11,0,20,0,0,4.460500657991217,0,0,https://blog.ridewithvia.com/products/item/10293
30,0,0,0,2,1,1,0,0,0.0,0,0,9,0,4,0,0,4.031401845392172,0,0,https://blog.helpshift.com/faq
49,0,0,0,1,0,1,0,0,0.12244897959183673,0,0,8,0,30,0,0,4.394823364302609,0,0,https://heroeswm.ru/article/2026/05/global-update
42,0,0,0,2,1,1,0,0,0.0,0,0,6,0,21,0,0,4.061976875613826,0,0,https://en.igvita.com/terms-and-conditions
21,0,0,1,1,0,1,0,0,0.047619047619047616,0,0,3,0,7,0,0,3.7489948035250964,0,1,https://q-r.to/bgcbc1
37,0,0,0,1,0,1,0,0,0.0,0,0,5,0,20,0,0,3.841096866085959,0,0,https://intel.com/conditions/diabetes
55,0,0,0,2,1,1,0,0,0.03636363636363636,0,0,15,0,18,0,0,4.495376878011922,0,1,https://pagamenti.dietcarereviews.com/it-xr26-rxsfzjkf/
47,0,0,0,1,0,1,1,0,0.0,0,0,11,0,21,0,0,4.161313459010318,0,0,https://blackrussia.online/terms-and-conditions
28,0,0,0,2,1,1,0,0,0.0,0,0,7,0,6,0,0,3.9407598325400897,0,0,https://www.envoyer.io/login
42,0,0,0,2,1,1,0,0,0.11904761904761904,0,0,6,0,20,0,0,4.318045625665338,0,0,https://www.shifen.com/products/item/10293
36,0,0,0,2,1,1,0,0,0.08333333333333333,0,0,5,0,14,0,0,4.18354236243323,0,0,https://docs.repec.org/dp/B08N5WRWNW
43,0,0,0,2,1,1,0,0,0.046511627906976744,0,1,6,0,6,1,0,4.5829005103651115,0,0,https://en.kinsta.cloud/watch?v=dQw4w9WgXcQ
28,0,0,0,2,1,1,0,0,0.0,0,0,9,0,0,0,0,3.481661512101756,0,0,https://support.capcutapi.us
42,0,0,0,1,0,1,0,0,0.047619047619047616,0,0,6,0,24,0,0,4.174192197570899,0,0,https://zani64.com/docs/forms/d/e/viewform
29,0,0,0,1,0,1,0,0,0.0,0,0,14,0,1,0,0,3.9262723741395074,0,1,https://neukontoregeln.click/
37,0,0,1,1,0,1,0,0,0.0,0,0,14,0,11,0,0,4.000559961488395,0,1,https://haven-outdoors.com/wp-content
18,0,0,0,1,0,1,0,0,0.0,0,0,6,0,0,0,0,3.5724312513221195,0,0,https://akamai.com
47,0,0,0,2,1,1,0,0,0.0,0,0,7,0,24,0,0,4.194670831233092,0,0,https://www.bangumi.org/docs/forms/d/e/viewform
44,0,0,0,2,1,1,0,0,0.0,0,0,9,0,1,0,0,3.890805482076982,0,1,https://us-trezor-io-start-es.typedream.app/
36,0,0,0,1,0,1,0,0,0.0,0,0,5,0,20,0,0,4.1597992243145265,0,0,https://ikman.lk/category/news/today
25,0,0,0,2,1,0,1,0,0.24,0,0,6,0,0,0,0,3.893660689688186,0,1,http://allegro.338667.top
41,0,0,0,2,1,1,0,0,0.07317073170731707,0,0,11,0,1,0,0,4.399400479858467,0,1,https://quickrides-9ac18.firebaseapp.com/
58,0,0,0,1,0,1,0,0,0.3620689655172414,0,1,6,1,25,0,0,4.573438004368643,0,1,https://c2pink.casa/o/ix118/7331908191358976#selectedbank9
50,0,0,3,2,1,1,0,0,0.14,0,0,13,0,20,0,0,4.36637013015618,0,0,https://docs.eu-1-id5-sync.com/products/item/10293
44,0,0,0,2,1,1,0,0,0.0,0,0,7,0,21,0,0,4.1552480280633395,0,0,https://www.tenable.com/terms-and-conditions
22,0,0,0,1,0,1,0,0,0.0,0,0,4,0,7,0,0,4.027169118440618,0,1,https://qrco.de/bgaDWt
22,0,0,0,2,1,1,0,0,0.0,0,0,6,0,0,0,0,3.2776134368191157,0,0,https://www.httpwg.org
54,0,0,0,4,2,1,0,0,0.16666666666666666,0,0,9,0,11,0,0,4.564801159450683,0,1,https://la-87587885-pdgtyu.s3.amazonaws.com/index.html
23,0,0,0,1,0,1,0,0,0.0,0,0,12,0,0,0,0,3.5013978254341027,0,0,https://hasznaltauto.hu
46,0,0,0,3,1,1,0,0,0.0,0,0,4,0,24,0,0,4.117669902512294,0,0,https://www.mega.co.nz/docs/forms/d/e/viewform
26,0,0,0,2,1,1,0,0,0.0,0,0,7,0,4,0,0,3.921029621737615,0,0,https://en.cloudns.net/faq
34,0,0,0,2,0,1,0,0,0.029411764705882353,0,0,4,0,16,0,0,4.24173085589259,0,0,https://dns1.co.za/in/profile-name
47,0,0,0,2,1,1,0,0,0.0,0,0,6,0,23,0,0,3.9559627259379084,0,1,https://sites.google.com/view/suspensionelsalv/
31,0,0,0,2,1,1,0,0,0.0,0,0,8,0,6,0,0,4.17146526179041,0,0,https://blog.namefind.com/about
94,0,0,1,2,1,1,0,0,0.0851063829787234,0,0,13,0,65,0,0,4.7701336724872645,0,1,https://ipfs.best-practice.se/ipfs/bafybeiet6j4bfpytwwh6frgdk5mwnn3mwbvpdwlzya7xnidzcl4tl5adsu
42,0,0,0,2,1,1,0,0,0.047619047619047616,0,0,11,0,1,0,0,4.121267946939375,0,1,https://domappcheckomeg33.firebaseapp.com/
51,0,0,0,2,1,1,0,0,0.13725490196078433,0,0,6,0,1,0,0,4.233521852064551,0,1,https://offf-1-c-365-seg--assesortcn365.replit.app/
38,0,0,0,2,1,1,0,0,0.05263157894736842,0,0,11,0,1,0,0,4.306494947369445,0,1,https://easying-f7b8c.firebaseapp.com/
51,0,0,0,2,1,1,0,0,0.0,0,1,4,0,7,1,0,4.091146853459844,0,0,https://en.suse.com/search?q=cybersecurity+research
35,0,0,2,1,0,1,0,0,0.0,0,0,22,0,1,0,0,4.071581588126284,0,1,https://mrelay-mes-calendriers.com/
32,0,0,0,2,1,1,0,0,0.0,0,0,12,0,0,0,0,3.8431390622295662,0,0,https://support.tickettailor.com
22,0,0,0,1,0,1,0,1,0.09090909090909091,0,0,3,0,8,0,0,4.027169118440618,0,1,https://bit.ly/3Ba1Yck
30,0,0,0,1,0,1,0,0,0.0,0,0,14,0,4,0,0,4.256564762130954,0,0,https://ruijienetworks.com/faq
54,0,0,0,1,0,1,0,0,0.0,0,1,10,0,7,1,0,4.103803881865848,0,0,https://literotica.com/search?q=cybersecurity+research
37,0,0,0,1,0,1,0,0,0.0,0,0,6,0,20,0,0,3.990009704040741,0,0,https://magnit.ru/conditions/diabetes
39,0,0,0,2,1,1,0,0,0.0,0,0,6,0,16,0,0,4.111698692943855,0,0,https://docs.ctmail.com/in/profile-name
51,0,0,0,2,1,1,0,0,0.09803921568627451,0,0,14,0,20,0,0,4.347252617942595,0,0,https://docs.ourworldindata.org/products/item/10293
49,0,0,0,2,1,1,0,0,0.12244897959183673,0,0,6,0,1,0,0,4.501866476503355,0,1,https://trustworthy-technology-839760.framer.app/
26,0,0,0,2,1,1,0,0,0.0,0,0,5,0,6,0,0,3.873140679513133,0,0,https://en.qorno.com/about
36,0,0,0,1,0,1,0,0,0.05555555555555555,0,1,7,0,18,0,0,4.065079515030719,0,1,https://junwbjc.cn/g1/g/2ds=docomos/
83,0,0,0,3,2,1,0,0,0.0963855421686747,0,0,4,0,1,0,0,4.729914883829041,0,1,https://bafkreiarduhvrkh72kry27lklher6bkcdyi6r5dfrjfaexjtjjq3nvmilm.ipfs.dweb.link/
35,0,0,0,2,1,1,0,0,0.0,0,0,9,0,6,0,0,4.071581588126284,0,1,https://a-tomic.wixstudio.com/en-us
175,0,0,0,2,1,1,0,0,0.10857142857142857,0,5,6,0,108,3,0,5.5961683989506,0,1,https://docs.google.com/presentation/d/e/2PACX-1vTfpucY6OZPFg5cxbBUAJKwbQCu6xYUs6Kh-B9AF5Pgn9N7pJJNpNLp3UCQ_h3E3JEgAnWx14BqlLnj/pub?start=false&amp;loop=false&amp;delayms=3000
70,0,0,0,2,1,1,0,0,0.07142857142857142,0,0,6,0,46,0,0,4.939508552442905,0,1,https://drive.google.com/file/d/1IOXJ-lRIwNgShuo2T5fOJbkpNtvb4i9h/view
35,0,0,0,2,1,1,0,0,0.0,0,0,9,0,6,0,0,4.050013373778756,0,1,https://koucoin.wixstudio.com/en-us
107,0,0,1,3,1,1,0,0,0.11214953271028037,0,0,13,0,78,0,0,4.879330894361689,0,1,https://ipfs.best-practice.se/ipfs/bafybeib2gf24er55gzcqdyxuysgvho2vzvohv3kx6dk6ynsw5dh2wxgywa/pl2auth.html
27,0,0,0,1,0,1,0,0,0.1111111111111111,0,0,3,0,13,0,0,4.356558335416673,0,1,https://zpr.io/8zdAwk4VN5jB
27,0,0,0,2,1,1,0,0,0.0,0,0,6,0,6,0,0,3.736006946447656,0,0,https://en.aihelp.net/about
28,0,0,0,1,0,1,0,0,0.0,0,0,15,0,1,0,0,3.8248629576173565,0,1,https://primeabopremium.com/
39,0,0,1,1,0,1,0,0,0.0,0,0,7,0,20,0,0,3.916579706419834,0,0,https://fast-dl.one/conditions/diabetes
18,0,0,0,1,0,1,0,0,0.0,0,0,2,0,5,0,0,3.6835423624332306,0,0,https://wb.ru/home
26,0,0,0,2,1,1,0,0,0.0,0,0,5,0,4,0,0,4.026986833359287,0,0,https://blog.golux.com/faq
33,0,0,0,3,1,1,0,0,0.06060606060606061,0,0,2,0,5,0,0,4.165013816065912,0,0,https://blog.52.in-addr.arpa/help
27,0,0,0,2,1,1,0,0,0.18518518518518517,0,0,5,0,1,0,0,3.986187965046303,0,1,https://allegro.74379.shop/
40,0,0,0,1,0,1,0,0,0.0,0,0,8,0,20,0,0,3.915311532225102,0,0,https://wswebpic.com/conditions/diabetes
28,0,0,0,2,1,1,0,0,0.0,0,0,4,0,1,0,0,4.012188403968661,0,1,https://aciprofacad.ukit.me/
37,0,0,0,2,1,1,0,0,0.0,0,0,11,0,1,0,0,4.216078027732641,0,1,https://provinsoliax.webcindario.com/
45,0,0,0,1,0,1,0,0,0.0,0,0,9,0,24,0,0,3.8769412193728505,0,0,https://perfdrive.com/docs/forms/d/e/viewform
43,0,0,0,2,1,1,0,0,0.0,0,0,3,0,24,0,0,3.9313653375510764,0,0,https://www.wvu.edu/docs/forms/d/e/viewform
57,0,0,0,2,1,1,0,0,0.03508771929824561,0,0,7,0,1,0,0,4.32779440115034,0,1,https://dturyu6acxhdutjy-fyudtsyruqae7ytardy.teemill.com/
18,0,0,0,2,1,1,0,0,0.0,0,0,2,0,0,0,0,3.4193819456463714,0,0,https://www.vt.edu
40,0,0,0,1,0,1,0,0,0.075,0,0,14,0,14,0,0,4.215311532225102,0,0,https://maharashtracet.org/dp/B08N5WRWNW
128,0,0,0,3,1,1,0,0,0.1015625,0,5,7,0,56,3,0,5.3234339852164405,0,1,https://www.dropbox.com/scl/fi/xkdpci9gqbnszt4bcrjvj/BTINTERNET-BROADBAND.paper?rlkey=24r1v4fipn70wqr1l0jctgwkw&st=pjts3iw4&dl=0
40,0,0,0,2,1,1,0,0,0.0,0,0,9,0,16,0,0,4.062814895472355,0,0,https://en.investing.com/in/profile-name
34,0,0,0,1,0,1,0,0,0.0,0,0,6,0,16,0,0,4.160704752887782,0,0,https://sexlog.com/in/profile-name
62,0,0,0,3,1,1,0,0,0.24193548387096775,0,0,2,0,11,0,0,4.539832044714117,0,1,https://pub-1b9fa46984bb42adbcdedfed1c96d88b.r2.dev/index.html
21,0,0,0,1,0,1,0,0,0.047619047619047616,0,0,3,0,7,0,0,3.9754180179138334,0,1,https://cli.re/rbXxE2
37,0,0,1,2,1,1,0,0,0.08108108108108109,0,0,6,0,14,0,0,4.283381405994074,0,0,https://docs.c-span.org/dp/B08N5WRWNW
21,0,0,0,2,1,1,0,0,0.0,0,0,5,0,0,0,0,3.6537567082870015,0,0,https://www.dtvce.com
40,0,0,0,1,0,1,0,0,0.125,0,0,9,0,20,0,0,4.125070520364182,0,0,https://snapinsta.to/products/item/10293
47,0,0,0,2,1,1,0,0,0.14893617021276595,0,0,3,0,30,0,0,4.4530050748517365,0,0,https://en.1rx.io/article/2026/05/global-update
22,0,0,0,1,0,1,0,1,0.09090909090909091,0,0,3,0,8,0,0,3.936260027531527,0,1,https://bit.ly/4fd0Sfv
41,0,0,0,2,1,1,0,0,0.0,0,1,12,0,5,0,0,4.208297968550675,0,1,https://dpd.parcelstalkr.bond/com/#/index
35,0,0,0,2,0,1,0,0,0.0,0,0,4,0,16,0,0,4.057575159678482,0,0,https://pitc.com.pk/in/profile-name
27,0,0,0,2,1,1,0,0,0.0,0,0,6,0,6,0,0,3.930270372293453,0,0,https://www.anchor.fm/about
43,0,0,0,2,1,1,0,0,0.0,0,0,9,0,6,0,0,4.11162928928394,0,1,https://ssonewuholdapps.wixstudio.com/en-us
59,0,0,0,2,1,1,0,0,0.1016949152542373,0,0,7,0,30,0,0,5.005110210195446,0,1,https://share-eu1.hsforms.com/1_ImZH0DwQSSx_wGIOy5k8w2eycld
39,0,0,0,1,0,1,0,0,0.20512820512820512,0,0,4,0,24,0,0,4.346192206475307,0,1,https://powr.io/form-builder/i/41113749
28,0,0,0,1,0,1,1,0,0.0,0,0,13,0,0,0,0,3.6689869584530608,0,1,https://recebpresents.online
45,0,0,0,3,1,1,0,0,0.0,0,0,6,0,21,0,0,4.183100807672317,0,0,https://www.vinted.co.uk/terms-and-conditions
40,0,0,0,2,1,0,0,0,0.175,0,0,10,0,1,0,0,4.3341837197791895,0,1,http://allegro-lokalnie.90t23489tg.shop/
114,0,0,0,3,1,1,0,0,0.08771929824561403,0,3,7,0,54,2,0,5.081813313606776,0,1,https://www.dropbox.com/scl/fi/lki7prex5tui28fp2g77b/BT-Limited-Service.paper?rlkey=tf3bjixllmn5ptcubgzuluqdx&dl=0
46,0,0,0,2,1,0,0,0,0.08695652173913043,0,0,5,0,1,0,0,4.430851901568091,0,1,http://dravora-gld-zentela-c3x9dq21.pages.dev/
31,0,0,1,1,0,1,0,0,0.03225806451612903,0,0,18,0,1,0,0,4.17146526179041,0,1,https://app-mobilefacture1.com/
20,0,0,0,1,0,1,0,0,0.0,0,0,4,0,5,0,0,3.784183719779189,0,1,https://urlz.fr/vauR
192,0,0,0,1,0,1,0,1,0.20833333333333334,0,11,3,0,8,6,0,5.191623985886012,0,1,https://bit.ly/4hENXnI?utm_source=Inside+Higher+Ed&utm_campaign=2544af488b-AdmissionsInsider_COPY_01&utm_medium=email&utm_term=0_1fcbc04421-2544af488b-238016430&mc_cid=2544af488b&mc_eid=UNIQID
30,0,0,0,2,1,1,1,0,0.0,0,0,7,0,5,0,0,3.8980685120588388,0,0,https://blog.bfvideo.site/help
22,0,0,0,2,1,1,0,0,0.0,0,0,7,0,0,0,0,3.6978458230844122,0,0,https://www.mpsuadv.ru
37,0,0,0,2,1,1,0,0,0.0,0,0,6,0,13,0,0,4.100816878908575,0,1,https://sites.google.com/view/zankati
44,0,0,0,2,1,1,0,0,0.11363636363636363,0,0,9,0,20,0,0,4.198432903742661,0,0,https://en.coupahost.com/products/item/10293
35,0,0,0,2,1,1,0,0,0.11428571428571428,0,0,5,0,14,0,0,4.264578373902383,0,0,https://www.tube8.com/dp/B08N5WRWNW
46,0,0,0,2,1,1,0,0,0.0,0,0,3,0,24,0,0,4.0200563156498355,0,0,https://support.bnf.fr/docs/forms/d/e/viewform
30,0,0,0,2,1,1,0,0,0.0,0,0,11,0,0,0,0,3.4695767463163936,0,0,https://support.russianpost.ru
43,0,0,0,2,1,1,0,0,0.0,0,0,6,0,1,0,0,4.120707417785409,0,1,https://authentication-waketech.weebly.com/
22,1,0,0,3,0,0,0,0,0.4090909090909091,0,0,12,0,3,0,0,3.7544418457133455,0,1,http://34.27.98.117/re
40,0,0,0,2,1,1,0,0,0.0,0,0,5,0,15,0,0,4.037326145256008,0,0,https://support.unity.com/privacy-policy
23,0,0,0,2,1,1,0,0,0.0,0,0,3,0,7,0,0,3.9690016298759927,0,1,https://l.ead.me/bfaMnw
30,0,0,0,3,1,1,0,0,0.0,0,0,3,0,8,0,0,3.781076011914607,0,0,https://www.moe.gov.cn/contact
84,0,0,0,2,1,1,0,0,0.08333333333333333,0,0,6,0,61,0,0,5.035016607679417,0,1,https://docs.google.com/drawings/d/17dcTMmnW7SrRKu2gaeIw3u2LaWUPefVuBk8wlgcXgLo/edit
32,0,0,1,1,0,1,0,0,0.0,0,0,12,0,8,0,0,3.8042292966721747,0,1,https://infos-compte.com/captcha
32,0,0,0,3,1,1,0,0,0.0,0,0,7,0,5,0,0,4.179229296672175,0,0,https://docs.fazenda.gov.br/news
45,0,0,0,3,1,1,0,0,0.13333333333333333,0,0,10,0,12,0,0,4.164106297177354,0,1,https://moret-tore.bdll845000.pro/captcha.php
56,0,0,0,1,0,1,0,0,0.07142857142857142,0,0,8,0,36,0,0,4.869331261111518,0,1,https://airtable.com/appbyWeDxQTPeK2EA/shrceSDj4b0hX6qWs
24,0,0,0,2,1,1,0,0,0.0,0,0,7,0,0,0,0,3.970175521464345,0,0,https://blog.auntmia.com
63,0,0,0,2,1,1,0,0,0.23809523809523808,0,0,6,0,1,0,0,4.713014201408733,0,1,https://bluhst2096cpsess75410338883rdpartyroundcube.weebly.com/
61,0,0,0,2,1,1,0,0,0.01639344262295082,0,0,6,1,28,0,0,4.399850813214457,0,1,https://instagram5-byte.github.io/Bareskrim-polri-Indonesia-/
49,0,0,1,2,1,1,0,0,0.0,0,0,9,0,24,0,0,4.236632549516628,0,0,https://www.niji-gazo.com/docs/forms/d/e/viewform
27,0,0,0,2,1,1,0,0,0.0,0,0,5,0,5,0,0,3.884155094595804,0,0,https://docs.vzwwo.com/help
42,0,0,0,1,0,1,0,0,0.047619047619047616,0,1,10,0,6,1,0,4.302449862997395,0,0,https://automattic.com/watch?v=dQw4w9WgXcQ
75,0,0,0,3,1,1,0,0,0.37333333333333335,0,0,2,0,24,0,0,4.604946024604936,0,1,https://pub-3a403cea1772457cb2a132754bdca5bb.r2.dev/74f8g78df7fsvgfd58.html
19,0,0,0,2,0,1,0,0,0.0,0,0,4,0,0,0,0,3.826874881864638,0,0,https://jamb.gov.ng
22,0,0,0,1,0,1,0,0,0.045454545454545456,0,0,4,0,7,0,0,4.152391277629866,0,1,https://qrco.de/bfGN0j
46,0,0,0,2,1,1,0,0,0.0,0,0,10,0,20,0,0,4.099997967896925,0,0,https://www.impervadns.net/category/news/today
44,0,0,0,2,1,1,0,0,0.25,0,0,13,0,1,0,0,4.5614821867207755,0,1,https://allegro-lokalnie.5239j867563g4.shop/
29,0,0,0,2,1,1,0,0,0.0,0,0,6,0,1,0,0,4.021268494903765,0,1,https://poctzawej.weebly.com/
49,0,0,0,2,1,1,0,0,0.0,0,0,9,0,24,0,0,4.131627508134451,0,0,https://www.aljazeera.com/docs/forms/d/e/viewform
48,0,0,0,2,0,1,0,0,0.020833333333333332,0,0,6,0,30,0,0,4.108007230104883,0,1,https://nnfems.com/Webmail/8/Webmail/webmail.php
40,0,0,0,1,0,1,0,0,0.05,0,1,8,0,6,1,0,4.5964393446710154,0,0,https://linkplay.com/watch?v=dQw4w9WgXcQ
25,0,0,0,2,1,1,0,0,0.0,0,0,4,0,4,0,0,4.053660689688186,0,0,https://blog.avjb.com/faq
75,0,0,1,2,1,1,0,0,0.32,0,3,16,0,1,2,0,4.890103650577107,0,1,https://us6.campaign-archive.com/?u=a521b5794ef94be6e1e74f869&id=38fa314a81
19,0,0,0,1,0,1,0,0,0.0,0,0,7,0,0,0,0,3.6818808028034025,0,0,https://realtor.com
57,0,0,0,2,0,1,0,0,0.0,0,1,10,0,7,1,0,3.997009261285896,0,0,https://sertastore.com.br/search?q=cybersecurity+research
30,0,0,0,1,0,1,0,0,0.0,0,0,3,0,15,0,0,3.939572261986723,0,0,https://loc.gov/privacy-policy
37,0,0,0,1,0,1,0,0,0.05405405405405406,0,1,5,0,6,1,0,4.479195257286953,0,0,https://ngrok.com/watch?v=dQw4w9WgXcQ
26,0,0,0,2,1,1,0,0,0.038461538461538464,0,0,6,0,1,0,0,3.921029621737615,0,1,https://o2acct.weebly.com/
27,0,0,1,2,1,1,0,0,0.0,0,0,6,0,5,0,0,3.9121138909722286,0,0,https://www.n-able.com/news
29,0,0,0,1,0,1,0,0,0.10344827586206896,0,0,3,0,14,0,0,4.142295219190901,0,0,https://fox.com/dp/B08N5WRWNW
30,0,0,0,2,1,1,0,0,0.1,0,0,11,0,1,0,0,4.2817276788697365,0,1,https://b4n28.webcindario.com/
36,0,0,0,2,1,1,0,0,0.0,0,0,6,0,1,0,0,4.027719015921097,0,1,https://west-net-webmail.weebly.com/
44,0,0,0,2,1,1,0,0,0.09090909090909091,0,0,5,0,1,0,0,4.516027641266231,0,1,https://vd1-6mno-cijzs-s4uc-wgcr4.pages.dev/
51,0,0,0,2,1,1,0,0,0.0,0,1,3,0,7,1,0,4.172356842677027,0,0,https://www.bbc.com/search?q=cybersecurity+research
39,0,0,0,3,1,1,0,0,0.0,0,0,9,0,14,0,0,3.9678617577018853,0,1,https://www.dsignpost.com/infospage.php
56,0,0,0,2,1,1,0,0,0.10714285714285714,0,0,11,0,30,0,0,4.483444824068004,0,0,https://en.cashparking.com/article/2026/05/global-update
39,0,0,0,1,0,1,0,0,0.0,0,0,11,0,16,0,0,4.169766962341045,0,0,https://photobucket.com/in/profile-name
20,0,0,0,1,0,1,0,0,0.0,0,0,3,0,6,0,0,3.784183719779189,0,1,https://did.li/SQZTY
84,0,0,0,2,1,1,0,0,0.09523809523809523,0,0,6,0,61,0,0,5.229832416924658,0,1,https://docs.google.com/drawings/d/1rFZRH_ShloM08OodLJ1CUtMy4Guh0eBUQfkI3nI9kJw/edit
39,0,0,0,2,1,1,0,0,0.0,0,0,9,0,6,0,0,4.128494129663178,0,1,https://appstartcdn.wixstudio.com/us-en
39,0,0,0,2,1,1,0,0,0.38461538461538464,0,0,7,0,16,0,0,4.2849009365890725,0,1,https://app.jotform.com/251065092568157
30,0,0,0,2,1,1,0,0,0.0,0,0,14,0,0,0,0,4.0062389286533895,0,0,https://www.rubiconproject.com
22,0,0,0,1,0,1,0,0,0.0,0,0,6,0,5,0,0,3.6635327548042547,0,0,https://picrew.me/home
64,0,0,0,3,1,1,0,0,0.34375,0,0,2,0,13,0,0,4.621268266288633,0,1,https://pub-fcbf675a8eb84f55a3a04984cb6877f4.r2.dev/katam83.html
199,0,0,0,2,1,1,0,0,0.07537688442211055,0,1,20,1,137,1,0,4.8662795880611665,0,1,https://olx.mojekontosprzedazowe.cyou/orders/f930809a/dywaniki_na_podÅogÄ_prestige_line_scania_seria_s_od_2017_fotel_pasaÅ¼era_amortyzowany_lub_obrotowy_czarny/bank/id24424?modal_stage=call_request
42,0,0,0,2,1,1,0,0,0.11904761904761904,0,0,2,0,20,0,0,4.136863709607319,0,0,https://support.xe.com/products/item/10293
31,0,0,0,2,1,1,1,0,0.0,0,0,6,0,4,0,0,3.937751955408587,0,1,https://t-mobile.rokpbm.top/pay
20,0,0,0,1,0,1,0,0,0.1,0,0,3,0,6,0,0,3.784183719779189,0,1,https://2ww.me/q2cgY
37,0,0,0,2,1,1,0,0,0.0,0,0,11,0,6,0,0,3.8924518533802863,0,0,https://support.myftpupload.com/about
23,0,0,0,1,0,1,0,0,0.043478260869565216,0,0,3,0,9,0,0,3.6753108689123635,0,1,https://o2o.to/i/NpueZw
23,0,0,0,2,1,1,0,0,0.043478260869565216,0,0,3,0,7,0,0,4.0559581516151235,0,1,https://l.ead.me/bfK6VN
45,0,0,0,2,1,1,0,0,0.0,0,0,7,0,21,0,0,4.063749485074332,0,0,https://docs.aniview.com/terms-and-conditions
36,0,0,0,1,0,1,0,0,0.0,0,0,5,0,20,0,0,4.003975877802393,0,0,https://stihi.ru/category/news/today
53,0,0,0,2,1,1,0,0,0.0,0,0,9,0,12,0,0,4.265169748236209,0,1,https://startlezer-ledgrcum.wixstudio.com/start-en-us
31,0,0,0,2,1,1,0,0,0.0,0,0,4,0,8,0,0,3.7324446013247066,0,0,https://support.sfdc.cl/contact
45,0,0,0,1,0,1,0,0,0.0,0,0,9,0,24,0,0,3.9626810093711553,0,0,https://mxtoolbox.com/docs/forms/d/e/viewform
34,0,0,0,2,1,1,0,0,0.0,0,0,8,0,6,0,0,4.057476076289931,0,0,https://support.fandango.com/login
38,0,0,0,1,0,1,0,0,0.0,0,0,6,0,20,0,0,4.080439935111999,0,0,https://eepurl.com/category/news/today
38,0,0,0,2,1,1,0,0,0.0,0,1,12,0,1,1,0,4.378991986900062,0,1,https://www.dailythanthi.com/?z=verify
131,0,0,0,2,1,1,0,0,0.11450381679389313,0,0,6,0,108,0,0,5.485452250380871,0,1,https://docs.google.com/presentation/d/e/2PACX-1vQFDjlG4PIjF0oOn0eh5xTjvfWullpZPF0FVYjWhDkfCZNxC1QAqjm8m7pcKNFOIBN7YOa2OnFIh350/pub
27,0,0,0,1,0,1,0,0,0.0,0,0,8,0,7,0,0,3.736006946447656,0,1,https://campsite.bio/reteam
21,0,0,1,1,0,1,0,0,0.047619047619047616,0,0,3,0,7,0,0,3.7489948035250964,0,1,https://q-r.to/bgbLq1
44,0,0,0,2,1,1,0,0,0.045454545454545456,0,1,8,0,6,1,0,4.589780198035243,0,0,https://blog.eldiario.es/watch?v=dQw4w9WgXcQ
39,0,0,0,1,0,1,0,0,0.0,0,0,23,0,0,0,0,3.8972236166207708,0,1,https://netempresaatendimentopj.digital
20,0,0,0,1,0,1,0,0,0.0,0,0,4,0,4,0,0,3.784183719779189,0,0,https://hulu.com/faq
49,0,0,0,2,1,0,0,0,0.04081632653061224,0,0,5,0,1,0,0,4.461050149972743,0,1,http://sp12ct-kersan-biz-holdek-favrik.pages.dev/
62,0,0,0,3,0,1,0,0,0.0,0,1,6,0,29,0,0,4.111939705795072,0,1,https://fadiga.sbs/css/css/mixins/docusign.html#info@domain.it
131,0,0,0,2,1,1,0,0,0.0916030534351145,0,0,6,0,108,0,0,5.472205399285378,0,1,https://docs.google.com/presentation/d/e/2PACX-1vQo-KmWwFmVfTuJVoxL3WHVPimxpfmWcKHho99fliuOghilFLt4P0dc4awMfZATXRQBC4ZrdN238sEc/pub
27,0,0,0,2,1,1,0,0,0.0,0,0,8,0,0,0,0,3.81008102052173,0,0,https://support.flysleep.cn
29,0,0,0,1,0,1,0,0,0.0,0,0,9,0,8,0,0,3.509035633790891,0,0,https://cbssports.com/contact
24,0,0,0,2,1,1,0,0,0.0,0,0,4,0,0,0,0,3.6368421881310113,0,0,https://support.mapy.com
27,0,0,0,2,1,1,0,0,0.0,0,0,6,0,1,0,0,4.106377316818026,0,1,https://uocc-gr.weebly.com/
25,0,0,0,2,1,1,0,0,0.0,0,0,6,0,1,0,0,3.893660689688186,0,1,https://login.hmvegn.com/
14,0,0,0,1,0,1,0,0,0.0,0,0,3,0,0,0,0,3.3248629576173565,0,0,https://vtb.ru
29,0,0,0,2,1,0,0,0,0.1724137931034483,0,0,10,0,0,0,0,4.21126073643228,0,1,http://allegro.ofeta84271.cfd
23,0,0,0,1,0,1,0,0,0.0,0,0,5,0,6,0,0,3.6753108689123635,0,0,https://kugou.net/about
57,0,0,0,2,1,1,0,0,0.07017543859649122,0,0,13,0,1,0,0,5.043073347346253,0,1,https://login.zeminghuishou.com/?d42o4BvwUJRPbmUSFQDak0Fj
51,0,0,0,3,2,1,0,0,0.0196078431372549,0,0,5,0,22,0,0,4.522012901519395,0,1,https://new.express.adobe.com/webpage/TvSxOnbfJW2eV
42,0,0,1,2,1,1,0,0,0.0,0,0,16,0,6,0,0,4.147920696433751,0,0,https://support.campaign-archive.com/about
38,0,0,0,1,0,1,0,0,0.02631578947368421,0,0,5,1,18,0,0,4.253863368422076,0,1,https://share.google/knfUxaE9gmxnlmlem
29,0,0,0,2,1,1,0,0,0.0,0,0,7,0,6,0,0,3.814371943179627,0,0,https://www.hihonor.com/login
44,0,0,0,2,1,1,0,0,0.11363636363636363,0,0,5,0,1,0,0,4.453416561671606,0,1,https://6fv8-uxh-cbh-gn6lq-8q8lia.pages.dev/
62,0,0,0,2,1,1,0,0,0.0967741935483871,0,0,12,0,30,0,0,4.42203956103702,0,0,https://support.epicgamescdn.com/article/2026/05/global-update
31,0,0,0,2,1,1,0,0,0.03225806451612903,0,0,6,0,1,0,0,4.082597923010944,0,1,https://costom-2ycq.vercel.app/
131,0,0,0,2,1,1,0,0,0.06870229007633588,0,0,6,0,108,0,0,5.458926745796996,0,1,https://docs.google.com/presentation/d/e/2PACX-1vRDonZWvZI283HLGzun2xLkPeoZzrJzYfqwuCEYvje1guzo5vIrRLMoO-hYRtWInTsa9iZtEKEnVixJ/pub
32,0,0,0,2,1,1,0,0,0.0,0,0,6,0,1,0,0,3.9445488277869583,0,1,https://chu-toulouse.weebly.com/
51,0,0,0,3,2,1,0,0,0.0392156862745098,0,0,5,0,22,0,0,4.5395932339162535,0,1,https://new.express.adobe.com/webpage/EQUCsc1afn4DG
41,0,0,0,2,1,1,0,0,0.0,0,0,9,0,6,0,0,4.222690418935625,0,1,https://homeapps-live.wixstudio.com/en-us
39,0,0,0,2,1,1,0,0,0.0,0,0,9,0,13,0,0,4.047846769977879,0,0,https://docs.boomtrain.com/r/technology
22,0,0,0,1,0,1,0,1,0.13636363636363635,0,0,3,0,8,0,0,3.936260027531527,0,1,https://bit.ly/46rMA6J
21,0,0,0,1,0,1,0,0,0.0,0,0,5,0,5,0,0,3.403989446485262,0,0,https://ispot.tv/home
49,0,0,0,2,1,0,0,0,0.04081632653061224,0,0,5,0,1,0,0,4.42023382344213,0,1,http://sp12ct-harsok-biz-veldik-pramor.pages.dev/
25,0,0,0,2,1,1,0,0,0.0,0,0,9,0,0,0,0,3.6430741894285696,0,0,https://www.mossturbo.com
26,0,0,0,2,1,1,0,0,0.0,0,0,5,0,5,0,0,3.95006375643621,0,0,https://www.imgur.com/help
37,0,0,0,2,1,1,0,0,0.0,0,0,8,0,13,0,0,4.121219243831912,0,0,https://www.tlivecdn.com/r/technology
21,0,0,1,1,0,1,0,0,0.0,0,0,3,0,7,0,0,3.7489948035250964,0,1,https://q-r.to/bfKKqk
43,0,0,0,1,0,1,0,0,0.046511627906976744,0,1,11,0,6,1,0,4.611856614965961,0,0,https://fabswingers.com/watch?v=dQw4w9WgXcQ
19,0,0,0,1,0,1,0,0,0.0,0,0,7,0,0,0,0,3.9321380397593746,0,0,https://arizona.edu
23,0,0,0,2,1,1,0,0,0.043478260869565216,0,0,3,0,7,0,0,3.9690016298759927,0,1,https://l.ead.me/bgbcv3
43,0,0,0,1,0,1,0,0,0.0,0,0,7,0,24,0,0,3.986354360262711,0,0,https://nhentai.net/docs/forms/d/e/viewform
34,0,0,0,1,0,1,0,0,0.08823529411764706,0,0,8,0,14,0,0,4.4182014441278845,0,0,https://blizzard.com/dp/B08N5WRWNW
25,0,0,0,2,0,1,0,0,0.0,0,0,4,0,6,0,0,3.8332696895151086,0,0,https://osym.gov.tr/login
21,0,0,1,1,0,1,0,0,0.09523809523809523,0,0,3,0,7,0,0,3.939470994001287,0,1,https://q-r.to/bgc5S9
38,0,0,0,1,0,1,0,0,0.0,0,0,6,0,20,0,0,3.948346513831634,0,0,https://dyndns.com/category/news/today
27,0,0,0,1,0,1,0,0,0.0,0,0,11,0,5,0,0,3.661932872373582,0,0,https://mediaexpert.pl/help
34,0,0,0,2,1,1,0,0,0.0,0,0,4,0,13,0,0,3.9957153271690524,0,0,https://docs.roku.com/r/technology
40,0,0,0,2,1,1,0,0,0.0,0,0,3,0,1,0,0,3.975070520364182,0,1,https://lesurvivantparmiseutent.web.app/
25,0,0,0,2,1,1,0,0,0.08,0,0,6,0,1,0,0,4.133660689688186,0,1,https://login.b9zzy5.com/
40,0,0,0,2,1,1,0,0,0.1,0,1,5,0,6,1,0,4.5964393446710154,0,0,https://en.8pay1.com/watch?v=dQw4w9WgXcQ
39,0,0,0,2,0,1,0,0,0.0,0,0,8,0,16,0,0,4.079772731460867,0,0,https://autohome.com.cn/in/profile-name
178,0,0,0,3,1,1,0,0,0.11235955056179775,0,7,6,0,108,4,0,5.504918447765458,0,1,https://docs.google.com/presentation/d/e/2PACX-1vSHoIpgl6BloyLTQsoeuXC8MY74GM6OqH3nRv9f3WZ2zHQAXIIJme5TQv-YilvGRToLX566CRkm4sns/pub?start=false&loop=false&delayms=3000&slide=id.p
253,0,0,0,6,3,0,0,0,0.24110671936758893,0,3,8,0,214,0,0,5.636678174509155,0,1,http://vz2wssfi.r.us-east-1.awstrack.me/L0/9uy8t76dytxcvyubhijpohikgnytrgwsdtyuigohojigu.pages.dev%2F%3FD5kcy5grsNUHE0gZ4sKOUP4jkHyJXMDitQmieP5mgGRvzlGSgmUwAl/1/01000194dd66b512-c7ca596e-9acd-4604-8b07-178de31095b1-000000/CuLVPdOnU5xiffpFq3V-MyrkJAc=412
175,0,0,0,2,1,1,0,0,0.10285714285714286,0,5,6,0,108,3,0,5.617828112903862,0,1,https://docs.google.com/presentation/d/e/2PACX-1vQEkKQdBuca3w998xNvepIVYlPykCgWOecfw4d0s7sYflpwD5sHtZAbt5gqRSTiD32wi_S8zAFQByUq/pub?start=false&amp;loop=false&amp;delayms=3000
42,0,0,0,2,1,1,0,0,0.2857142857142857,0,0,10,0,1,0,0,4.386015934528989,0,1,https://home-103273-107092.weeblysite.com/
48,0,0,0,2,1,1,0,0,0.125,0,0,2,0,30,0,0,4.389460876028361,0,0,https://www.ti.com/article/2026/05/global-update
53,0,0,0,2,1,1,0,0,0.0,0,0,10,0,23,0,0,4.1904875591789725,0,1,https://storage.googleapis.com/cloudupdate-gxta/index
53,0,0,0,2,1,1,0,0,0.0,0,0,12,0,21,0,0,4.099983191591615,0,0,https://support.businesswire.com/terms-and-conditions
25,0,0,0,2,1,0,0,0,0.04,0,0,7,0,0,0,0,3.9238561897747246,0,1,http://0rwttu.duckdns.org
51,0,0,0,3,2,1,0,0,0.0196078431372549,0,0,5,0,22,0,0,4.485575831913048,0,1,https://new.express.adobe.com/webpage/wmYtscVUNCB2y
27,0,0,0,2,1,0,0,0,0.1111111111111111,0,0,7,0,0,0,0,4.384517131793098,0,1,http://jc13m9qe.duckdns.org
113,0,0,0,2,1,1,0,0,0.07079646017699115,0,1,6,0,76,1,0,5.243814835251841,0,1,https://docs.google.com/forms/d/e/1FAIpQLSfNManw5gpI03JnZoPhKWwHyweeTcr9JXJJv2F5pbp9rqwtJg/viewform?usp=send_form
42,0,0,0,1,0,1,0,0,0.0,0,0,7,0,24,0,0,3.9657424951384357,0,0,https://astrumu.io/docs/forms/d/e/viewform
26,0,0,0,1,0,1,0,0,0.0,0,0,6,0,8,0,0,3.7343083535732555,0,0,https://wixdns.net/contact
84,0,0,0,2,1,1,0,0,0.09523809523809523,0,0,6,0,61,0,0,5.072152506236129,0,1,https://docs.google.com/drawings/d/1uZT1AlDiaU9Yv9N8skMcHM2gTf2ye2flIiAawspXmKc/edit
19,0,0,0,1,0,1,0,0,0.0,0,0,8,0,0,0,0,3.471354487013929,0,0,https://screener.in
31,0,0,0,2,1,1,0,0,0.0,0,0,10,0,6,0,0,3.8213119401041733,0,0,https://en.weatherkit.net/login
34,0,0,1,1,0,1,0,0,0.0,0,0,7,0,16,0,0,4.160704752887782,0,0,https://ad-tech.ru/in/profile-name
36,0,0,0,2,1,1,0,0,0.0,0,0,15,0,5,0,0,4.078696876021637,0,0,https://www.choiceadvantage.com/help
29,0,0,0,2,1,1,0,0,0.034482758620689655,0,0,8,0,0,0,0,3.9783335811852636,0,1,https://serbasi1.blogspot.com
35,0,0,0,2,1,1,0,0,0.0,0,0,9,0,7,0,0,3.864578373902383,0,1,https://suuite.wixstudio.com/secure
73,0,0,0,2,1,1,0,0,0.0273972602739726,0,5,16,0,8,3,0,4.894682950058314,0,1,https://www.googletagmanager.com/gtag/js?id=G-BH2P3PXCDN&l=dataLayer&cx=c
26,0,0,1,2,1,1,0,0,0.07692307692307693,0,0,9,0,0,0,0,4.209867121904035,0,0,https://blog.awsdns-18.com
34,0,0,0,2,1,1,0,0,0.0,0,0,6,0,1,0,0,3.8085233278572797,0,1,https://started-trezrio.framer.ai/
45,0,0,0,2,1,1,0,0,0.13333333333333333,0,0,6,0,1,0,0,4.322315530038771,0,1,https://refreshed-darlings-288170.framer.app/
27,0,0,0,2,1,1,0,0,0.0,0,0,6,0,6,0,0,3.884155094595804,0,0,https://en.hikops.com/login
175,0,0,0,2,1,1,0,0,0.11428571428571428,0,5,6,0,108,3,0,5.5303982560687315,0,1,https://docs.google.com/presentation/d/e/2PACX-1vSm2eFgDAZ8LEjT8PGnx30JhSmZNAsCdpvBRAX5jaHnkd4ea2Smux0jjphkQCA-bF8vvTMZ5WRP92t9/pub?start=false&amp;loop=false&amp;delayms=3000
39,0,0,0,2,1,1,0,0,0.0,0,0,6,0,1,0,0,4.006573937300012,0,1,https://staticfile-sntandre.wasmer.app/
175,0,0,0,2,1,1,0,0,0.10857142857142857,0,5,6,0,108,3,0,5.566782667150211,0,1,https://docs.google.com/presentation/d/e/2PACX-1vRH1ioV5zDEE78Y2BQFLpw4pBGHgPz6i-3-7mykIeeSFUCCjFyFziIjSFK8nyyXPi3Iup4CHIS1iPBd/pub?start=false&amp;loop=false&amp;delayms=3000
21,0,0,1,1,0,1,0,0,0.0,0,0,3,0,7,0,0,3.939470994001287,0,1,https://q-r.to/bgaHXB
57,0,0,0,2,1,1,0,0,0.10526315789473684,0,0,10,0,30,0,0,4.406851198109579,0,0,https://blog.dondominio.com/article/2026/05/global-update
45,0,0,0,4,2,1,0,0,0.0,0,0,16,0,6,0,0,4.09199268611432,0,1,https://www.app.profuturocompras.com.mx/login
56,0,0,0,1,0,1,0,0,0.0,0,3,11,0,6,2,0,4.311096887382232,0,1,https://moneyfusion.net/login?tab=signin&verified=failed
47,0,0,0,2,0,1,0,0,0.0,0,0,18,0,17,0,0,4.3414069365998955,0,1,https://achievefundraising.com/login-check.html
23,0,0,0,2,1,1,0,0,0.043478260869565216,0,0,3,0,7,0,0,4.0559581516151235,0,1,https://l.ead.me/bfPGy7
55,0,0,1,2,1,1,0,0,0.0,0,0,18,0,20,0,0,4.243116823813246,0,0,https://docs.minutemedia-prebid.com/category/news/today
40,0,0,0,2,1,1,0,0,0.0,0,0,9,0,6,0,0,4.3464393446710154,0,1,https://lives-ledagr.wixstudio.com/en-us
32,0,0,0,2,1,1,0,0,0.09375,0,0,11,0,1,0,0,4.027518266288633,0,1,https://bobc509.myportfolio.com/
39,0,0,0,2,1,0,0,0,0.0,0,0,7,0,0,0,0,4.009134590379753,0,1,http://inlantasnzirdvrevnue.netsons.org
30,0,0,0,2,1,1,0,0,0.0,0,0,7,0,8,0,0,3.777747162910945,0,0,https://www.kabutan.jp/contact
29,0,0,0,1,0,1,0,0,0.0,0,0,13,0,5,0,0,3.6243797016511117,0,0,https://tvinteractive.tv/help
25,0,0,0,2,1,1,0,0,0.0,0,0,6,0,1,0,0,3.943465189601647,0,1,https://ontyi.weebly.com/
22,0,0,0,1,0,1,0,0,0.0,0,0,4,0,7,0,0,4.0614821867207755,0,1,https://qrco.de/bgalbG
49,0,0,0,2,1,1,0,0,0.0,0,0,9,0,20,0,0,4.084225793917433,0,0,https://support.memcached.org/category/news/today
32,0,0,0,2,1,1,0,0,0.0,0,0,5,0,1,0,0,3.765319531114783,0,1,https://accepaccound.start.page/
45,0,0,0,2,1,1,0,0,0.0,0,0,10,0,20,0,0,3.9555102538904023,0,0,https://en.dotmetrics.net/category/news/today
33,0,0,0,2,1,1,0,0,0.0,0,0,13,0,4,0,0,4.18788919491935,0,0,https://www.indianexpress.com/faq
97,0,0,0,3,0,1,0,0,0.0,0,1,10,0,36,1,1,4.302658795574871,0,1,https://tracyvette.com/concours-d-elegance-of-america.html?redirect=https://optout-session.de/ref
38,0,0,0,1,0,1,0,0,0.0,0,0,10,0,16,0,0,4.188331131693838,0,0,https://prreqcroab.icu/in/profile-name
56,0,0,0,2,1,1,0,0,0.10714285714285714,0,0,4,0,36,0,0,4.6445082170796805,0,1,https://docs.revv.so/m/Untitled-Document-o28gu6eLT2ld53g
21,0,0,1,1,0,1,0,0,0.047619047619047616,0,0,3,0,7,0,0,3.8442328987631917,0,1,https://q-r.to/bgbR0L
43,0,0,0,1,0,1,0,0,0.09302325581395349,0,1,7,0,9,1,0,4.711034812791319,0,1,https://scanned.page/p/0QB1iA?id=1U2WyHXIQf
35,0,0,0,2,1,1,0,0,0.08571428571428572,0,0,4,0,14,0,0,4.3432894453927675,0,0,https://blog.zlib.net/dp/B08N5WRWNW
45,0,0,1,2,1,1,0,0,0.0,0,0,15,0,13,0,0,4.233426641149882,0,0,https://docs.huaweicloud-dns.com/r/technology
31,0,0,0,2,1,0,0,0,0.2903225806451613,0,0,11,0,1,0,0,4.018081793978686,0,1,http://allegro.41020129g8g.lat/
27,0,0,0,1,0,1,0,0,0.0,0,0,14,0,1,0,0,4.106377316818026,0,1,https://mbwayseguranca.com/
38,0,0,0,2,1,1,0,0,0.0,0,0,9,0,5,0,0,4.0407090139455,0,1,https://trizzr-suit.wixstudio.com/home
178,0,0,0,3,1,1,0,0,0.10674157303370786,0,7,6,0,108,4,0,5.41741275278574,0,1,https://docs.google.com/presentation/d/e/2PACX-1vT07mbcr-tfpo7MTeptufIou6nk2G8z9fxaaIVsdwzwV6gg90wwjxO-FgzgoHpbwmNT51NdKm2QnluE/pub?start=false&loop=false&delayms=3000&slide=id.p
41,0,0,0,2,1,1,0,0,0.04878048780487805,0,1,5,0,6,1,0,4.220254675762213,0,0,https://www.hstgr.net/watch?v=dQw4w9WgXcQ
51,0,0,0,3,2,1,0,0,0.0392156862745098,0,0,5,0,22,0,0,4.509989802458862,0,1,https://new.express.adobe.com/webpage/ZctDm2I9CPSwd
45,0,0,0,2,1,1,0,0,0.044444444444444446,0,1,9,0,6,1,0,4.402529762804034,0,0,https://www.otgpayidr.com/watch?v=dQw4w9WgXcQ
22,0,0,0,1,0,1,0,1,0.09090909090909091,0,0,3,0,8,0,0,3.936260027531527,0,1,https://bit.ly/4eo7ZAy
50,0,0,0,2,1,1,0,0,0.0,0,0,5,0,1,0,0,4.223981820580906,0,1,https://adobe-knwrgjnwghnwhrkfnejwnfkje.pages.dev/
27,0,0,0,1,0,1,0,0,0.0,0,0,7,0,8,0,0,3.884155094595804,0,0,https://biorxiv.org/contact
23,0,0,1,1,0,1,0,0,0.0,0,0,11,0,0,0,0,4.0559581516151235,0,0,https://fastly-edge.com
335,0,0,0,2,1,1,0,0,0.03582089552238806,0,9,9,0,180,1,0,4.499369291217077,0,1,https://app-promocopa2026.myshopify.com/products/panela-pressao-eletrica-electrolux-digital-capacidade-6l-silenciosa-segura-10-travas-seguranca-15-receitas-pre-programadas-3-niveis-pressao-pcc20-inox-preto-por-rita-lobo?utm_source=organic&amp;amp;amp;utm_campaign=&amp;amp;amp;utm_medium=&amp;amp;amp;utm_content=&amp;amp;amp;utm_term=
38,0,0,0,2,1,1,0,0,0.0,0,0,6,0,15,0,0,4.188331131693838,0,0,https://docs.nikomu.com/privacy-policy
43,0,0,0,2,1,1,0,0,0.09302325581395349,0,0,5,0,1,0,0,4.193251963803171,0,1,https://app-acending-owners2023.start.page/
30,0,0,0,2,1,1,0,0,0.0,0,0,8,0,5,0,0,3.7144093452479408,0,0,https://docs.nocookie.net/news
55,0,0,0,3,2,1,0,0,0.12727272727272726,0,0,9,0,18,0,0,4.562822440640044,0,1,https://rfd-url-51-6.s3.amazonaws.com/rfd/url/ebay-006/
45,0,0,0,2,1,1,0,0,0.0,0,0,10,0,16,0,0,4.135863096137367,0,0,https://support.volkskrant.nl/in/profile-name
35,0,0,0,2,1,1,0,0,0.0,0,0,7,0,13,0,0,4.0791433740260095,0,0,https://www.fanpage.it/r/technology
178,0,0,0,3,1,1,0,0,0.10674157303370786,0,7,6,0,108,4,0,5.636219175746878,0,1,https://docs.google.com/presentation/d/e/2PACX-1vS8zbRt5q5XMoyfwQN7PzudJg1A1V-KsOWE9LajqqwQGizGHqV6yBkvfFouLE2EeZ8r-9LmF9poCH4L/pub?start=false&loop=false&delayms=3000&slide=id.p
35,0,0,0,2,1,1,0,0,0.02857142857142857,0,0,9,0,1,0,0,4.229003731107054,0,1,https://xf-tdz-yhb-1.jimdosite.com/
26,0,0,0,2,1,1,0,0,0.0,0,0,6,0,6,0,0,3.584303179346713,0,0,https://en.google.se/login
32,0,0,0,2,1,1,0,0,0.0,0,0,6,0,6,0,0,3.7181390622295662,0,0,https://support.samhsa.gov/about
51,0,0,0,1,0,1,0,0,0.0,0,1,7,0,7,1,0,4.206835765810631,0,0,https://isnssdk.com/search?q=cybersecurity+research
178,0,0,0,3,1,1,0,0,0.11235955056179775,0,7,6,0,108,4,0,5.515873160170594,0,1,https://docs.google.com/presentation/d/e/2PACX-1vRvQ7LnWCVpNGB_r3yaRc3eZ_B7TYlK_gpragXbiHS04ENS7n2Td9h4W_XjCSqfNds-O92_4QCgAr4j/pub?start=false&loop=false&delayms=3000&slide=id.p
44,0,0,0,2,1,1,0,0,0.0,0,0,11,0,1,0,0,4.152978358288115,0,1,https://webmailrupdatekorea.firebaseapp.com/
339,0,0,0,3,1,1,0,0,0.13864306784660768,0,7,7,0,58,4,0,5.9221917749792,0,1,https://www.dropbox.com/scl/fi/319g38pyi3f5mflg1isb1/Welcome-To-BT-Dropbox.papert?dl=0&oref=e&r=ACPZig_mSevuaMx16E0NrEiOGBc42zSi30YGftGmDhlLnDbRfbJmyqnAgKeDwDt4Fhh21bpptTgVm4yNCjVw4qKFlgzQtEpiIj-pZz8qG4Quv_60SsouIx5GXcOSCYrlh2kiF3dtPyw0A5AX0tTH0-tsyolGupCsyuxKW58VLtEo6gEoOCO7FLYjU5Z3Af0GoDYiClrX52Jd0rKCaFkV6ZJPOkO9FQtvVq7MKRfWTFmfkg&sm=1
26,0,0,0,1,0,1,0,0,0.07692307692307693,0,0,8,0,6,0,0,3.796217602590056,0,1,https://campsite.bio/pth18
33,0,0,0,2,1,1,0,0,0.0,0,0,11,0,1,0,0,3.9344186501738876,0,1,https://besunapp.firebaseapp.com/
21,0,0,1,1,0,1,0,0,0.0,0,0,3,0,7,0,0,3.7489948035250964,0,1,https://q-r.to/bgbMws
23,0,0,0,2,1,1,0,0,0.043478260869565216,0,0,3,0,7,0,0,3.8492239123906247,0,1,https://l.ead.me/bga3ay
22,0,0,0,1,0,1,0,0,0.09090909090909091,0,0,4,0,7,0,0,4.152391277629866,0,1,https://qrco.de/bfXD85
26,0,0,1,1,0,1,0,0,0.0,0,0,8,0,7,0,0,4.209867121904035,0,1,https://qr-codes.io/DbEYhf
22,0,0,0,1,0,1,0,1,0.09090909090909091,0,0,3,0,8,0,0,3.936260027531527,0,1,https://bit.ly/3A5yCLG
53,0,0,0,2,1,1,0,0,0.018867924528301886,0,0,7,0,1,0,0,4.244838210523053,0,1,https://www-att-bellsouth-verifier-cf9dde.webflow.io/
84,0,0,0,2,1,1,0,0,0.07142857142857142,0,0,6,0,61,0,0,5.106137660667954,0,1,https://docs.google.com/drawings/d/1A6CcBXfnDnECu1u0TpP0nZ1GfxbcYY-gxeqIqCZYGXw/edit
33,0,0,0,2,1,1,0,0,0.0,0,0,6,0,10,0,0,3.7953249996956164,0,1,https://brt.oegmte.help/secure/it
63,0,0,0,2,1,1,0,0,0.0,0,1,14,0,7,1,0,4.251424512801075,0,0,https://docs.messefrankfurt.com/search?q=cybersecurity+research
84,0,0,0,2,1,1,0,0,0.08333333333333333,0,0,6,0,61,0,0,5.105256304463823,0,1,https://docs.google.com/drawings/d/1SZ0oIqnM0xlujsgAkl259crxsnHdwS3BTVMLzDeZuSc/edit
33,0,0,0,2,1,1,0,0,0.0,0,0,7,0,6,0,0,3.9225895736416696,0,0,https://support.verizon.net/login
80,0,0,0,2,1,1,0,0,0.2875,0,0,6,0,0,0,0,4.639588327087979,0,1,https://br-2441-02ced9604df3a000f4dfe50e3a1d1e06-qfq8dcdsu-acq-ui-eng.vercel.app
31,0,0,0,1,0,1,0,0,0.0,0,0,14,0,5,0,0,3.873235826376329,0,0,https://steamcommunity.com/news
53,0,0,0,1,0,1,0,0,0.0,0,1,9,0,7,1,0,4.151526586230469,0,0,https://tcgplayer.com/search?q=cybersecurity+research
44,0,0,0,2,1,1,0,0,0.0,0,0,8,0,20,0,0,4.081495471294327,0,0,https://www.archives.gov/category/news/today
21,0,0,0,1,0,1,0,0,0.0,0,0,5,0,5,0,0,3.594465636961452,0,0,https://money.pl/home
41,0,0,0,2,1,1,0,0,0.12195121951219512,0,0,4,0,20,0,0,4.275490346652223,0,0,https://blog.coub.com/products/item/10293
51,0,0,0,3,2,1,0,0,0.0784313725490196,0,0,5,0,22,0,0,4.578808920190763,0,1,https://new.express.adobe.com/webpage/yrL01XJ6osKf7
49,0,0,0,2,1,1,0,0,0.0,0,0,8,0,21,0,0,4.015106978653907,0,0,https://support.tvtropes.org/terms-and-conditions
35,0,0,0,2,1,1,0,0,0.0,0,0,14,0,5,0,0,4.014438730983427,0,0,https://www.oaiusercontent.com/help
48,0,0,0,1,0,1,0,0,0.0,0,1,4,0,7,1,0,4.03280638688745,0,0,https://csis.org/search?q=cybersecurity+research
29,0,0,0,2,1,1,0,0,0.0,0,0,9,0,0,0,0,4.004364184708142,0,0,https://support.kadencewp.com
28,0,0,0,2,1,1,0,0,0.0,0,0,7,0,6,0,0,4.039148671903071,0,0,https://en.vidazoo.com/about
48,0,0,0,1,0,1,0,0,0.0,0,1,5,0,7,1,0,4.114059189593494,0,0,https://blesk.cz/search?q=cybersecurity+research
50,0,0,0,2,1,1,0,0,0.0,0,0,12,0,21,0,0,4.263465189601647,0,0,https://blog.seekingalpha.com/terms-and-conditions
40,0,0,0,2,1,1,0,0,0.0,0,0,6,0,20,0,0,4.003701696057348,0,0,https://en.france.tv/category/news/today
44,0,0,0,1,0,1,0,0,0.0,0,0,12,0,20,0,0,3.968890506694709,0,0,https://visualstudio.com/conditions/diabetes
39,0,0,0,2,1,1,0,0,0.07692307692307693,0,0,5,0,14,0,0,4.37489516746925,0,0,https://support.mlive.com/dp/B08N5WRWNW
175,0,0,0,2,1,1,0,0,0.09142857142857143,0,5,6,0,108,3,0,5.636280113285765,0,1,https://docs.google.com/presentation/d/e/2PACX-1vRghhHFhGXW7DOaHVRNq6yKDM2UnF-GnPs5bWLFmRkFWpDLxX6UhG7vBdP5R72HvSCABjtbutzYwd_6/pub?start=false&amp;loop=false&amp;delayms=3000
47,0,0,0,2,1,1,0,0,0.02127659574468085,0,0,7,0,24,0,0,4.450880277615356,0,1,https://www.logmedo.com/logmedo/frmeGKjlX5JMPWJ
49,0,0,0,2,1,1,0,0,0.0,0,0,8,0,24,0,0,3.984295243871724,0,0,https://docs.cbslocal.com/docs/forms/d/e/viewform
70,0,0,0,2,1,1,0,0,0.0,0,1,18,0,7,1,0,4.22296966842748,0,0,https://support.northwesternmutual.com/search?q=cybersecurity+research
50,0,0,0,2,1,1,0,0,0.0,0,0,6,1,1,0,0,4.145979129983103,0,1,https://netflix-update-payment-details.vercel.app/
34,0,0,0,2,1,1,0,0,0.0,0,0,6,0,1,0,0,4.006436738245531,0,1,https://ledggercomstrt.weebly.com/
60,0,0,0,2,0,1,0,0,0.0,0,0,30,0,15,0,0,4.169576746316394,0,1,https://uniabjpoliticalsciencejournals.com.ng/mein-emmental/
20,0,0,0,1,0,1,0,0,0.0,0,0,8,0,0,0,0,3.5464393446710156,0,0,https://theonion.com
41,0,0,0,1,0,1,0,0,0.0,0,0,10,0,20,0,0,3.8763555179546554,0,0,https://juegosonce.es/conditions/diabetes
21,0,0,1,1,0,1,0,0,0.0,0,0,3,0,7,0,0,3.939470994001287,0,1,https://q-r.to/bgZwSx
41,0,0,0,2,1,1,0,0,0.0,0,0,11,0,1,0,0,4.015611760504575,0,1,https://inicio-promerica.webcindario.com/
52,0,0,0,2,1,1,0,0,0.0,0,0,12,0,24,0,0,4.07965750780467,0,0,https://docs.lindependant.fr/docs/forms/d/e/viewform
34,0,0,0,2,1,1,1,0,0.11764705882352941,0,1,10,0,1,1,0,4.337175341123077,0,1,https://jp.vxuswq2myt.top/?vid=001
22,0,0,0,1,0,1,0,0,0.0,0,0,4,0,7,0,0,4.0614821867207755,0,1,https://qrco.de/bfHsmX
21,0,0,0,1,0,1,0,0,0.047619047619047616,0,0,3,0,7,0,0,3.558518613048906,0,1,https://did.li/k6vsih
38,0,0,0,2,1,1,0,0,0.0,0,0,9,0,6,0,0,4.293594289588575,0,1,https://bridge-trz.wixstudio.com/us-en
20,0,0,0,2,1,1,0,0,0.0,0,0,4,0,0,0,0,3.584183719779189,0,0,https://www.sony.com
52,0,0,0,2,1,1,0,0,0.0,0,0,6,0,28,0,0,4.007516163102496,0,1,https://sites.google.com/view/suportenetatendimento/
42,0,0,0,2,1,0,0,0,0.2857142857142857,0,0,13,0,0,0,0,4.499227541723357,0,1,http://allegro-lokalnie.36490j4509845.shop
36,0,0,0,2,1,1,0,0,0.0,0,0,16,0,5,0,0,3.919381945646371,0,0,https://en.smashingmagazine.com/news
33,0,0,0,2,1,1,0,0,0.0,0,0,11,0,1,0,0,4.020926316000352,0,1,https://retawilo.firebaseapp.com/
28,0,0,0,1,0,1,0,0,0.0,0,0,16,0,0,0,0,3.878783493486176,0,0,https://starmakerstudios.com
21,0,0,1,1,0,1,0,0,0.0,0,0,3,0,7,0,0,3.8442328987631917,0,1,https://q-r.to/bfIqej
83,0,0,0,3,2,1,0,0,0.08433734939759036,0,0,4,0,1,0,0,4.776626292787907,0,1,https://bafkreihhtolweydtxtls4iovdwmkchzndb7rpzut2a5kpehu2rykjcxk44.ipfs.dweb.link/
49,0,0,0,2,1,0,0,0,0.04081632653061224,0,0,5,0,1,0,0,4.410229231693701,0,1,http://sp1ct-darnel-biz8-korlen-vastik.pages.dev/
41,0,0,0,2,1,1,0,0,0.14634146341463414,0,0,3,0,1,0,0,4.436224260451807,0,1,https://document-download-902123.web.app/
44,0,0,0,2,1,1,0,0,0.0,0,0,13,0,15,0,0,4.05319745997986,0,0,https://blog.gravitational.io/privacy-policy
24,0,0,0,2,1,1,0,0,0.125,0,0,3,0,5,0,0,3.8553885422075336,0,0,https://docs.189.cn/news
42,0,0,0,3,1,1,0,0,0.16666666666666666,0,0,11,0,12,0,0,4.252453066090017,0,1,https://fatima.urge5718504.pro/captcha.php
40,0,0,0,2,1,1,0,0,0.0,0,0,6,0,20,0,0,3.996439344671016,0,0,https://en.bamper.by/conditions/diabetes
190,0,0,0,3,1,1,0,0,0.09473684210526316,0,7,6,0,108,4,0,5.566379866171212,0,1,https://docs.google.com/presentation/d/e/2PACX-1vQnHhn9uYHPnvbbGOM0g8OMjnXsIYUs1NbRs2feig9iFHhuJGjwZ0a70WwuVRzFxl8GaBqSBX4FbVy0/pub?start=false&amp;loop=false&amp;delayms=3000&amp;slide=id.p
47,0,0,0,1,0,1,0,0,0.1276595744680851,0,0,5,0,30,0,0,4.426513319578619,0,0,https://iqiyi.com/article/2026/05/global-update
53,0,0,1,3,1,1,0,0,0.0,0,0,12,0,21,0,0,4.027185256687395,0,0,https://docs.bmw-motorrad.com.cn/terms-and-conditions
46,0,0,0,2,1,1,0,0,0.08695652173913043,0,0,5,0,1,0,0,4.379449119468085,0,1,https://pvga-gxj-udc5-q2y-wxaa0-8ud.pages.dev/
48,0,0,0,2,1,1,0,0,0.0,0,0,7,0,20,0,0,4.113521032323433,0,0,https://support.pukihot.surf/category/news/today
43,0,0,0,3,1,1,0,0,0.0,0,0,10,0,15,0,0,4.280120277605719,0,0,https://www.nottingham.ac.uk/privacy-policy
66,0,0,0,2,1,1,0,0,0.045454545454545456,0,0,5,0,30,0,0,4.3929741426964695,0,1,https://llewellyn-genealogy.ghost.io/myfamily-archive-history-649/
45,0,0,0,1,0,1,1,0,0.1111111111111111,0,0,13,0,20,0,0,4.481098797321586,0,0,https://publictracker.xyz/products/item/10293
43,0,0,0,2,1,0,0,0,0.0,0,0,9,0,6,0,0,4.193852697499982,0,1,http://iio-starte-begin.wixstudio.com/en-un
39,0,0,0,2,1,1,0,0,0.0,0,0,6,0,1,0,0,4.233618885307021,0,1,https://demo-tailwind-sooty.vercel.app/
36,0,0,0,1,0,1,0,0,0.08333333333333333,0,0,10,0,14,0,0,4.384795487373134,0,0,https://disneyplus.com/dp/B08N5WRWNW
133,0,0,0,6,0,1,1,0,0.3684210526315789,0,7,5,0,1,3,0,4.929858421293898,0,1,https://pntfp.top/?secure_connect=uj2*fc*&_subid=2hk9he4.33.vo4p&_token=21gabed31v351f.1779711459.17.dc7137848dea27300b7352c52404c78f
40,0,0,0,1,0,1,0,0,0.05,0,0,7,0,21,0,0,4.046439344671016,0,0,https://99acres.com/terms-and-conditions
39,0,0,0,1,0,1,0,0,0.07692307692307693,0,0,13,0,14,0,0,4.4261772187513015,0,0,https://wolterskluwer.com/dp/B08N5WRWNW
43,0,0,0,2,1,1,0,0,0.0,0,0,6,0,1,0,0,4.204652545097893,0,1,https://authorizeacademieamiens.weebly.com/
23,0,0,0,1,0,1,0,0,0.0,0,0,4,0,5,0,0,3.795088586397732,0,0,https://gdms.cloud/home
46,0,0,0,3,1,1,0,0,0.021739130434782608,0,1,2,0,2,1,1,4.381620107948734,0,1,https://l.wl.co/l?u=https://qr-codes.io/vqJjF0
40,0,0,0,2,1,1,0,0,0.0,0,0,6,0,16,0,0,4.025070520364182,0,1,https://sites.google.com/view/qaiqr/home
44,0,0,1,2,0,1,0,0,0.06818181818181818,0,0,17,0,16,0,0,4.356492413796825,0,1,https://landjugend-beckum.de/6/6/3/login.php
38,0,0,0,2,1,1,0,0,0.47368421052631576,0,0,6,0,1,0,0,4.5041206053780485,0,1,https://328315906745954326.weebly.com/
45,0,0,1,1,0,1,0,0,0.0,0,0,12,0,20,0,0,4.197656852829064,0,0,https://inner-active.mobi/category/news/today
29,0,0,0,2,1,1,0,0,0.0,0,0,6,0,0,0,0,4.1852301329094015,0,1,https://cuenta-bhd.weebly.com
34,0,0,0,1,0,1,0,0,0.058823529411764705,0,1,3,0,6,1,0,4.256149238118269,0,0,https://tcd.ie/watch?v=dQw4w9WgXcQ
26,0,0,0,2,1,1,0,0,0.0,0,0,3,0,1,0,0,3.7671834678914613,0,1,https://afqyhuwea.web.app/
38,0,0,2,2,0,1,0,0,0.0,0,0,16,0,10,0,0,4.231369869151726,0,1,https://survey-ppl-acces.com/index.php
50,0,0,0,2,1,1,0,0,0.06,0,0,5,0,1,0,0,4.4234651896016475,0,1,https://eraxil-plink-7i36fg-pthn-jravik.pages.dev/
42,0,0,0,1,0,1,0,0,0.0,0,0,6,0,24,0,0,4.072652614083032,0,0,https://airbnb.net/docs/forms/d/e/viewform
36,0,0,0,2,1,1,0,0,0.0,0,0,11,0,1,0,0,4.426733681937771,0,1,https://ijdgqnywzjp.firebaseapp.com/
21,0,0,0,1,0,1,0,0,0.09523809523809523,0,0,2,0,8,0,0,3.9754180179138334,0,1,https://vo.la/Mi8Uw1a
39,0,0,0,2,1,1,0,0,0.0,0,0,4,0,20,0,0,3.9678617577018853,0,0,https://www.rtbf.be/conditions/diabetes
33,0,0,0,1,0,1,0,0,0.0,0,0,7,0,13,0,0,3.945464952495108,0,0,https://urlflow.shop/r/technology
48,0,0,2,2,1,1,0,0,0.10416666666666667,0,0,26,0,0,0,0,4.5199746782469115,0,1,https://allegro.pl-ogloszenia-firmowe83842.click
19,0,0,0,2,1,1,0,0,0.0,0,0,3,0,0,0,0,3.6818808028034025,0,0,https://www.cia.gov
30,0,0,0,1,0,1,0,0,0.0,0,0,13,0,5,0,0,3.869576746316394,0,0,https://freepornvideo.sex/home
48,0,0,0,2,1,1,0,0,0.041666666666666664,0,0,6,0,1,0,0,4.912782031835939,0,1,https://www.zjzkzh.com/?0TDVTyxdaj7CDkYCBlKWpSNG
54,0,0,0,3,1,1,0,0,0.1111111111111111,0,0,7,0,30,0,0,4.343057299246293,0,0,https://en.japanet.co.jp/article/2026/05/global-update
27,0,0,0,2,1,1,0,0,0.1111111111111111,0,0,12,0,0,0,0,4.106377316818026,0,0,https://en.blacktoon417.com
35,0,0,0,2,1,1,1,0,0.05714285714285714,0,0,5,0,1,0,0,4.04716007463276,0,1,https://topical-tadpole.10web.site/
77,0,0,0,3,0,1,0,0,0.33766233766233766,0,1,15,0,12,1,0,4.654927658377308,0,1,https://validaracessopj.com/comecar.php?hash=94659186269f3549e5e4ca3.86501519
175,0,0,0,2,1,1,0,0,0.07428571428571429,0,5,6,0,108,3,0,5.533306721150647,0,1,https://docs.google.com/presentation/d/e/2PACX-1vSgVuRazT31KConvX16BSawabtaaoIjUm_OJtzZ9SIxXjFvHzaEsZUKLHFy6uMRDV-eSnNQaA3lqtal/pub?start=false&amp;loop=false&amp;delayms=3000
57,0,0,0,3,1,1,0,0,0.10526315789473684,0,0,9,0,30,0,0,4.400455970449925,0,0,https://en.indiapost.gov.in/article/2026/05/global-update
52,0,0,0,4,3,0,0,0,0.019230769230769232,0,1,4,0,1,1,0,4.219294525666979,0,1,http://cancelartupago.appbancolombia.co.hstn.me/?i=2
28,0,0,0,2,1,1,0,0,0.0,0,0,7,0,5,0,0,3.5800503514647373,0,0,https://www.twtrdns.net/home
38,0,0,0,2,1,0,0,0,0.0,0,0,11,0,0,0,0,4.080439935111999,0,1,http://mirosoftaccount.webcindario.com
20,0,0,0,2,1,1,0,0,0.0,0,0,5,0,0,0,0,3.684183719779189,0,0,https://en.meitu.com
84,0,0,0,2,1,1,0,0,0.09523809523809523,0,0,6,0,61,0,0,5.232983161049544,0,1,https://docs.google.com/drawings/d/1ysHWbXVLyA22-xAd6o37p_1ROZQNW5tgLUdGxvrLSUM/edit
35,0,0,0,2,1,1,0,0,0.05714285714285714,0,0,10,0,8,0,0,4.171860873964197,0,0,https://blog.moviesda34.com/contact
21,0,0,1,1,0,1,0,0,0.0,0,0,3,0,7,0,0,3.939470994001287,0,1,https://q-r.to/bgZzLa
23,0,0,0,2,1,1,0,0,0.0,0,0,3,0,7,0,0,3.8820451081368623,0,1,https://l.ead.me/bfMHHp
51,0,0,1,2,1,1,1,0,0.19607843137254902,0,0,23,0,0,0,0,4.4444019991657955,0,1,https://allegrolokalnie.pl-ogloszenie3640514098.top
37,0,0,1,2,1,1,0,0,0.0,0,0,13,0,8,0,0,4.033513500647141,0,0,https://www.mercedes-benz.com/contact
43,0,0,0,2,1,1,0,0,0.0,0,0,9,0,6,0,0,4.193251963803171,0,1,https://apps-jupiter-cd.wixstudio.com/en-us
77,0,0,0,3,1,1,0,0,0.0,0,0,6,0,48,0,0,4.087817309216182,0,1,https://copilote.kinsta.cloud/wp-content/plugins/copilote-a-pnl/app/index.php
37,0,0,0,2,1,1,0,0,0.08108108108108109,0,0,6,0,14,0,0,4.465945933079574,0,0,https://blog.unisys.com/dp/B08N5WRWNW
21,0,0,1,1,0,1,0,0,0.047619047619047616,0,0,3,0,7,0,0,3.8442328987631917,0,1,https://q-r.to/bgZzb9
21,0,0,1,1,0,1,0,0,0.0,0,0,3,0,7,0,0,3.8442328987631917,0,1,https://q-r.to/bgcJZg
84,0,0,0,2,1,1,0,0,0.07142857142857142,0,0,6,0,61,0,0,5.157214970851921,0,1,https://docs.google.com/drawings/d/1QEjQkalQXjrzCoT6yhJdkyBIi1fBNxDsxF60efg-Lb0/edit
40,0,0,0,1,0,1,0,0,0.2,0,0,4,0,25,0,0,4.312814895472355,0,1,https://powr.io/media-gallery/i/41161241
42,0,0,0,2,1,1,0,0,0.07142857142857142,0,0,6,0,20,0,0,4.2407810423835155,0,0,https://www.163img.com/category/news/today
32,0,0,0,2,1,1,1,0,0.1875,0,0,6,0,1,0,0,4.140319531114783,0,1,https://shaw-107237.square.site/
44,0,0,0,3,1,1,0,0,0.0,0,0,6,0,20,0,0,3.997188518009175,0,0,https://www.lazada.co.th/category/news/today
51,0,0,0,3,2,1,0,0,0.0,0,0,5,0,22,0,0,4.569196665373644,0,1,https://new.express.adobe.com/webpage/iRsUgqOypYkNu
82,0,0,0,3,0,1,0,0,0.34146341463414637,0,1,22,0,9,1,0,4.750666414461279,0,1,https://americancenturionblack.com/home.php?hash=1390394653698f9ea569c952.37782956
40,0,0,0,2,1,1,0,0,0.175,0,0,6,0,1,0,0,4.546439344671016,0,1,https://id-0115481-updatenow.weebly.com/
190,0,0,0,3,1,1,0,0,0.08421052631578947,0,7,6,0,108,4,0,5.5523980148315895,0,1,https://docs.google.com/presentation/d/e/2PACX-1vQYwvzsJEgOF_4b8FYQoDRsAAGyoVEdWDVxXeadbdZwhMZ90Yy5ANj6NEX9eL3I8UpYgiNEAto1PMdc/pub?start=false&amp;loop=false&amp;delayms=3000&amp;slide=id.p
51,0,0,0,3,2,1,0,0,0.058823529411764705,0,0,5,0,22,0,0,4.6572402927397825,0,1,https://new.express.adobe.com/webpage/7PTfUd3mLF8BK
58,0,0,0,3,1,1,0,0,0.10344827586206896,0,0,6,0,30,0,0,4.310591237164564,0,0,https://support.google.co.id/article/2026/05/global-update
27,0,0,0,2,1,1,0,0,0.0,0,0,6,0,6,0,0,3.8282375018429544,0,0,https://www.google.fm/login
85,0,0,0,3,1,1,0,0,0.23529411764705882,0,0,14,0,54,0,0,4.700280425582585,0,1,https://usc1.contabostorage.com/2c982e1d6d4c4f9d9a5d2f875ea22c09:oop/all-domaiin.html
27,0,0,0,2,1,1,0,0,0.0,0,0,3,0,1,0,0,4.106377316818026,0,1,https://mifnndjlks.web.app/
33,0,0,0,1,0,1,0,0,0.09090909090909091,0,0,7,0,14,0,0,4.2942460132322875,0,0,https://webnode.com/dp/B08N5WRWNW
23,0,0,1,2,0,1,0,0,0.08695652173913043,0,0,9,0,0,0,0,4.0559581516151235,0,0,https://awsdns-49.co.uk
38,0,0,0,2,1,1,0,0,0.07894736842105263,0,0,7,0,14,0,0,4.366091329119192,0,0,https://www.mangago.zone/dp/B08N5WRWNW
54,0,0,1,2,1,1,0,0,0.0,0,0,18,0,21,0,0,4.129138429166786,0,0,https://en.baseball-reference.com/terms-and-conditions
17,0,0,1,1,0,1,0,0,0.0,0,0,5,0,0,0,0,3.572469458770135,0,0,https://d-net.pro
24,0,0,0,1,0,1,0,0,0.0,0,0,6,0,6,0,0,3.8868421881310113,0,0,https://hpdaas.com/login
175,0,0,0,2,1,1,0,0,0.10857142857142857,0,5,6,0,108,3,0,5.658378558003631,0,1,https://docs.google.com/presentation/d/e/2PACX-1vRow78HFHMOh8TSJyq-KQ6iWE3isfkOyLxSGP44KJCD86VyGlyMfIQhaFzQ71iUL1Ge2kHCpGPvguii/pub?start=false&amp;loop=false&amp;delayms=3000
22,0,0,0,1,0,1,0,1,0.09090909090909091,0,0,3,0,8,0,0,3.936260027531527,0,1,https://bit.ly/47xSyDR
30,0,0,0,2,1,1,0,0,0.0,0,0,6,0,1,0,0,4.0980685120588385,0,1,https://bardatuyda.weebly.com/
28,0,0,0,2,1,1,0,0,0.0,0,0,8,0,5,0,0,3.9407598325400897,0,0,https://www.alfabank.ru/help
21,0,0,1,1,0,1,0,0,0.047619047619047616,0,0,3,0,7,0,0,3.8442328987631917,0,1,https://q-r.to/bgcY4g
53,0,0,0,2,1,1,0,0,0.03773584905660377,0,2,5,0,1,1,0,4.853118039910364,0,1,https://login.ralkj.com/?j3VTM1GKoZOt&amp;type=dpoint
47,0,0,0,3,1,1,0,0,0.0425531914893617,0,1,8,0,6,1,0,4.351837255656769,0,0,https://www.tsinghua.edu.cn/watch?v=dQw4w9WgXcQ
31,0,0,0,3,1,1,0,0,0.0,0,0,6,0,5,0,0,3.7600172778496534,0,0,https://blog.google.com.sa/help
57,0,0,0,2,1,1,0,0,0.07017543859649122,0,0,6,0,33,0,0,4.435543689748171,0,1,https://sites.google.com/view/currently-update1031/update
71,0,0,0,2,1,1,0,0,0.323943661971831,0,0,7,0,43,0,0,4.456242458131055,0,1,https://platform.formbot.com/forms/43a79542-2825-48f6-a86b-494f9ef7f90f
55,0,0,0,2,1,1,0,0,0.10909090909090909,0,0,9,0,30,0,0,4.447103750156402,0,0,https://www.cadenaser.com/article/2026/05/global-update
31,0,0,0,2,1,1,0,0,0.0,0,0,8,0,1,0,0,3.840347116419752,0,1,https://raharharx.blogspot.com/
76,0,0,0,2,1,1,0,0,0.10526315789473684,0,0,6,0,33,0,0,4.318421474608908,0,1,https://help762544assetbusiness24.github.io/protectionnsdeactivedsuppoorrtt/
47,0,0,0,3,1,1,0,0,0.02127659574468085,0,0,8,0,15,0,0,4.222052883952304,0,1,https://istegdyehyd.w3spaces.com/ujdidiend.html
29,0,0,0,2,1,1,0,0,0.0,0,0,5,0,1,0,0,4.021268494903765,0,1,https://bhdenlinea.iceiy.com/
33,0,0,0,2,1,1,0,0,0.0,0,0,8,0,5,0,0,3.7148697866030833,0,0,https://support.trustarc.com/help
38,0,0,0,2,1,1,0,0,0.15789473684210525,0,0,11,0,1,0,0,4.293594289588575,0,1,https://activit303432.webcindario.com/
58,0,0,0,2,1,1,0,0,0.0,0,1,10,0,7,1,0,4.277108849063589,0,0,https://www.clientgear.com/search?q=cybersecurity+research
22,0,0,0,1,0,1,0,1,0.18181818181818182,0,0,3,0,8,0,0,3.8453509366224363,0,1,https://bit.ly/417e4Oh
39,0,0,0,2,1,1,0,0,0.0,0,0,12,0,13,0,0,4.089781950065051,0,0,https://en.firstbytedns.ru/r/technology
41,0,0,0,2,1,1,0,0,0.0,0,0,10,0,0,0,0,4.147560773534259,0,1,https://infoxfinitywebmail.weeblysite.com
33,0,0,0,1,0,1,0,0,0.030303030303030304,0,1,7,0,7,1,0,4.453188816197032,0,1,https://linqapp.com/dfghj2?r=link
21,0,0,1,1,0,1,0,0,0.0,0,0,3,0,7,0,0,3.939470994001287,0,1,https://q-r.to/bgaOed
29,0,0,0,3,1,1,0,0,0.0,0,0,2,0,10,0,0,3.900241770616629,0,1,https://bncrf.eu.cc/home.html
30,0,0,0,2,1,1,0,0,0.1,0,0,6,0,1,0,0,4.1898980954642875,0,1,https://wirelin101.weebly.com/
38,0,0,0,2,1,1,0,0,0.0,0,0,7,0,16,0,0,4.10293343438235,0,0,https://www.dedeman.ro/in/profile-name
47,0,0,2,2,1,1,0,0,0.0,0,0,11,0,20,0,0,4.094393309484218,0,0,https://www.uno-geo-dns.com/conditions/diabetes
37,0,0,0,2,1,1,0,0,0.0,0,0,6,0,1,0,0,4.17257423112624,0,1,https://goldenvvestupdate.weebly.com/
46,0,0,0,3,1,1,0,0,0.021739130434782608,0,1,2,0,2,1,1,4.365209510075616,0,1,https://l.wl.co/l?u=https://qr-codes.io/YXzc4S
21,0,0,1,1,0,1,0,0,0.0,0,0,3,0,7,0,0,3.939470994001287,0,1,https://q-r.to/bfLHWg
28,0,0,0,2,1,1,0,0,0.14285714285714285,0,0,3,0,1,0,0,3.9407598325400897,0,1,https://mttbz-b8491.web.app/
45,0,0,0,2,1,1,0,0,0.044444444444444446,0,1,11,0,6,1,0,4.563532262755956,0,0,https://en.novotelecom.ru/watch?v=dQw4w9WgXcQ
33,0,0,1,1,0,1,0,0,0.0,0,0,19,0,1,0,0,3.9344186501738876,0,1,https://support-aboplusinfo.help/
42,0,0,1,2,1,0,0,0,0.23809523809523808,0,0,23,0,0,0,0,4.403989446485261,0,1,http://allegro.lokalna-ofeta0290105043.cfd
30,0,0,1,1,0,1,0,0,0.1,0,0,17,0,1,0,0,4.114409345247941,0,1,https://paquet-express103.com/
39,0,0,0,2,1,1,0,0,0.0,0,0,8,0,15,0,0,4.31682689807206,0,0,https://www.rylkngdm.com/privacy-policy
49,0,0,1,2,1,0,0,0,0.1836734693877551,0,0,22,0,0,0,0,4.604306272598332,0,1,http://allegrolokalnie.pl-ogloszenie483704921.cfd
41,0,0,0,1,0,1,0,0,0.0,0,0,9,0,20,0,0,4.120257956979046,0,0,https://douyinvod.com/category/news/today
23,0,0,0,2,1,1,0,0,0.0,0,0,3,0,7,0,0,3.9690016298759927,0,1,https://l.ead.me/bgaNGr
36,0,0,1,3,0,0,0,0,0.027777777777777776,0,0,3,0,7,0,0,4.321888195526178,0,1,http://q-r.to/bf5Ouk?bradesco.com.br
46,0,0,0,2,1,1,0,0,0.0,0,0,9,0,7,0,0,3.927346261160914,0,1,https://appsstartese-trzo.wixstudio.com/starts
31,0,0,0,2,1,1,0,0,0.0,0,0,7,0,1,0,0,4.091135423220312,0,1,https://crypto-kms.netlify.app/
48,0,0,0,2,1,1,0,0,0.0,0,0,8,0,24,0,0,4.2533761057025385,0,0,https://blog.fullcast.jp/docs/forms/d/e/viewform
52,0,0,0,1,0,1,0,0,0.0,0,0,16,0,24,0,0,3.9768694699595475,0,0,https://spendsdetachment.com/docs/forms/d/e/viewform
24,0,0,0,2,1,1,0,0,0.0,0,0,7,0,0,0,0,3.6572682296173893,0,0,https://docs.sparteo.com
33,0,0,0,2,1,1,0,0,0.0,0,0,5,0,8,0,0,3.6950206341166107,0,0,https://support.clara.net/contact
41,0,0,0,2,1,1,0,0,0.14634146341463414,0,0,6,0,1,0,0,4.369031882350259,0,1,https://sienna-noodles-007592.framer.app/
33,0,0,0,2,1,1,0,0,0.0,0,0,9,0,8,0,0,3.850937210714388,0,0,https://www.meteoblue.com/contact
27,0,0,0,2,1,1,0,0,0.0,0,0,6,0,1,0,0,3.9121138909722286,0,1,https://jp-mail.vercel.app/
42,0,0,0,2,1,1,0,0,0.14285714285714285,0,0,6,0,1,0,0,4.510899565429859,0,1,https://cloudy-absolute-236990.framer.app/
27,0,0,0,2,1,1,0,0,0.07407407407407407,0,0,7,0,1,0,0,4.032303242743952,0,1,https://m49fka.webwave.dev/
35,0,0,0,1,0,1,0,0,0.05714285714285714,0,1,4,0,6,1,0,4.414438730983427,0,0,https://bund.de/watch?v=dQw4w9WgXcQ
58,0,0,0,2,1,1,0,0,0.0,0,1,11,0,7,1,0,4.316876202278363,0,0,https://www.majhinaukri.in/search?q=cybersecurity+research
39,0,0,0,2,0,1,0,0,0.0,0,0,4,0,20,0,0,3.9233659245349726,0,0,https://xoso.com.vn/conditions/diabetes
31,0,0,1,2,1,1,0,0,0.06451612903225806,0,0,9,0,5,0,0,4.106949132758152,0,0,https://blog.awsdns-55.net/home
26,0,0,0,2,1,1,0,0,0.0,0,0,3,0,1,0,0,4.026986833359287,0,1,https://finlesuvr.web.app/
46,0,0,0,3,1,1,0,0,0.10869565217391304,0,0,6,0,20,0,0,4.259671401982716,0,0,https://docs.betano.bet.ar/products/item/10293
40,0,0,0,2,1,1,0,0,0.0,0,0,7,0,13,0,0,4.134183719779189,0,0,https://support.igamecj.com/r/technology
51,0,0,0,3,2,1,0,0,0.0392156862745098,0,0,5,0,22,0,0,4.497598930973581,0,1,https://new.express.adobe.com/webpage/OkZTei0QpoWc9
19,0,0,0,1,0,1,0,0,0.0,0,0,8,0,0,0,0,3.826874881864638,0,0,https://emgsound.ru
51,0,0,0,3,2,1,0,0,0.0392156862745098,0,0,5,0,22,0,0,4.564007204462068,0,1,https://new.express.adobe.com/webpage/VKw7c6DNHWruh
88,0,0,0,1,0,1,0,0,0.06818181818181818,0,0,4,0,8,0,0,5.481714572986073,0,1,https://qrco.de/becZZe/?ghOsNgDRvQ5hJZfpbXMPBoWVBC7zjVdweGyJRTkIuYAOidHrMqBuw5cKokg5I2y0
32,0,0,0,1,0,1,0,0,0.0,0,0,12,0,8,0,0,3.7181390622295662,0,0,https://threatlocker.com/contact
46,0,0,0,2,1,1,0,0,0.0,0,0,5,0,1,0,0,4.117669902512294,0,1,https://bussinesscenters-helppolicy.pages.dev/
32,0,0,0,1,0,1,0,0,0.0,0,0,15,0,6,0,0,4.093139062229566,0,0,https://deutschlandfunk.de/login
21,0,0,1,1,0,1,0,0,0.09523809523809523,0,0,3,0,7,0,0,3.939470994001287,0,1,https://q-r.to/bfcY08
31,0,0,0,2,1,1,0,0,0.0,0,0,6,0,1,0,0,3.974695407915898,0,1,https://heusakleame.weebly.com/
17,0,0,0,1,0,1,0,0,0.0,0,0,6,0,0,0,0,3.4548223999466057,0,0,https://kijiji.ca
35,0,0,0,2,1,1,0,0,0.0,0,0,11,0,1,0,0,4.000432302535625,0,1,https://cbsnjerpso.firebaseapp.com/
53,0,0,0,2,1,1,0,0,0.0,0,0,17,0,21,0,0,4.078374757106207,0,0,https://en.githubusercontent.com/terms-and-conditions
47,0,0,0,2,1,1,0,0,0.0425531914893617,0,1,7,0,6,1,0,4.4955582663410985,0,0,https://support.snaptik.net/watch?v=dQw4w9WgXcQ
38,0,0,0,2,1,1,0,0,0.07894736842105263,0,0,6,0,14,0,0,4.13569955274647,0,1,https://sites.google.com/view/x1w0cqo1
28,0,0,0,2,1,1,0,0,0.0,0,0,7,0,5,0,0,3.770942421748537,0,0,https://www.telogis.com/home
25,0,0,0,1,0,0,0,0,0.0,0,0,14,0,0,0,0,3.683856189774725,0,1,http://treewalkertech.com
22,0,0,0,1,0,1,0,1,0.09090909090909091,0,0,3,0,8,0,0,3.936260027531527,0,1,https://bit.ly/3VW3Gow
45,0,0,0,2,0,1,0,0,0.0,0,0,9,0,21,0,0,3.97765386327595,0,0,https://promiedos.com.ar/terms-and-conditions
37,0,0,0,2,1,1,0,0,0.0,0,0,11,0,1,0,0,4.337435460048129,0,1,https://hskyzvrcwbfx.firebaseapp.com/
38,0,0,0,2,1,1,0,0,0.0,0,0,7,0,15,0,0,4.201231789474708,0,0,https://www.ivideon.com/privacy-policy
48,0,0,0,2,1,1,0,0,0.0,0,0,9,0,6,0,0,4.196854365656766,0,1,https://ssostarted-ledzercdn.wixstudio.com/us-en
35,0,0,0,1,0,1,0,0,0.0,0,0,22,0,1,0,0,4.093149802473811,0,1,https://convitedigitalonlinebr.com/
38,0,0,0,2,0,1,0,0,0.13157894736842105,0,0,3,0,20,0,0,4.238334671954104,0,0,https://sri.gob.ec/products/item/10293
22,0,0,0,1,0,1,0,0,0.045454545454545456,0,0,4,0,7,0,0,4.0614821867207755,0,1,https://qrco.de/bfJh8g
174,0,0,0,2,1,1,0,0,0.11494252873563218,0,5,6,0,108,3,0,5.541825519825599,0,1,https://docs.google.com/presentation/d/e/2PACX-1vRSoG6Opy-9wrlzVARK_Ln3abC2shOE6wZT4KKU6i8KRvkQdw_AS3cehUUto1aO3CTergeM-S7FHK6G/pub?start=true&amp;loop=true&amp;delayms=60000
33,0,0,0,1,0,1,0,0,0.0,0,0,20,0,1,0,0,4.12728313431329,0,1,https://conviteaeternumblack.com/
33,0,0,0,1,0,1,0,0,0.0,0,0,15,0,6,0,0,4.150158513166728,0,0,https://myhentaigallery.com/about
40,0,0,0,2,1,1,0,0,0.2,0,0,10,0,1,0,0,4.365311532225102,0,1,https://allegrolokalnie.01289523rt.shop/
38,0,0,0,2,1,1,0,0,0.0,0,0,4,0,1,0,0,4.083067973799101,0,1,https://voice-attmail-secure.pory.app/
48,0,0,0,1,0,1,0,0,0.125,0,0,6,0,30,0,0,4.407268229617389,0,0,https://forbes.com/article/2026/05/global-update
33,0,0,0,2,1,1,0,0,0.0,0,0,6,0,1,0,0,4.104407755459851,0,1,https://supportrunbox.weebly.com/
29,0,0,0,1,0,1,0,0,0.0,0,0,11,0,6,0,0,4.228165046627903,0,0,https://boyfriendtv.com/login
31,0,0,0,2,1,1,0,0,0.0,0,0,9,0,5,0,0,3.977916874693636,0,1,https://www.dpdlocazr.cyou/com/
23,0,0,0,2,1,1,0,0,0.043478260869565216,0,0,3,0,7,0,0,3.9690016298759927,0,1,https://l.ead.me/bgccX9
26,0,0,0,1,0,1,0,0,0.11538461538461539,0,0,13,0,1,0,0,4.132944044980959,0,1,https://pglaohujib150.icu/
43,0,0,0,2,1,1,0,0,0.11627906976744186,0,0,6,0,20,0,0,4.4501213023523984,0,0,https://blog.konami.net/products/item/10293
23,0,0,0,1,0,1,0,0,0.0,0,0,6,0,5,0,0,3.6753108689123635,0,0,https://phncdn.com/news
62,0,0,0,2,1,1,0,0,0.0,0,1,13,0,7,1,0,4.195558206521433,0,0,https://docs.pricecharting.com/search?q=cybersecurity+research
167,0,0,0,2,1,1,0,0,0.10778443113772455,0,5,6,0,108,3,0,5.493902422326476,0,1,https://docs.google.com/presentation/d/e/2PACX-1vQg2fIrI0lXZZfOEP45XB3klkuAs6_ofABlEXAdb0TCtS-qv3m-T_GuPq43GnXCya2-NYAMzyfRQC1i/pub?start=false&loop=false&delayms=3000
44,0,0,0,1,0,1,0,0,0.13636363636363635,0,0,3,0,30,0,0,4.390805482076982,0,0,https://dns.kr/article/2026/05/global-update
30,0,0,0,2,1,1,0,0,0.0,0,0,8,0,6,0,0,3.6947396630551763,0,0,https://blog.lastampa.it/about
45,0,0,0,2,1,1,0,0,0.0,0,0,9,0,16,0,0,4.24152726285211,0,0,https://support.backlinko.com/in/profile-name
22,0,0,0,1,0,1,0,1,0.045454545454545456,0,0,3,0,8,0,0,3.936260027531527,0,1,https://bit.ly/3LLYXBc
46,0,0,0,2,1,1,0,0,0.10869565217391304,0,0,9,0,20,0,0,4.315218283764102,0,0,https://blog.foxsports.com/products/item/10293
23,0,0,0,2,1,1,0,0,0.0,0,0,6,0,0,0,0,3.795088586397732,0,0,https://docs.myntra.com
54,0,0,0,2,1,1,0,0,0.0,0,1,6,0,7,1,0,4.215342540871482,0,0,https://www.edgcdn.net/search?q=cybersecurity+research
84,0,0,0,2,1,1,0,0,0.16666666666666666,0,0,6,0,61,0,0,5.161554589620972,0,1,https://docs.google.com/drawings/d/1e-Wla66HLCzr7cr2zREAm3t4_c5ko3BN3Y8x36WKr9s/edit
21,0,0,1,1,0,1,0,0,0.047619047619047616,0,0,3,0,7,0,0,3.8442328987631917,0,1,https://q-r.to/bgbGk1
31,0,0,1,2,1,1,0,0,0.06451612903225806,0,0,9,0,6,0,0,4.018081793978685,0,0,https://www.awsdns-61.net/login
90,0,0,0,4,0,1,0,0,0.044444444444444446,0,7,9,0,9,2,1,4.801272719043426,0,1,https://vkontakte.ru/away.php?cc_key=cNJaMK&to=https%3A%2F%2Fauth.bemossncontrol.com%2Firs
190,0,0,0,3,1,1,0,0,0.08947368421052632,0,7,6,0,108,4,0,5.490137148330614,0,1,https://docs.google.com/presentation/d/e/2PACX-1vR1pB5qM0QdnEiTbMD7BHe-Ft3SbMUAa6wBehMDO-RtTtR5jCJPV3a-OwJrn67LNMtz4RToiSBtde-J/pub?start=false&amp;loop=false&amp;delayms=3000&amp;slide=id.p
42,0,0,0,2,1,1,0,0,0.0,0,0,5,0,21,0,0,4.159592720140252,0,0,https://www.avdbs.com/terms-and-conditions
47,0,0,0,2,1,1,0,0,0.0,0,0,9,0,1,0,0,4.0762070760315945,0,1,https://ledger-com-start-sso-web.typedream.app/
53,0,0,0,2,1,1,0,0,0.018867924528301886,0,0,6,0,1,0,0,4.303695106348783,0,1,https://communitybkk2goaccessrecliamonlll.weebly.com/
22,0,0,0,1,0,1,0,0,0.0,0,0,4,0,7,0,0,3.8453509366224363,0,1,https://qrco.de/bgrlht
49,0,0,0,3,0,1,0,0,0.0,0,0,7,0,30,0,0,4.157891926048797,0,1,https://pallars.org/.bb-mbb-hu/takare/signin.html
32,0,0,0,1,0,1,0,0,0.0,0,0,12,0,8,0,0,3.952819531114783,0,0,https://humblebundle.com/contact
48,0,0,0,3,1,1,0,0,0.10416666666666667,0,0,8,0,20,0,0,4.504247855285172,0,0,https://blog.epfindia.gov.in/products/item/10293
45,0,0,0,1,0,1,0,0,0.044444444444444446,0,1,13,0,6,1,0,4.580307540581812,0,0,https://outsideonline.com/watch?v=dQw4w9WgXcQ
40,0,0,0,2,1,1,0,0,0.05,0,1,5,0,6,1,0,4.546439344671016,0,0,https://en.mxpnl.com/watch?v=dQw4w9WgXcQ
84,0,0,0,2,1,1,0,0,0.08333333333333333,0,0,6,0,61,0,0,5.243158791671846,0,1,https://docs.google.com/drawings/d/1UrLtT0VMfeSmVAVPOLUNPK1K0EC1MFawgZ2DZqS7xIQ/edit
22,0,0,0,1,0,1,0,0,0.0,0,0,4,0,7,0,0,4.0614821867207755,0,1,https://qrco.de/bgbzBO
28,0,0,0,2,1,1,0,0,0.0,0,0,6,0,6,0,0,3.994680368408909,0,0,https://docs.vinted.pl/about
22,0,0,0,1,0,1,0,0,0.0,0,0,11,0,0,0,0,3.788754913993503,0,0,https://pagesjaunes.fr
65,0,0,0,2,1,1,0,0,0.046153846153846156,0,1,6,0,30,1,0,4.420229882452799,0,1,https://sites.google.com/view/messagerie-box02/accueil?authuser=7
36,0,0,0,2,1,1,0,0,0.0,0,0,6,0,1,0,0,4.162573265150912,0,1,https://billgudposthnlbg.weebly.com/
22,0,0,0,1,0,1,0,0,0.0,0,0,4,0,7,0,0,4.0614821867207755,0,1,https://qrco.de/bgrYAR
38,0,0,1,2,1,1,0,0,0.13157894736842105,0,0,8,0,0,0,0,4.260828171224455,0,1,https://allegro-lokalnie.40023i-s.shop
29,0,0,0,2,1,1,0,0,0.0,0,0,3,0,1,0,0,4.159199529386523,0,1,https://yuoulkndftra.web.app/
49,0,0,0,2,1,1,0,0,0.0,0,0,9,0,24,0,0,4.08877311078527,0,0,https://www.qcloudcdn.com/docs/forms/d/e/viewform
51,0,0,0,3,2,1,0,0,0.3333333333333333,0,0,7,0,1,0,0,4.446360145638538,0,1,https://bitter-mode-7090.2415054122105.workers.dev/
33,0,0,1,2,1,1,1,0,0.0,0,0,13,0,4,0,0,4.104407755459851,0,1,https://www.gov-parkingqt.top/com
49,0,0,0,2,1,1,0,0,0.0,0,0,8,0,24,0,0,4.096739631715131,0,0,https://blog.yesstyle.com/docs/forms/d/e/viewform
26,0,0,0,2,1,0,0,0,0.038461538461538464,0,0,7,0,0,0,0,4.132944044980959,0,1,http://elktw8u.duckdns.org
44,0,0,0,2,1,1,0,0,0.0,0,0,7,0,20,0,0,3.896820539042673,0,0,https://docs.dellemc.com/conditions/diabetes
27,0,0,0,2,1,0,0,0,0.0,0,0,7,0,0,0,0,4.162294909570876,0,1,http://xfsicvpk.duckdns.org
46,0,0,0,2,1,1,0,0,0.0,0,0,6,0,1,0,0,4.085758358504456,0,1,https://mail-spectrum-net-html.framer.website/
31,0,0,0,1,0,1,0,0,0.0967741935483871,0,0,5,0,14,0,0,4.220167681284828,0,0,https://china.com/dp/B08N5WRWNW
29,0,0,0,2,1,1,0,0,0.0,0,0,6,0,6,0,0,3.8833374604210062,0,0,https://docs.smaato.net/login
48,0,0,0,2,1,1,1,0,0.0,0,0,7,0,20,0,0,4.045580929639266,0,0,https://support.bytegle.tech/category/news/today
71,0,0,0,1,0,1,0,0,0.36619718309859156,0,0,5,0,55,0,0,4.730438669741767,0,1,https://prezo.ai/public/new-prezo--00bb7521-3f37-4174-87d8-5694459b540c
45,0,0,0,1,0,1,0,0,0.13333333333333333,0,0,4,0,30,0,0,4.288764974387061,0,0,https://inps.it/article/2026/05/global-update
48,0,0,0,2,1,0,0,0,0.020833333333333332,0,0,5,0,1,0,0,4.506328385912461,0,1,http://sp0ct-zelvax-biz-corqor-jarnem.pages.dev/
30,0,0,0,1,0,1,0,0,0.0,0,0,18,0,0,0,0,4.21506101220307,0,0,https://marketingcloudapis.com
45,0,0,0,3,1,1,0,0,0.0,0,0,6,0,20,0,0,4.161313030086848,0,0,https://www.kerala.gov.in/category/news/today
35,0,0,0,2,1,1,0,0,0.0,0,0,6,0,1,0,0,3.9468807887948474,0,1,https://protivityyy.framer.website/
23,0,0,0,2,1,1,0,0,0.0,0,0,5,0,4,0,0,3.6211755429194707,0,0,https://en.heise.de/faq
48,0,0,0,2,1,1,0,0,0.0,0,0,8,0,24,0,0,4.068902085446844,0,0,https://www.xhsocial.com/docs/forms/d/e/viewform
42,0,0,0,2,1,1,0,0,0.0,0,0,6,0,18,0,0,4.041625614369223,0,1,https://sites.google.com/view/ugyfdss/home
41,0,0,0,1,0,1,0,0,0.0,0,0,9,0,21,0,0,4.025132724542701,0,0,https://atsenergo.ru/terms-and-conditions
21,0,0,1,1,0,1,0,0,0.047619047619047616,0,0,3,0,7,0,0,3.939470994001287,0,1,https://q-r.to/bfJY3M
45,0,0,0,2,1,1,0,0,0.1111111111111111,0,0,5,0,1,0,0,4.413423651596768,0,1,https://748rmp-hjq9c-m0c-hzrr-gtez.pages.dev/
41,0,0,0,1,0,1,0,0,0.12195121951219512,0,0,9,0,20,0,0,4.26659942039368,0,0,https://fullstory.com/products/item/10293
29,0,0,0,2,1,1,0,0,0.0,0,0,7,0,5,0,0,3.840402546702505,0,0,https://docs.revolut.com/home
52,0,0,1,2,1,1,0,0,0.11538461538461539,0,0,7,0,30,0,0,4.428536535690753,0,0,https://en.git-scm.com/article/2026/05/global-update
30,0,0,0,2,1,1,0,0,0.0,0,0,7,0,8,0,0,3.8565647621309544,0,0,https://en.ucdavis.edu/contact
29,0,0,0,1,0,1,0,0,0.10344827586206896,0,0,3,0,14,0,0,4.142295219190901,0,0,https://byd.com/dp/B08N5WRWNW
25,0,0,0,2,1,1,0,0,0.0,0,0,3,0,5,0,0,3.733660689688186,0,0,https://docs.unc.edu/home
49,0,0,0,2,1,1,0,0,0.0,0,0,9,0,20,0,0,4.204636702690701,0,0,https://support.classlink.com/category/news/today
52,0,0,0,2,0,0,0,0,0.019230769230769232,0,0,8,0,33,0,0,4.344106544814538,0,1,http://fullaski.com/longman/ourtimepge/v3/index.html
40,0,0,1,1,0,1,0,0,0.0,0,0,7,0,21,0,0,3.847085133395088,0,0,https://cc-ecdn.net/terms-and-conditions
97,0,0,0,2,1,0,0,0,0.1134020618556701,0,0,19,0,50,0,0,4.785177987554671,0,1,http://allegrolokalnie.wzbogacsiedomain140.shop/oferta/iphone-15-pro-128gb-black-titanium-3cq77fz
22,0,0,0,1,0,1,0,1,0.09090909090909091,0,0,3,0,8,0,0,3.936260027531527,0,1,https://bit.ly/3GE3Zkd
83,0,0,0,3,2,1,0,0,0.14457831325301204,0,0,4,0,1,0,0,4.900608148877707,0,1,https://bafkreichsmb72zgy6y2thpm6oezazmxwuu52mwzl4gz45vm52ejinrcexu.ipfs.dweb.link/
47,0,0,1,2,1,1,0,0,0.0,0,0,11,0,21,0,0,3.9176591289213074,0,0,https://en.gannett-dns.com/terms-and-conditions
29,0,0,1,1,0,1,0,0,0.0,0,0,16,0,1,0,0,3.9783335811852636,0,1,https://securpassinfo-ca.com/
30,0,0,1,1,0,1,0,0,0.0,0,0,10,0,8,0,0,3.872905595320056,0,1,https://mvm-nexthu.com/captcha
42,0,0,0,2,1,1,0,0,0.14285714285714285,0,0,6,0,1,0,0,4.350068910616443,0,1,https://generous-closet-976276.framer.app/
44,0,0,0,2,1,1,0,0,0.0,0,0,6,0,24,0,0,4.188610096798806,0,0,https://en.gazeta.pl/docs/forms/d/e/viewform
23,0,0,0,1,0,1,0,0,0.0,0,0,6,0,5,0,0,4.0559581516151235,0,0,https://pdflib.com/news
28,0,0,0,2,1,1,0,0,0.0,0,0,7,0,5,0,0,3.610577243331642,0,0,https://www.telekom.net/home
42,0,0,0,3,1,1,0,0,0.07142857142857142,0,0,6,0,10,0,0,3.9744870651207918,0,1,https://paypaynejp781.replit.app/login.php
44,0,0,1,2,1,0,0,0,0.1590909090909091,0,0,13,0,1,0,0,4.507742914525315,0,1,http://allegro-lokalnie.smart-0391827.click/
32,0,0,0,2,1,1,0,0,0.0,0,0,3,0,1,0,0,3.8164280318460246,0,1,https://termistoclesere.web.app/
22,0,0,0,1,0,1,0,0,0.0,0,0,4,0,7,0,0,4.0614821867207755,0,1,https://qrco.de/bgcBLY
40,0,0,0,2,1,1,0,0,0.0,0,0,12,0,13,0,0,3.9464393446710155,0,0,https://en.straitstimes.com/r/technology
46,0,0,1,2,1,1,0,0,0.0,0,0,11,0,14,0,0,3.911845315026195,0,1,https://bradesco.empresa-bia.com/dist/d/acesso
19,0,0,0,1,0,1,0,0,0.0,0,0,3,0,4,0,0,3.6818808028034025,0,0,https://afr.com/faq
38,0,0,0,1,0,1,0,0,0.0,0,0,7,0,19,0,0,3.9026797376866447,0,1,https://cnkedun.com/content/ssidpxszds
21,0,0,1,1,0,1,0,0,0.0,0,0,7,0,1,0,0,3.880179922675738,0,1,https://gov-mcd.help/
29,0,0,0,2,1,1,0,0,0.0,0,0,8,0,6,0,0,3.857306856898128,0,0,https://en.ingresso.com/login
22,0,0,0,1,0,1,0,0,0.045454545454545456,0,0,4,0,7,0,0,4.152391277629866,0,1,https://qrco.de/bfE8Kg
46,0,0,0,2,1,1,0,0,0.0,0,0,9,0,21,0,0,4.011629890369303,0,0,https://www.techsmith.com/terms-and-conditions
25,0,0,0,2,1,1,0,0,0.0,0,0,8,0,0,0,0,4.163856189774725,0,0,https://blog.jwplayer.com
33,0,0,0,2,1,1,0,0,0.0,0,0,13,0,5,0,0,3.763646770676926,0,0,https://en.domainnamedns.com/home
59,0,0,0,2,1,1,0,0,0.11864406779661017,0,0,7,0,30,0,0,4.835618684771717,0,1,https://share-na2.hsforms.com/24_pJJ-unRn6zA5iQMbhahw40chek
27,0,0,0,2,1,1,0,0,0.1111111111111111,0,0,7,0,1,0,0,4.106377316818026,0,1,https://g1nz36.webwave.dev/
41,0,0,0,2,1,1,0,0,0.024390243902439025,0,0,11,0,1,0,0,4.171474187957335,0,1,https://actalizadatsbhd6.webcindario.com/
29,0,0,0,2,1,1,0,0,0.0,0,0,6,0,6,0,0,3.8833374604210062,0,0,https://docs.trello.com/login
53,0,0,0,2,1,1,0,0,0.11320754716981132,0,0,6,0,30,0,0,4.442279596310037,0,0,https://docs.narvar.com/article/2026/05/global-update
26,0,0,0,2,1,1,0,0,0.0,0,0,3,0,1,0,0,3.6133373140453076,0,1,https://e-tax-nta.web.app/
51,0,0,0,3,2,1,0,0,0.058823529411764705,0,0,5,0,22,0,0,4.551616332976786,0,1,https://new.express.adobe.com/webpage/2LO4J5qgUesRu
24,0,0,0,2,1,1,0,0,0.0,0,0,3,0,1,0,0,3.8035088547976783,0,1,https://komipuo.web.app/
40,0,0,0,2,1,1,0,0,0.025,0,0,7,0,1,0,0,4.384183719779189,0,1,https://metamaskkcrypt0login.webflow.io/
88,0,0,0,2,1,1,0,0,0.09090909090909091,0,0,6,0,65,0,0,5.067640005966218,0,1,https://docs.google.com/presentation/d/17uunT7y_zkgaHA0QLengH1hVly7JCE3GhQV-_y8knOk/edit
28,0,0,0,1,0,1,0,0,0.0,0,0,11,0,6,0,0,3.743982153814128,0,0,https://biobiochile.cl/about
46,0,0,0,3,1,1,0,0,0.0,0,0,6,0,21,0,0,4.2326037389862705,0,0,https://www.google.com.ly/terms-and-conditions
51,0,0,0,3,2,1,0,0,0.0392156862745098,0,0,7,0,9,0,0,4.3215654794306895,0,1,https://sfr-production-8e4a.up.railway.app/paiement
63,0,0,0,2,1,1,0,0,0.0,0,1,11,0,7,1,0,4.061246042859205,0,0,https://support.steamserver.net/search?q=cybersecurity+research
40,0,0,0,1,0,1,0,0,0.125,0,0,8,0,20,0,0,4.072573883611435,0,0,https://passport.com/products/item/10293
25,0,0,0,2,1,1,0,0,0.0,0,0,9,0,0,0,0,3.7532696895151085,0,0,https://www.impactcdn.com
44,0,0,0,2,1,1,0,0,0.0,0,0,7,0,20,0,0,3.9600186992955453,0,0,https://docs.travixo.vip/conditions/diabetes
42,0,0,0,1,0,1,0,0,0.0,0,0,10,0,20,0,0,4.034709089239382,0,0,https://goguardian.com/conditions/diabetes
95,0,0,0,2,0,0,0,0,0.08421052631578947,0,5,13,0,1,3,1,4.698921009974158,0,1,http://linksredirect.com/?pub_id=2561CL2444&source=linkkit&url=https://qrco.de/updatedstatement
35,0,0,0,1,0,1,0,0,0.08571428571428572,0,0,9,0,14,0,0,4.307714802597438,0,0,https://xalabahia.com/dp/B08N5WRWNW
23,0,0,0,1,0,1,0,0,0.0,0,0,5,0,6,0,0,3.8164027166443866,0,0,https://wsdvs.com/about
22,0,0,0,1,0,1,0,0,0.0,0,0,6,0,4,0,0,3.629219686524097,0,0,https://matomo.org/faq
34,0,0,0,3,1,1,0,0,0.0,0,0,10,0,6,0,0,4.035273502696888,0,0,https://www.japantimes.co.jp/login
37,0,0,0,1,0,1,0,1,0.0,0,0,7,0,18,0,0,4.226628285180294,0,1,https://tinyurl.com/sketchfab-account
21,0,0,1,1,0,1,0,0,0.0,0,0,3,0,7,0,0,3.939470994001287,0,1,https://q-r.to/bfXiWD
22,0,0,0,1,0,1,0,1,0.045454545454545456,0,0,3,0,8,0,0,4.027169118440618,0,1,https://bit.ly/4qYBuAf
40,0,0,0,2,1,1,0,0,0.0,0,0,11,0,1,0,0,4.037326145256008,0,1,https://syneragrisystem.firebaseapp.com/
40,0,0,0,2,1,1,0,0,0.0,0,0,12,0,13,0,0,4.053055907333276,0,0,https://en.heytapmobile.com/r/technology
50,0,0,0,2,1,0,0,0,0.06,0,0,5,0,1,0,0,4.4883674395583775,0,1,http://sp11ct-demnor-biz8-krasel-vornik.pages.dev/
19,0,0,0,2,1,1,0,0,0.0,0,0,4,0,0,0,0,3.826874881864638,0,0,https://en.angi.com
41,0,0,0,2,1,1,1,0,0.0,0,0,10,0,15,0,0,4.308294687333843,0,0,https://www.moviespage.xyz/privacy-policy
41,0,0,0,2,1,1,0,0,0.0,0,0,10,0,15,0,0,4.204278528638955,0,0,https://www.huntington.com/privacy-policy
35,0,0,0,2,1,1,0,0,0.0,0,0,5,0,13,0,0,4.011585431837431,0,0,https://blog.kargo.com/r/technology
33,0,0,0,2,1,1,0,0,0.030303030303030304,0,0,4,0,6,0,0,3.907734270742486,0,1,https://home-page-2.cdps.eu/home/
20,0,0,0,1,0,1,0,0,0.05,0,0,2,0,6,0,0,3.746439344671016,0,1,https://ln.run/n1gOa
34,0,0,1,2,1,1,0,0,0.0,0,0,13,0,4,0,0,4.17512313511346,0,1,https://www.gov-parkingei.shop/com
62,0,0,0,2,0,1,0,0,0.0967741935483871,0,0,17,0,30,0,0,4.496073278227068,0,0,https://udyamregistration.gov.in/article/2026/05/global-update
46,0,0,0,1,0,1,0,0,0.0,0,0,13,0,21,0,0,3.936180434129755,0,0,https://cnbcindonesia.com/terms-and-conditions
28,0,0,0,1,0,1,0,0,0.10714285714285714,0,0,3,0,14,0,0,3.9677201004744993,0,0,https://prf.hn/dp/B08N5WRWNW
56,0,0,0,1,0,1,0,0,0.23214285714285715,0,1,11,0,15,1,0,4.916742368826761,0,1,https://henglong228.com/uid_4924443545?ticket=GSHxdrfbnZ
45,0,0,1,1,0,1,0,0,0.0,0,0,13,0,21,0,0,3.9658301082617395,0,0,https://voodoo-gaming.io/terms-and-conditions
51,0,0,0,3,2,1,0,0,0.0196078431372549,0,0,5,0,22,0,0,4.524791518187557,0,1,https://new.express.adobe.com/webpage/aEMsYRCtLhO5A
50,0,0,0,2,1,1,0,0,0.04,0,0,5,0,1,0,0,4.5283674395583775,0,1,https://sp12ct-lansik-biz-kormel-fazdor.pages.dev/
124,0,0,0,3,1,1,0,0,0.1935483870967742,0,5,7,0,52,3,0,5.149946790013003,0,1,https://www.dropbox.com/scl/fi/knyd4gi2z2dlhyp95ma49/myBT-2025-Update.paper?rlkey=uv99pn2926lm3hr0rb4lvpc6n&st=jfr5c6vd&dl=0
42,0,0,0,2,1,0,0,0,0.09523809523809523,0,0,5,0,1,0,0,4.558518613048906,0,1,http://ezicbu-82k3-yyqqiq-vao1d.pages.dev/
175,0,0,0,2,1,1,0,0,0.12,0,5,6,0,108,3,0,5.543670736049497,0,1,https://docs.google.com/presentation/d/e/2PACX-1vQLPqPAP9bq0rkFU3Q6Xl2iDUL4DThkUAi03hbZbBFP8XtaMXrTGLfQkO479niDrNdUOe0Y0FaWhRV3/pub?start=false&amp;loop=false&amp;delayms=3000
46,0,0,0,2,1,1,0,0,0.043478260869565216,0,1,10,0,6,1,0,4.474330162437656,0,0,https://www.telefonica.com/watch?v=dQw4w9WgXcQ
59,0,0,0,2,1,1,0,0,0.06779661016949153,0,0,7,0,30,0,0,4.7793619658058955,0,1,https://share-eu1.hsforms.com/2lmdgtHnURtihVLPVQPusBw2ewth7
38,0,0,0,2,1,1,0,0,0.0,0,0,5,0,16,0,0,4.280693631807704,0,0,https://blog.webex.com/in/profile-name
30,0,0,0,1,0,1,0,0,0.0,0,0,10,0,7,0,0,4.081727678869736,0,1,https://uspsaamnbj.life/uqjmw/
35,0,0,0,1,0,1,0,0,0.0,0,0,4,0,20,0,0,4.036006945330954,0,0,https://bngf.ru/conditions/diabetes
30,0,0,0,2,1,1,0,0,0.0,0,0,6,0,8,0,0,3.7483943455364033,0,0,https://blog.google.gr/contact
102,0,0,0,3,1,1,0,0,0.12745098039215685,0,1,4,0,14,1,0,4.885229818384841,0,1,https://nhbdfgudfgkjdhgkjdfhgdfgdgdfgfd-2942.twil.io/eyteggdd.html?id=7jp81slzfxqhgkw9y260decram3bvni4
41,0,0,0,2,1,1,0,0,0.0,0,0,4,0,20,0,0,4.013176017331163,0,0,https://blog.aarp.org/category/news/today
21,0,0,1,1,0,1,0,0,0.0,0,0,3,0,7,0,0,3.939470994001287,0,1,https://q-r.to/bgESXM
38,0,0,0,2,1,1,0,0,0.07894736842105263,0,0,7,0,14,0,0,4.346225868535943,0,0,https://docs.fdating.com/dp/B08N5WRWNW
36,0,0,0,1,0,1,0,0,0.0,0,0,11,0,13,0,0,3.8638263900908156,0,0,https://senderscore.com/r/technology
26,0,0,0,2,1,1,0,0,0.0,0,0,6,0,0,0,0,3.7192945256669794,0,0,https://support.listdl.com
36,0,0,0,1,0,1,0,0,0.19444444444444445,0,0,4,0,20,0,0,4.347434988263512,0,0,https://a47b.com/products/item/10293
28,0,0,0,2,1,1,0,0,0.0,0,0,8,0,5,0,0,3.842370993177109,0,0,https://en.coindesk.com/news
31,0,0,0,2,1,1,0,0,0.0,0,0,14,0,0,0,0,3.84888461662912,0,0,https://docs.adsmeasurement.com
35,0,0,0,2,1,1,0,0,0.02857142857142857,0,0,11,0,1,0,0,4.229003731107054,0,1,https://face5boosk.webcindario.com/
33,0,0,0,1,0,1,0,0,0.0,0,0,15,0,6,0,0,4.017900089633386,0,0,https://ctolabperfstats.com/login
84,0,0,0,2,1,1,0,0,0.047619047619047616,0,0,6,0,61,0,0,5.272804327334621,0,1,https://docs.google.com/drawings/d/1UVQFYILenGTPJZGhN4vcWuaBhyXapkiMp5K4NgqtzEs/edit
52,0,0,1,3,1,1,0,0,0.0,0,0,18,0,15,0,0,4.45006375643621,0,1,https://www.suivi-mondialrelay.locker/page/index.php
22,0,0,0,1,0,1,0,0,0.0,0,0,6,0,5,0,0,3.788754913993503,0,0,https://allwyn.cz/news
29,0,0,0,1,0,1,0,0,0.0,0,0,12,0,5,0,0,3.8833374604210062,0,0,https://thetrainline.com/news
39,0,0,0,2,1,1,0,0,0.0,0,0,11,0,13,0,0,3.874644526332662,0,0,https://www.tohotheater.jp/r/technology
34,0,0,1,2,1,1,0,0,0.0,0,0,13,0,5,0,0,4.094097032108652,0,0,https://www.braintree-api.com/help
22,0,0,0,1,0,1,0,1,0.045454545454545456,0,0,3,0,8,0,0,3.936260027531527,0,1,https://bit.ly/3AKmArj
29,0,0,0,2,1,1,0,0,0.0,0,0,10,0,4,0,0,3.9952378913808864,0,0,https://www.netcologne.de/faq
21,0,0,1,1,0,1,0,0,0.0,0,0,3,0,7,0,0,3.939470994001287,0,1,https://q-r.to/bfTMjD
38,0,0,0,2,0,1,0,0,0.0,0,0,3,0,21,0,0,3.9880774349981323,0,0,https://ocn.ne.jp/terms-and-conditions
27,0,0,0,1,0,1,0,0,0.0,0,0,7,0,8,0,0,3.661932872373582,0,0,https://youporn.com/contact
32,0,0,0,2,1,1,0,0,0.0,0,0,8,0,1,0,0,3.8431390622295662,0,1,https://xnisksossw.blogspot.com/
48,0,0,0,2,1,1,0,0,0.0,0,0,17,0,15,0,0,4.292481250360578,0,0,https://www.crazymaplestudios.com/privacy-policy
39,0,0,0,2,1,1,0,0,0.15384615384615385,0,0,6,0,1,0,0,4.490029141717278,0,1,https://vibrant-crow-962043.framer.app/
32,0,0,0,1,0,1,0,0,0.0,0,0,4,0,15,0,0,4.155639062229566,0,0,https://nebo.mobi/privacy-policy
44,0,0,0,2,1,1,0,0,0.0,0,0,6,0,1,0,0,4.018884391699703,0,1,https://telstrawebmailllsupportt.weebly.com/
22,0,0,0,1,0,1,0,1,0.09090909090909091,0,0,3,0,8,0,0,3.6635327548042547,0,1,https://bit.ly/3yslfF3
175,0,0,0,2,1,1,0,0,0.08,0,5,6,0,108,3,0,5.568941503978469,0,1,https://docs.google.com/presentation/d/e/2PACX-1vTUvOmbOSjYvhaC5uIfcy2OottjIz55JKViJMk5avp_xbswqEr_wnhJamNPj4OCZrQ0aCYNLxyDN9aT/pub?start=false&amp;loop=false&amp;delayms=3000
53,0,0,0,2,1,1,0,0,0.0,0,0,16,0,20,0,0,4.213190738761427,0,0,https://blog.networksolutions.com/category/news/today
30,0,0,0,2,1,1,0,0,0.0,0,0,10,0,0,0,0,3.755913095175825,0,0,https://support.clearscore.com
53,0,0,0,2,1,1,0,0,0.07547169811320754,0,0,7,0,21,0,0,4.379166804461991,0,1,https://florawales46.wixsite.com/louisville-office3-1
45,0,0,0,3,1,0,0,0,0.0,0,0,6,0,25,0,0,3.9413100405337342,0,1,http://nt.efxaxl.com/shavestix/shavestix.html
35,0,0,0,2,1,1,0,0,0.0,0,0,6,0,1,0,0,4.207435516759526,0,1,https://psn-games-gifts.weebly.com/
46,0,0,0,1,0,1,0,0,0.0,0,0,14,0,20,0,0,4.164228803600908,0,0,https://oxfordjournals.org/conditions/diabetes
20,0,0,1,1,0,1,0,0,0.0,0,0,8,0,0,0,0,4.021928094887363,0,0,https://anker-in.com
49,0,0,0,2,1,1,0,0,0.10204081632653061,0,0,5,0,1,0,0,4.517272343894446,0,1,https://ui0xak-gmua9-evd-ktji7x-o0f2xh.pages.dev/
33,0,0,0,1,0,1,0,0,0.030303030303030304,0,0,6,0,16,0,0,4.066677073707229,0,0,https://sport1.de/in/profile-name
30,0,0,1,2,1,0,0,0,0.2,0,0,9,0,0,0,0,4.348394345536403,0,1,http://allegro.nr-943854.click
47,0,0,0,2,1,1,0,0,0.0425531914893617,0,1,7,0,6,1,0,4.5806646493198215,0,0,https://support.redgifs.com/watch?v=dQw4w9WgXcQ
42,0,0,0,1,0,1,0,0,0.21428571428571427,0,0,7,0,23,0,0,4.318045625665338,0,1,https://1tf25t2.cfd/1ul311yx/G0trut/ovlzZZ
17,0,0,0,1,0,1,0,0,0.0,0,0,5,0,0,0,0,3.616874605956222,0,0,https://slack.com
20,0,0,0,1,0,1,0,0,0.15,0,0,2,0,7,0,0,3.6464393446710157,0,1,https://tr.ee/16L6nK
39,0,0,0,1,0,1,0,0,0.05128205128205128,0,1,7,0,6,1,0,4.458103180234289,0,0,https://easyjet.com/watch?v=dQw4w9WgXcQ
42,0,0,0,2,0,1,0,0,0.0,0,0,12,0,13,0,0,3.74861355516787,0,1,https://applesoporte.services/isignesp.php
38,0,0,0,2,1,0,0,0,0.13157894736842105,0,0,7,0,1,0,0,4.290966250901472,0,1,http://allegro-lokalnie.9df8383.click/
21,0,0,1,1,0,1,0,0,0.0,0,0,3,0,7,0,0,3.939470994001287,0,1,https://q-r.to/bfKOBZ
26,0,0,0,1,0,1,0,0,0.0,0,0,9,0,5,0,0,3.7962176025900565,0,0,https://accompany.com/news
21,0,0,1,1,0,1,0,0,0.0,0,0,3,0,7,0,0,3.939470994001287,0,1,https://q-r.to/bfYRCg
52,0,0,0,2,1,1,0,0,0.019230769230769232,0,1,5,0,7,1,0,4.251242671289337,0,0,https://en.a2dns.com/search?q=cybersecurity+research
48,0,0,0,2,1,1,0,0,0.10416666666666667,0,0,5,0,1,0,0,4.496115365169272,0,1,https://mornela-gld-fentora-a6x4fc954.pages.dev/
44,0,0,0,2,1,1,0,0,0.0,0,0,4,0,24,0,0,3.8964566201562296,0,0,https://docs.bidr.io/docs/forms/d/e/viewform
36,0,0,0,2,1,1,1,0,0.0,0,0,13,0,1,0,0,4.030493056757482,0,1,https://bradesco.biasuportenet.info/
317,0,0,0,4,1,1,0,0,0.11987381703470032,0,3,6,0,13,2,0,5.7510475417136195,0,1,https://trackingservice.monday.com/tracker/link?token=eyJhbGciOiJIUzI1NiIsInR5cCI6IkpXVCJ9.eyJvcmlnaW5hbFVybCI6Imh0dHBzOi8vcXJjb2RldmVsb3Blci5jb20vY29kZS9nZnRIWDZCMF8tUVUyZldWIiwiZW1haWxJZCI6ImEyZjc3MjE4LWEzMTctNGE1YS1iYzMwLWQyM2Y0MTYwMmFmZiIsImlhdCI6MTc3MDEwOTgzM30.jjltmNBeaE6L74PykdHyxUCS1jROW9zHOzxD809TkUQ&r=euc1
65,0,0,0,4,3,1,0,0,0.12307692307692308,0,0,9,0,10,0,0,4.935764882519367,0,1,https://t4540ijinugkklgbm2pt.s3.eu-west-1.amazonaws.com/ACRzSpb7K
39,0,0,0,1,0,1,0,0,0.0,0,0,8,0,20,0,0,4.055295335502323,0,0,https://blogspot.fr/category/news/today
123,0,0,0,3,1,1,0,0,0.13821138211382114,0,5,7,0,51,3,0,5.177702159857073,0,1,https://www.dropbox.com/scl/fi/0r46gxds6rg4euqdfrsj2/AT-T-Yahoo-Mail.paper?rlkey=vdgaicmksvx86qztt0m3ro81d&st=wk4r83w8&dl=0
38,0,0,0,2,1,1,0,0,0.07894736842105263,0,0,7,0,14,0,0,4.326360407952694,0,0,https://blog.pornhat.one/dp/B08N5WRWNW
32,0,0,0,2,1,1,0,0,0.0,0,0,10,0,6,0,0,3.8667292966721747,0,0,https://docs.growthbook.io/about
41,0,0,0,2,1,1,0,0,0.024390243902439025,0,0,12,0,13,0,0,4.277926089825635,0,0,https://www.easy4ipcloud.com/r/technology
38,0,0,0,2,1,1,0,0,0.05263157894736842,0,0,11,0,1,0,0,4.346225868535943,0,1,https://lbncr04hvalid.webcindario.com/
21,0,0,0,1,0,1,0,0,0.0,0,0,5,0,4,0,0,3.880179922675738,0,0,https://gmail.com/faq
33,0,0,0,2,1,1,0,0,0.0,0,0,13,0,0,0,0,3.5647298338035918,0,0,https://support.depositphotos.com
62,0,0,0,2,0,1,1,0,0.0,0,1,11,1,37,0,0,4.566468890752879,0,1,https://startransit.biz/wp-includes/mass/LINKEDIN/index.html#x
84,0,0,0,5,4,1,0,0,0.13095238095238096,0,0,8,0,51,0,0,5.1348691739044705,0,1,https://g17ll.r.ag.d.sendibm3.com/mk/op/sh/SMJz09hnzmooCypJ9qmNhZk5vCOn/3sE4RncxK51T
41,0,0,0,2,1,1,0,0,0.0,0,0,6,0,17,0,0,3.8699003348695236,0,1,https://sites.google.com/view/gmxcio/home
178,0,0,0,3,1,1,0,0,0.10112359550561797,0,7,6,0,108,4,0,5.569882986464956,0,1,https://docs.google.com/presentation/d/e/2PACX-1vRdL5HYecii5jpxe17X0IcKrSbl_uLdaE-O4Id33KxyJN-ncNpseMqgOLR6C9YhE2TNKWWMTjXEOG6V/pub?start=false&loop=false&delayms=3000&slide=id.p
36,0,0,0,2,1,0,0,0,0.0,0,0,7,0,0,0,0,4.0860486123130375,0,1,http://plus-disney-clone.netlify.app
46,0,0,0,2,1,1,0,0,0.06521739130434782,0,0,7,0,8,0,0,4.0480336303846824,0,1,https://creditosfamilia200.wixsite.com/misitio
79,0,0,0,2,1,1,0,0,0.12658227848101267,0,0,6,0,56,0,0,5.205944596870767,0,1,https://docs.google.com/document/d/1RP6nP2VL9DAdrU7QxtQk9SU7OrIvza71wiaaMX7qyag
28,0,0,2,2,1,1,0,0,0.07142857142857142,0,0,11,0,1,0,0,3.9407598325400897,0,1,https://www.v11-okx-app.com/
131,0,0,0,2,1,1,0,0,0.09923664122137404,0,3,6,0,38,1,0,5.529430640018066,0,1,https://sites.google.com/view/minhanovacampmikass2/in%C3%ADcio?fbclid=IwAR1w3E9TR4RF_6mCtLUXy5-JYOB-_-paRtQjgXrqa4UYl0Y83mupuCsKpR0
22,0,0,0,1,0,1,0,0,0.045454545454545456,0,0,4,0,7,0,0,4.152391277629866,0,1,https://qrco.de/bgfw6L
39,0,0,0,1,0,1,0,0,0.05128205128205128,0,1,7,0,6,1,0,4.59259324428138,0,0,https://lexmark.com/watch?v=dQw4w9WgXcQ
44,0,0,0,2,1,0,0,0,0.13636363636363635,0,0,16,0,0,0,0,4.362507470762515,0,1,http://allegrolokalnie.oferta2947xni28j.rest
39,0,0,0,2,1,1,0,0,0.0,0,0,7,0,16,0,0,4.038499898783,0,0,https://www.typekit.net/in/profile-name
42,0,0,0,1,0,1,0,0,0.0,0,0,15,0,15,0,0,4.091622411276601,0,0,https://anticheatexpert.com/privacy-policy
43,0,0,0,2,1,1,0,0,0.16279069767441862,0,0,11,0,1,0,0,4.53023394044673,0,1,https://cs491-backend-2026.firebaseapp.com/
34,0,0,0,2,1,1,0,0,0.0,0,0,12,0,5,0,0,4.02085512047121,0,0,https://docs.investorgain.com/home
29,0,0,0,2,1,1,0,0,0.0,0,0,8,0,5,0,0,3.857306856898128,0,0,https://www.vimeocdn.com/home
42,0,0,0,2,1,1,0,0,0.0,0,0,5,0,21,0,0,4.094000160564931,0,0,https://www.agoda.com/terms-and-conditions
27,0,0,0,2,1,0,0,0,0.037037037037037035,0,0,7,0,0,0,0,4.23636898364495,0,1,http://zqu7jqyn.duckdns.org
38,0,0,0,1,0,1,0,0,0.05263157894736842,0,1,7,0,6,1,0,4.431623565847431,0,0,https://sardine.ai/watch?v=dQw4w9WgXcQ
33,0,0,0,2,1,1,0,0,0.0,0,0,6,0,1,0,0,4.165013816065912,0,1,https://bridgwatersso.weebly.com/
49,0,0,0,2,1,1,0,0,0.0,0,0,10,0,24,0,0,4.08877311078527,0,0,https://en.dallasnews.com/docs/forms/d/e/viewform
21,0,0,1,1,0,1,0,0,0.0,0,0,3,0,7,0,0,3.8442328987631917,0,1,https://q-r.to/bgcXhF
40,0,0,0,1,0,1,0,0,0.0,0,0,7,0,21,0,0,3.887326145256009,0,0,https://siemens.com/terms-and-conditions
43,0,0,0,2,1,1,0,0,0.0,0,0,7,0,20,0,0,3.998728057370606,0,0,https://docs.betpawa.ug/conditions/diabetes
40,0,0,0,2,1,1,0,0,0.0,0,0,6,0,8,0,0,4.025070520364182,0,1,https://legder-wallte.zapier.app/un-site
34,0,0,1,2,1,1,0,0,0.2647058823529412,0,0,12,0,0,0,0,4.322756958897398,0,1,https://allegro.pl-484378755.click
25,0,0,0,1,0,1,0,0,0.0,0,0,4,0,10,0,0,3.5132696895151083,0,1,https://qrco.de/coorreeos
27,0,0,0,2,1,1,0,0,0.0,0,0,8,0,0,0,0,3.5417435206018584,0,0,https://support.corriere.it
32,0,0,0,1,0,1,0,0,0.0,0,0,5,0,15,0,0,3.9681390622295662,0,0,https://ionos.com/privacy-policy
44,0,0,0,2,1,1,0,0,0.045454545454545456,0,0,6,0,20,0,0,4.16126308502903,0,1,https://sites.google.com/view/wiubriu38/home
54,0,0,0,2,1,1,0,0,0.05555555555555555,0,0,7,0,29,0,0,4.639353595542588,0,1,https://share.hsforms.com/20Bv3GGSTSimfauLxYmmg-gtfxsu
23,0,0,0,2,1,1,0,0,0.0,0,0,3,0,7,0,0,4.0559581516151235,0,1,https://l.ead.me/bfJDOc
37,0,0,2,2,1,1,0,0,0.02702702702702703,0,0,14,0,6,0,0,4.229327351940021,0,0,https://blog.xn--mgbkt9eckr.net/login
34,0,0,0,1,0,1,0,0,0.0,0,0,14,0,8,0,0,3.6571925329241424,0,0,https://globalconnetct.com/contact
25,0,0,1,2,1,1,0,0,0.08,0,0,9,0,0,0,0,3.893660689688186,0,0,https://www.awsdns-42.com
21,0,0,1,1,0,1,0,0,0.047619047619047616,0,0,3,0,7,0,0,3.939470994001287,0,1,https://q-r.to/bgcXe5
41,0,0,0,3,2,1,0,0,0.0,0,0,7,0,8,0,0,4.02269698136929,0,1,https://hragents.nadqa.nadsoft.co/az/mnx/
29,0,0,0,1,0,1,0,0,0.034482758620689655,0,0,7,0,9,0,0,3.814371943179627,0,1,https://scanned.page/p/WdnV1e
26,0,0,0,1,0,1,0,0,0.0,0,0,9,0,5,0,0,3.7962176025900565,0,0,https://canvaslms.com/help
30,0,0,0,2,1,1,0,0,0.23333333333333334,0,0,10,0,1,0,0,4.123231428797621,0,1,https://fatima.res9681822.pro/
51,0,0,0,2,1,1,0,0,0.058823529411764705,0,0,5,0,1,0,0,4.451549606550115,0,1,https://sp11ct-velnor-biz8-prasik-lomzer.pages.dev/
23,0,0,0,1,0,1,0,0,0.043478260869565216,0,0,5,0,7,0,0,3.8820451081368623,0,1,https://reurl.cc/ZZ5yql
46,0,0,0,2,1,1,0,0,0.0,0,0,10,0,21,0,0,4.093682879734897,0,0,https://en.measureadv.com/terms-and-conditions
25,0,0,0,2,1,1,0,0,0.0,0,0,3,0,5,0,0,3.7034651896016473,0,0,https://docs.adp.com/help
36,0,0,0,2,1,1,0,0,0.0,0,0,8,0,13,0,0,4.141604167868593,0,0,https://en.naijared.com/r/technology
31,0,0,1,2,1,1,0,0,0.0,0,0,10,0,6,0,0,3.9621031651557956,0,0,https://en.arm-msedge.net/about
50,0,0,0,1,0,1,0,0,0.0,0,1,7,0,7,1,0,4.08307418942857,0,0,https://centrum.cz/search?q=cybersecurity+research
32,0,0,0,2,1,1,0,0,0.0,0,0,5,0,1,0,0,3.8164280318460246,0,1,https://securinotice.start.page/
50,0,0,0,1,0,1,0,0,0.12,0,0,8,0,30,0,0,4.416174630069642,0,0,https://adentifi.com/article/2026/05/global-update
41,0,0,0,2,1,1,0,0,0.0,0,0,6,0,20,0,0,4.277926089825635,0,0,https://www.vkplay.ru/conditions/diabetes
23,0,0,0,2,1,1,0,0,0.0,0,0,7,0,0,0,0,3.3603059777020796,0,0,https://www.kwaipay.app
32,0,0,0,2,1,1,0,0,0.0,0,0,8,0,8,0,0,3.9292292966721747,0,0,https://www.mfadsrvr.com/contact
75,0,0,1,2,1,1,0,0,0.29333333333333333,0,3,16,0,1,2,0,4.862105444308975,0,1,https://us9.campaign-archive.com/?u=00022c59e8530fa57c6eede2b&id=b7e511d7a8
42,0,0,0,2,1,1,0,0,0.0,0,0,9,0,13,0,0,3.867576946176195,0,0,https://support.hostgator.com/r/technology
22,0,0,1,1,0,1,0,0,0.0,0,0,11,0,0,0,0,3.550340709546388,0,0,https://dns-servers.vn
76,0,0,1,2,1,1,0,0,0.35526315789473684,0,3,16,0,1,2,0,4.934131836707213,0,1,https://us20.campaign-archive.com/?u=f7265d1a5e89213467cf9401a&id=56dbc25536
190,0,0,0,3,1,1,0,0,0.12105263157894737,0,7,6,0,108,4,0,5.628107865359199,0,1,https://docs.google.com/presentation/d/e/2PACX-1vR82s710nXAhYw66QQvPAslpnvtYTHzQLEkUc91JLNTDn5_cu6UqN4YqYI-E67QBB9JJmjBpFk9WRY4/pub?start=false&amp;loop=false&amp;delayms=3000&amp;slide=id.p
26,0,0,0,1,0,1,1,0,0.15384615384615385,0,0,6,0,7,0,0,4.026986833359287,0,1,https://0bsj77.info/7oBbyg
33,0,0,1,2,1,0,0,0,0.18181818181818182,0,0,12,0,0,0,0,4.438333513297848,0,1,http://allegro.pl-web342857.click
43,0,0,0,1,0,1,0,0,0.11627906976744186,0,0,7,0,23,0,0,4.598133580877986,0,1,https://m8qv4xt.skin/r9tbpu6v/QAo1qX/Fkignh
46,0,0,0,3,1,0,0,0,0.0,0,0,23,0,5,0,0,4.134990152123812,0,1,http://www.viniciusfrancoadvocacia.com.br/hub/
28,0,0,0,2,1,1,0,0,0.0,0,0,7,0,4,0,0,4.110577243331642,0,1,https://ia.govqwez.autos/dmv
25,0,0,0,1,0,1,1,0,0.12,0,0,13,0,0,0,0,4.003856189774725,0,1,https://facturealo125.top
32,0,0,0,2,1,1,1,0,0.34375,0,0,11,0,1,0,0,4.327819531114783,0,1,https://allegro.53498893423.xyz/
94,0,0,0,4,2,1,0,0,0.1702127659574468,0,0,10,0,42,0,0,4.592432170707257,0,1,https://cloudstorageservices1.storage.googleapis.com/23edfdaa-9127-4d24-a2ae-62a28ccc5bae.html
25,0,0,0,2,1,1,0,0,0.0,0,0,5,0,0,0,0,3.733660689688186,0,0,https://support.fdown.net
43,0,0,0,2,1,1,0,0,0.0,0,0,7,0,5,0,0,4.016283580676733,0,1,https://voicecenterjunosec.wixsite.com/juno
175,0,0,0,2,1,1,0,0,0.10857142857142857,0,5,6,0,108,3,0,5.5885743101680685,0,1,https://docs.google.com/presentation/d/e/2PACX-1vR7ORSnX0m0YQtgKinkBFxnaR1prevG7uNYdBbpx5hqaW7gHuMU8EcL0KWRDAIdzb12Lowbz2CckXX5/pub?start=false&amp;loop=false&amp;delayms=3000
47,0,0,0,2,1,1,0,0,0.14893617021276595,0,0,5,0,1,0,0,4.511619702557342,0,1,https://vgyk0-c9sy0z-kdk-l36gq1-n2st.pages.dev/
51,0,0,0,2,1,1,0,0,0.0,0,0,14,0,21,0,0,4.295193362412133,0,0,https://blog.flexwebhosting.nl/terms-and-conditions
29,0,0,0,2,1,1,0,0,0.3103448275862069,0,0,6,0,1,0,0,3.9783335811852636,0,1,https://787676786.weebly.com/
38,0,0,0,2,1,1,0,0,0.0,0,0,8,0,13,0,0,4.070167316018231,0,0,https://blog.livemint.com/r/technology
50,0,0,0,1,0,1,0,0,0.0,0,1,6,0,7,1,0,3.9811476315793795,0,0,https://coches.net/search?q=cybersecurity+research
50,0,0,0,2,1,1,0,0,0.12,0,0,4,0,30,0,0,4.473269689515108,0,0,https://www.sofi.com/article/2026/05/global-update
40,0,0,0,3,1,1,0,0,0.2,0,0,12,0,12,0,0,4.0709505944546684,0,1,https://www.jpod10884268.pro/capchat.php
46,0,0,0,2,1,1,0,0,0.0,0,0,10,0,20,0,0,4.013041446157795,0,0,https://www.drcedirect.com/category/news/today
22,0,0,0,1,0,1,0,0,0.0,0,0,4,0,7,0,0,3.8796640049025943,0,1,https://qrco.de/bfbJcf
37,0,0,0,2,1,1,0,0,0.0,0,0,11,0,1,0,0,3.914422366685879,0,1,https://nebemedrenes.firebaseapp.com/
43,0,0,0,2,1,1,0,0,0.0,0,0,6,0,6,0,0,3.932338453364249,0,1,https://en-livelgr-en-learn.framer.ai/start
30,0,0,0,2,1,1,0,0,0.2,0,0,10,0,1,0,0,4.1898980954642875,0,1,https://abdoul.jour848037.pro/
20,0,0,0,1,0,1,0,0,0.05,0,0,2,0,6,0,0,3.8841837197791893,0,1,https://ln.run/ge5MY
44,0,0,0,2,1,1,0,0,0.18181818181818182,0,0,4,0,25,0,0,4.360237800987291,0,1,https://www.powr.io/media-gallery/i/41161712
22,0,0,0,1,0,1,0,0,0.0,0,0,4,0,7,0,0,4.152391277629866,0,1,https://qrco.de/bfJAMg
34,0,0,0,2,1,1,0,0,0.029411764705882353,0,0,11,0,1,0,0,4.035273502696888,0,1,https://housitba5.firebaseapp.com/
31,0,0,0,2,1,1,0,0,0.12903225806451613,0,0,3,0,1,0,0,4.21163018107546,0,1,https://kossouno-f7043.web.app/
31,0,0,0,2,1,1,0,0,0.0,0,0,10,0,5,0,0,3.8245334068819115,0,0,https://www.chartboost.com/help
22,0,0,0,1,0,1,0,0,0.0,0,0,4,0,7,0,0,4.0614821867207755,0,1,https://qrco.de/bgcOxf
30,0,0,0,2,1,1,0,0,0.06666666666666667,0,0,3,0,1,0,0,4.056564762130955,0,1,https://posturinn-9e8.web.app/
46,0,0,0,3,1,1,0,0,0.0,0,1,2,0,2,1,1,4.311074184082723,0,1,https://l.wl.co/l?u=https://qr-codes.io/lUzzPJ
44,0,0,0,2,1,1,0,0,0.045454545454545456,0,0,11,0,1,0,0,4.319909675741442,0,1,https://abelinogabriel5dbe3.myportfolio.com/
28,0,0,0,1,0,1,0,0,0.0,0,0,15,0,1,0,0,3.9137995646056805,0,1,https://supportamelinsa.com/
34,0,0,0,2,1,1,0,0,0.029411764705882353,0,0,4,0,15,0,0,4.2339466645252255,0,0,https://en.zee5.com/privacy-policy
37,0,0,0,2,1,1,0,0,0.08108108108108109,0,0,6,0,13,0,0,4.2629790410707376,0,1,https://forms.office.com/r/xHr95Z7dTt
21,0,0,0,2,1,1,0,0,0.0,0,0,5,0,1,0,0,3.7489948035250964,0,1,https://tx.yvbgh.cam/
22,0,0,0,1,0,1,0,0,0.0,0,0,10,0,0,0,0,3.5383105956150063,0,0,https://xxxpostpic.org
48,0,0,0,2,1,1,0,0,0.08333333333333333,0,0,8,0,1,0,0,4.363521032323433,0,1,https://id-ionos-de-webmail-id4039.blogspot.com/
59,0,0,0,2,1,1,0,0,0.0,0,0,6,0,1,0,0,4.192972126112503,0,1,https://direct-tv-att-payment-profileupdate.framer.website/
41,0,0,0,2,1,1,0,0,0.0,0,0,16,0,8,0,0,4.241102309232295,0,0,https://blog.videosdemadurasx.com/contact
41,0,0,0,2,0,1,0,0,0.0,0,0,6,0,20,0,0,3.848422663619859,0,0,https://uninet.net.mx/conditions/diabetes
23,0,0,0,2,1,1,0,0,0.043478260869565216,0,0,3,0,7,0,0,3.9690016298759927,0,1,https://l.ead.me/bgaMx3
50,0,0,0,2,1,0,0,0,0.06,0,0,5,0,1,0,0,4.5283674395583775,0,1,http://sp11ct-dolvar-biz8-kresik-lunmer.pages.dev/
46,0,0,0,3,1,1,0,0,0.021739130434782608,0,0,8,0,16,0,0,4.174885868724235,0,1,https://retireatt.w3spaces.com/dhgjgjkgjg.html
42,0,0,0,1,0,1,0,0,0.23809523809523808,0,0,6,0,23,0,0,4.556140863760576,0,1,https://6ey73y.hair/dn5yf2ip/78LHc6/G3t4Vd
51,0,0,0,2,1,1,0,0,0.0784313725490196,0,0,6,0,25,0,0,4.425683990491614,0,1,https://btcomm5.plutio.com/p/form/f8EreEmvQexxtD89N
51,0,0,0,3,2,1,0,0,0.0784313725490196,0,0,5,0,22,0,0,4.497598930973581,0,1,https://new.express.adobe.com/webpage/b0d9j6e5pGYVM
47,0,0,0,2,1,1,0,0,0.0,0,0,7,0,21,0,0,4.059255342369256,0,0,https://support.tiktokv.us/terms-and-conditions
34,0,0,0,2,1,1,0,0,0.0,0,0,11,0,1,0,0,4.035273502696888,0,1,https://crmoutlec.firebaseapp.com/
50,0,0,0,2,1,1,0,0,0.0,0,0,10,0,24,0,0,4.0374058114255185,0,0,https://www.googleblog.com/docs/forms/d/e/viewform
41,0,0,0,2,1,1,0,0,0.0,0,0,6,0,16,0,0,4.076348955520991,0,0,https://support.amazon.es/in/profile-name
28,0,0,0,2,1,1,0,0,0.0,0,0,6,0,5,0,0,3.655045546825804,0,0,https://docs.demdex.net/home
34,0,0,1,2,1,0,0,0,0.14705882352941177,0,0,8,0,0,0,0,4.216591062590433,0,1,http://allegrolokalne.pl-90249.sbs
33,0,0,0,2,1,1,0,0,0.0,0,0,4,0,13,0,0,4.12728313431329,0,0,https://www.fifa.com/r/technology
44,0,0,0,2,1,1,0,0,0.0,0,0,6,0,20,0,0,4.079225801519103,0,1,https://sites.google.com/view/warrenval/home
24,0,0,1,1,0,1,0,0,0.0,0,0,11,0,1,0,0,3.8868421881310113,0,1,https://mon-creneau.com/
22,0,0,1,1,0,1,0,0,0.0,0,0,8,0,1,0,0,3.970573095811685,0,1,https://gov-nazw.help/
22,0,0,0,1,0,1,0,0,0.0,0,0,4,0,7,0,0,4.152391277629866,0,1,https://qrco.de/bgaUKD
28,0,0,0,1,0,1,0,0,0.0,0,0,6,0,10,0,0,4.09306920777189,0,1,https://oetvbt.com/MUxdAEVE/
43,0,0,0,2,1,1,0,0,0.0,0,0,11,0,16,0,0,4.204652545097893,0,0,https://blog.tripadvisor.es/in/profile-name
21,0,0,1,1,0,1,0,0,0.0,0,0,3,0,7,0,0,3.8442328987631917,0,1,https://q-r.to/bfNmbJ
42,0,0,0,2,1,0,0,0,0.30952380952380953,0,0,13,0,0,0,0,4.365664673284385,0,1,http://allegrolokalnie.4020427384623.click
35,0,0,0,2,1,1,0,0,0.11428571428571428,0,0,4,0,15,0,0,4.32172123104524,0,0,https://blog.1984.is/privacy-policy
52,0,0,0,2,1,1,0,0,0.11538461538461539,0,0,5,0,30,0,0,4.421029621737615,0,0,https://docs.ygosu.com/article/2026/05/global-update
30,0,0,0,2,1,1,0,0,0.0,0,0,7,0,8,0,0,3.8444138295776114,0,0,https://en.xfinity.com/contact
30,0,0,0,2,1,1,0,0,0.0,0,0,9,0,4,0,0,3.7898980954642876,0,1,https://www.dpdlocoew.cyou/com
25,0,0,0,2,1,1,0,0,0.0,0,0,9,0,0,0,0,3.6732696895151085,0,0,https://docs.comdirect.de
28,0,0,0,1,0,1,0,0,0.0,0,0,10,0,6,0,0,3.767375797816042,0,0,https://msftstatic.com/login
18,0,0,0,1,0,1,0,0,0.0,0,0,6,0,0,0,0,3.7254805569978675,0,0,https://plaync.com
39,0,0,0,2,1,1,0,0,0.0,0,0,15,0,1,0,0,4.182336834024969,0,1,https://bradesco.gerentejuridico.click/
53,0,0,0,2,1,1,0,0,0.0,0,1,5,0,7,1,0,4.341918343121669,0,0,https://www.judns.com/search?q=cybersecurity+research
39,0,0,0,2,1,1,0,0,0.02564102564102564,0,0,11,0,1,0,0,4.182336834024969,0,1,https://metafb-fvdga1t.firebaseapp.com/
32,0,0,0,2,1,1,1,0,0.3125,0,0,12,0,0,0,0,4.413909765557392,0,1,https://allegro.ok3927812899.biz
24,0,0,0,2,1,1,0,0,0.0,0,0,7,0,0,0,0,3.8868421881310113,0,0,https://blog.glamour.com
50,0,0,0,2,1,1,0,0,0.0,0,1,3,0,7,1,0,4.185979129983103,0,0,https://www.yle.fi/search?q=cybersecurity+research
23,0,0,0,2,1,1,0,0,0.043478260869565216,0,0,3,0,7,0,0,3.8820451081368623,0,1,https://l.ead.me/bgbvg3
24,0,0,0,2,1,1,0,0,0.0,0,0,8,0,0,0,0,3.8868421881310113,0,0,https://www.dianping.com
35,0,0,0,2,1,1,1,0,0.0,0,0,7,0,8,0,0,3.821441945207328,0,0,https://support.anuytzc.xyz/contact
50,0,0,0,2,1,1,0,0,0.12,0,0,4,0,30,0,0,4.473269689515108,0,0,https://www.evri.com/article/2026/05/global-update
45,0,0,0,2,1,1,0,0,0.0,0,0,8,0,21,0,0,4.307759484882024,0,0,https://www.bixbyllm.com/terms-and-conditions
32,0,0,0,2,1,1,0,0,0.0,0,0,6,0,9,0,0,3.9414280318460246,0,1,https://brt.hggdbz.buzz/track-it
41,0,0,0,2,1,1,0,0,0.1951219512195122,0,0,10,0,1,0,0,4.509871821638487,0,1,https://allegro-lokalnie.849102g90o.cyou/
24,0,0,1,1,0,1,1,0,0.0,0,0,10,0,1,0,0,3.8553885422075336,0,1,https://seg-social.live/
32,0,0,0,1,0,1,0,0,0.125,0,0,6,0,14,0,0,4.413909765557392,0,0,https://3rabxn.com/dp/B08N5WRWNW
31,0,0,0,2,1,1,0,0,0.0,0,0,9,0,5,0,0,3.913400745661378,0,1,https://www.dpdlocahz.cyou/com/
51,0,0,0,3,2,1,0,0,0.0392156862745098,0,0,5,0,22,0,0,4.4191675584245615,0,1,https://new.express.adobe.com/webpage/tU6oPqpsVF3Ce
48,0,0,0,1,0,1,0,0,0.125,0,0,6,0,30,0,0,4.389460876028361,0,0,https://itunes.com/article/2026/05/global-update
38,0,0,0,2,1,1,0,0,0.15789473684210525,0,0,6,0,1,0,0,4.326360407952694,0,1,https://tough-rules-274535.framer.app/
20,0,0,0,2,1,1,0,0,0.1,0,0,5,0,0,0,0,3.3464393446710154,0,0,https://www.bet88.ph
26,0,0,0,3,1,1,0,0,0.0,0,0,8,0,0,0,0,3.6133373140453076,0,0,https://en.ventraip.net.au
43,0,0,0,2,1,1,0,0,0.046511627906976744,0,0,6,0,1,0,0,4.219885615610767,0,1,https://sportybetbalanceadder03.weebly.com/
175,0,0,0,2,1,1,0,0,0.12571428571428572,0,5,6,0,108,3,0,5.592532595302649,0,1,https://docs.google.com/presentation/d/e/2PACX-1vS5bOzCboxj73OwYG8ThcO45-hSXoBKPbBx9qQsX1WwFp3klmFUiqK055i05QrHweYvkzHP3LQ8-eaj/pub?start=false&amp;loop=false&amp;delayms=3000
32,0,0,0,1,0,1,0,0,0.0,0,0,15,0,5,0,0,3.8195488277869583,0,0,https://tuttomercatoweb.com/news
175,0,0,0,2,1,1,0,0,0.10857142857142857,0,5,6,0,108,3,0,5.599284612916224,0,1,https://docs.google.com/presentation/d/e/2PACX-1vRdp1UxZdHNX1WGuRS6Ep_kb44nG-G0jxG0xgQ6ZbJsFMzdtf9xkEAb8IL0qsczacR_KftzCsYD6XY1/pub?start=false&amp;loop=false&amp;delayms=3000
30,0,0,1,2,1,1,0,0,0.0,0,0,8,0,5,0,0,3.964735178725505,0,0,https://blog.a-msedge.net/news
27,0,0,0,1,0,1,0,0,0.1111111111111111,0,0,2,0,14,0,0,3.986187965046303,0,0,https://uu.nl/dp/B08N5WRWNW
22,0,0,0,1,0,1,0,0,0.0,0,0,4,0,7,0,0,4.0614821867207755,0,1,https://qrco.de/bgaDDn
37,0,0,0,2,1,1,0,0,0.0,0,0,7,0,1,0,0,3.884600662692359,0,1,https://loginstorionline.netlify.app/
17,0,0,0,1,0,1,0,0,0.058823529411764705,0,0,5,0,0,0,0,3.616874605956222,0,0,https://p6sai.com
43,0,0,0,2,1,1,0,0,0.0,0,0,11,0,16,0,0,4.22220806840402,0,0,https://www.imagemagick.org/in/profile-name
27,0,0,1,1,0,1,0,0,0.037037037037037035,0,0,10,0,5,0,0,3.9121138909722286,0,0,https://opera-api2.com/help
22,0,0,0,1,0,1,0,0,0.0,0,0,5,0,5,0,0,3.7544418457133455,0,0,https://symcb.com/news
43,0,0,0,2,1,1,0,0,0.0,0,0,8,0,20,0,0,3.9788500812712257,0,0,https://en.spectrum.net/category/news/today
44,0,0,0,3,0,1,0,0,0.0,0,0,10,0,16,0,0,4.1806892889443334,0,0,https://prefeitura.sp.gov.br/in/profile-name
38,0,0,0,2,1,1,0,0,0.0,0,0,11,0,1,0,0,4.339261065733564,0,1,https://ficoh-valydat.webcindario.com/
22,0,0,0,2,1,1,0,0,0.0,0,0,7,0,0,0,0,3.823067982273661,0,0,https://en.insider.com
51,0,0,0,3,2,1,0,0,0.0392156862745098,0,0,5,0,22,0,0,4.524791518187557,0,1,https://new.express.adobe.com/webpage/TkgnH0o3Bmulc
37,0,0,0,3,0,1,0,0,0.02702702702702703,0,0,6,0,19,0,0,4.553651676264344,0,1,https://geodik.com/RbrA7YLbya.nara.jp
46,0,0,0,1,0,1,0,0,0.0,0,0,13,0,21,0,0,4.060861683988659,0,0,https://lsrelayaccess.com/terms-and-conditions
83,0,0,0,2,1,1,0,0,0.13253012048192772,0,0,6,0,60,0,0,5.089458414428399,0,1,https://docs.google.com/presentation/d/1KESe8jk6P7-3fJIs_HrXL33BXFSt13ZZ-sla3vB_o6c
44,0,0,0,1,0,1,0,0,0.0,0,0,12,0,20,0,0,4.016614721924478,0,0,https://myfitnesspal.com/conditions/diabetes
23,0,0,0,1,0,1,0,0,0.0,0,0,6,0,6,0,0,3.6753108689123635,0,0,https://gazeta.ru/about
76,0,0,1,2,1,1,0,0,0.39473684210526316,0,3,16,0,1,2,0,4.945378586342389,0,1,https://us14.campaign-archive.com/?u=27f2746c01ac243e313789526&id=6f9503812b
45,0,0,0,2,1,1,0,0,0.0,0,0,6,0,0,0,0,4.053429630702996,0,1,https://communityacsiorteorteirrir.weebly.com
22,0,0,0,1,0,1,0,0,0.0,0,0,10,0,0,0,0,3.788754913993503,0,0,https://coinmaster.com
48,0,0,0,2,1,1,0,0,0.10416666666666667,0,0,8,0,20,0,0,4.355926699477594,0,0,https://support.anybunny.org/products/item/10293
60,0,0,0,3,2,1,0,0,0.11666666666666667,0,0,7,0,24,0,0,4.864735178725505,0,1,https://2fhcqi.share-eu1.hsforms.com/2RbkryL0qRauOg90f2GRvUA
40,0,0,0,1,0,1,0,0,0.0,0,0,8,0,20,0,0,4.1537016960573485,0,0,https://luticlip.com/category/news/today
33,0,0,0,1,0,1,0,0,0.09090909090909091,0,0,8,0,14,0,0,4.12728313431329,0,0,https://meteored.mx/dp/B08N5WRWNW
21,0,0,1,1,0,1,0,0,0.0,0,0,3,0,7,0,0,3.617809684374455,0,1,https://q-r.to/bgboof
68,0,0,0,2,1,1,0,0,0.029411764705882353,0,0,7,0,1,0,0,4.472897400929445,0,1,https://xrytsukfyr6ygasfxcgjh-ryyzxsctuyjdvkytkdrsu6ytg.teemill.com/
46,0,0,0,2,1,1,0,0,0.0,0,0,7,0,14,0,0,4.174885868724235,0,1,https://mailruservic.wixsite.com/mailruadminco
25,0,0,0,1,0,1,0,0,0.0,0,0,7,0,6,0,0,3.7230741894285697,0,0,https://thehill.com/login
31,0,0,0,2,1,1,0,0,0.0,0,0,10,0,5,0,0,3.8245334068819115,0,0,https://www.instapaper.com/news
38,0,0,0,1,0,1,0,0,0.05263157894736842,0,1,6,0,6,1,0,4.313459750171824,0,0,https://practo.com/watch?v=dQw4w9WgXcQ
28,0,0,0,1,0,1,0,0,0.0,0,0,11,0,5,0,0,3.815410725242699,0,0,https://googlepages.com/news
37,0,0,0,1,0,1,0,0,0.05405405405405406,0,1,5,0,6,1,0,4.479195257286953,0,0,https://zynga.com/watch?v=dQw4w9WgXcQ
37,0,0,0,2,1,1,0,0,0.10810810810810811,0,0,11,0,1,0,0,4.317033095124791,0,1,https://track-id8982.firebaseapp.com/
30,0,0,0,2,1,1,0,0,0.0,0,0,5,1,6,0,0,3.872905595320056,0,0,https://www.share.google/login
41,0,0,0,2,1,1,0,0,0.0,0,0,7,0,1,0,0,4.055501322050909,0,1,https://credit-portalpichinc.lovable.app/
21,0,0,1,1,0,1,0,0,0.0,0,0,3,0,7,0,0,3.8442328987631917,0,1,https://q-r.to/bfJGfN
26,0,0,0,2,1,1,0,0,0.0,0,0,6,0,5,0,0,3.6612262562697895,0,0,https://www.betano.pe/home
118,0,0,0,3,1,1,0,0,0.16101694915254236,0,3,7,0,58,2,0,5.114646969034724,0,1,https://www.dropbox.com/scl/fi/7een3wd11y7c799yte0pl/Your-Bill-Is-Available.paper?rlkey=ovr7u4umil6hk4sr856p4ef0b&dl=0
49,0,0,0,2,1,1,0,0,0.12244897959183673,0,0,4,0,30,0,0,4.369412905163088,0,0,https://www.ebay.de/article/2026/05/global-update
23,0,0,0,2,1,1,0,0,0.0,0,0,3,0,7,0,0,3.9690016298759927,0,1,https://l.ead.me/bgaqAu
175,0,0,0,2,1,1,0,0,0.09142857142857143,0,5,6,0,108,3,0,5.539357093179991,0,1,https://docs.google.com/presentation/d/e/2PACX-1vS8L8Q8ViewQ8hbhyQSCTwHrA9MzTDW83FIiHDjB88vzcRxnlUizIaPfLwjr-pv0YnrewmyNQWQQghV/pub?start=false&amp;loop=false&amp;delayms=3000
36,0,0,0,2,1,1,0,0,0.0,0,0,15,0,0,0,0,3.9057645846554525,0,1,https://bradesco.canaldeacessopj.net
37,0,0,0,3,2,1,0,0,0.0,0,0,10,0,8,0,0,4.013111135723804,0,1,https://xqu.ytq.mybluehost.me/browse/
44,0,0,0,2,1,1,0,0,0.0,0,0,12,0,15,0,0,4.09036727869349,0,0,https://docs.colliderporn.com/privacy-policy
175,0,0,0,2,1,1,0,0,0.10857142857142857,0,5,6,0,108,3,0,5.545074641913187,0,1,https://docs.google.com/presentation/d/e/2PACX-1vS3GkAnxJWW74qOzReM-3gMOxXkXOv58uwbL3sRbsMKWcaRbm8tYobGWm9_bGv64j6a5aPvdnBfia_K/pub?start=false&amp;loop=false&amp;delayms=3000
39,0,0,0,1,0,1,0,0,0.0,0,0,8,0,20,0,0,4.119147258468299,0,0,https://softbank.jp/category/news/today
30,0,0,0,2,1,1,0,0,0.0,0,0,8,0,5,0,0,3.9898980954642878,0,0,https://docs.tradeinn.com/help
37,0,0,0,2,1,1,0,0,0.08108108108108109,0,0,5,0,14,0,0,4.283381405994074,0,0,https://docs.armgs.team/dp/B08N5WRWNW
39,0,0,0,2,1,1,0,0,0.05128205128205128,0,0,11,0,1,0,0,4.265544846790009,0,1,https://pr0pulsorpich1.webcindario.com/
35,0,0,0,2,1,1,0,0,0.0,0,0,15,0,4,0,0,4.050013373778756,0,0,https://blog.giallozafferano.it/faq
54,0,0,0,2,1,1,0,0,0.0,0,1,6,0,7,1,0,4.225195670049991,0,0,https://www.obihai.com/search?q=cybersecurity+research
30,0,0,0,2,1,1,0,0,0.0,0,0,8,0,5,0,0,3.923231428797621,0,0,https://docs.sendbird.com/news
38,0,0,0,1,0,1,0,0,0.05263157894736842,0,1,6,0,6,1,0,4.356498487629711,0,0,https://eyeota.net/watch?v=dQw4w9WgXcQ
37,0,0,0,2,1,1,0,0,0.0,0,0,3,0,1,0,0,4.060012149061901,0,1,https://abacus-oo-niku-shiki.web.app/
26,0,0,0,1,0,1,0,0,0.0,0,0,6,0,8,0,0,3.690260390968384,0,0,https://dezeen.com/contact
41,0,0,1,3,0,1,0,0,0.0,0,0,10,0,16,0,0,4.092325102644249,0,1,https://alianca-rs.com.br/ar/allowed.html
25,0,0,0,2,1,1,0,0,0.0,0,0,5,0,1,0,0,3.943465189601647,0,1,https://nksfix.pages.dev/
38,0,0,0,2,1,1,0,0,0.0,0,0,18,0,5,0,0,4.181366328891459,0,0,https://en.cloudflareinsights.com/home
23,0,0,0,1,0,1,0,0,0.0,0,0,6,0,5,0,0,3.6753108689123635,0,0,https://forter.com/help
30,0,0,0,2,1,1,0,0,0.0,0,0,10,0,5,0,0,3.964735178725505,0,0,https://en.shopifycdn.com/news
28,0,0,0,1,0,1,0,0,0.0,0,0,9,0,8,0,0,3.9677201004744993,0,0,https://dreammail.jp/contact
28,0,0,0,2,1,1,0,0,0.0,0,0,11,0,0,0,0,3.9407598325400897,0,0,https://docs.bitdefender.com
30,0,0,0,1,0,1,0,0,0.1,0,0,4,0,14,0,0,4.148394345536404,0,0,https://here.com/dp/B08N5WRWNW
28,0,0,1,1,0,1,0,0,0.0,0,0,16,0,0,0,0,3.9407598325400897,0,1,https://selection-relais.com
26,0,0,0,1,0,1,0,0,0.0,0,0,2,0,13,0,0,3.825251737288651,0,0,https://cp.sk/r/technology
46,0,0,0,2,1,1,0,0,0.0,0,0,16,0,15,0,0,4.110655033020253,0,0,https://en.netscalergateway.net/privacy-policy
31,0,0,0,2,1,1,0,0,0.0,0,0,9,0,5,0,0,4.15565155225257,0,0,https://blog.redislabs.com/news
55,0,0,0,4,3,0,0,0,0.16363636363636364,0,0,5,0,1,0,0,4.410740113792766,0,1,http://www.competent-engelbart.193-33-164-2.plesk.page/
32,0,0,0,1,0,1,0,0,0.0,0,0,5,0,15,0,0,4.179229296672175,0,0,https://javdb.com/privacy-policy
67,0,0,0,3,1,0,0,0,0.2835820895522388,0,1,6,0,19,1,0,4.569018108013023,0,1,http://allegrolokalnie.283101.pl/allegrolokalnie.js?v=1786440650866
30,0,0,0,1,0,1,0,0,0.03333333333333333,0,0,3,0,16,0,0,3.948394345536403,0,0,https://n8n.io/in/profile-name
44,0,0,0,2,1,1,0,0,0.0,0,0,10,0,20,0,0,3.9257056310153877,0,0,https://en.hosteurope.de/category/news/today
35,0,0,0,2,1,1,0,0,0.0,0,0,11,0,4,0,0,3.8325950745091335,0,0,https://support.catchthemes.com/faq
53,0,0,0,2,1,1,0,0,0.018867924528301886,0,0,6,0,29,0,0,3.984891390268788,0,1,https://sites.google.com/view/so-generale2ghgggg/home
28,0,0,0,1,0,1,0,0,0.0,0,0,3,0,13,0,0,4.039148671903071,0,0,https://ubi.com/r/technology
40,0,0,0,2,1,1,0,0,0.0,0,0,7,0,13,0,0,3.9628148954723557,0,0,https://support.tinypic.com/r/technology
40,0,0,0,1,0,1,0,0,0.05,0,0,8,0,20,0,0,4.275070520364182,0,1,https://hipolink.net/versecproceedjyad21
30,0,0,0,2,1,1,0,0,0.03333333333333333,0,0,7,0,0,0,0,4.072905595320056,0,1,https://free-flow2.netlify.app
36,0,0,0,2,1,1,0,0,0.0,0,0,9,0,0,0,0,3.9959065984842455,0,1,https://metamasksignin.teachable.com
21,0,0,1,1,0,1,0,0,0.047619047619047616,0,0,3,0,7,0,0,3.8442328987631917,0,1,https://q-r.to/bfK5KX
45,0,0,1,3,1,1,0,0,0.1111111111111111,0,0,9,0,14,0,0,4.463749485074333,0,0,https://support.awsdns-34.co.uk/dp/B08N5WRWNW
40,0,0,0,2,1,1,0,0,0.025,0,0,10,0,13,0,0,4.165311532225102,0,0,https://blog.desitales2.com/r/technology
69,0,0,0,2,1,1,0,0,0.043478260869565216,0,0,6,0,1,0,0,4.345499232260132,0,1,https://daskankontostand-5sd4ivs2u-mason-martins-projects.vercel.app/
24,0,0,0,2,1,1,0,0,0.0,0,0,3,0,5,0,0,3.7720552088742005,0,0,https://docs.ihc.ru/home
34,0,0,0,2,1,1,0,0,0.11764705882352941,0,0,6,0,1,0,0,4.572469458770135,0,1,https://zimbra-vef2608.weebly.com/
68,0,0,0,1,0,1,0,0,0.11764705882352941,0,0,4,0,53,0,0,5.17071730554979,0,1,https://ipfs.io/ipfs/QmbJwNjxF3BMUin5Npxy5VEgiCB4Ytd62TuTLvepDP46vG/
48,0,0,0,2,1,1,0,0,0.10416666666666667,0,0,11,0,20,0,0,4.329986855772667,0,0,https://docs.amazonvideo.com/products/item/10293
21,0,0,0,2,1,1,0,0,0.0,0,0,4,0,0,0,0,3.594465636961452,0,0,https://docs.ixxx.com
19,0,0,0,1,0,1,0,0,0.0,0,0,6,0,0,0,0,3.4058222502856905,0,0,https://kontur.host
28,0,0,0,2,1,1,0,0,0.0,0,0,8,0,5,0,0,3.8693312611115185,0,0,https://www.profesia.sk/home
41,0,0,0,2,1,1,0,0,0.0,0,0,6,0,20,0,0,3.848422663619859,0,0,https://en.cxense.com/conditions/diabetes
36,0,0,2,2,1,1,0,0,0.0,0,0,16,0,0,0,0,4.016875695766564,0,0,https://support.arabic-porn-tube.com
25,0,0,0,2,1,1,0,0,0.0,0,0,4,0,5,0,0,3.6732696895151085,0,0,https://www.temu.com/help
46,0,0,0,2,1,1,0,0,0.0,0,0,6,0,1,0,0,4.05869069550801,0,1,https://xfconnectoinfinitycomcastt.weebly.com/
32,0,0,0,1,0,1,0,0,0.0,0,0,6,0,15,0,0,4.054229296672175,0,0,https://certum.pl/privacy-policy
46,0,0,0,2,1,1,0,0,0.043478260869565216,0,1,10,0,6,1,0,4.5120548905574305,0,0,https://www.ledauphine.com/watch?v=dQw4w9WgXcQ
28,0,0,0,1,0,1,0,1,0.03571428571428571,0,0,7,0,9,0,0,4.208966082694623,0,1,https://tinyurl.com/4trbjfkb
36,0,0,0,2,0,1,0,0,0.0,0,0,11,0,13,0,0,3.8179518219129482,0,1,https://appleidmapa.com/isignesp.php
23,0,0,0,2,1,1,0,0,0.043478260869565216,0,0,3,0,7,0,0,3.936180434129755,0,1,https://l.ead.me/bfGwt8
50,0,0,0,2,1,1,0,0,0.12,0,0,5,0,30,0,0,4.328884070537636,0,0,https://en.openx.net/article/2026/05/global-update
31,0,0,0,1,0,1,0,0,0.06451612903225806,0,1,7,0,5,1,0,4.235981390822668,0,1,https://linqapp.com/bt00?r=link
23,0,0,0,2,1,1,0,0,0.08695652173913043,0,0,3,0,7,0,0,3.8492239123906247,0,1,https://l.ead.me/bfI2t2
33,0,0,0,2,1,1,0,0,0.0,0,0,3,0,1,0,0,3.677139104850461,0,1,https://aitimaanatherisi.web.app/
42,0,0,0,2,1,1,0,0,0.11904761904761904,0,0,5,0,20,0,0,4.383638185240658,0,0,https://blog.awmdm.com/products/item/10293
35,0,0,0,1,0,1,0,0,0.0,0,0,10,0,13,0,0,3.897299717551716,0,0,https://technorati.com/r/technology
39,0,0,0,2,1,1,0,0,0.0,0,0,9,0,6,0,0,4.304257026388136,0,1,https://apps-rabbyy.wixstudio.com/en-us
76,0,0,1,2,1,1,0,0,0.32894736842105265,0,3,16,0,1,2,0,4.919062796868704,0,1,https://us19.campaign-archive.com/?u=e596fec87b7309cffe2d9e026&id=0a30437271
22,0,0,0,1,0,1,0,0,0.045454545454545456,0,0,4,0,7,0,0,4.152391277629866,0,1,https://qrco.de/bgK4JI
28,0,0,0,1,0,0,0,0,0.0,0,0,16,0,1,0,0,4.012188403968661,0,1,http://lodgevinasdelsol.com/
49,0,0,1,2,1,1,0,0,0.0,0,0,12,0,20,0,0,4.222080640900361,0,0,https://blog.dns-redirect.com/category/news/today
63,0,0,0,2,1,1,0,0,0.07936507936507936,0,1,9,0,12,1,0,4.804671939675675,0,1,https://kleinanzeigen-bestellung.poxcchool.com/2JFs3RErt8-?m=11
115,0,0,0,1,0,1,0,0,0.24347826086956523,0,0,8,0,95,0,0,5.347621847565844,0,1,https://neartail.com/public/114395043849078531782/all/form/1FAIpQLSfuXdaeaJHiyqeoomTm8NUOrs_BU1vtA-eWfspPv50FA34slA
31,0,0,1,2,1,1,0,0,0.0,0,0,11,0,5,0,0,3.913400745661378,0,0,https://www.your-server.de/help
36,0,0,0,1,0,1,0,0,0.0,0,0,8,0,16,0,0,4.0860486123130375,0,0,https://sibforms.com/in/profile-name
46,0,0,0,3,1,1,0,0,0.0,0,1,2,0,2,1,1,4.365209510075616,0,1,https://l.wl.co/l?u=https://qr-codes.io/EpfAkx
43,0,0,0,2,1,1,0,0,0.06976744186046512,0,0,3,0,1,0,0,4.257319115016275,0,1,https://portal111-guardian-cu-tech.web.app/
24,0,0,0,2,1,1,0,1,0.0,0,0,2,0,7,0,0,3.938721875540867,0,1,https://www.rb.gy/rqvjzx
26,0,0,0,2,1,1,0,0,0.0,0,0,5,0,5,0,0,3.796217602590056,0,0,https://www.icann.org/news
36,0,0,0,1,0,1,0,0,0.0,0,0,8,0,16,0,0,3.995906598484245,0,0,https://bilibili.com/in/profile-name
45,0,0,0,2,1,1,0,0,0.1111111111111111,0,0,9,0,20,0,0,4.242101297273509,0,0,https://docs.decathlon.es/products/item/10293
62,0,0,0,4,2,1,0,0,0.04838709677419355,0,0,6,0,32,0,0,4.330514205541739,0,1,https://4jw.d29.mytemp.website/stoe/app-vernieuwen/reader.html
46,0,0,0,2,1,1,0,0,0.0,0,0,3,0,24,0,0,4.020617871062073,0,0,https://support.nos.nl/docs/forms/d/e/viewform
30,0,0,0,2,1,1,0,0,0.0,0,0,8,0,6,0,0,3.739572261986723,0,0,https://blog.blogspot.ca/login
43,0,0,0,2,1,1,0,0,0.0,0,0,12,0,15,0,0,4.315231324217973,0,0,https://www.alphadnszone.com/privacy-policy
25,0,0,0,1,0,1,0,0,0.0,0,0,7,0,5,0,0,3.623465189601647,0,0,https://twister.porn/help
38,0,0,0,2,1,1,0,0,0.23684210526315788,0,0,10,0,1,0,0,4.313459750171824,0,1,https://atmc-102314444.weeblysite.com/
37,0,0,0,1,0,1,0,0,0.0,0,0,5,0,20,0,0,3.95905708166975,0,0,https://lilly.com/conditions/diabetes
29,0,0,0,2,0,1,0,0,0.0,0,0,6,0,8,0,0,3.840402546702505,0,0,https://google.com.bd/contact
37,0,0,0,1,0,1,0,0,0.0,0,0,10,0,15,0,0,4.249729716863357,0,0,https://nickfinder.com/privacy-policy
27,0,0,0,2,1,1,0,0,0.0,0,0,5,0,6,0,0,3.930270372293453,0,0,https://www.zndns.com/login
29,0,0,0,1,0,1,0,0,0.0,0,0,6,0,12,0,0,3.9093680639438846,0,1,https://linktr.ee/unlockitnow
30,0,0,0,2,1,1,0,0,0.03333333333333333,0,0,6,0,5,0,0,3.923231428797621,0,0,https://support.y2mate.gs/news
33,0,0,0,1,0,1,0,0,0.0,0,0,13,0,8,0,0,3.8966879684212654,0,0,https://walmartimages.com/contact
31,0,0,1,2,1,1,0,0,0.0,0,0,13,0,0,0,0,3.974695407915898,0,0,https://docs.sex-studentki.sale
25,0,0,0,2,0,1,0,0,0.04,0,0,11,0,0,0,0,4.163856189774725,0,0,https://mangabuddy1.co.uk
39,0,0,0,2,1,1,0,0,0.07692307692307693,0,0,11,0,1,0,0,4.214262795507958,0,1,https://sentinel-288bb.firebaseapp.com/
38,0,0,0,2,1,1,0,0,0.0,0,0,13,0,5,0,0,3.8957149348842655,0,0,https://support.courtlistener.com/news
178,0,0,0,3,1,1,0,0,0.0898876404494382,0,7,6,0,108,4,0,5.568332360920437,0,1,https://docs.google.com/presentation/d/e/2PACX-1vTuBX8GI2-IHioltCnwVHflIYJMGD7SMDC-aKxT6zIawOUGC2J4ldK5FGs6VSVatuFQ1NFI9KxTTEut/pub?start=false&loop=false&delayms=3000&slide=id.p
37,0,0,0,1,0,1,0,0,0.05405405405405406,0,1,6,0,6,1,0,4.465945933079574,0,0,https://vinted.fr/watch?v=dQw4w9WgXcQ
38,0,0,0,2,0,1,0,0,0.13157894736842105,0,0,3,0,20,0,0,4.165837632423487,0,0,https://smh.com.au/products/item/10293
44,0,0,0,2,1,1,0,0,0.0,0,0,8,0,16,0,0,4.138091493923261,0,0,https://support.liveramp.com/in/profile-name
41,0,0,0,2,1,1,0,0,0.12195121951219512,0,0,5,0,20,0,0,4.2939022369488935,0,0,https://blog.cgood.ru/products/item/10293
31,0,0,0,2,1,1,0,0,0.0,0,0,6,0,5,0,0,3.4743800851956745,0,0,https://support.sophos.com/home
51,0,0,0,2,1,1,0,0,0.0,0,0,15,0,20,0,0,4.241175960408928,0,0,https://www.turkishairlines.com/category/news/today
48,0,0,0,2,1,1,0,0,0.041666666666666664,0,1,8,0,6,1,0,4.605388542207534,0,0,https://support.queniurc.com/watch?v=dQw4w9WgXcQ
24,0,0,0,1,0,1,0,0,0.0,0,0,7,0,5,0,0,3.5220552088742005,0,0,https://copilot.com/home
44,0,0,0,1,0,1,0,0,0.0,0,0,11,0,21,0,0,4.098652005434406,0,0,https://xiaohongshu.com/terms-and-conditions
49,0,0,0,2,1,1,0,0,0.0,0,0,14,0,20,0,0,3.905554620403893,0,0,https://en.classificadosx.net/conditions/diabetes
22,0,0,0,1,0,1,0,0,0.045454545454545456,0,0,4,0,7,0,0,4.0614821867207755,0,1,https://qrco.de/bgZlg1
28,0,0,0,1,0,1,0,1,0.03571428571428571,0,0,7,0,9,0,0,4.110577243331642,0,1,https://tinyurl.com/rnzw2whs
52,0,0,0,3,1,1,0,0,0.057692307692307696,0,0,19,0,14,0,0,4.466998074152292,0,0,https://www.examinationservices.nic.in/dp/B08N5WRWNW
47,0,0,0,1,0,1,0,0,0.0,0,0,11,0,24,0,0,3.937226885060541,0,0,https://readthedocs.org/docs/forms/d/e/viewform
33,0,0,0,2,1,1,0,0,0.0,0,0,12,0,5,0,0,4.210764573772789,0,0,https://docs.rynekzdrowia.pl/news
190,0,0,0,3,1,1,0,0,0.1,0,7,6,0,108,4,0,5.627842911221952,0,1,https://docs.google.com/presentation/d/e/2PACX-1vS8zbRt5q5XMoyfwQN7PzudJg1A1V-KsOWE9LajqqwQGizGHqV6yBkvfFouLE2EeZ8r-9LmF9poCH4L/pub?start=false&amp;loop=false&amp;delayms=3000&amp;slide=id.p
50,0,0,0,2,1,1,0,0,0.12,0,0,3,0,30,0,0,4.473269689515108,0,0,https://docs.gfk.com/article/2026/05/global-update
45,0,0,0,2,1,1,0,0,0.0,0,0,6,0,24,0,0,3.9767239970544743,0,0,https://en.adform.net/docs/forms/d/e/viewform
44,0,0,0,2,1,1,0,0,0.0,0,0,9,1,6,0,0,4.2007025735178845,0,1,https://purchase-desktop.wixstudio.com/us-en
38,0,0,1,2,1,1,0,0,0.0,0,0,14,0,5,0,0,3.997670276487613,0,0,https://support.clients-cdnnow.ru/news
33,0,0,0,2,1,1,0,0,0.0,0,0,11,0,1,0,0,4.0060710131011685,0,1,https://outhouvt.firebaseapp.com/
28,0,0,0,2,1,1,0,0,0.0,0,0,8,0,4,0,0,4.137537511266052,0,0,https://blog.yoomoney.ru/faq
114,0,0,0,3,1,1,0,0,0.09649122807017543,0,3,7,0,54,2,0,5.420321431033174,0,1,https://www.dropbox.com/scl/fi/caeevbuphgiei6zg43n3e/BT-MAILBOX-SUPPORT.paper?rlkey=9uzrxbjbtqe20eldjbng0rp28&dl=0
50,0,0,0,2,1,0,0,0,0.04,0,0,5,0,1,0,0,4.503465189601647,0,1,http://sp12ct-varnik-biz-zomsel-fresdor.pages.dev/
28,0,0,0,2,0,1,0,0,0.0,0,0,8,0,5,0,0,3.8248629576173565,0,0,https://meteored.com.ar/news
62,0,0,0,2,1,1,0,0,0.0,0,1,9,0,7,1,0,4.278173681383085,0,0,https://support.otakudesu.blog/search?q=cybersecurity+research
88,0,0,0,3,2,1,0,0,0.07954545454545454,0,0,9,0,1,0,0,4.799452072789394,0,1,https://bafkreieqybgmcmbzg3mmazv7zmthh7jb6wbttptn5vrf7gunlm6csplvxq.ipfs.inbrowser.link/
47,0,0,0,2,1,1,0,0,0.0,0,0,7,0,20,0,0,4.041409798937983,0,0,https://support.punchng.com/conditions/diabetes
40,0,0,0,4,1,1,0,0,0.0,0,1,3,0,11,0,0,4.3341837197791895,0,1,https://jflkp.csb.app/index.html#a@b.com
49,0,0,0,2,1,1,0,0,0.0,0,0,5,0,17,0,0,4.354007037771997,0,1,https://smbc-cardindex.dwhjb.com/newsinvestor-jp/
66,0,0,0,3,1,1,0,0,0.3484848484848485,0,0,2,0,15,0,0,4.928504111907778,0,1,https://pub-5dc32471cdf04a5db77909c902619a33.r2.dev/Owa-Index.HTML
31,0,0,0,2,1,1,0,0,0.0967741935483871,0,0,8,0,1,0,0,4.0667842134731025,0,1,https://track-005.blogspot.com/
26,0,0,0,2,1,1,0,0,0.0,0,0,4,0,5,0,0,3.7962176025900565,0,0,https://blog.spec.org/home
40,0,0,0,2,1,1,0,0,0.0,0,0,6,0,20,0,0,3.9848295085032617,0,0,https://en.ladies.de/category/news/today
26,0,0,0,2,1,1,0,0,0.0,0,0,10,0,0,0,0,3.6864194113487736,0,0,https://www.rosdomofon.com
30,0,0,0,2,1,1,0,0,0.0,0,0,3,0,1,0,0,4.056564762130955,0,1,https://iuvskjhrpkmhl.web.app/
51,0,0,0,3,2,1,0,0,0.058823529411764705,0,0,5,0,22,0,0,4.470774116184352,0,1,https://new.express.adobe.com/webpage/Srwm2NMc37Tdt
25,0,0,0,1,0,1,0,0,0.0,0,0,7,0,6,0,0,3.9132696895151087,0,0,https://geforce.com/about
62,0,0,0,3,1,1,0,0,0.3709677419354839,0,0,2,0,11,0,0,4.495398375324384,0,1,https://pub-3cf24fb9b2094f249e7749eb497d6449.r2.dev/japan.html
22,0,0,0,1,0,1,0,0,0.045454545454545456,0,0,4,0,7,0,0,4.0614821867207755,0,1,https://qrco.de/bfG1Zq
46,0,0,0,2,1,1,0,0,0.17391304347826086,0,0,5,0,1,0,0,4.6318326080427985,0,1,https://mnlpt-86y5f-8e2m-f01-olqu4d.pages.dev/
25,0,0,0,1,0,1,0,0,0.0,0,0,8,0,5,0,0,3.7834651896016473,0,0,https://incognia.com/home
33,0,0,0,3,1,1,0,0,0.0,0,0,10,0,5,0,0,3.9225895736416696,0,0,https://www.autotrader.co.uk/home
45,0,0,1,2,1,1,0,0,0.044444444444444446,0,0,9,0,16,0,0,4.230633374059376,0,0,https://support.awsdns-42.net/in/profile-name
57,0,0,0,2,1,1,0,0,0.14035087719298245,0,0,5,0,32,0,0,4.508610304421513,0,1,https://olx-pl.lmnoa.shop/payment/7435b1b21d1c/millennium
47,0,0,0,2,1,1,0,0,0.0,0,0,9,0,24,0,0,4.034888384332518,0,0,https://en.majordomo.ru/docs/forms/d/e/viewform
22,0,0,0,1,0,1,0,0,0.045454545454545456,0,0,4,0,7,0,0,4.152391277629866,0,1,https://qrco.de/bfWT2l
20,0,0,0,1,0,1,0,0,0.0,0,0,8,0,0,0,0,3.9219280948873627,0,0,https://inkscape.org
20,0,0,0,1,0,1,0,0,0.0,0,0,3,0,5,0,0,3.6464393446710157,0,0,https://wwd.com/news
42,0,0,0,3,1,1,0,0,0.07142857142857142,0,1,3,0,1,0,0,4.33209539866017,0,1,https://server-data-20d8d.web.app/#a@b.com
27,0,0,0,2,1,1,0,0,0.0,0,0,10,0,0,0,0,3.9582291686698783,0,0,https://blog.dramaboxdb.com
33,0,0,0,2,1,1,0,0,0.09090909090909091,0,0,3,0,14,0,0,4.271370634378849,0,0,https://www.akc.org/dp/B08N5WRWNW
59,0,0,0,2,1,1,0,0,0.11864406779661017,0,0,7,0,30,0,0,5.1323945323026825,0,1,https://share-eu1.hsforms.com/13YDMlt7iSxWRAhgB8KLWfQ2ew0yz
30,0,0,0,2,1,1,0,0,0.0,0,0,7,0,6,0,0,3.8444138295776114,0,0,https://blog.mongodb.com/about
22,0,0,0,1,0,1,0,1,0.045454545454545456,0,0,3,0,8,0,0,3.936260027531527,0,1,https://bit.ly/3OHEKOx
83,0,0,0,2,1,1,0,0,0.0963855421686747,0,0,6,0,60,0,0,5.260539510093697,0,1,https://docs.google.com/presentation/d/1xSNKBZniYIFXKNlQDdUQ3vy10_EF7SF-jPi-55C1yxU
24,0,0,0,2,1,1,0,0,0.0,0,0,8,0,0,0,0,3.688721875540867,0,0,https://www.afthemes.com
20,0,0,0,1,0,1,0,0,0.0,0,0,3,0,6,0,0,3.784183719779189,0,0,https://dns.eu/login
28,0,0,0,1,0,1,0,0,0.0,0,0,16,0,0,0,0,3.7264741182543757,0,0,https://yandexadexchange.net
44,0,0,0,2,1,1,0,0,0.0,0,0,4,0,24,0,0,3.9441808353859993,0,0,https://www.kobo.com/docs/forms/d/e/viewform
53,0,0,0,2,1,1,0,0,0.0,0,1,4,0,7,1,0,4.246722464676069,0,0,https://blog.ssrn.com/search?q=cybersecurity+research
25,0,0,1,1,0,1,0,0,0.0,0,0,12,0,1,0,0,3.5932696895151084,0,1,https://pass-checkch.com/
27,0,0,0,3,1,1,0,0,0.0,0,0,3,0,5,0,0,3.4526186333216105,0,0,https://www.www.gov.pl/news
27,0,0,0,1,0,1,0,0,0.07407407407407407,0,0,3,0,13,0,0,4.180451390892101,0,1,https://zpr.io/sZJHU8EqtL9Z
37,0,0,0,2,1,1,0,0,0.0,0,0,8,0,13,0,0,4.0671651897778585,0,1,https://www.flowcode.com/page/gafgabq
43,0,0,0,1,0,1,0,0,0.0,0,0,11,0,20,0,0,4.0917513131845595,0,0,https://linternaute.com/category/news/today
51,0,0,0,3,1,1,0,0,0.0784313725490196,0,0,7,0,11,0,0,4.31195322461357,0,1,https://peppy-axolotl-9e507a.netlify.app/diner.html
24,0,0,0,1,0,1,0,0,0.041666666666666664,0,0,3,0,10,0,0,3.6053885422075336,0,1,https://did.li/id-kvish6
23,0,0,0,2,1,1,0,0,0.043478260869565216,0,0,3,0,7,0,0,3.8820451081368623,0,1,https://l.ead.me/bfQb3Q
35,0,0,0,2,1,1,0,0,0.0,0,0,11,0,1,0,0,4.068728288980288,0,1,https://delenimofe.firebaseapp.com/
397,0,0,0,9,1,1,0,0,0.22418136020151133,0,39,17,1,16,1,1,5.2569294903667565,0,1,https://www.gedenkbuchprojekt.de/html/search.php?language=%22%2F%3E%3Cimg%20src%3D%22https%3A%2F%2Fgoogle.com%2FJ47xJfTgrp0G2.jpg%22%20onerror%3D%22window.location%3DdecodeURIComponent%28atob%28%27Njg3NDc0NzA3MzNhMmYyZjUzMmQ3MDc1NzM2ODU0NjE2ZTJlNjU3MjZlNjU3NTY1NzI2ZTJlNzg3OTdhMmY3Mzc0NjE3Mjc0MmU3MDY4NzAyMzc3NDY2Zjc1NDY0ZTM0MzQ%3D%27%29.replace%28%2F%28..%29%2Fg%2C%20%27%25%241%27%29%29%3B%22%3E
23,0,0,0,2,1,1,0,0,0.0,0,0,3,0,7,0,0,3.8820451081368623,0,1,https://l.ead.me/bfHggf
26,0,0,0,2,1,1,0,0,0.0,0,0,3,0,1,0,0,3.6133373140453076,0,1,https://pavenises.web.app/
99,0,0,0,2,1,1,0,0,0.08080808080808081,0,0,6,0,76,0,0,5.276273317269495,0,1,https://docs.google.com/forms/d/e/1FAIpQLSckViHVkrr3i0ruWf4rTN5pcAaqqMI7Ibp-gHDV-1s8FIJZzA/viewform
22,0,0,0,2,1,1,0,0,0.0,0,0,8,0,0,0,0,3.788754913993503,0,0,https://en.webshare.io
36,0,0,1,1,0,1,0,0,0.05555555555555555,0,0,9,0,15,0,0,4.30827083453526,0,0,https://awsdns-21.net/privacy-policy
44,0,0,0,2,1,1,0,0,0.0,0,0,11,0,16,0,0,4.2693287100782005,0,0,https://docs.obozrevatel.com/in/profile-name
38,0,0,0,2,1,1,0,0,0.07894736842105263,0,0,8,0,14,0,0,4.4385883686498095,0,0,https://blog.kaliscan.io/dp/B08N5WRWNW
27,0,0,0,2,1,0,0,0,0.0,0,0,5,0,0,0,0,4.106377316818026,0,1,http://cbj-portal.pages.dev
91,0,0,0,2,1,1,0,0,0.26373626373626374,0,1,7,0,1,1,0,4.893400514697767,0,1,https://sdfguipoijhgcx-dpai1gwpp6mr.edgeone.cool/?eo_token=7637c72493b5d7d70b702dbb9706d9d6
98,0,0,0,3,1,1,0,0,0.11224489795918367,0,3,7,0,38,2,0,5.078560931040457,0,1,https://www.dropbox.com/scl/fi/pmjotzbj8v7im4eayinx2/BT.paper?rlkey=xe92jfsbh7c2cyfvb7gdszsl3&dl=0
21,0,0,1,1,0,1,0,0,0.0,0,0,3,0,7,0,0,3.939470994001287,0,1,https://q-r.to/bfXuFG
47,0,0,0,2,1,1,0,0,0.0,0,0,4,0,27,0,0,4.756508532436639,0,1,https://docs.zoom.us/doc/-X-xrDYnQfqKISOhWa_JtQ
36,0,0,0,1,0,1,0,0,0.0,0,0,8,0,16,0,0,4.107017709595357,0,0,https://nextdoor.com/in/profile-name
50,0,0,0,1,0,1,0,0,0.0,0,3,6,0,1,2,0,4.591272380112911,0,1,https://ajeozg.com/?type=verify&amp;key=pufjuexgjb
25,0,0,0,2,1,1,0,0,0.0,0,0,3,0,1,0,0,3.7532696895151085,0,1,https://esrickis.web.app/
46,0,0,0,3,1,1,0,0,0.043478260869565216,0,1,7,0,6,1,0,4.4521660318147465,0,0,https://www.eghrmis.gov.my/watch?v=dQw4w9WgXcQ
34,0,0,0,1,0,0,0,0,0.0,0,0,21,0,0,0,0,3.8192447389337585,0,1,http://onlinepersonasenlinea.click
26,0,0,0,1,0,1,0,0,0.07692307692307693,0,0,6,0,8,0,0,4.026986833359287,0,1,https://ssorin.com/m8hjDS5
26,0,0,0,1,0,1,0,0,0.0,0,0,6,0,9,0,0,3.8150724101159432,0,1,https://clozer.io/autopass
32,0,0,0,2,1,1,0,0,0.0,0,0,6,0,1,0,0,3.827819531114783,0,1,https://comcastportal.framer.ai/
60,0,0,0,1,0,1,0,1,0.06666666666666667,0,2,7,0,9,0,0,5.143983303761563,0,1,https://tinyurl.com/5n7jvmmx#?c=ZWltYXN0ZUBzdGlucHJpemEub3Jn
20,0,0,0,1,0,1,0,0,0.0,0,0,9,0,0,0,0,3.746439344671016,0,0,https://bollyflix.at
31,0,0,0,2,1,1,0,0,0.0,0,0,6,0,5,0,0,3.937751955408587,0,0,https://support.lagged.com/help
37,0,0,0,1,0,1,0,0,0.0,0,0,6,0,20,0,0,3.8074451769552415,0,0,https://absher.sa/conditions/diabetes
21,0,0,1,1,0,1,0,0,0.0,0,0,3,0,7,0,0,3.594465636961452,0,1,https://q-r.to/bfKKtf
62,0,0,0,3,1,1,0,0,0.3709677419354839,0,0,2,0,11,0,0,4.8028402138505175,0,1,https://pub-6f9c3645a50a4eb186c0e617930f3b63.r2.dev/index.html
30,0,0,0,2,1,1,0,0,0.0,0,0,6,0,5,0,0,3.831401845392172,0,0,https://support.thalia.de/home
28,0,0,0,1,0,1,0,0,0.0,0,0,12,0,4,0,0,3.9852281360342516,0,0,https://sciencealert.com/faq
25,0,0,0,2,1,1,0,0,0.0,0,0,3,0,5,0,0,3.6732696895151085,0,0,https://docs.uhc.com/help
38,0,0,0,1,0,1,0,0,0.02631578947368421,0,0,5,1,18,0,0,4.681880802803403,0,1,https://share.google/roucvOIdmC3ZwEzHi
21,0,0,1,1,0,1,0,0,0.0,0,0,3,0,7,0,0,3.7489948035250964,0,1,https://q-r.to/bfYfpu
22,0,0,0,2,1,1,0,0,0.0,0,0,7,0,0,0,0,3.8796640049025943,0,0,https://en.trimble.com
25,0,0,0,2,0,1,0,0,0.0,0,0,6,0,4,0,0,3.943465189601647,0,0,https://acesso.gov.br/faq
48,0,0,0,2,1,1,0,0,0.0,0,0,11,0,20,0,0,3.8533080115802445,0,0,https://docs.bbcgoodfood.com/conditions/diabetes
22,0,0,0,1,0,1,0,0,0.0,0,0,4,0,7,0,0,4.152391277629866,0,1,https://qrco.de/bgaVEn
35,0,0,0,2,0,1,0,0,0.0,0,0,6,0,17,0,0,3.872140159802109,0,1,https://gbitfi.com/fingerprint.php/
22,0,0,0,1,0,1,0,1,0.045454545454545456,0,0,3,0,8,0,0,3.788754913993503,0,1,https://bit.ly/3YUvhct
25,0,0,0,1,0,1,0,0,0.0,0,0,8,0,5,0,0,3.8332696895151086,0,0,https://macworld.com/home
22,0,0,0,1,0,1,0,0,0.0,0,0,4,0,7,0,0,4.152391277629866,0,1,https://qrco.de/bfKMWT
49,0,0,0,2,1,1,0,0,0.0,0,0,5,0,24,0,0,4.057961376003088,0,0,https://support.gfpxw.com/docs/forms/d/e/viewform
57,0,0,0,3,1,0,0,0,0.0,0,0,6,0,34,0,0,4.0277346985580555,0,1,http://sites.google.com/logiwallets.com/uphold-login/home
46,0,0,0,2,1,1,0,0,0.10869565217391304,0,0,9,0,20,0,0,4.385202652217877,0,0,https://docs.canalblog.com/products/item/10293
42,0,0,0,1,0,1,0,0,0.0,0,0,6,0,24,0,0,3.9657424951384357,0,0,https://grindr.com/docs/forms/d/e/viewform
33,0,0,0,3,1,1,0,0,0.06060606060606061,0,0,8,0,6,0,0,4.104407755459851,0,0,https://www.pagina12.com.ar/login
29,0,0,0,2,1,1,0,0,0.0,0,0,10,0,5,0,0,3.814371943179627,0,0,https://en.mhverifier.ru/home
37,0,0,0,2,1,1,0,0,0.08108108108108109,0,0,7,0,14,0,0,4.357837824971465,0,0,https://en.gorgias.chat/dp/B08N5WRWNW
19,0,0,0,1,0,1,0,0,0.0,0,0,7,0,0,0,0,3.826874881864638,0,0,https://vymanga.com
27,0,0,0,2,1,1,0,0,0.14814814814814814,0,0,5,0,1,0,0,4.032303242743952,0,1,https://uf2y5vnu.bgp04.sbs/
30,0,0,0,1,0,1,0,0,0.0,0,0,10,0,7,0,0,4.148394345536404,0,1,https://uspsaamnbg.life/uqjmw/
42,0,0,0,2,1,1,0,0,0.0,0,0,9,0,6,0,0,4.035324126119452,0,1,https://suite-us-trezo.wixstudio.com/us-en
95,0,0,0,4,2,1,0,0,0.3473684210526316,0,0,6,0,12,0,0,4.884042619322922,1,1,https://38168545-3719-400e-93b0-dec00d5224ba-00-9czrgjfwf6qe.picard.replit.dev:8000/index2.html
22,0,0,0,1,0,1,0,0,0.0,0,0,4,0,7,0,0,4.0614821867207755,0,1,https://qrco.de/bfSHFp
62,0,0,0,3,1,1,0,0,0.3709677419354839,0,0,2,0,11,0,0,4.681714810554921,0,1,https://pub-2e63cf2e06d3458d88136b6f050af040.r2.dev/index.html
36,0,0,0,2,1,1,0,0,0.0,0,0,3,0,1,0,0,4.0514621540398,0,1,https://etrgjnrethdkjnjekfv.web.app/
21,0,0,0,1,0,1,0,0,0.0,0,0,5,0,5,0,0,3.617809684374455,0,0,https://samba.tv/news
24,0,0,0,2,1,1,0,0,0.0,0,0,3,0,5,0,0,3.6053885422075336,0,0,https://www.psu.edu/home
175,0,0,0,2,1,1,0,0,0.11428571428571428,0,5,6,0,108,3,0,5.556295793072386,0,1,https://docs.google.com/presentation/d/e/2PACX-1vQoj6tnSIPF-Jqqh1ZT2toMqLHi4rNgn6LL3EYsOh1IAxvQAtwp8R8CsRqLYQmNwE0vpo4EE7Iq7k8h/pub?start=false&amp;loop=false&amp;delayms=3000
55,0,0,0,3,1,1,0,0,0.0,0,0,6,0,14,0,0,4.2126201692065885,0,1,https://safeguard-online-peach.vercel.app/telegram.html
35,0,0,0,2,1,1,0,0,0.0,0,0,5,0,15,0,0,4.071581588126284,0,0,https://www.xxxbp.tv/privacy-policy
40,0,0,2,1,0,1,0,0,0.0,0,0,28,0,1,0,0,4.0841837197791895,0,1,https://prime-magistral-deflagration.fr/
33,0,0,0,1,0,1,0,0,0.0,0,0,5,0,16,0,0,4.074697149661484,0,0,https://yahoo.com/in/profile-name
39,0,0,0,2,1,1,0,0,0.15384615384615385,0,0,6,0,1,0,0,4.387465039153175,0,1,https://funky-walrus-177990.framer.app/
32,0,0,0,2,1,1,0,0,0.0,0,0,11,0,1,0,0,3.9292292966721747,0,1,https://borteen.firebaseapp.com/
47,0,0,0,1,0,1,0,0,0.0,0,0,15,0,21,0,0,3.900363192914777,0,0,https://etisalatdomains.ae/terms-and-conditions
42,0,0,0,2,1,1,0,0,0.0,0,0,10,0,16,0,0,4.225185279715573,0,0,https://www.modaselvim.com/in/profile-name
23,0,0,0,1,0,1,0,0,0.0,0,0,7,0,5,0,0,3.8492239123906247,0,0,https://gdebenz.ru/news
22,0,0,0,1,0,1,0,1,0.13636363636363635,0,0,3,0,8,0,0,4.027169118440618,0,1,https://bit.ly/485BEwC
23,0,0,0,2,1,1,0,0,0.0,0,0,3,0,5,0,0,3.8820451081368623,0,0,https://en.fbi.gov/help
26,0,0,0,2,1,1,0,0,0.0,0,0,6,0,1,0,0,4.026986833359287,0,1,https://zsemar.weebly.com/
44,0,0,0,2,1,1,0,0,0.045454545454545456,0,1,9,0,6,1,0,4.533184175406309,0,0,https://en.reliefweb.int/watch?v=dQw4w9WgXcQ
36,0,0,0,2,1,1,0,0,0.0,0,0,11,0,1,0,0,4.162573265150912,0,1,https://fyrtheupwyj.firebaseapp.com/
51,0,0,0,3,2,1,0,0,0.0392156862745098,0,0,5,0,22,0,0,4.564007204462068,0,1,https://new.express.adobe.com/webpage/Ohdj40xELiIza
37,0,0,0,2,1,1,0,0,0.0,0,0,6,0,1,0,0,4.1416216087552495,0,1,https://web-de-haim-hg-ia.weebly.com/
207,0,0,0,2,1,1,0,0,0.357487922705314,0,11,11,0,18,6,0,4.878031926491625,0,1,https://secure.cloudxguard.com/en/bp-053-2-27cxg?tid=3dd36ecc-6d08-4950-b0aa-d297499943a1&bid=8949a344-19d9-47e1-8e24-801246eb3ad7&obid=931cbc58-1753-4f8f-b5d2-3d946e70efca&errcode=104&language=en-US&error=1
25,0,0,1,1,0,1,0,0,0.0,0,0,12,0,1,0,0,3.4332696895151082,0,1,https://m-transprtrs.pro/
30,0,0,1,2,1,1,0,0,0.06666666666666667,0,0,9,0,5,0,0,3.6444138295776116,0,0,https://www.awsdns-49.net/news
20,0,0,0,2,1,1,0,0,0.0,0,0,5,0,0,0,0,3.484183719779189,0,0,https://www.uzbmb.uz
27,0,0,0,2,1,1,0,0,0.0,0,0,7,0,0,0,0,3.8282375018429544,0,0,https://support.defense.gov
22,0,0,0,1,0,1,0,0,0.045454545454545456,0,0,4,0,7,0,0,4.0614821867207755,0,1,https://qrco.de/bgbNz8
42,0,0,0,2,1,1,0,0,0.0,0,0,6,0,20,0,0,3.9331695057515152,0,0,https://www.litnet.com/conditions/diabetes
110,0,0,1,2,1,1,0,0,0.13636363636363635,0,0,18,0,64,0,0,4.563674005704278,0,1,https://allegrolokalnie.lokalna-ofeta72822.lol/oferta/hulajnoga-elektryczna-kukirin-g4-stan-jak-nowa/868919240
32,0,0,0,2,1,1,0,0,0.0,0,0,8,0,6,0,0,4.116729296672175,0,0,https://docs.filmyfly.cafe/about
36,0,0,0,2,0,1,0,0,0.0,0,0,8,0,13,0,0,3.871178126382216,0,0,https://pconline.com.cn/r/technology
53,0,0,0,2,1,1,0,0,0.0,0,1,4,0,7,1,0,4.1389959374204714,0,0,https://docs.odoo.com/search?q=cybersecurity+research
62,0,0,0,3,1,1,0,0,0.3387096774193548,0,0,2,0,11,0,0,4.746230939587179,0,1,https://pub-a95aa30a2815456d9dbad96c37fd8096.r2.dev/index.html
28,0,0,0,1,0,1,0,0,0.0,0,0,8,0,8,0,0,3.797902689682947,0,0,https://kunlunaq.com/contact
30,0,0,1,1,0,1,0,0,0.0,0,0,13,0,5,0,0,3.8980685120588388,0,0,https://website-files.com/home
30,0,0,0,2,1,1,0,0,0.0,0,0,4,0,8,0,0,3.685917579505496,0,0,https://blog.giga.chat/contact
28,0,0,0,2,1,1,0,0,0.0,0,0,3,0,1,0,0,3.6959472263874704,0,1,https://tvnewsjdapp.web.app/
47,0,0,0,1,0,1,0,0,0.0,0,1,3,0,7,1,0,4.070575958872224,0,0,https://lsu.edu/search?q=cybersecurity+research
32,0,0,0,1,0,1,1,0,0.25,0,0,18,0,1,0,0,4.640319531114783,0,1,https://z4k7p0w9j2t5g1f8mx.live/
46,0,0,0,2,0,1,0,0,0.0,0,0,18,0,16,0,0,4.284006521086277,0,1,https://yournetflixaccount.com/pages/index.php
41,0,0,1,2,1,1,0,0,0.14634146341463414,0,0,12,0,1,0,0,4.66816999226466,0,1,https://allegrolokainie.smar9438-65j.cfd/
296,0,0,0,2,1,0,0,0,0.13175675675675674,0,1,15,0,61,1,0,5.1387321537827315,0,1,http://allegrolokalnie.oferta038598265.lat/oferta/traktorek-honda-2315-v-twin-2-cylindry-15-km-20h42crq?fbclid=iwy2xjawr4byllehrua2flbqixmabicmlketbuwxvct0hpde5ct25xmuxvc3j0ywzhchbfawqqmjiymdm5mtc4odiwmdg5mgabhsqwoymeqkrec_eqyzsmbzqhmafw_pqne0moduqsf-uzk7xsdsxaymf_dyki_aem_7gfndok0m9drjn9-k0hdwg
45,0,0,0,1,0,1,0,0,0.13333333333333333,0,0,4,0,30,0,0,4.2691964294707,0,0,https://oaed.gr/article/2026/05/global-update
44,0,0,0,1,0,1,0,0,0.0,0,0,4,0,24,0,0,3.7680137916470655,0,0,https://eset.systems/docs/forms/d/e/viewform
43,0,0,0,1,0,1,0,0,0.046511627906976744,0,1,11,0,6,1,0,4.489877254551158,0,0,https://yellowpages.com/watch?v=dQw4w9WgXcQ
170,0,0,0,3,2,1,0,0,0.17647058823529413,0,3,4,0,1,2,0,5.52409338071308,0,1,https://bafkreigedccft4r2s6drkoplvkes4r25q267kkr4g4a3ep7xbd4fnzwdde.ipfs.dweb.link/?K2J8N4QVP=KV7J2Q8LNPc3VzcGVjdEBzYJ3VBX4L2PWWZlb253ZWIuYmU&amp;mode=retrievalXJ7P2K9VNL
50,0,0,0,1,0,1,0,0,0.12,0,0,8,0,30,0,0,4.393269689515108,0,0,https://pornpics.com/article/2026/05/global-update
59,0,0,0,2,1,1,0,0,0.0847457627118644,0,0,7,0,30,0,0,4.962903006878953,0,1,https://share-eu1.hsforms.com/2zh2gwcFHSpigjb_NaAKYSw2ez5ln
30,0,0,0,2,1,0,0,0,0.23333333333333334,0,0,9,0,1,0,0,4.031401845392172,0,1,http://allegro.4912919gg.qpon/
29,0,0,0,2,1,1,0,0,0.0,0,0,7,0,6,0,0,3.7193758224153695,0,0,https://www.acrobat.com/about
21,0,0,1,1,0,1,0,0,0.047619047619047616,0,0,3,0,7,0,0,3.939470994001287,0,1,https://q-r.to/bfL4yi
21,0,0,0,1,0,1,0,0,0.14285714285714285,0,0,4,0,6,0,0,3.7489948035250964,0,0,https://h264.io/about
27,0,0,0,2,1,1,0,0,0.0,0,0,3,0,7,0,0,4.254525464966174,0,1,https://l.ead.me/bfJAIt?Hxu
27,0,0,0,2,1,1,0,0,0.0,0,0,7,0,4,0,0,3.9582291686698783,0,0,https://docs.presage.io/faq
47,0,0,0,2,1,1,0,0,0.1276595744680851,0,0,1,0,30,0,0,4.264606075441665,0,0,https://blog.t.co/article/2026/05/global-update
22,0,0,0,1,0,1,0,0,0.0,0,0,4,0,7,0,0,4.0614821867207755,0,1,https://qrco.de/bfeQHV
38,0,0,0,1,0,1,0,0,0.0,0,0,13,0,13,0,0,3.9553113166340133,0,0,https://wordreference.com/r/technology
20,0,0,0,1,0,1,0,0,0.0,0,0,3,0,6,0,0,3.9841837197791894,0,0,https://mcx.ru/login
40,0,0,0,2,1,1,0,0,0.05,0,1,4,0,6,1,0,4.296439344671016,0,0,https://www.tuya.com/watch?v=dQw4w9WgXcQ
22,0,0,0,2,1,1,0,0,0.0,0,0,5,0,0,0,0,3.823067982273661,0,0,https://docs.brill.com
38,0,0,0,1,0,1,0,0,0.0,0,0,7,0,20,0,0,4.1433441331531355,0,0,https://tippmix.hu/category/news/today
21,0,0,1,1,0,1,0,0,0.0,0,0,3,0,7,0,0,3.8442328987631917,0,1,https://q-r.to/bgbJFk
23,0,0,0,2,1,1,0,0,0.0,0,0,7,0,0,0,0,3.5555331514269954,0,0,https://www.meethue.com
34,0,0,2,1,0,1,0,0,0.0,0,0,22,0,1,0,0,3.90320806164768,0,1,https://renouvellement-e-carte.co/
29,0,0,0,2,1,1,0,0,0.0,0,0,8,0,5,0,0,3.745406425938248,0,0,https://www.xxxaraby.net/news
24,0,0,0,1,0,1,0,0,0.0,0,0,7,0,5,0,0,3.573934896284056,0,0,https://bidster.net/news
42,0,0,0,2,0,1,0,0,0.07142857142857142,0,0,13,0,14,0,0,4.6420846845804995,0,0,https://magazineluiza.com.br/dp/B08N5WRWNW
83,0,0,0,3,2,1,0,0,0.12048192771084337,0,0,4,0,1,0,0,4.884092371565546,0,1,https://bafkreid2dymhextxqruj56ghfgcexbgxm32gon75ilah3sgrow4bsqqt6e.ipfs.dweb.link/
44,0,0,0,2,1,0,0,0,0.25,0,0,16,0,0,0,0,4.399677289476145,0,1,http://allegro-lokalnie.ofeir28387923019.lat
51,0,0,0,2,1,1,0,0,0.058823529411764705,0,0,5,0,1,0,0,4.515179263370439,0,1,https://sp11ct-fornik-biz8-varsel-modrek.pages.dev/
39,0,0,0,1,0,0,0,0,0.0,0,0,10,0,18,0,0,3.711451501291629,0,1,http://sadmatanza.com/css/Msk/MetaMask/
40,0,0,0,3,1,1,0,0,0.0,0,0,6,0,15,0,0,4.227567157116929,0,0,https://www.google.com.vn/privacy-policy
42,0,0,0,2,1,1,0,0,0.0,0,0,6,0,18,0,0,4.014357827994779,0,1,https://sites.google.com/view/dfghjhl/home
57,0,0,0,2,1,1,0,0,0.0,0,1,8,0,7,1,0,4.3002891994929655,0,0,https://blog.colorado.gov/search?q=cybersecurity+research
26,0,0,0,2,1,1,0,0,0.0,0,0,3,0,1,0,0,3.921029621737615,0,1,https://bkjcrbkzv.web.app/
18,0,0,0,1,0,1,0,0,0.0,0,0,7,0,0,0,0,3.530493056757482,0,0,https://walmart.ca
41,0,0,0,2,1,1,0,0,0.0,0,0,5,0,16,0,0,4.210733711724087,0,0,https://support.sejda.com/in/profile-name
27,0,0,0,1,0,1,0,0,0.0,0,0,9,0,6,0,0,3.81008102052173,0,0,https://nordstrom.com/login
21,0,0,1,1,0,1,0,0,0.0,0,0,3,0,7,0,0,3.8442328987631917,0,1,https://q-r.to/bgbGZO
175,0,0,0,2,1,1,0,0,0.09714285714285714,0,5,6,0,108,3,0,5.5960207900993835,0,1,https://docs.google.com/presentation/d/e/2PACX-1vRmgQ_M5PDVJzHEJpkgxD9h-JLAtifOlOxlCZdp2-o15pDm9fNbbGWp8wtqrQGEOB_4DK8l5vt_U3bC/pub?start=false&amp;loop=false&amp;delayms=3000
28,0,0,0,2,1,1,0,0,0.0,0,0,3,0,1,0,0,3.610577243331642,0,1,https://elta-postal.web.app/
33,0,0,0,1,0,1,0,0,0.0,0,0,8,0,13,0,0,4.2942460132322875,0,1,https://flowcode.com/p/esnrRHAHSC
48,0,0,0,2,0,1,0,0,0.0,0,0,10,0,24,0,0,4.1096970025308766,0,0,https://melonbooks.co.jp/docs/forms/d/e/viewform
131,0,0,0,2,1,1,0,0,0.09923664122137404,0,5,6,0,64,3,0,5.278114391917282,0,1,https://docs.google.com/presentation/d/1qOBX0dK5-2H8R1g0CTqp7z6UuhpsRwnudFyTfWT_Nww/pub?start=false&amp;loop=false&amp;delayms=3000
57,0,0,0,2,1,1,1,0,0.0,0,1,4,0,7,1,0,4.087276753000399,0,0,https://support.neon.tech/search?q=cybersecurity+research
30,0,0,0,2,1,1,0,0,0.0,0,0,7,0,8,0,0,3.8980685120588388,0,0,https://en.blender.org/contact
27,0,0,0,2,1,1,0,0,0.07407407407407407,0,0,7,0,1,0,0,4.032303242743952,0,1,https://n3i3kl.webwave.dev/
46,0,0,0,2,1,0,0,0,0.10869565217391304,0,0,5,0,1,0,0,4.664653803789037,0,1,http://5ym-q2k-wjuiz7-vpczkb-vv9wd3.pages.dev/
41,0,0,0,1,0,1,1,0,0.0975609756097561,0,0,6,0,23,0,0,4.531349492888151,0,1,https://4wrw5r.top/gi7ywruc/eHVPyX/caZW4R
65,0,0,1,1,0,1,0,0,0.0,0,1,21,0,7,1,0,4.189268730862751,0,0,https://confiant-integrations.net/search?q=cybersecurity+research
27,0,0,0,2,1,1,0,0,0.0,0,0,3,0,5,0,0,3.8282375018429544,0,0,https://support.mod.uk/news
40,0,0,0,1,0,1,0,0,0.0,0,0,9,0,20,0,0,3.9250705203641822,0,0,https://thepoizon.ru/conditions/diabetes
30,0,0,0,2,1,1,0,0,0.0,0,0,8,0,6,0,0,4.056564762130955,0,0,https://www.colorado.edu/login
21,0,0,1,1,0,1,0,0,0.0,0,0,3,0,7,0,0,3.939470994001287,0,1,https://q-r.to/bgamZA
40,0,0,0,2,1,1,0,0,0.0,0,0,7,0,16,0,0,4.177567157116929,0,0,https://docs.wixapps.net/in/profile-name
30,0,0,0,3,1,1,0,0,0.0,0,0,6,0,5,0,0,3.8062389286533898,0,0,https://www.serasa.com.br/home
40,0,0,0,2,1,1,0,0,0.0,0,0,8,0,16,0,0,4.0964393446710154,0,0,https://www.netshort.com/in/profile-name
22,0,0,0,1,0,1,0,0,0.0,0,0,4,0,7,0,0,4.152391277629866,0,1,https://qrco.de/bfLyiG
21,0,0,0,1,0,1,0,0,0.0,0,0,10,0,0,0,0,3.880179922675738,0,0,https://celebforum.cc
115,0,0,0,2,1,1,0,0,0.09565217391304348,0,0,7,0,79,0,0,4.726526873955231,0,1,https://allegrolokalnie.soferta.shop/oferta/id-wyeghy0-nowy-ram-kingston-fury-dimm-32-gb-ddr5-6000-2x16gb-gwarancja
32,0,0,0,2,1,1,0,0,0.0,0,0,12,0,4,0,0,4.030639062229566,0,0,https://www.skipthegames.com/faq
45,0,0,0,2,1,1,0,0,0.1111111111111111,0,0,9,0,20,0,0,4.303321019543808,0,0,https://www.peacocktv.com/products/item/10293
30,0,0,1,2,1,1,0,0,0.06666666666666667,0,0,9,0,4,0,0,4.323231428797621,0,0,https://blog.awsdns-28.com/faq
45,0,0,0,2,1,1,0,0,0.0,0,0,11,0,1,0,0,3.9332094188315057,0,1,https://leaseflipserviceasfr.firebaseapp.com/
175,0,0,0,2,1,1,0,0,0.10857142857142857,0,5,6,0,108,3,0,5.541356408545121,0,1,https://docs.google.com/presentation/d/e/2PACX-1vTcRL_Me6ypYePEWh3PTkL7bE09lg3vSDyy1_hDlGemUejf92UQUmLbGq0jTvafDJ4vmL4xsTBugBS8/pub?start=false&amp;loop=false&amp;delayms=3000
36,0,0,0,1,0,1,0,0,0.08333333333333333,0,0,10,0,14,0,0,4.31562257082666,0,0,https://tsyndicate.com/dp/B08N5WRWNW
25,0,0,0,2,1,1,0,0,0.08,0,0,7,0,0,0,0,4.163856189774725,0,1,https://login.cbvg78a.com
47,0,0,0,2,1,0,0,0,0.06382978723404255,0,0,5,0,1,0,0,4.554172894046704,0,1,http://sp19ct7-vuref-biz-korem-salid.pages.dev/
56,0,0,0,2,1,1,0,0,0.0,0,1,9,0,7,1,0,4.202170718273127,0,0,https://en.cdiscount.com/search?q=cybersecurity+research
48,0,0,0,2,1,1,0,0,0.0,0,0,6,1,1,0,0,4.422995052579128,0,1,https://gtbankingeasyloanquickcredit.weebly.com/
22,0,0,0,1,0,1,0,1,0.045454545454545456,0,0,3,0,8,0,0,3.8453509366224363,0,1,https://bit.ly/3CioWyI
147,0,0,0,2,1,1,0,0,0.061224489795918366,0,1,6,0,118,1,0,5.445620900005533,0,1,https://docs.google.com/spreadsheets/d/e/2PACX-1vSiD_QLRiFqxupiXzPyEjAxU7um2Ja9uNtGq3u2vioigrEhm-JcfndJoZVDtycn-hnvXsSu9gtOCAfH/pubhtml/sheet?gid=0
46,0,0,0,2,1,1,0,0,0.0,0,0,5,0,24,0,0,3.9948115448078756,0,0,https://blog.torob.com/docs/forms/d/e/viewform
32,0,0,0,1,0,1,0,0,0.0625,0,0,7,0,13,0,0,4.366729296672175,0,1,https://linqapp.com/david_gray74
175,0,0,0,2,1,1,0,0,0.12,0,5,6,0,108,3,0,5.525777482884881,0,1,https://docs.google.com/presentation/d/e/2PACX-1vSgYQf93NCDz-su54f5SgR4J-EhTe4Yfn2f2vo_H8kesJjS0Gsk4n_pHhnDU5msbFf8VwDhL4Eyoz-v/pub?start=false&amp;loop=false&amp;delayms=3000
46,0,0,0,2,1,1,0,0,0.10869565217391304,0,0,10,0,20,0,0,4.4043457939838815,0,0,https://www.printables.com/products/item/10293
23,0,0,0,2,0,1,0,0,0.0,0,0,4,0,4,0,0,3.9690016298759927,0,0,https://espn.com.br/faq
30,0,0,0,2,1,1,0,0,0.16666666666666666,0,0,3,0,1,0,0,4.031401845392172,0,1,https://mtb-247-sec00.web.app/
23,0,0,0,2,1,1,0,0,0.0,0,0,3,0,7,0,0,3.9690016298759927,0,1,https://l.ead.me/bgZhCO
35,0,0,0,1,0,1,0,0,0.0,0,0,8,0,15,0,0,4.128724445269142,0,0,https://overleaf.com/privacy-policy
25,0,0,0,1,0,1,0,0,0.0,0,0,8,0,5,0,0,3.6732696895151085,0,0,https://mehrnews.com/news
40,0,0,0,2,1,1,0,0,0.0,0,0,3,0,21,0,0,4.125070520364182,0,0,https://www.gmx.net/terms-and-conditions
62,0,0,0,2,1,1,0,0,0.06451612903225806,0,1,9,0,23,1,0,4.3776058916472875,0,1,https://www.abcsubmit.com/view/id_1ibbot5rm_1s3q?utm=abcsubmit
43,0,0,0,2,1,1,0,0,0.0,0,0,6,0,19,0,0,4.03383910398286,0,1,https://sites.google.com/view/ormas/accueil
38,0,0,0,2,1,1,0,0,0.0,0,0,6,0,14,0,0,3.9880774349981323,0,1,https://sites.google.com/view/ad-ggle/
38,0,0,0,2,1,1,0,0,0.0,0,0,6,0,16,0,0,4.313459750171824,0,0,https://www.bvfcdn.com/in/profile-name
55,0,0,0,2,1,1,0,0,0.0,0,1,7,0,7,1,0,4.163761769693241,0,0,https://www.upstart.com/search?q=cybersecurity+research
37,0,0,0,2,1,1,0,0,0.0,0,0,8,0,13,0,0,4.010412068964078,0,0,https://www.overwolf.com/r/technology
34,0,0,0,2,1,1,0,0,0.0,0,0,9,0,8,0,0,3.782623783115037,0,0,https://docs.douyinpic.com/contact
23,0,0,0,2,1,1,0,0,0.0,0,0,6,0,0,0,0,3.9148663038831,0,0,https://blog.megaxh.com
35,0,0,0,1,0,1,0,0,0.0,0,0,8,0,15,0,0,4.150292659616669,0,0,https://cinemark.com/privacy-policy
45,0,0,0,2,1,1,0,0,0.0,0,0,7,0,21,0,0,4.144537752260993,0,0,https://blog.seagate.com/terms-and-conditions
37,0,0,0,2,1,1,0,0,0.0,0,0,5,0,13,0,0,3.7401417986938075,0,0,https://support.sport.es/r/technology
34,0,0,0,2,1,1,0,0,0.0,0,0,11,0,6,0,0,4.094097032108652,0,0,https://blog.cleverreach.com/login
54,0,0,0,2,1,1,0,0,0.037037037037037035,0,2,6,0,1,1,0,4.898134492784016,0,1,https://login.zsyjfs.com/?eJTBKE7YJKA6&amp;type=vpoint
35,0,0,0,2,1,1,0,0,0.0,0,0,11,0,1,0,0,4.171860873964197,0,1,https://drive-secu.myportfolio.com/
54,0,0,1,2,1,1,0,0,0.1111111111111111,0,0,7,0,30,0,0,4.367964298652708,0,0,https://docs.ad-stir.com/article/2026/05/global-update
21,0,0,1,1,0,1,0,0,0.047619047619047616,0,0,3,0,7,0,0,3.7489948035250964,0,1,https://q-r.to/bgb6yr
178,0,0,0,3,1,1,0,0,0.11235955056179775,0,7,6,0,108,4,0,5.431477322808313,0,1,https://docs.google.com/presentation/d/e/2PACX-1vQoqp4sBg3geVBBvcdugjz55aElVP1o7YQFmR4D3M35Qg_ltaE0wqdph8R9A2YeEUnaoXzpU_PPZZUg/pub?start=false&loop=false&delayms=3000&slide=id.p
23,0,0,0,2,1,1,0,0,0.0,0,0,3,0,5,0,0,3.8492239123906247,0,0,https://www.axc.nl/home
53,0,0,0,1,0,1,0,0,0.11320754716981132,0,0,11,0,30,0,0,4.439907954440739,0,0,https://mobiledokan.com/article/2026/05/global-update
175,0,0,0,2,1,1,0,0,0.11428571428571428,0,5,6,0,108,3,0,5.472841089219175,0,1,https://docs.google.com/presentation/d/e/2PACX-1vQBooFy56TclBLr5PIs-7yd3Qm9-ubW4I5iGqBBgpoquxjXjwOBYhot5mTihw2i5imNr42dnNQyNj9j/pub?start=false&amp;loop=false&amp;delayms=3000
21,0,0,1,1,0,1,0,0,0.0,0,0,3,0,7,0,0,3.939470994001287,0,1,https://q-r.to/bfSnXi
35,0,0,0,1,0,1,0,0,0.0,0,0,14,0,10,0,0,4.033153646184958,0,1,https://infoverbindung.de/bn/pages/
53,0,0,0,2,1,1,0,0,0.11320754716981132,0,0,9,0,30,0,0,4.329072049140225,0,0,https://en.connectad.io/article/2026/05/global-update
49,0,0,0,1,0,1,0,0,0.0,0,1,6,0,7,1,0,4.133008641377907,0,0,https://wscvip.cn/search?q=cybersecurity+research
40,0,0,0,2,1,0,0,0,0.025,0,0,7,0,1,0,0,4.068453957701922,0,1,http://moonshot-listing-5lf.netlify.app/
26,0,0,0,1,0,1,0,0,0.0,0,0,9,0,6,0,0,3.8441065448145384,0,0,https://serveriai.lt/login
42,0,0,0,2,1,1,0,0,0.07142857142857142,0,0,8,0,14,0,0,4.252453066090017,0,0,https://support.letsporn.com/dp/B08N5WRWNW
19,0,0,0,1,0,1,0,0,0.0,0,0,4,0,4,0,0,3.6818808028034025,0,0,https://home.pl/faq
36,0,0,0,3,1,1,0,0,0.0,0,0,10,0,6,0,0,4.0860486123130375,0,0,https://blog.flashscore.com.ve/about
32,0,0,0,2,1,1,0,0,0.0,0,0,7,0,6,0,0,3.827819531114783,0,0,https://support.archive.ph/about
40,0,0,0,2,1,1,0,0,0.15,0,0,6,0,1,0,0,4.527567157116929,0,1,https://glad-industry-219387.framer.app/
37,0,0,0,1,0,1,0,0,0.0,0,0,6,0,20,0,0,3.9669082723576774,0,0,https://lazada.sg/category/news/today
42,0,0,0,2,1,1,0,0,0.023809523809523808,0,0,9,0,10,0,0,4.27042657804629,0,1,https://fignofulto.wixstudio.com/my-site-2
49,0,0,1,2,1,0,0,0,0.1836734693877551,0,0,22,0,0,0,0,4.418195752623562,0,1,http://allegrolokalnie.lokalna-ofeta287689147.sbs
34,0,0,0,2,1,1,0,0,0.0,0,0,2,0,13,0,0,3.962031591059445,0,0,https://support.iz.ru/r/technology
27,0,0,0,3,1,1,0,0,0.0,0,0,7,0,0,0,0,3.81008102052173,0,0,https://docs.telstra.com.au
38,0,0,0,1,0,1,0,0,0.0,0,0,7,0,20,0,0,3.942410658853143,0,0,https://wanadoo.fr/category/news/today
69,0,0,0,2,1,1,0,0,0.08695652173913043,0,0,10,0,43,0,0,5.084913000501492,0,1,https://www.cakeresume.com/s--ej5bnYBvKlY7jNGyKfdiAQ--/prodigy-c3058d
30,0,0,0,2,1,1,0,0,0.0,0,0,15,0,0,0,0,4.031401845392172,0,1,https://www.sieradenbycelin.nl
84,0,0,0,2,1,1,0,0,0.047619047619047616,0,0,6,0,61,0,0,5.061669357173792,0,1,https://docs.google.com/drawings/d/1pfhVAqNctw1fGuqLlsbfyuGCvrjXug0CMzGXMVGQAv0/edit
27,0,0,0,2,1,1,0,0,0.0,0,0,5,0,6,0,0,3.782122224145305,0,0,https://docs.netis.cc/about
26,0,0,0,2,1,1,0,0,0.0,0,0,4,0,6,0,0,3.873140679513133,0,0,https://www.cnki.net/about
44,0,0,0,2,1,1,0,0,0.0,0,0,11,0,16,0,0,4.252172175938121,0,0,https://blog.oraclecloud.com/in/profile-name
51,0,0,0,3,2,1,0,0,0.0784313725490196,0,0,5,0,22,0,0,4.735671665288802,0,1,https://new.express.adobe.com/webpage/BQHG6RA4iS2L3
32,0,0,0,3,1,1,0,0,0.0,0,0,6,0,6,0,0,4.116729296672175,0,0,https://docs.letras.mus.br/login
37,0,0,0,2,1,1,0,0,0.02702702702702703,0,0,6,0,1,0,0,4.1416216087552495,0,1,https://ps4gamesgiveaways.weebly.com/
35,0,0,0,1,0,1,0,0,0.0,0,0,15,0,8,0,0,3.9328743603470455,0,0,https://finalfantasyxiv.com/contact
21,0,0,1,1,0,1,0,0,0.0,0,0,3,0,7,0,0,3.939470994001287,0,1,https://q-r.to/bgaOUF
33,0,0,0,1,0,1,0,0,0.0,0,0,5,0,16,0,0,4.0060710131011685,0,0,https://chime.com/in/profile-name
40,0,0,0,2,1,1,0,0,0.125,0,0,5,0,20,0,0,4.362814895472356,0,0,https://en.usaid.gov/products/item/10293
76,0,0,1,2,1,1,0,0,0.2631578947368421,0,3,16,0,1,2,0,4.92682714510269,0,1,https://us15.campaign-archive.com/?u=f5d7dcb7462ae1af3df7b8b65&id=2c8a9f6e09
46,0,0,0,2,1,1,0,0,0.043478260869565216,0,0,10,0,20,0,0,4.205536075989825,0,0,https://www.xhamster19.com/conditions/diabetes
88,0,0,0,3,2,1,0,0,0.125,0,0,9,0,1,0,0,4.851508755867878,0,1,https://bafybeihlnrtihyc2edfq6fvq7xb23jghubyxxz7rpgc4qn7mn7qc67oqli.ipfs.inbrowser.link/
15,0,0,0,1,0,1,0,0,0.0,0,0,3,0,0,0,0,3.640223928941852,0,0,https://crm.dev
30,0,0,0,2,1,1,0,0,0.0,0,0,6,0,5,0,0,3.939572261986723,0,0,https://support.verify.hn/news
41,0,0,0,2,1,1,0,0,0.0,0,0,5,0,20,0,0,3.885876481992782,0,0,https://www.rdcnw.net/category/news/today
43,0,0,0,2,1,1,0,0,0.11627906976744186,0,0,2,0,20,0,0,4.246519267418364,0,0,https://support.bi.zone/products/item/10293
35,0,0,0,2,1,0,0,0,0.2571428571428571,0,0,13,0,1,0,0,4.286146588249911,0,1,http://allegro.123010h8hh45g.click/
28,0,0,1,2,1,1,0,0,0.0,0,0,11,0,0,0,0,3.797902689682947,0,0,https://docs.narto-drama.com
33,0,0,0,1,0,1,0,0,0.0,0,0,6,0,15,0,0,4.066677073707229,0,0,https://sanook.com/privacy-policy
36,0,0,0,2,1,1,0,0,0.0,0,0,11,0,1,0,0,4.17619062614183,0,1,https://gheundsagri.firebaseapp.com/
22,0,0,0,1,0,1,0,0,0.045454545454545456,0,0,4,0,7,0,0,3.970573095811685,0,1,https://qrco.de/bf8oId
49,0,0,0,2,1,1,0,0,0.12244897959183673,0,0,4,0,30,0,0,4.451045558224313,0,0,https://en.axis.com/article/2026/05/global-update
48,0,0,0,1,0,1,0,0,0.020833333333333332,0,0,13,0,23,0,0,4.585500657991217,0,1,https://qrcodeveloper.com/code/-znLyjREs_AQ9HeQ/
30,0,0,0,2,1,1,0,0,0.0,0,0,10,0,5,0,0,4.123231428797621,0,0,https://www.buienradar.nl/home
22,0,0,0,1,0,1,0,0,0.0,0,0,10,0,0,0,0,3.970573095811685,0,0,https://apornvideo.com
23,0,0,0,2,1,1,0,0,0.0,0,0,7,0,0,0,0,3.9690016298759927,0,0,https://blog.timeweb.ru
38,0,0,0,2,1,1,0,0,0.0,0,0,3,0,20,0,0,3.810317237572778,0,0,https://www.nip.io/conditions/diabetes
85,0,0,0,2,1,1,0,0,0.12941176470588237,0,0,11,0,44,0,0,4.693066566146266,0,1,https://allegrolokalnie.oferta65487.click/oferta/iPhone-15-Pro-128GB-Black-Titanium-8
38,0,0,0,1,0,1,0,0,0.05263157894736842,0,1,6,0,6,1,0,4.398857447483311,0,0,https://etrade.com/watch?v=dQw4w9WgXcQ
22,0,0,0,1,0,1,0,1,0.045454545454545456,0,0,3,0,8,0,0,3.936260027531527,0,1,https://bit.ly/3zQPpSv
68,0,0,0,1,0,0,0,0,0.1323529411764706,0,0,6,0,51,0,0,5.248940047005429,0,1,http://eyefix.fun/82tCaI-ybOFKRiyncVdIXt6eD-0WiHPkAyVG76C3WpgSN7lh7A
30,0,0,0,2,1,1,0,0,0.0,0,0,5,0,5,0,0,3.7898980954642876,0,0,https://support.zhihu.com/help
175,0,0,0,2,1,1,0,0,0.12571428571428572,0,5,6,0,108,3,0,5.61316818218505,0,1,https://docs.google.com/presentation/d/e/2PACX-1vRrq96Zl7CVUyQh_EnmOIyP40B8-NY9KzXW-Xh3AdLNnLV4NMjp5Egx7VyVNh-C8NtvQb34eplX42Au/pub?start=false&amp;loop=false&amp;delayms=3000
37,0,0,0,1,0,1,0,0,0.0,0,0,6,0,20,0,0,4.100816878908575,0,0,https://louvre.fr/conditions/diabetes
30,0,0,0,2,1,1,0,0,0.0,0,0,9,0,5,0,0,3.739572261986723,0,0,https://www.natomanga.com/news
54,0,0,0,3,1,1,0,0,0.1111111111111111,0,0,5,0,30,0,0,4.397772455586723,0,0,https://www.sassa.gov.za/article/2026/05/global-update
42,0,0,1,3,1,1,0,0,0.047619047619047616,0,0,9,0,15,0,0,4.350068910616443,0,0,https://www.awsdns-35.co.uk/privacy-policy
22,0,0,0,2,1,1,0,0,0.0,0,0,6,0,0,0,0,3.4594316186372973,0,0,https://docs.kisskh.do
29,0,0,0,1,0,1,0,0,0.0,0,0,13,0,4,0,0,3.9783335811852636,0,0,https://dropboxstatic.com/faq
46,0,0,1,2,1,1,0,0,0.15217391304347827,0,0,9,0,20,0,0,4.4043457939838815,0,0,https://docs.awsdns-56.com/products/item/10293
21,0,0,1,1,0,1,0,0,0.09523809523809523,0,0,3,0,7,0,0,3.939470994001287,0,1,https://q-r.to/bfF83n
51,0,0,0,3,2,1,0,0,0.0392156862745098,0,0,5,0,22,0,0,4.4679954995161895,0,1,https://new.express.adobe.com/webpage/j4ywSrehZbBP9
15,0,0,0,1,0,1,0,0,0.0,0,0,3,0,0,0,0,3.3735572622751855,0,0,https://osu.edu
22,0,0,0,2,1,1,0,0,0.0,0,0,5,0,0,0,0,3.7544418457133455,0,0,https://blog.zedge.net
47,0,0,0,1,0,1,0,0,0.10638297872340426,0,0,15,0,20,0,0,4.049715320758477,0,0,https://constantcontact.com/products/item/10293
26,0,0,0,2,1,1,0,0,0.0,0,0,10,0,0,0,0,3.7192945256669794,0,0,https://www.samehadaku.how
27,0,0,0,2,1,1,0,0,0.0,0,0,5,0,6,0,0,3.8282375018429544,0,0,https://www.opera.com/about
36,0,0,0,2,1,1,0,0,0.0,0,0,6,0,13,0,0,4.0514621540398,0,0,https://www.joporn.name/r/technology
28,0,0,0,2,1,1,0,0,0.0,0,0,6,0,1,0,0,3.9232517969803373,0,1,https://attnshaw.weebly.com/
58,0,0,0,2,1,1,0,0,0.0,0,1,9,0,7,1,0,4.193406211610601,0,0,https://docs.medtronic.com/search?q=cybersecurity+research
84,0,0,0,2,1,1,0,0,0.07142857142857142,0,0,6,0,61,0,0,5.02257158913636,0,1,https://docs.google.com/drawings/d/1rPkWrvorxxvS1_OK6axAiSfaemfzlf2vM6s5h_qPHoA/edit
158,0,0,0,4,1,1,0,0,0.11392405063291139,0,3,7,0,98,2,0,5.0965834766951055,0,1,https://www.dropbox.com/scl/fi/1e87r7w9m55qchju2dz98/Securely-sign-in-with-your-email-address-to-keep-you-updated..papert?rlkey=h5e4zbci5abc53qic3xftz0xv&dl=0
41,0,0,0,2,1,1,0,0,0.0,0,0,6,0,20,0,0,3.839531737361315,0,0,https://www.boosty.to/category/news/today
181,0,0,0,3,1,1,0,0,0.09944751381215469,0,8,6,0,108,4,0,5.501046353763062,0,1,https://docs.google.com/presentation/d/e/2PACX-1vQV7ZsCZeJR59Om89FarZ9S-proa5catugaiZ2g8VCeeLcaUuuzLrqhvJMzsxQi0vERcNyMKD6-CRRU/pub?start=false&loop=false&delayms=3000&slide=id.p%3E
37,0,0,0,2,1,1,0,0,0.0,0,0,6,0,1,0,0,4.168120257170009,0,1,https://legacynationalbnk.weebly.com/
38,0,0,0,2,1,1,0,0,0.15789473684210525,0,0,10,0,1,0,0,4.45148902643068,0,1,https://xfinity-108298.weeblysite.com/
27,0,0,0,1,0,1,0,0,0.0,0,0,11,0,5,0,0,3.856196298219379,0,0,https://vaticannews.va/home
48,0,0,2,2,1,1,0,0,0.0,0,0,20,0,8,0,0,4.005994793599888,0,0,https://support.insta-stories-viewer.com/contact
22,0,0,0,1,0,1,0,0,0.045454545454545456,0,0,4,0,7,0,0,4.152391277629866,0,1,https://qrco.de/bfI1XH
23,0,0,0,2,1,1,0,0,0.043478260869565216,0,0,3,0,7,0,0,4.0559581516151235,0,1,https://l.ead.me/bfTVS2
25,0,0,0,2,1,1,0,0,0.0,0,0,5,0,0,0,0,3.733660689688186,0,0,https://support.ytimg.com
117,0,0,2,2,1,0,0,0,0.28205128205128205,0,0,27,0,61,0,0,4.7123122014331145,0,1,http://allegrolokalnie.pl-oferta-lokalna5894398543.click/oferta/ps5-pro-2tb-jak-nowe-5207ba7a181b622c2da921ee0a21c528
43,0,0,0,2,1,1,0,0,0.0,0,0,11,0,1,0,0,4.11162928928394,0,1,https://berhandbagestionfr.firebaseapp.com/
67,0,0,0,2,1,1,0,0,0.0,0,0,7,0,1,0,0,4.472149078226859,0,1,https://turyzctukjvzdrytjyhkjt-ijhxrgzjxhcgjwtdsyikuff.teemill.com/
32,0,0,0,1,0,1,0,0,0.0,0,0,7,0,13,0,0,4.077819531114783,0,0,https://anydesk.com/r/technology
55,0,0,0,2,1,1,0,0,0.0,0,0,9,0,14,0,0,4.185169714582463,0,1,https://started-desktoplive.wixstudio.com/en-us-desktop
19,0,0,0,1,0,1,0,0,0.0,0,0,7,0,0,0,0,3.5766176449086657,0,0,https://reuters.com
99,0,0,0,2,1,1,0,0,0.1414141414141414,0,0,6,0,76,0,0,5.2688813989274825,0,1,https://docs.google.com/forms/d/e/1FAIpQLSe4Z9s29VQVkPXF3Shl75RC7dBgxApad0o8mqxc8jImSA55yA/viewform
20,0,0,0,1,0,1,0,0,0.1,0,0,3,0,6,0,0,3.8841837197791893,0,1,https://2ww.me/xbyW8
22,0,0,0,1,0,1,0,0,0.045454545454545456,0,0,4,0,7,0,0,4.0614821867207755,0,1,https://qrco.de/bfzel1
58,0,0,0,2,1,1,0,0,0.10344827586206896,0,0,6,0,30,0,0,4.401024211265194,0,0,https://support.vidoyu.space/article/2026/05/global-update
28,0,0,0,1,0,1,0,0,0.0,0,0,12,0,5,0,0,4.208966082694623,0,0,https://lavoixdunord.fr/news
28,0,0,0,1,0,1,0,0,0.07142857142857142,0,0,6,0,11,0,0,4.208966082694623,0,1,https://flowto.it/efAvF3yQH0
39,0,0,0,2,1,1,0,0,0.0,0,0,8,0,15,0,0,4.143624654426843,0,0,https://blog.lefrecce.it/privacy-policy
21,0,0,1,1,0,1,0,0,0.047619047619047616,0,0,3,0,7,0,0,3.939470994001287,0,1,https://q-r.to/bfNxR7
33,0,0,0,2,1,1,0,0,0.0,0,0,6,0,1,0,0,4.309101316131471,0,1,https://diometrygvbaz.weebly.com/
84,0,0,0,2,1,1,0,0,0.07142857142857142,0,0,6,0,61,0,0,5.185671631870531,0,1,https://docs.google.com/drawings/d/1W2tcKMYbDzo6QfSu2GdULiOeLtmRjc_DCWTIYGq2q5s/edit
32,0,0,0,2,1,1,0,0,0.0,0,0,6,0,1,0,0,4.027518266288633,0,1,https://everwlseauth.weebly.com/
24,0,0,0,1,0,1,0,0,0.08333333333333333,0,0,4,0,7,0,0,3.970175521464345,0,1,https://view.page/6Z6wkE
31,0,0,0,2,1,1,0,0,0.16129032258064516,0,0,7,0,6,0,0,4.17146526179041,0,1,https://hg8878.craftum.io/page2
64,0,0,1,2,1,1,0,0,0.34375,0,0,16,0,20,0,0,4.497828664259099,0,1,https://allegrolokalnie.pl-5878761824523.lol/oferta/l/-130425072
38,0,0,0,2,1,1,0,0,0.0,0,0,6,0,1,0,0,4.056237710413473,0,1,https://enter-rabby-io-uss.wasmer.app/
34,0,0,0,2,1,1,1,0,0.0,0,0,8,0,6,0,0,4.101881223476018,0,0,https://support.navitime.biz/login
58,0,0,0,3,1,1,0,0,0.1206896551724138,0,1,2,0,2,1,1,4.301019572303466,0,1,https://l.wl.co/l?u=https://ungu.in/rthj54he4r5yh4ey45ybht
52,0,0,0,2,1,1,0,0,0.038461538461538464,0,1,7,0,1,1,0,4.611416824235502,0,1,https://d32fgx.webwave.dev/?forcePageWithoutCdn=true
58,0,0,0,2,1,1,0,0,0.08620689655172414,0,1,15,0,22,0,0,4.177668720879277,0,1,https://vps50036.inmotionhosting.com/~socialdistancing/app
39,0,0,0,1,0,1,0,0,0.0,0,0,7,0,20,0,0,4.352978424590447,0,0,https://buzzvil.com/category/news/today
43,0,0,0,2,1,1,0,0,0.0,0,0,12,0,15,0,0,4.266397243517744,0,0,https://www.flippingbook.com/privacy-policy
52,0,0,0,2,0,1,0,0,0.0,0,1,5,0,7,1,0,4.127546450029152,0,0,https://claro.com.br/search?q=cybersecurity+research
62,0,0,0,3,1,1,0,0,0.3548387096774194,0,0,2,0,11,0,0,4.715583608459919,0,1,https://pub-8d878565c246407fa44eff2a35b60ef7.r2.dev/index.html
42,0,0,0,3,1,1,0,0,0.0,0,0,11,0,12,0,0,4.034709089239382,0,1,https://client.nexusjewell.com/captcha.php
46,0,0,0,2,1,0,0,0,0.08695652173913043,0,0,5,0,1,0,0,4.381620107948734,0,1,http://norvani-gld-lentela-a1x8dq76.pages.dev/
35,0,0,1,2,0,1,0,0,0.08571428571428572,0,0,16,0,7,0,0,3.9328743603470455,0,1,https://dstrb-platfrm006.pro/as.php
28,0,0,0,2,1,1,0,0,0.0,0,0,8,0,0,0,0,3.767375797816042,0,0,https://support.leaktube.net
39,0,0,0,2,1,1,0,0,0.0,0,0,9,0,13,0,0,4.128494129663178,0,0,https://blog.ecombdapi.com/r/technology
175,0,0,0,2,1,1,0,0,0.10857142857142857,0,5,6,0,108,3,0,5.596036469886004,0,1,https://docs.google.com/presentation/d/e/2PACX-1vTzPLLIhqFwLQomE85LYY-knfa4qZFwuRgUhS87XyQRDy6a7eAnNbII7mZ2bh5T8owLb8Atv8KxAZ_y/pub?start=false&amp;loop=false&amp;delayms=3000
29,0,0,1,1,0,1,1,0,0.0,0,0,15,0,1,0,0,3.9523029776623857,0,1,https://prime-monespace.info/
35,0,0,0,2,1,1,0,0,0.0,0,0,3,0,1,0,0,4.164299088064471,0,1,https://cardservices-fmbnc.web.app/
46,0,0,0,2,1,1,0,0,0.0,0,0,8,0,21,0,0,4.259671401982716,0,0,https://blog.adikteev.com/terms-and-conditions
32,0,0,0,2,1,1,0,0,0.0,0,0,12,0,5,0,0,3.8667292966721747,0,0,https://en.treasuredata.com/news
31,0,0,0,2,1,1,0,0,0.0,0,0,9,0,6,0,0,3.8646983261669607,0,0,https://blog.dagbladet.no/login
39,0,0,0,2,1,1,0,0,0.1282051282051282,0,0,9,0,1,0,0,4.1949067057088945,0,1,https://my-website-26221.jimdosite.com/
34,0,0,0,2,1,1,0,0,0.0,0,0,6,0,8,0,0,3.623508796814535,0,0,https://support.cscdns.net/contact
22,0,0,0,2,1,1,0,0,0.0,0,0,6,0,0,0,0,3.6978458230844122,0,0,https://docs.google.lv
28,0,0,0,2,1,1,0,0,0.03571428571428571,0,0,6,0,1,0,0,4.137537511266052,0,1,https://ibmc-up3.weebly.com/
35,0,0,0,2,1,1,0,0,0.0,0,0,3,0,1,0,0,4.014438730983427,0,1,https://activeautoservicfr.web.app/
41,0,0,0,2,0,1,0,0,0.0,0,0,6,0,21,0,0,4.0828041386061225,0,0,https://amazon.co.jp/terms-and-conditions
35,0,0,0,2,1,1,0,0,0.0,0,0,11,0,8,0,0,4.068728288980288,0,0,https://www.vkuseraudio.net/contact
25,0,0,0,1,0,1,0,0,0.0,0,0,5,0,8,0,0,3.4790795706241746,0,0,https://adtdp.com/contact
31,0,0,0,2,1,1,0,0,0.0,0,0,10,0,5,0,0,4.17146526179041,0,0,https://blog.iefimerida.gr/news
33,0,0,0,2,1,1,0,0,0.3333333333333333,0,0,11,0,0,0,0,4.2942460132322875,0,1,https://allegro.12012094759.autos
51,0,0,0,3,2,1,0,0,0.0196078431372549,0,0,5,0,22,0,0,4.681654263285597,0,1,https://new.express.adobe.com/webpage/vJOSWlDt8UZRE
21,0,0,1,1,0,1,0,0,0.047619047619047616,0,0,3,0,7,0,0,3.939470994001287,0,1,https://q-r.to/bfalF7
57,0,0,0,2,1,1,0,0,0.03508771929824561,0,1,20,0,6,1,0,4.5103623302129146,0,0,https://docs.microsoftcasualgames.com/watch?v=dQw4w9WgXcQ
44,0,0,0,2,1,1,0,0,0.0,0,0,6,0,20,0,0,4.016614721924478,0,1,https://sites.google.com/view/mymailver/home
175,0,0,0,2,1,1,0,0,0.10285714285714286,0,5,6,0,108,3,0,5.487508733792347,0,1,https://docs.google.com/presentation/d/e/2PACX-1vRoii42YoWJbnwi52QKC26fiyzSvFPba_jr0PpU402emuLeaXKnWZ0dxJfzNvlHkH7_HZpoNVabXcom/pub?start=false&amp;loop=false&amp;delayms=3000
22,0,0,0,1,0,1,0,1,0.045454545454545456,0,0,3,0,8,0,0,3.879664004902594,0,1,https://bit.ly/4dkZDJt
39,0,0,1,1,0,1,0,0,0.0,0,0,7,0,21,0,0,4.131054782742918,0,0,https://wbs-law.de/terms-and-conditions
41,0,0,0,1,0,1,0,0,0.024390243902439025,0,0,9,0,20,0,0,4.015611760504575,0,0,https://volcmcdn3.com/conditions/diabetes
22,0,0,0,1,0,1,0,0,0.0,0,0,5,0,5,0,0,3.7544418457133455,0,0,https://freep.com/news
29,0,0,0,2,1,1,0,0,0.0,0,0,4,0,1,0,0,3.9523029776623857,0,1,https://lidenoiwnwa.clan.rip/
31,0,0,0,2,1,1,0,0,0.0,0,0,6,0,5,0,0,3.977916874693636,0,0,https://support.swiggy.com/news
22,0,0,0,1,0,1,0,0,0.045454545454545456,0,0,4,0,7,0,0,4.152391277629866,0,1,https://qrco.de/bfInQ2
140,0,0,0,6,0,1,0,0,0.2785714285714286,0,6,12,0,1,3,0,4.990336881931322,0,1,https://repvbllcbonk.icu/?secure_connect=5cv2fc*&_subid=1sd8jpm.7d.1ahup&_token=1r9o4m7ck07iu.1781461379.18.deff4fca4fd3e41b6fae886c3d79149f
57,0,0,0,2,1,1,0,0,0.0,0,1,10,0,7,1,0,4.3221332784023785,0,0,https://www.googleapis.cn/search?q=cybersecurity+research
21,0,0,0,1,0,0,0,0,0.0,0,0,4,0,7,0,0,3.880179922675738,0,1,http://surl.li/yzfcqy
104,0,0,0,3,1,1,0,0,0.1346153846153846,0,3,7,0,44,2,0,5.232321420723766,0,1,https://www.dropbox.com/scl/fi/o01x134kryncqb3dkzq75/BT-HOME.papert?rlkey=g0xiknnxjja4236kbioiryofo&dl=0
32,0,0,0,3,1,1,0,0,0.0,0,0,9,0,4,0,0,4.007048827786958,0,0,https://www.theiconic.com.au/faq
27,0,0,0,2,1,1,0,0,0.0,0,0,3,0,1,0,0,3.9265716511782727,0,1,https://rivapp-log.web.app/
30,0,0,0,2,1,1,0,0,0.2,0,0,10,0,1,0,0,4.389898095464288,0,1,https://864889.lundivjcxk.pro/
32,0,0,0,2,1,1,0,0,0.0,0,0,4,0,8,0,0,3.855337797403416,0,0,https://support.imdb.com/contact
26,0,0,0,2,1,1,0,0,0.0,0,0,3,0,6,0,0,3.997952698660692,0,0,https://blog.dnv.com/about
31,0,0,0,2,1,1,0,0,0.0,0,0,7,0,8,0,0,3.7080933915774983,0,0,https://www.zemanta.com/contact
38,0,0,0,1,0,1,0,0,0.0,0,0,7,0,20,0,0,4.163209593736385,0,0,https://litboom.ru/category/news/today
21,0,0,1,2,1,1,0,0,0.0,0,0,6,0,0,0,0,3.463280517810811,0,0,https://en.nr-ops.net
18,0,0,0,2,0,1,0,0,0.0,0,0,3,0,0,0,0,3.614369445886757,0,0,https://nha.gov.in
51,0,0,0,3,2,1,0,0,0.058823529411764705,0,0,5,0,22,0,0,4.593610635919458,0,1,https://new.express.adobe.com/webpage/0KdNY9ZsXkvh6
24,0,0,0,2,1,1,0,0,0.0,0,0,9,0,0,0,0,4.001629167387823,0,0,https://en.kurashiru.com
37,0,0,0,1,0,1,0,0,0.0,0,0,2,0,24,0,0,4.042932839717324,0,0,https://nu.nl/docs/forms/d/e/viewform
49,0,0,0,2,1,0,0,0,0.04081632653061224,0,0,5,0,1,0,0,4.517272343894446,0,1,http://sp12ct-kersik-biz-fondar-lomvek.pages.dev/
27,0,0,0,2,0,0,0,0,0.07407407407407407,0,0,8,0,8,0,0,3.782122224145305,0,1,http://qxr33qxr.com/am.html
35,0,0,0,1,0,1,0,0,0.0,0,0,8,0,16,0,0,4.128724445269142,0,0,https://firstvds.ru/in/profile-name
52,0,0,1,2,1,1,0,0,0.11538461538461539,0,0,7,0,30,0,0,4.444974092849856,0,0,https://en.gcd-dns.com/article/2026/05/global-update
90,0,0,0,2,0,1,0,0,0.13333333333333333,0,0,4,0,75,0,0,4.8110265030276205,0,1,https://ipfs.io/ipfs/bafybeie2k3m3cqix7bq35xqkd4juhqoemmqc2r7pm4wztkjpwma4d6hldi/index.htm
48,0,0,0,2,1,1,0,0,0.10416666666666667,0,0,5,0,1,0,0,4.746115365169272,0,1,https://norzani-gld-belquza-a1x2fw653.pages.dev/
45,0,0,0,2,1,1,0,0,0.044444444444444446,0,0,6,0,1,0,0,4.1554316410537275,0,1,https://unusualaccountrestricted90.github.io/
49,0,0,0,2,1,1,0,0,0.0,0,0,9,0,20,0,0,4.023400283889962,0,0,https://support.runsignup.com/conditions/diabetes
26,0,0,1,1,0,1,0,0,0.11538461538461539,0,0,8,0,7,0,0,4.180832987205441,0,1,https://qr-codes.io/KP27o9
20,0,0,0,2,1,1,0,0,0.0,0,0,4,0,0,0,0,3.784183719779189,0,0,https://blog.ravm.tv
38,0,0,0,2,1,1,0,0,0.0,0,0,11,0,1,0,0,4.083067973799101,0,1,https://ttuhichqhbnmb.firebaseapp.com/
48,0,0,1,2,1,1,0,0,0.020833333333333332,0,0,13,0,20,0,0,3.9707136787344055,0,0,https://en.amp-endpoint2.com/conditions/diabetes
193,0,0,0,2,1,1,0,0,0.11917098445595854,0,7,6,0,1,4,0,5.5159565830033035,0,1,https://promericaweb-iota.vercel.app/?gad_source=1&amp;gad_campaignid=22814035585&amp;gbraid=0AAAABAdl_B9kGqE5mZ0Of2b7_aOa2dMoe&amp;gclid=EAIaIQobChMIqr6v3-_QjgMVQZ9aBR1QNSTgEAAYASAAEgLSpPD_BwE
26,0,0,0,1,0,1,0,0,0.0,0,0,9,0,5,0,0,3.609496334425697,0,0,https://mrktmtrcs.net/help
21,0,0,0,1,0,1,0,0,0.0,0,0,4,0,5,0,0,3.7489948035250964,0,0,https://ning.com/news
42,0,0,0,2,1,1,0,0,0.07142857142857142,0,0,12,0,14,0,0,4.374343910822487,0,0,https://blog.wetteronline.de/dp/B08N5WRWNW
39,0,0,0,2,1,1,0,0,0.0,0,0,6,0,13,0,0,3.9620781041330995,0,0,https://support.paypal.com/r/technology
23,0,0,0,2,1,1,0,0,0.0,0,0,3,0,7,0,0,3.762267390651494,0,1,https://l.ead.me/bgbbUd
44,0,0,0,2,1,1,0,0,0.0,0,0,8,0,20,0,0,4.027169118440618,0,0,https://www.onedrive.com/conditions/diabetes
41,0,0,0,2,1,1,0,0,0.0,0,0,6,0,1,0,0,3.7777739574676694,0,1,https://djhjdcdhscbchdchjbhjh.weebly.com/
50,0,0,0,1,0,1,0,0,0.0,0,0,17,0,21,0,0,4.290881379939833,0,0,https://greylabeldelivery.com/terms-and-conditions
44,0,0,0,2,1,1,0,0,0.11363636363636363,0,0,7,0,20,0,0,4.325924732707134,0,0,https://docs.haproxy.org/products/item/10293
46,0,0,0,2,1,1,0,0,0.0,0,0,10,0,20,0,0,4.159886826639609,0,0,https://www.urldefense.com/category/news/today
39,0,0,0,1,0,1,0,0,0.0,0,0,8,0,20,0,0,4.077212078381127,0,0,https://loudecho.ai/category/news/today
37,0,0,0,2,1,1,0,0,0.02702702702702703,0,0,6,0,13,0,0,4.357837824971465,0,1,https://forms.office.com/r/XRMQ3jFMwz
38,0,0,0,1,0,1,0,0,0.13157894736842105,0,0,6,0,20,0,0,4.198603750787606,0,0,https://acorns.com/products/item/10293
22,0,0,0,1,0,1,0,0,0.09090909090909091,0,0,4,0,7,0,0,3.936260027531527,0,1,https://qrco.de/bgc73t
38,0,0,0,1,0,1,0,0,0.0,0,0,6,0,21,0,0,3.948346513831634,0,0,https://amazon.in/terms-and-conditions
190,0,0,0,3,1,1,0,0,0.10526315789473684,0,7,6,0,108,4,0,5.435932535980371,0,1,https://docs.google.com/presentation/d/e/2PACX-1vSAbOl9xnCQ7CzcPXCk80khhIrrj7DgoL4y-ljQSb0tPsp6AcC-0Q9E2sCrhTbrIr1gxcft5b_ECvn5/pub?start=false&amp;loop=false&amp;delayms=3000&amp;slide=id.p
38,0,0,0,1,0,1,0,0,0.0,0,0,6,0,20,0,0,3.827554659468925,0,0,https://enacdn.net/category/news/today
56,0,0,0,2,1,1,0,0,0.0,0,1,7,0,7,1,0,4.361038520991694,0,0,https://blog.umingle.com/search?q=cybersecurity+research
83,0,0,0,3,2,1,0,0,0.18072289156626506,0,0,4,0,1,0,0,4.847712250979354,0,1,https://bafkreif77enq33y6kdlw5mmbds2l2rd3gm3ii76kq4kuhyjaww5forx6mq.ipfs.dweb.link/
37,0,0,0,2,1,1,0,0,0.0,0,0,9,1,6,0,0,4.2629790410707376,0,1,https://appledger.wixstudio.com/learn
24,0,0,0,1,0,1,0,0,0.041666666666666664,0,0,4,0,8,0,0,3.8868421881310113,0,1,https://hotm.art/Y3ilzan
53,0,0,0,3,2,0,0,0,0.4528301886792453,0,0,7,0,1,0,0,4.524629180774193,0,1,http://52f1897b.5648702dd4d5255cab645104.workers.dev/
48,0,0,0,2,1,1,0,0,0.10416666666666667,0,0,11,0,20,0,0,4.239059189593494,0,0,https://blog.getcomposer.org/products/item/10293
28,0,0,0,2,1,1,0,0,0.03571428571428571,0,0,11,0,0,0,0,4.066108939837481,0,0,https://blog.desikahani2.net
33,0,0,0,1,0,1,0,0,0.0,0,0,2,0,20,0,0,3.919563347274704,0,0,https://wa.me/category/news/today
33,0,0,0,2,1,1,0,0,0.0,0,0,6,0,9,0,0,3.942438726128142,0,1,https://brt.zclexs.click/track-it
54,0,0,0,3,1,1,0,0,0.0,0,1,3,0,7,1,0,4.364265577537527,0,0,https://blog.hmv.co.jp/search?q=cybersecurity+research
35,0,0,0,1,0,1,0,0,0.11428571428571428,0,0,4,0,18,0,0,4.218588646061331,0,1,https://onne.link/activitysetup2891
22,0,0,0,1,0,1,0,1,0.045454545454545456,0,0,3,0,8,0,0,4.027169118440618,0,1,https://bit.ly/4cPNKeQ
45,0,0,0,2,1,1,0,0,0.1111111111111111,0,0,9,0,20,0,0,4.366759974483215,0,0,https://www.mediavine.com/products/item/10293
37,0,0,0,2,1,1,0,0,0.0,0,0,5,0,16,0,0,4.195675662809303,0,0,https://docs.kurir.rs/in/profile-name
50,0,0,0,2,1,1,0,0,0.0,0,1,2,0,7,1,0,4.153786320494366,0,0,https://www.ea.com/search?q=cybersecurity+research
52,0,0,0,1,0,1,0,0,0.0,0,1,9,0,7,1,0,4.195846815111717,0,0,https://decathlon.pl/search?q=cybersecurity+research
17,0,0,0,2,0,1,0,0,0.0,0,0,3,0,0,0,0,3.4992275471326924,0,0,https://cam.ac.uk
52,0,0,0,2,1,1,0,0,0.0,0,0,9,0,24,0,0,4.1302188632487224,0,0,https://support.epicentrk.ua/docs/forms/d/e/viewform
28,0,0,0,2,1,1,0,0,0.0,0,0,7,0,0,0,0,3.8693312611115185,0,0,https://support.huyamba.name
32,0,0,0,2,1,1,0,0,0.09375,0,0,3,0,14,0,0,4.288909765557392,0,0,https://en.dji.com/dp/B08N5WRWNW
21,0,0,0,2,0,1,0,0,0.0,0,0,7,0,0,0,0,3.8208888513501886,0,0,https://biglobe.ne.jp
24,0,0,0,1,0,1,0,0,0.0,0,0,7,0,5,0,0,3.7406015629507223,0,0,https://skyrock.net/news
20,0,0,0,1,0,1,0,0,0.0,0,0,4,0,5,0,0,3.684183719779189,0,0,https://flic.kr/help
62,0,0,0,3,1,1,0,0,0.3709677419354839,0,0,2,0,11,0,0,4.726148479944655,0,1,https://pub-b4f19f47bf054b6589fb36a7a9659885.r2.dev/index.html
51,0,0,0,3,2,1,0,0,0.0196078431372549,0,0,5,0,22,0,0,4.549205488733372,0,1,https://new.express.adobe.com/webpage/HVhoMwGqlTd2K
37,0,0,0,2,1,0,0,0,0.0,0,0,6,0,0,0,0,4.175273297885966,0,1,http://webpage-terzr-io-cdn.framer.ai
36,0,0,0,2,1,1,1,0,0.16666666666666666,0,0,8,0,0,0,0,4.294653473544342,0,1,https://allegrolokalnie.632354fr.top
34,0,0,0,1,0,1,0,0,0.0,0,0,7,0,15,0,0,3.9986525468781666,0,0,https://semprot.com/privacy-policy
54,0,0,0,2,1,1,0,0,0.0,0,1,5,0,7,1,0,4.1900079935705445,0,0,https://docs.avcdn.net/search?q=cybersecurity+research
35,0,0,0,2,1,1,0,0,0.0,0,0,11,0,1,0,0,4.185867302411999,0,1,https://csvhwubije.firebaseapp.com/
45,0,0,0,2,1,1,0,0,0.13333333333333333,0,0,10,0,1,0,0,4.296865596089289,0,1,https://fedtel-webmail-101017.weeblysite.com/
104,0,0,0,3,1,1,0,0,0.09615384615384616,0,3,7,0,44,2,0,5.2550572666526145,0,1,https://www.dropbox.com/c/scl/fi/umh2vmj5ytbkqkkeprogz/UPDATE.paper?dl=0&rlkey=ln16m744ya2gjuqruhqiisr3i
22,0,0,0,1,0,1,0,0,0.045454545454545456,0,0,4,0,7,0,0,4.0614821867207755,0,1,https://qrco.de/bgbnv1
41,0,0,0,2,1,0,0,0,0.0975609756097561,0,0,14,0,0,0,0,4.412310846028731,0,1,http://allegrolokalnie.rezerwacja7268.sbs
25,0,0,0,2,1,1,0,0,0.04,0,0,2,0,5,0,0,3.863465189601647,0,0,https://www.k2.cloud/help
46,0,0,0,3,1,1,0,0,0.0,0,1,2,0,2,1,1,4.303149662852282,0,1,https://l.wl.co/l?u=https://qr-codes.io/tPukbV
24,0,0,0,2,1,1,0,0,0.0,0,0,7,0,0,0,0,3.8868421881310113,0,0,https://docs.trellix.com
43,0,0,0,1,0,1,0,0,0.0,0,0,7,0,24,0,0,3.9778769654580532,0,0,https://verizon.com/docs/forms/d/e/viewform
39,0,0,0,1,0,1,0,0,0.07692307692307693,0,0,13,0,14,0,0,4.342969205986262,0,0,https://outdooractive.com/dp/B08N5WRWNW
46,0,0,0,4,1,1,1,0,0.0,0,0,7,0,0,0,0,4.0729303049004795,0,1,https://sac-terra.paginas.site?bradesco.com.br
20,0,0,0,1,0,1,0,0,0.05,0,0,3,0,6,0,0,3.521928094887363,0,1,https://ja9.jp/smbc/
36,0,0,0,1,0,1,0,0,0.0,0,0,19,0,5,0,0,3.9885548621928453,0,0,https://mmechocaptiveportal.com/news
33,0,0,0,2,1,1,0,0,0.0,0,0,12,0,5,0,0,4.028946391954607,0,0,https://www.caranddriver.com/news
383,1,0,0,13,0,0,0,0,0.24804177545691905,0,31,11,1,21,9,1,5.552573676168481,0,1,http://43.156.7.24/v3/signin/identifier?dsh=S1661852100%3A1679886042792421&amp%3Bcontinue=https%3A%2F%2Faccounts.google.com%2F%3F&amp%3Bfollowup=https%3A%2F%2Faccounts.google.com%2F%3F&amp%3Bxrealip=107.178.232.255&ifkv=AQMjQ7SIQro7PBeMxLRra4ZqvP96UOR7vVeynILEPXsl3BSggrceUU8g9u05ojzgT86aQ5ys6r6bTQ&passive=1209600&xrealip=107.21.207.171&flowName=WebLiteSignIn&flowEntry=ServiceLogin
46,0,0,0,2,1,1,0,0,0.0,0,0,10,0,20,0,0,4.170543891762937,0,0,https://blog.perplexity.ai/category/news/today
25,0,0,0,1,0,1,0,0,0.0,0,0,7,0,6,0,0,3.6692750707107136,0,0,https://tencent.com/about
25,0,0,0,2,1,1,0,0,0.0,0,0,8,0,0,0,0,4.163856189774725,0,0,https://blog.adkernel.com
24,0,0,0,2,1,1,0,0,0.0,0,0,8,0,0,0,0,3.938721875540867,0,0,https://www.dinotube.com
45,0,0,0,2,0,1,0,0,0.0,0,0,6,0,24,0,0,4.110057330387807,0,0,https://yandex.com.tr/docs/forms/d/e/viewform
175,0,0,0,2,1,1,0,0,0.08571428571428572,0,5,6,0,108,3,0,5.507409184146993,0,1,https://docs.google.com/presentation/d/e/2PACX-1vTWF43Sebu77BHH_PjQSeEafWAGFQTlbXWl23RbXj9mXGBQ24HtivaqAeJUkohunivwTg_fVoBsWRni/pub?start=false&amp;loop=false&amp;delayms=3000
31,0,0,0,2,1,1,0,0,0.0,0,0,7,0,1,0,0,3.9937305842314768,0,1,https://vehfvwefev.ulcraft.com/
63,0,0,0,2,1,1,0,0,0.14285714285714285,0,0,6,0,1,0,0,4.622387122923865,0,1,https://auth-9e48dcbt1b-bb65-426-authorize-response.weebly.com/
83,0,0,0,3,2,1,0,0,0.13253012048192772,0,0,4,0,1,0,0,4.5627546069504,0,1,https://bafkreiddigsjkkahp4pi727pjh2sp2b47bfwsi7j6nnytl3fwiegtjeoge.ipfs.dweb.link/
33,0,0,0,2,1,1,0,0,0.0,0,0,3,0,13,0,0,4.028946391954607,0,0,https://blog.idc.com/r/technology
26,0,0,0,2,1,1,0,0,0.0,0,0,4,0,6,0,0,3.825251737288651,0,0,https://www.wbur.org/login
31,0,0,0,1,0,1,0,0,0.0,0,0,6,0,13,0,0,3.91017927888364,0,0,https://booksy.com/r/technology
26,0,0,0,2,1,1,0,0,0.0,0,0,6,0,1,0,0,4.056020968057882,0,1,https://zimwab.weebly.com/
29,0,0,0,2,1,1,0,0,0.0,0,0,8,0,5,0,0,4.021268494903765,0,0,https://docs.imgsmail.ru/home
45,0,0,0,2,1,1,0,0,0.0,0,0,6,0,24,0,0,3.9132850421150667,0,0,https://en.torrid.com/docs/forms/d/e/viewform
31,0,0,0,2,1,1,0,0,0.0,0,0,9,0,5,0,0,3.6955011488173954,0,0,https://docs.rochester.edu/help
21,0,0,1,1,0,1,0,0,0.047619047619047616,0,0,3,0,7,0,0,3.939470994001287,0,1,https://q-r.to/bfMgQ1
38,0,0,0,2,1,1,0,0,0.0,0,0,6,0,16,0,0,4.208196592277087,0,0,https://www.vrtcal.com/in/profile-name
39,0,0,0,1,0,1,0,0,0.0,0,0,7,0,20,0,0,3.90657048781565,0,0,https://typekit.com/conditions/diabetes
40,0,0,0,2,1,1,0,0,0.0,0,0,4,0,20,0,0,4.0841837197791895,0,0,https://blog.kion.ru/conditions/diabetes
32,0,0,0,2,1,1,0,0,0.0,0,0,6,0,1,0,0,3.9917292966721747,0,1,https://techcuonline.weebly.com/
30,0,0,0,1,0,1,0,0,0.0,0,0,3,0,15,0,0,4.256564762130954,0,0,https://web.nhk/privacy-policy
35,0,0,0,2,1,1,0,0,0.0,0,0,15,0,5,0,0,3.9217212310452405,0,0,https://en.victoriassecret.com/help
41,0,0,0,2,1,1,0,0,0.12195121951219512,0,0,4,0,20,0,0,4.3546394319653094,0,0,https://blog.wise.com/products/item/10293
23,0,0,0,3,1,1,0,0,0.0,0,0,4,0,0,0,0,3.708132064658601,0,0,https://www.nidw.gov.bd
33,0,0,0,2,1,1,0,0,0.0,0,0,6,0,1,0,0,4.0060710131011685,0,1,https://rackcommspace.weebly.com/
41,0,0,0,2,1,1,0,0,0.04878048780487805,0,0,5,0,16,0,0,4.259514199528965,0,0,https://support.cdn77.org/in/profile-name
37,0,0,0,1,0,1,0,0,0.0,0,0,6,0,20,0,0,3.9801575965650575,0,0,https://stocrm.ru/category/news/today
28,0,0,0,1,0,1,0,0,0.0,0,0,10,0,6,0,0,3.9232517969803373,0,0,https://getdropbox.com/about
44,0,0,0,3,1,1,0,0,0.09090909090909091,0,1,6,0,6,1,0,4.663532754804255,0,0,https://en.10jqka.com.cn/watch?v=dQw4w9WgXcQ
38,0,0,0,2,1,1,0,0,0.15789473684210525,0,0,6,0,1,0,0,4.201231789474708,0,1,https://maroon-info-774084.framer.app/
94,0,0,1,2,1,1,0,0,0.09574468085106383,0,0,13,0,65,0,0,4.6938747936145955,0,1,https://ipfs.best-practice.se/ipfs/bafybeibfr2ixxda5fskiqaotmck6us4lywuemabkhcw5kflsmwrsg7537e
66,0,0,0,3,2,1,0,0,0.06060606060606061,0,0,7,0,10,0,0,4.55040383247773,0,1,https://formulario-gestion-2026-amnhk.cr-web.workers.dev/servicios
36,0,0,0,2,1,1,0,0,0.0,0,0,9,0,6,0,0,4.2527152789797045,0,1,https://jaxx-eng.wixstudio.com/us-en
44,0,0,0,3,1,1,0,0,0.0,0,0,9,0,15,0,0,4.172404562203418,0,0,https://blog.liverpool.com.mx/privacy-policy
32,0,0,0,1,0,1,0,0,0.0,0,0,5,0,15,0,0,4.069548827786958,0,0,https://yango.com/privacy-policy
39,0,0,0,2,1,1,0,0,0.07692307692307693,0,0,8,0,14,0,0,4.4261772187513015,0,0,https://blog.mackolik.com/dp/B08N5WRWNW
30,0,0,0,2,1,1,0,0,0.0,0,0,6,0,1,0,0,4.031401845392172,0,1,https://magalu-com.vercel.app/
426,0,0,0,8,5,1,0,0,0.1596244131455399,0,0,10,0,17,0,0,5.8637700269073125,0,1,https://mijn.overheid.nl.berichtenbox.l1tjxkgmdqghekubdurkea68msnzfea6kx1u2q2s9pwpvurkzexb.luizmatoso.com.br/berichtenbox.php?3kd0ETqog0OaVLUaHVG3UZghEgI7rd96HY3hR6LG5smO9zLiQEQWwOzaQNl3Smff728UYnxGvsypmqQrEOr2XN0ObBNn967lPNSJ82kuGZ1d7bZf6DbAd7GAEWqjlcIizjP3Vz21qXJiNH4ZODK9XBsRHwdfDr2crZlTK83iS4jAtyULEOV4bO57OpUaxzWx5y7KvUTi1rbFEloT1YXuJWrtleiDwn7zrf9ros59LPQ6gXLMRrLW4NCB4B2NPlK0n4003Tr0aYGgLrfQrneulrSgZV9wjWe7KUbIoclv7T4V
22,0,0,0,1,0,1,0,0,0.0,0,0,4,0,7,0,0,4.0614821867207755,0,1,https://qrco.de/bgbOaf
41,0,0,0,2,1,1,0,0,0.0,0,0,8,0,16,0,0,4.101216028902793,0,0,https://docs.nordpass.com/in/profile-name
59,0,0,0,2,1,1,0,0,0.05084745762711865,0,0,7,0,30,0,0,4.890620591514709,0,1,https://share-eu1.hsforms.com/2OpQbsxsPSdKDjLgguPEbnQ2eyiag
45,0,0,0,2,1,1,0,0,0.0,0,0,6,0,21,0,0,4.007542262563648,0,1,https://zamknj.xagnnx.cn/gpajp/accunt/lginox/
36,0,0,1,2,1,1,0,0,0.0,0,0,6,0,15,0,0,4.17619062614183,0,0,https://www.r-line.ru/privacy-policy
62,0,0,0,2,1,1,0,0,0.0,0,1,13,0,7,1,0,4.123135222720255,0,0,https://docs.servidoresdns.net/search?q=cybersecurity+research
27,0,0,0,2,1,1,0,0,0.0,0,0,6,0,1,0,0,4.134336113194451,0,1,https://apgfcuy.weebly.com/
36,0,0,0,2,1,1,0,0,0.08333333333333333,0,0,3,0,14,0,0,4.18354236243323,0,0,https://support.nzz.ch/dp/B08N5WRWNW
32,0,0,0,1,0,1,0,0,0.0,0,0,12,0,8,0,0,3.8164280318460246,0,0,https://parentsquare.com/contact
23,0,0,0,2,1,1,0,0,0.0,0,0,3,0,7,0,0,3.936180434129755,0,1,https://l.ead.me/bfTctG
28,0,0,0,1,0,1,0,1,0.07142857142857142,0,0,7,0,9,0,0,4.253434386188785,0,1,https://tinyurl.com/4zvd4nks
34,0,0,0,2,1,1,0,0,0.08823529411764706,0,0,5,0,14,0,0,4.219528282299547,0,0,https://en.imgix.net/dp/B08N5WRWNW
38,0,0,0,2,1,1,0,0,0.0,0,0,6,0,1,0,0,3.8983429735713675,0,1,https://casas-bahia-leilao.vercel.app/
39,0,0,0,2,1,1,0,0,0.0,0,0,8,0,15,0,0,4.111698692943855,0,0,https://www.dicrotin.com/privacy-policy
26,0,0,0,2,1,1,0,0,0.0,0,0,10,0,0,0,0,3.7192945256669794,0,0,https://www.intermedia.net
37,0,0,0,2,1,1,0,0,0.0,0,0,6,0,1,0,0,4.080414513985239,0,1,https://comcastmailserver.weebly.com/
43,0,0,0,3,1,1,0,0,0.0,0,0,3,0,20,0,0,4.097906255195964,0,0,https://blog.www.gov.br/category/news/today
29,0,0,0,2,1,1,0,0,0.13793103448275862,0,0,6,0,5,0,0,4.021268494903765,0,1,https://login.hc3878.com/home
44,0,0,1,2,1,1,0,0,0.0,0,0,14,0,15,0,0,4.174674231978642,0,0,https://en.metal-archives.com/privacy-policy
38,0,0,2,2,1,0,0,0,0.10526315789473684,0,0,10,0,0,0,0,4.218469211370855,0,1,http://allegrolokalnie.pl-id-2383.shop
38,0,0,0,3,0,1,0,0,0.0,0,0,10,0,14,0,0,4.093340592892869,0,1,https://updatedate.my.id/login_no.html
28,0,0,0,1,0,1,0,0,0.0,0,0,8,0,8,0,0,3.896291529045928,0,0,https://mangadex.org/contact
45,0,0,0,2,0,1,0,0,0.0,0,0,9,0,21,0,0,4.083318029990694,0,0,https://cnnbrasil.com.br/terms-and-conditions
43,0,0,0,1,0,1,0,0,0.0,0,0,10,0,21,0,0,4.045239685277583,0,0,https://boursorama.com/terms-and-conditions
50,0,0,0,2,1,1,0,0,0.0,0,1,2,0,7,1,0,4.286886761135438,0,0,https://www.vk.com/search?q=cybersecurity+research
36,0,0,0,2,1,1,0,0,0.0,0,0,13,0,6,0,0,4.096891932467571,0,0,https://blog.powerplatform.com/login
30,0,0,0,2,1,1,0,0,0.0,0,0,8,0,5,0,0,3.872905595320056,0,0,https://docs.niconsul.com/help
28,0,0,2,1,0,1,0,0,0.03571428571428571,0,0,11,0,5,0,0,3.6375375112660517,0,0,https://t-s1-msedge.net/news
38,0,0,0,3,1,1,0,0,0.10526315789473684,0,0,8,0,12,0,0,4.106241250673739,0,1,https://maude.serv7231.pro/captcha.php
30,0,0,0,2,1,1,0,0,0.0,0,0,5,0,1,0,0,3.7898980954642876,0,1,https://mataratcmis.pages.dev/
59,0,0,0,2,1,1,0,0,0.1016949152542373,0,0,12,0,30,0,0,4.433762651813299,0,0,https://blog.novelupdates.com/article/2026/05/global-update
39,0,0,0,2,1,1,0,0,0.0,0,0,11,0,1,0,0,4.221049013623096,0,1,https://ply-cfbindiana.firebaseapp.com/
54,0,0,0,2,1,1,0,0,0.018518518518518517,0,1,6,0,11,1,0,4.715277030174253,0,1,https://klelnanzeigen-deutch.hulizs.com/aZUuWerRIr?m=1
31,0,0,1,1,0,1,0,0,0.0,0,0,19,0,1,0,0,3.7324446013247066,0,1,https://store-steampowereed.ru/
27,0,0,0,2,1,1,0,0,0.07407407407407407,0,0,7,0,1,0,0,3.81008102052173,0,1,https://eswj91.webwave.dev/
33,0,0,0,2,1,1,0,0,0.0,0,0,10,0,8,0,0,3.9683403313485464,0,0,https://en.browsiprod.com/contact
32,0,0,0,2,1,1,0,0,0.0,0,0,11,0,4,0,0,4.179229296672175,0,0,https://docs.mercurynews.com/faq
37,0,0,0,2,1,1,0,0,0.0,0,0,11,0,1,0,0,4.077715447225512,0,1,https://denewpolstle.firebaseapp.com/
47,0,0,0,2,1,1,0,0,0.0,0,0,6,0,1,0,0,4.3062689694849325,0,1,https://att-myaccount-directlog.framer.website/
28,0,0,0,2,1,1,0,0,0.0,0,0,3,0,1,0,0,3.8693312611115185,0,1,https://nyagwasergj.web.app/
22,0,0,0,1,0,1,0,0,0.0,0,0,4,0,7,0,0,3.936260027531527,0,1,https://qrco.de/bgcAcn
27,0,0,0,2,1,1,0,0,0.037037037037037035,0,0,3,0,1,0,0,3.7541634277688805,0,1,https://bravera-t1.web.app/
52,0,0,0,1,0,1,0,0,0.11538461538461539,0,0,10,0,30,0,0,4.4116022179746714,0,0,https://crunchbase.com/article/2026/05/global-update
46,0,0,0,1,0,1,0,0,0.0,0,1,3,0,7,1,0,3.9304269013799633,0,0,https://rpp.pe/search?q=cybersecurity+research
37,0,0,0,2,1,1,0,0,0.0,0,0,7,0,13,0,0,3.979459446593087,0,0,https://blog.iponweb.net/r/technology
57,0,0,0,3,1,1,0,0,0.10526315789473684,0,0,4,0,30,0,0,4.413699610838758,0,0,https://support.inss.gov.br/article/2026/05/global-update
39,0,0,0,2,1,1,0,0,0.0,0,0,4,0,20,0,0,3.9259265776147134,0,0,https://www.mona.co/conditions/diabetes
21,0,0,0,1,0,1,0,0,0.0,0,0,4,0,6,0,0,3.7849418274376427,0,0,https://cuni.cz/login
39,0,0,0,1,0,1,0,0,0.07692307692307693,0,0,13,0,14,0,0,4.37489516746925,0,0,https://transfermarkt.com/dp/B08N5WRWNW
101,0,0,0,2,1,1,0,0,0.24752475247524752,0,1,8,0,58,1,0,5.317202231304031,0,1,https://api.telegram.org/bot0000000000:REDACTED_TELEGRAM_BOT_TOKEN_SAMPLE/getChat?chat_id=7714825993
29,0,0,0,2,1,1,0,0,0.0,0,0,4,0,5,0,0,3.6764409086968683,0,0,https://support.citi.com/home
39,0,0,0,2,1,1,1,0,0.07692307692307693,0,0,6,0,7,0,0,4.50938523151634,0,1,https://sbmbcxemfmki.6ec7ri.info/3yoYau
36,0,0,0,1,0,1,0,0,0.0,0,0,3,0,21,0,0,3.9511943630832227,0,0,https://pvp.net/terms-and-conditions
41,0,0,0,2,1,1,0,0,0.024390243902439025,0,0,5,0,20,0,0,4.159517480745797,0,0,https://blog.7mmtv.sx/conditions/diabetes
46,0,0,0,2,1,1,0,0,0.15217391304347827,0,0,5,0,1,0,0,4.7516103255281665,0,1,https://cy7l8-0rgf-u6fmh5-x1e-xjy2i.pages.dev/
25,0,0,0,2,1,1,0,0,0.0,0,0,4,0,4,0,0,3.863465189601647,0,0,https://docs.ajio.com/faq
33,0,0,0,2,1,1,0,0,0.0,0,0,9,0,8,0,0,3.763646770676926,0,0,https://www.mailchimp.com/contact
31,0,0,1,2,1,1,0,0,0.0,0,0,8,0,4,0,0,4.018081793978686,0,0,https://support.xbox-dns.ru/faq
25,0,0,0,1,0,1,0,0,0.16,0,0,4,0,10,0,0,4.133660689688186,0,1,https://hubs.ly/Q03v7Bgk0
29,0,0,0,2,1,1,0,0,0.0,0,0,6,0,1,0,0,4.142295219190901,0,1,https://ipbalunos.weebly.com/
29,0,0,0,1,0,1,0,0,0.0,0,0,12,0,5,0,0,3.8833374604210062,0,0,https://ojogodobicho.com/news
41,0,0,0,2,0,1,0,0,0.12195121951219512,0,0,6,0,20,0,0,4.287447053863762,0,0,https://igrsup.gov.in/products/item/10293
83,0,0,0,3,2,1,0,0,0.1686746987951807,0,0,4,0,1,0,0,4.8081103657046205,0,1,https://bafkreic7572lnt6fesu67iooaoubzt4ydqeeg3lfekigs5mxlimi6lq574.ipfs.dweb.link/
22,0,0,0,1,0,1,0,0,0.0,0,0,9,0,1,0,0,3.720128777433188,0,1,https://mhcbsdfgs.art/
29,0,0,0,2,1,1,0,0,0.0,0,0,5,0,8,0,0,3.6243797016511117,0,0,https://docs.otter.ai/contact
21,0,0,1,1,0,1,0,0,0.047619047619047616,0,0,3,0,7,0,0,3.939470994001287,0,1,https://q-r.to/bfSIL7
28,0,0,0,2,1,1,0,0,0.0,0,0,5,0,6,0,0,4.182005814760214,0,0,https://docs.zebra.com/login
29,0,0,0,2,1,1,0,0,0.0,0,0,7,0,1,0,0,3.9523029776623857,0,1,https://posta-mfa.webflow.io/
21,0,0,0,1,0,1,0,0,0.047619047619047616,0,0,5,0,5,0,0,3.939470994001287,0,1,https://bitly.cx/Ia3v
23,0,0,0,2,1,1,0,0,0.0,0,0,3,0,7,0,0,4.0559581516151235,0,1,https://l.ead.me/bfGkvJ
41,0,0,0,2,1,1,0,0,0.0,0,0,5,0,20,0,0,4.064392248309453,0,0,https://docs.klerk.ru/conditions/diabetes
31,0,0,0,2,1,1,0,0,0.0,0,0,6,0,5,0,0,3.8890495359141695,0,0,https://support.fanmtl.com/home
44,0,0,0,2,1,1,0,0,0.0,0,0,9,0,6,0,0,4.226143834398879,0,1,https://pages-bitunixcdn.wixstudio.com/en-us
36,0,0,0,2,1,1,0,0,0.0,0,0,11,0,1,0,0,4.197159723424149,0,1,https://xxinealonbd.webcindario.com/
30,0,0,0,1,0,1,0,0,0.0,0,0,11,0,7,0,0,4.2817276788697365,0,1,https://lsxmianguan.com/lgdqjr
39,0,0,0,1,0,1,0,0,0.1282051282051282,0,0,7,0,20,0,0,4.2117021424282175,0,0,https://uoregon.edu/products/item/10293
39,0,0,0,2,1,1,0,0,0.0,0,0,7,0,15,0,0,4.047846769977879,0,0,https://docs.adition.com/privacy-policy
23,0,0,0,1,0,1,0,0,0.17391304347826086,0,0,1,0,11,0,0,4.110093477608015,0,1,https://t.me/Lucky_1285
41,0,0,0,2,1,1,0,0,0.0,0,0,10,0,15,0,0,4.289882797037173,0,0,https://blog.tnpscexams.in/privacy-policy
28,0,0,1,2,0,1,0,0,0.07142857142857142,0,0,9,0,5,0,0,4.066108939837481,0,0,https://awsdns-05.co.uk/news
43,0,0,0,2,1,1,0,0,0.0,0,0,6,0,9,0,0,3.91418219636131,0,1,https://renegociabrasil.vercel.app/pressel/
35,0,0,0,2,1,1,0,0,0.0,0,0,8,0,8,0,0,3.9001530166977125,0,0,https://support.milfporn.tv/contact
26,0,0,0,1,0,1,0,0,0.0,0,0,8,0,6,0,0,3.921029621737615,0,0,https://kwaipros.com/about
38,0,0,0,2,1,1,0,0,0.0,0,0,6,0,16,0,0,4.168465671110589,0,0,https://www.nature.com/in/profile-name
21,0,0,0,1,0,0,0,0,0.0,0,0,10,0,0,0,0,3.7849418274376427,0,1,http://novalisari.sbs
35,0,0,2,1,0,1,0,0,0.0,0,0,17,0,6,0,0,4.171860873964197,0,1,https://aide-re-livraison.com/login
34,0,0,0,1,0,1,0,0,0.0,0,0,8,0,15,0,0,4.160704752887782,0,0,https://spaceweb.ru/privacy-policy
65,0,0,0,3,1,1,0,0,0.38461538461538464,0,0,2,0,14,0,0,4.729458581992951,0,1,https://pub-27aec06579c54f4193bb23484ec6a2f7.r2.dev/raffi888.html
26,0,0,0,2,1,1,0,0,0.0,0,0,10,0,0,0,0,3.825251737288651,0,0,https://www.msidentity.com
40,0,0,0,2,1,1,0,0,0.0,0,0,11,0,13,0,0,4.203055907333276,0,0,https://www.bestjavporn.com/r/technology
22,0,0,0,1,0,1,0,0,0.0,0,0,4,0,7,0,0,4.0614821867207755,0,1,https://qrco.de/bgbXWU
40,0,0,0,2,1,1,0,0,0.0,0,0,5,0,1,0,0,4.265311532225103,0,1,https://free-sign-bluemark-now.surge.sh/
22,0,0,0,1,0,1,0,0,0.09090909090909091,0,0,4,0,7,0,0,4.152391277629866,0,1,https://qrco.de/bgaH91
40,0,0,0,2,1,1,0,0,0.0,0,0,14,0,6,0,0,3.9439427079182687,0,0,https://support.samsungconsent.com/login
66,0,0,3,2,1,1,0,0,0.030303030303030304,0,0,35,0,0,0,0,4.318783279783745,0,1,https://allegro-lokalnie.pl-ogloszenie-tadeuszkaraszewski-93.click
21,0,0,0,1,0,1,0,0,0.0,0,0,9,0,0,0,0,4.011365041826379,0,0,https://snowflake.com
45,0,0,0,2,1,1,0,0,0.0,0,0,6,0,20,0,0,4.00532302989454,0,0,https://support.dyndns.tv/category/news/today
23,0,0,0,2,1,1,0,0,0.0,0,0,3,0,5,0,0,3.5013978254341027,0,0,https://www.aka.ms/news
32,0,0,0,2,1,0,0,0,0.34375,0,0,12,0,0,0,0,4.288909765557392,0,1,http://allegro.12012309h485.beer
41,0,0,1,2,1,0,0,0,0.21951219512195122,0,0,22,0,0,0,0,4.442679443536939,0,1,http://allegro.lokalna-ofeta287689147.sbs
35,0,0,0,3,1,1,0,0,0.08571428571428572,0,0,3,0,14,0,0,4.185867302411999,0,0,https://www.nii.ac.jp/dp/B08N5WRWNW
24,0,0,0,2,1,1,0,0,0.0,0,0,3,0,5,0,0,3.6053885422075336,0,0,https://www.fti.net/home
190,0,0,0,3,1,1,0,0,0.11578947368421053,0,7,6,0,108,4,0,5.4881233493096255,0,1,https://docs.google.com/presentation/d/e/2PACX-1vQ5RMp6wMbDfFMd7mjEKdDEpydApPXJM1BXtoWVS43MeYFg7o3dVZt3LFP94RMXvV2mXJlAS7Gh475n/pub?start=false&amp;loop=false&amp;delayms=3000&amp;slide=id.p
15,0,0,0,1,0,1,0,0,0.0,0,0,3,0,0,0,0,3.3735572622751855,0,0,https://iso.org
40,0,0,0,2,1,1,0,0,0.0,0,0,7,0,16,0,0,4.125070520364182,0,0,https://docs.twitter.com/in/profile-name
50,0,0,0,1,0,1,0,0,0.0,0,1,6,0,7,1,0,4.153786320494366,0,0,https://volces.com/search?q=cybersecurity+research
22,0,0,0,2,1,1,0,0,0.0,0,0,5,0,1,0,0,3.629219686524097,0,1,https://www.hebhg.com/
33,0,0,0,2,1,1,0,0,0.030303030303030304,0,0,6,0,1,0,0,4.18788919491935,0,1,https://eduauthfun-1.framer.wiki/
23,0,0,0,2,1,1,0,0,0.0,0,0,3,0,7,0,0,3.8820451081368623,0,1,https://l.ead.me/bgCakp
139,0,0,0,6,0,1,1,0,0.28776978417266186,0,6,13,0,1,3,0,5.084365305110273,0,1,https://mettlysexbonk.xyz/?secure_connect=v3^d0)&_subid=32jost4.a1.1n4ue&_token=39lpve1ej3j3f.1782576165.4.cc0e90310fe41c7a8eb6f86bc61afe2d
56,0,0,0,2,1,1,0,0,0.10714285714285714,0,0,10,0,30,0,0,4.468181378134552,0,0,https://www.tubesafari.com/article/2026/05/global-update
29,0,0,0,2,1,1,0,0,0.0,0,0,13,0,0,0,0,4.0472990984266435,0,0,https://www.menlosecurity.com
84,0,0,0,2,1,1,0,0,0.10714285714285714,0,0,6,0,61,0,0,5.179062625180725,0,1,https://docs.google.com/drawings/d/1yJ3RzAeqxjHsHYo7BbupNw4_U73AYyQd_D5UFdp67Yw/edit
37,0,0,0,2,1,1,0,0,0.0,0,0,8,0,13,0,0,4.046762824854521,0,0,https://docs.ptgaming.ph/r/technology
28,0,0,1,2,1,1,0,0,0.0,0,0,8,0,0,0,0,3.753434386188785,0,0,https://support.p-msedge.net
47,0,0,0,2,1,1,0,0,0.0,0,0,7,0,20,0,0,4.049715320758477,0,0,https://support.easebar.com/category/news/today
39,0,0,0,2,1,1,0,0,0.0,0,0,7,0,15,0,0,4.233618885307021,0,0,https://www.elbalad.news/privacy-policy
23,0,0,0,2,0,1,0,0,0.0,0,0,8,0,0,0,0,3.6753108689123635,0,0,https://correios.com.br
47,0,0,1,2,1,1,0,0,0.0,0,0,11,0,20,0,0,4.147376820030454,0,0,https://docs.serving-sys.ru/category/news/today
42,0,0,0,2,1,1,0,0,0.14285714285714285,0,0,12,0,1,0,0,4.433634982148036,0,1,https://allegrolokalnie.293zzvw38ck8.rest/
48,0,0,0,2,1,1,0,0,0.0,0,0,7,0,21,0,0,4.087581188618506,0,0,https://support.hindawi.com/terms-and-conditions
42,0,0,0,2,1,1,0,0,0.0,0,0,5,0,21,0,0,4.157214970851921,0,0,https://blog.tally.so/terms-and-conditions
104,0,0,0,2,1,1,0,0,0.3173076923076923,0,1,15,0,21,1,0,4.881144354023251,0,1,https://allegrolokalnie.pls3poqtwes11xk.sbs/oferta/lo/-477479588?id=9397149c-f6de-453e-a83a-05b6161f8c7a
30,0,0,0,2,1,1,0,0,0.0,0,0,9,0,4,0,0,3.872905595320056,0,1,https://www.dpdlocanu.shop/com
22,0,0,0,1,0,1,0,0,0.0,0,0,4,0,7,0,0,4.027169118440618,0,1,https://qrco.de/bfJHzt
53,0,0,0,1,0,1,0,0,0.11320754716981132,0,0,11,0,30,0,0,4.404543747253433,0,0,https://bidderstack.com/article/2026/05/global-update
70,0,0,0,2,1,1,0,0,0.04285714285714286,0,1,6,0,35,1,0,4.3430998958449845,0,1,https://sites.google.com/view/optusnetwebmailservice00/home?authuser=2
23,0,0,0,2,1,1,0,0,0.0,0,0,3,0,7,0,0,4.0559581516151235,0,1,https://l.ead.me/bfQoCS
131,0,0,0,2,1,1,0,0,0.08396946564885496,0,0,6,0,108,0,0,5.571095616402808,0,1,https://docs.google.com/presentation/d/e/2PACX-1vTKoc2is8gS62FLqhwXmSNMkOFnfsHzQThcDQymo1yiGnsaa4OkrLNycWRbupcU4lB_ioZ_i3E3jlHj/pub
41,0,0,0,2,1,1,0,0,0.0,0,0,9,0,9,0,0,4.326706577630513,0,1,https://nav-monpay.wixstudio.com/en-login
26,0,0,0,2,1,1,0,0,0.0,0,0,6,0,4,0,0,3.95006375643621,0,0,https://docs.kolesa.kz/faq
36,0,0,0,2,1,1,0,0,0.0,0,0,7,0,13,0,0,3.982289237493327,0,0,https://www.wpastra.com/r/technology
48,0,0,0,2,1,1,0,0,0.0,0,0,8,0,24,0,0,4.211709439035872,0,0,https://www.queniubg.com/docs/forms/d/e/viewform
39,0,0,0,2,1,1,0,0,0.0,0,0,11,0,1,0,0,4.099128821259931,0,1,https://cqsxjcdtbdbsbt.firebaseapp.com/
38,0,0,1,1,0,1,0,0,0.05263157894736842,0,1,6,0,6,1,0,4.40913006657708,0,0,https://tnt-ea.com/watch?v=dQw4w9WgXcQ
384,0,0,0,2,1,1,0,0,0.23177083333333334,0,13,11,0,1,7,0,5.765136970783154,0,1,https://dervifinansasec.webcindario.com/?fbclid=IwdGRjcAPnOSJleHRuA2FlbQEwAGFkaWQBqy1K6xLX-XNydGMGYXBwX2lkDDM1MDY4NTUzMTcyOAABHnyoxZT_6-OY4r4U5cxrMRRWfa_IRgjQjHfi0bPGrnO-SDn64RvIZ85sVXmY_aem_a8UdmXwXgenfmB7RuSZDZg&amp;utm_medium=paid&amp;utm_source=fb&amp;utm_id=120239614845370633&amp;utm_content=120239614846080633&amp;utm_term=120239614845520633&amp;utm_campaign=120239614845370633
27,0,0,0,2,1,1,0,0,0.0,0,0,6,0,4,0,0,4.106377316818026,0,0,https://blog.dmxleo.com/faq
28,0,0,0,2,1,1,0,0,0.0,0,0,6,0,6,0,0,3.842370993177109,0,0,https://www.action.com/login
45,0,0,0,2,1,1,0,0,0.1111111111111111,0,0,9,0,20,0,0,4.197656852829064,0,0,https://www.edgesuite.net/products/item/10293
27,0,0,0,1,0,1,1,0,0.1111111111111111,0,0,15,0,0,0,0,4.032303242743952,0,1,https://dreamrunners042.top
27,0,0,1,1,0,1,0,0,0.07407407407407407,0,0,9,0,6,0,0,4.180451390892101,0,0,https://awsdns-25.com/login
43,0,0,0,2,1,1,0,0,0.13953488372093023,0,0,6,0,1,0,0,4.466166789233626,0,1,https://considerate-kiwi-419137.framer.app/
43,0,0,0,1,0,1,0,0,0.06976744186046512,0,1,7,0,9,1,0,4.518833359152008,0,1,https://scanned.page/p/3jY5UN?id=mt8YdgnKiZ
21,0,0,0,1,0,1,0,0,0.0,0,0,10,0,0,0,0,3.558518613048906,0,0,https://easytrader.ir
36,0,0,0,2,1,1,0,0,0.0,0,0,6,0,15,0,0,4.0860486123130375,0,0,https://en.dnacdn.net/privacy-policy
33,0,0,0,2,1,1,0,0,0.09090909090909091,0,0,3,0,14,0,0,4.2942460132322875,0,0,https://blog.olx.in/dp/B08N5WRWNW
47,0,0,0,2,1,1,0,0,0.0,0,0,9,0,21,0,0,4.127065789341449,0,0,https://blog.splashtop.com/terms-and-conditions
24,0,0,0,1,0,1,0,0,0.0,0,0,8,0,4,0,0,3.4906015629507223,0,0,https://whatsapp.net/faq
36,0,0,0,2,1,1,0,0,0.0,0,0,6,0,5,0,0,4.030493056757482,0,1,https://logntrezor.framer.media/home
33,0,0,0,1,0,1,0,0,0.09090909090909091,0,0,7,0,14,0,0,4.2942460132322875,0,0,https://clemson.edu/dp/B08N5WRWNW
36,0,0,1,2,1,1,0,0,0.027777777777777776,0,0,13,0,6,0,0,4.141604167868593,0,0,https://blog.amp-endpoint3.com/login
47,0,0,0,2,1,1,0,0,0.0,0,0,9,0,24,0,0,4.043193906153012,0,0,https://en.masteredu.ai/docs/forms/d/e/viewform
26,0,0,0,2,1,1,0,0,0.0,0,0,9,0,0,0,0,3.8441065448145384,0,0,https://blog.atlassian.com
36,0,0,0,2,1,1,0,0,0.0,0,0,14,0,1,0,0,3.9403510429286897,0,1,https://scashtag.pythonanywhere.com/
20,0,0,0,1,0,1,0,0,0.0,0,0,8,0,0,0,0,3.784183719779189,0,0,https://morlento.vip
36,0,0,0,1,0,1,0,0,0.05555555555555555,0,1,5,0,6,1,0,4.419381945646371,0,0,https://rezka.ag/watch?v=dQw4w9WgXcQ
22,0,0,0,1,0,1,0,1,0.09090909090909091,0,0,3,0,8,0,0,3.788754913993503,0,1,https://bit.ly/3ztSE2h
44,0,0,0,2,1,0,0,0,0.29545454545454547,0,0,17,0,0,0,0,4.606936732175321,0,1,http://allegrolokalne.aui74391230857j54.shop
29,0,0,0,2,1,1,0,0,0.0,0,0,7,0,5,0,0,4.0472990984266435,0,0,https://docs.vivaldi.com/news
32,0,0,0,2,1,1,0,0,0.0,0,0,11,0,5,0,0,3.965018266288633,0,0,https://www.newrepublic.com/news
53,0,0,0,2,1,1,0,0,0.1509433962264151,0,0,7,0,30,0,0,4.470765917146394,0,0,https://www.holoo13.com/article/2026/05/global-update
24,0,0,0,2,1,1,0,0,0.0,0,0,4,0,0,0,0,3.4072682296173893,0,0,https://support.plos.org
41,0,0,0,1,0,1,0,0,0.0,0,0,9,0,20,0,0,4.092325102644249,0,0,https://yangkeduo.com/category/news/today
196,0,0,0,3,1,1,0,0,0.10714285714285714,0,10,6,0,108,4,0,5.5899659392401615,0,1,https://docs.google.com/presentation/d/e/2PACX-1vSbzx_-G6NM9PvAnaXR-G_STx-EQ6mcoAa9CJ4VeD6_G4YAQzTBbUM7fBKK31Cev8ZtGipLO8tzTsPt/pub?start=false&amp%3Bloop=false&amp%3Bdelayms=3000&amp%3Bslide=id.p
29,0,0,1,2,1,1,0,0,0.0,0,0,7,0,5,0,0,4.1852301329094015,0,0,https://blog.ks-live.com/news
83,0,0,0,3,2,1,0,0,0.12048192771084337,0,0,4,0,1,0,0,4.859803065167913,0,1,https://bafkreibjl6udcl3rlxeu72gjcqcchsvzcqij2qtq4tv2x4cb4nb6cqiomy.ipfs.dweb.link/
27,0,0,0,1,0,1,0,0,0.1111111111111111,0,0,3,0,13,0,0,4.282484261342599,0,1,https://zpr.io/CE3hjSY63ZHf
77,0,0,0,2,1,1,0,0,0.06493506493506493,0,0,13,0,41,0,0,4.852916132375185,0,1,https://rbfcu-star.azurewebsites.net/(S(5120jku0ebygkpkgczffoyuh))/Main/Login
26,0,0,0,2,1,1,0,0,0.0,0,0,6,0,0,0,0,3.95006375643621,0,0,https://support.cygwin.com
36,0,0,0,2,1,1,0,0,0.0,0,0,4,0,16,0,0,4.162573265150912,0,0,https://www.make.com/in/profile-name
24,0,0,0,2,0,1,0,0,0.0,0,0,9,0,0,0,0,3.6053885422075336,0,0,https://conectate.com.do
46,0,0,0,2,1,1,0,0,0.0,0,0,6,0,1,0,0,4.162057815120259,0,1,https://mountaincreditunioninlogin.weebly.com/
34,0,0,0,1,0,1,0,0,0.0,0,0,16,0,6,0,0,3.9957153271690524,0,0,https://beyondtrustcloud.com/about
27,0,0,0,2,1,1,0,0,0.1111111111111111,0,0,11,0,0,0,0,3.9121138909722286,0,1,https://ww2.cliente30hr.net
30,0,0,0,2,1,1,0,0,0.0,0,0,8,0,5,0,0,3.8980685120588388,0,0,https://docs.takealot.com/news
31,0,0,0,2,1,1,1,0,0.0967741935483871,0,0,6,0,1,0,0,3.937751955408587,0,1,https://atbells576.square.site/
47,0,0,0,2,1,1,0,0,0.0,0,0,9,0,7,0,0,4.1711941706424485,0,1,https://info-swaphyper-com.teachable.com/p/home
42,0,0,0,2,1,1,0,0,0.047619047619047616,0,1,6,0,6,1,0,4.33209539866017,0,0,https://www.nasdaq.com/watch?v=dQw4w9WgXcQ
29,0,0,0,1,0,1,0,0,0.0,0,0,9,0,8,0,0,3.991794254480546,0,0,https://buildkite.com/contact
51,0,0,0,2,1,1,0,0,0.0,0,0,11,0,1,0,0,4.032706657551097,0,1,https://wiercommercialconstruction.myportfolio.com/
22,0,0,0,1,0,1,0,0,0.045454545454545456,0,0,4,0,7,0,0,4.0614821867207755,0,1,https://qrco.de/bga4Id
17,0,0,0,1,0,1,0,0,0.0,0,0,5,0,0,0,0,3.616874605956222,0,0,https://nexon.com
35,0,0,0,2,1,1,0,0,0.0,0,0,2,0,13,0,0,3.8861465882499107,0,0,https://support.hm.com/r/technology
26,0,0,0,2,1,1,0,0,0.0,0,0,6,0,5,0,0,3.7192945256669794,0,0,https://www.zbporn.tv/news
32,0,0,0,2,1,1,0,0,0.0,0,0,12,0,5,0,0,4.077819531114783,0,0,https://en.stradivarius.com/news
62,0,0,0,3,1,1,0,0,0.3548387096774194,0,0,2,0,11,0,0,4.767924132618574,0,1,https://pub-f7dd5d24f0964a3d84ba98789e7112c9.r2.dev/index.html
39,0,0,0,2,1,1,0,0,0.0,0,0,2,0,21,0,0,4.111698692943855,0,0,https://www.gr.com/terms-and-conditions
35,0,0,0,2,1,1,0,0,0.37142857142857144,0,0,14,0,1,0,0,4.221441945207328,0,1,https://allegro.384758934h0341.lat/
44,0,0,0,2,1,1,0,0,0.0,0,0,7,0,20,0,0,4.027169118440618,0,0,https://docs.yealink.com/conditions/diabetes
37,0,0,0,2,1,1,0,0,0.0,0,0,8,0,13,0,0,4.134468568039292,0,0,https://docs.mainichi.jp/r/technology
131,0,0,0,2,1,1,0,0,0.11450381679389313,0,0,6,0,108,0,0,5.53719251823177,0,1,https://docs.google.com/presentation/d/e/2PACX-1vTc92I49fieL_mDfZenf2KUrCapM2Z6quNz12LLftM-X_n8u5MbTVMSjLse6wvOzynXcumZRHS0dQdE/pub
51,0,0,0,2,1,1,0,0,0.058823529411764705,0,0,5,0,1,0,0,4.500377547641743,0,1,https://sp11ct-melsar-biz8-ronvek-ladrix.pages.dev/
27,0,0,0,1,0,1,0,0,0.0,0,0,8,0,7,0,0,3.782122224145305,0,1,https://hipolink.net/jjdjsd
25,0,0,0,2,1,1,0,0,0.0,0,0,8,0,0,0,0,3.863465189601647,0,0,https://docs.snaptube.com
42,0,0,0,2,1,1,0,0,0.11904761904761904,0,0,6,0,20,0,0,4.157214970851921,0,0,https://docs.google.tt/products/item/10293
45,0,0,0,2,1,1,0,0,0.0,0,0,5,0,20,0,0,4.12554324176603,0,0,https://support.kwcdn.com/category/news/today
43,0,0,1,2,1,0,0,0,0.23255813953488372,0,0,23,0,0,0,0,4.338941789535506,0,1,http://allegro.lokalna-ofera9123491297.shop
22,0,0,0,1,0,1,0,0,0.0,0,0,5,0,5,0,0,3.6978458230844122,0,0,https://avtub.net/home
29,0,0,0,2,1,0,0,0,0.2413793103448276,0,0,8,0,1,0,0,4.142295219190901,0,1,http://allegro.340549j5.shop/
21,0,0,1,1,0,1,0,0,0.0,0,0,3,0,7,0,0,3.939470994001287,0,1,https://q-r.to/bfJPdB
24,0,0,0,2,1,1,0,0,0.0,0,0,6,0,1,0,0,3.8553885422075336,0,1,https://miin.vercel.app/
31,0,0,0,2,1,1,0,0,0.0,0,0,10,0,6,0,0,4.042433003725894,0,0,https://en.buydomains.com/about
23,0,0,0,2,1,1,0,0,0.0,0,0,3,0,7,0,0,3.9690016298759927,0,1,https://l.ead.me/bgZsHY
33,0,0,0,2,1,1,0,0,0.0,0,0,5,0,8,0,0,3.8738125895678266,0,0,https://support.adgrx.com/contact
43,0,0,0,2,1,1,0,0,0.023255813953488372,0,0,5,0,24,0,0,4.079377616076664,0,0,https://en.0xrpc.io/docs/forms/d/e/viewform
45,0,0,1,4,3,0,0,0,0.0,0,0,10,0,0,0,0,4.135863096137367,0,1,http://syneoshealthlondon.co.uk.admin-mcas.ms
25,0,0,0,2,1,1,0,0,0.0,0,0,9,0,0,0,0,3.7532696895151085,0,1,https://www.bestbeike.com
41,0,0,0,2,1,1,0,0,0.0,0,0,5,0,20,0,0,3.9883089439493613,0,0,https://www.adtng.com/conditions/diabetes
43,0,0,0,2,1,1,0,0,0.13953488372093023,0,0,6,0,20,0,0,4.161973406409068,0,0,https://docs.secb2b.com/products/item/10293
22,0,0,0,1,0,1,0,0,0.0,0,0,4,0,7,0,0,4.152391277629866,0,1,https://qrco.de/bgZmnQ
28,0,0,0,1,0,1,0,0,0.03571428571428571,0,0,8,0,8,0,0,4.297902689682947,0,1,https://vakeugde.com/5tynbei
35,0,0,0,1,0,1,0,0,0.11428571428571428,0,0,8,0,15,0,0,4.7077148025974385,0,1,https://qrunlmtd.com/i/9BQESZJ8N2K5
39,0,0,0,1,0,1,0,0,0.07692307692307693,0,0,13,0,14,0,0,4.221049013623096,0,0,https://openstreetmap.org/dp/B08N5WRWNW
19,0,0,0,1,0,1,0,0,0.15789473684210525,0,0,7,0,0,0,0,3.826874881864638,0,0,https://adda247.com
60,0,0,0,3,1,1,0,0,0.0,0,0,16,0,28,0,0,4.121345863156709,0,1,https://www.thevinylspectrum.com/sel/example@example.example
182,0,0,0,3,1,1,0,0,0.0989010989010989,0,8,6,0,108,4,0,5.752331437551023,0,1,https://docs.google.com/presentation/d/e/2PACX-1vQj_3UGRSrPQc512yXPuKVzob0y7Duqn7ne-LU8rw8kDZLY4CXuOddHTIKJfDVmrkZGbWkiJHCvw6MB/pub?start=false&loop=false&delayms=3000&slide=id.p%3E_
23,0,0,0,2,1,1,0,0,0.0,0,0,3,0,7,0,0,3.936180434129755,0,1,https://l.ead.me/bfGweC
50,0,0,0,2,1,0,0,0,0.04,0,0,5,0,1,0,0,4.4634651896016475,0,1,http://sp12ct-vomsar-biz-zelnik-prandel.pages.dev/
40,0,0,0,2,1,1,0,0,0.0,0,0,7,0,16,0,0,4.265311532225103,0,0,https://blog.addthis.com/in/profile-name
41,0,0,0,2,1,1,0,0,0.21951219512195122,0,0,10,0,1,0,0,4.405855662943599,0,1,https://allegro-lokalnie.39389g8238.cyou/
175,0,0,0,2,1,1,0,0,0.14857142857142858,0,5,6,0,108,3,0,5.553231592563197,0,1,https://docs.google.com/presentation/d/e/2PACX-1vScgMFZvCJg0X098k1_I3pK8SYZuoJaC05mmfkl2D4si-OLD65oFzLx89UaCQKqlOUJsg0X7Lb060UN/pub?start=false&amp;loop=false&amp;delayms=3000
36,0,0,0,2,1,1,0,0,0.08333333333333333,0,0,6,0,14,0,0,4.218128820706467,0,0,https://docs.napthe.vn/dp/B08N5WRWNW
22,0,0,0,1,0,1,0,0,0.045454545454545456,0,0,4,0,7,0,0,4.152391277629866,0,1,https://qrco.de/bfK6jO
25,0,0,0,1,0,1,0,0,0.0,0,0,8,0,5,0,0,3.893660689688186,0,0,https://nseindia.com/help
32,0,0,0,1,0,1,0,0,0.0,0,0,4,0,16,0,0,4.163909765557392,0,0,https://ucsf.edu/in/profile-name
25,0,0,1,2,1,1,0,0,0.0,0,0,5,0,0,0,0,3.7834651896016473,0,0,https://support.xv-ru.com
29,0,0,0,2,1,1,0,0,0.0,0,0,4,0,8,0,0,3.6040317545551486,0,0,https://docs.wolt.com/contact
35,0,0,0,2,1,1,0,0,0.0,0,0,10,0,5,0,0,4.185867302411999,0,0,https://support.vivoglobal.com/news
18,0,0,0,2,1,1,0,0,0.0,0,0,4,0,0,0,0,3.5032583347756456,0,0,https://en.epfl.ch
21,0,0,1,1,0,1,0,0,0.047619047619047616,0,0,3,0,7,0,0,3.8442328987631917,0,1,https://q-r.to/bgbu2E
53,0,0,0,3,1,1,0,0,0.0,0,0,14,0,20,0,0,4.102656954800603,0,0,https://www.madeiramadeira.com.br/category/news/today
30,0,0,0,2,1,1,0,0,0.0,0,0,7,0,8,0,0,3.7362434129830606,0,0,https://www.mitelis.cc/contact
24,0,0,0,2,1,1,0,0,0.0,0,0,6,0,1,0,0,3.970175521464345,0,1,https://uvcl.weebly.com/
53,0,0,0,2,1,1,0,0,0.11320754716981132,0,0,8,0,30,0,0,4.3718015303947615,0,0,https://en.alchemer.com/article/2026/05/global-update
190,0,0,0,3,1,1,0,0,0.09473684210526316,0,7,6,0,108,4,0,5.499197199749512,0,1,https://docs.google.com/presentation/d/e/2PACX-1vT8faNANfWEr5y_vhZGe8dG6NlUCXdTHPOcqCZAnT6asxsw5YCH5BDmogh0jmr0FXQTca-jB5AM6F2d/pub?start=false&amp;loop=false&amp;delayms=3000&amp;slide=id.p
47,0,0,0,2,1,1,0,0,0.0,0,0,14,0,16,0,0,4.195561128679186,0,0,https://docs.indianbfvideos.com/in/profile-name
43,0,0,0,2,1,1,0,0,0.11627906976744186,0,0,8,0,20,0,0,4.312908871424721,0,0,https://www.gazzetta.gr/products/item/10293
21,0,0,1,1,0,1,0,0,0.09523809523809523,0,0,3,0,7,0,0,3.939470994001287,0,1,https://q-r.to/bfJN91
28,0,0,0,2,1,1,0,0,0.0,0,0,7,0,5,0,0,3.994680368408909,0,0,https://www.abplive.com/news
23,0,0,0,2,1,1,0,0,0.043478260869565216,0,0,3,0,7,0,0,3.9690016298759927,0,1,https://l.ead.me/bgfi5f
28,0,0,0,3,1,1,0,0,0.0,0,0,3,0,6,0,0,3.699513850319966,0,0,https://www.www.gob.mx/login
50,0,0,0,1,0,1,0,0,0.16,0,0,8,0,30,0,0,4.393269689515108,0,0,https://33across.com/article/2026/05/global-update
28,0,0,0,1,0,1,0,0,0.0,0,0,11,0,6,0,0,3.601125010956985,0,0,https://lottomatica.it/login
47,0,0,1,2,1,1,0,0,0.0,0,0,14,0,16,0,0,4.275036394498539,0,0,https://docs.bytefcdn-ttpus.com/in/profile-name
22,0,0,0,1,0,1,0,1,0.13636363636363635,0,0,3,0,8,0,0,3.936260027531527,0,1,https://bit.ly/4fU1ir7
72,0,0,0,3,1,1,0,0,0.05555555555555555,0,0,6,0,48,0,0,4.412350870275863,0,1,https://sites.google.com/coladventistamaranatha.co/fbb-support-meta-2024
42,0,0,0,1,0,1,0,0,0.14285714285714285,0,0,6,0,23,0,0,4.651378958998671,0,1,https://2hbh3u.skin/msjay1z8/8fXpwG/ybRqI7
18,0,0,0,1,0,1,0,0,0.0,0,0,6,0,0,0,0,3.2390979179887864,0,0,https://cernet.net
27,0,0,0,1,0,1,0,0,0.0,0,0,3,0,13,0,0,4.180451390892101,0,1,https://zpr.io/UFJDteWhDfbQ
34,0,0,0,2,1,1,0,0,0.0,0,0,11,0,1,0,0,4.17512313511346,0,1,https://melkonjlo.firebaseapp.com/
37,0,0,0,2,1,1,0,0,0.0,0,0,9,0,6,0,0,4.219475244464337,0,1,https://livelogen.wixstudio.com/start
39,0,0,1,2,1,1,0,0,0.07692307692307693,0,0,9,0,14,0,0,4.37489516746925,0,0,https://www.opera-api.com/dp/B08N5WRWNW
47,0,0,0,2,1,1,0,0,0.0,0,0,10,0,21,0,0,4.13694650097358,0,0,https://www.lexisnexis.com/terms-and-conditions
121,0,0,0,3,1,1,0,0,0.11570247933884298,0,3,7,0,61,2,0,5.207449841826803,0,1,https://www.dropbox.com/scl/fi/8m3bv48tjmp8k1yxu3mey/Your-Latest-Bill-Is-Ready.paper?rlkey=0dr1bgk7hluqob93f0hygncwm&dl=0
27,0,0,0,2,1,1,0,0,0.0,0,0,6,0,6,0,0,4.032303242743952,0,0,https://en.bynder.com/about
30,0,0,1,2,1,1,0,0,0.0,0,0,9,0,6,0,0,3.8980685120588388,0,0,https://en.second-ns.com/login
23,0,0,0,2,1,1,0,0,0.0,0,0,3,0,7,0,0,4.0559581516151235,0,1,https://l.ead.me/bfMRcQ
46,0,0,0,2,1,1,0,0,0.10869565217391304,0,0,7,0,20,0,0,4.315218283764102,0,0,https://support.filmweb.pl/products/item/10293
29,0,0,0,2,1,1,1,0,0.0,0,0,11,0,0,0,0,3.935398667466763,0,0,https://docs.bhojpurisex.site
43,0,0,0,2,1,0,0,0,0.0,0,0,5,0,0,0,0,4.175696440497044,0,1,http://jordancardumniahzainorange.pages.dev
175,0,0,0,2,1,1,0,0,0.08,0,5,6,0,108,3,0,5.589863238677684,0,1,https://docs.google.com/presentation/d/e/2PACX-1vQWDxpuCnwVZc-b0XJzGL__BhSWHdvjAmK5kZKaiWE8eZd9URyEb9ydk0zWtBayXF8XonGhbobOSkt2/pub?start=false&amp;loop=false&amp;delayms=3000
29,0,0,0,2,1,1,0,0,0.0,0,0,9,0,0,0,0,3.935398667466763,0,0,https://support.tealiumiq.com
21,0,0,1,1,0,1,0,0,0.0,0,0,3,0,7,0,0,3.7489948035250964,0,1,https://q-r.to/bfNpNW
22,0,0,0,1,0,1,0,0,0.0,0,0,4,0,7,0,0,4.0614821867207755,0,1,https://qrco.de/bfYTib
33,0,0,0,2,1,1,0,0,0.18181818181818182,0,0,6,0,1,0,0,4.354852073838348,0,1,https://hiworks563657.weebly.com/
23,0,0,0,1,0,1,0,0,0.0,0,0,6,0,5,0,0,3.642489673166126,0,0,https://appboy.com/home
318,1,0,0,7,0,0,0,0,0.16666666666666666,0,13,12,1,21,7,1,5.5469603793822575,0,1,http://43.156.0.130/v3/signin/identifier?dsh=S1828805109:1679335270368208&amp;continue=https://accounts.google.com/&amp;followup=https://accounts.google.com&amp;ifkv=AWnogHfblDoqW1Lv_lD89hCa__X5mQnegj02OtAh4NuX_bBKNgT-OauYlhJ9XWd9u8sCYzdtKvfThA&amp;passive=1209600&amp;flowName=WebLiteSignIn&amp;flowEntry=ServiceLogin
38,0,0,0,3,1,1,0,0,0.0,0,0,15,0,5,0,0,3.9907054736852343,0,0,https://www.kemdiktisaintek.go.id/help
37,0,0,0,2,1,1,0,0,0.13513513513513514,0,0,7,0,1,0,0,4.391489514102182,0,1,https://bellverify-0d5803.webflow.io/
45,0,0,0,2,1,1,0,0,0.0,0,0,9,0,16,0,0,4.213858096233521,0,0,https://support.douyincdn.com/in/profile-name
45,0,0,0,2,1,1,0,0,0.0,0,0,11,0,1,0,0,4.083318029990694,0,1,https://harper-construcution.myportfolio.com/
22,0,0,0,1,0,1,0,0,0.0,0,0,4,0,7,0,0,4.152391277629866,0,1,https://qrco.de/bfMGTz
21,0,0,1,1,0,1,0,0,0.047619047619047616,0,0,9,0,0,0,0,3.7849418274376427,0,0,https://gta5-mods.com
48,0,0,0,2,1,1,0,0,0.0625,0,0,5,0,1,0,0,4.605388542207534,0,1,https://sp19ct7-doren-biz-kurem-favil.pages.dev/
47,0,0,0,2,1,1,0,0,0.0,0,0,8,0,24,0,0,4.093503012038124,0,0,https://en.bobolike.com/docs/forms/d/e/viewform
22,0,0,0,1,0,1,0,0,0.0,0,0,10,0,1,0,0,3.788754913993503,0,1,https://videoprime.co/
46,0,0,0,3,1,1,0,0,0.043478260869565216,0,1,2,0,2,1,1,4.381620107948734,0,1,https://l.wl.co/l?u=https://qr-codes.io/4FXI4G
45,0,0,0,2,1,1,0,0,0.044444444444444446,0,1,8,0,6,1,0,4.519087818311512,0,0,https://blog.shahvani.com/watch?v=dQw4w9WgXcQ
50,0,0,0,3,0,1,0,0,0.0,0,0,9,0,26,0,0,4.1688840705376355,0,1,https://astralvaa.com.br/dgggh/next/web/authen.php
27,0,0,0,2,1,1,0,0,0.037037037037037035,0,0,7,0,5,0,0,3.559900001923083,0,0,https://en.3hentai.net/home
49,0,0,0,2,1,1,0,0,0.0,0,0,11,0,21,0,0,4.20410952822207,0,0,https://blog.redhandsvid.com/terms-and-conditions
25,0,0,0,1,0,1,0,0,0.0,0,0,8,0,3,0,0,3.733660689688186,0,1,https://marceeis.click/h/
50,0,0,0,2,1,0,0,0,0.06,0,0,5,0,1,0,0,4.498171939471839,0,1,http://sp11ct-jarnix-biz8-korlin-vestra.pages.dev/
51,0,0,0,3,1,1,0,0,0.0,0,0,8,0,18,0,0,4.113916646768279,0,1,https://facturearea.sviluppo.host/index/details.php
36,0,0,0,2,1,1,0,0,0.3055555555555556,0,0,11,0,1,0,0,4.342857292808497,0,1,https://update5643r.rjvs4571248.pro/
32,0,0,0,2,1,1,0,0,0.0,0,0,7,0,1,0,0,4.140319531114783,0,1,https://multi-factor.webflow.io/
41,0,0,1,1,0,1,0,0,0.0975609756097561,0,1,9,0,6,1,0,4.503416638553355,0,0,https://awsdns-27.com/watch?v=dQw4w9WgXcQ
25,0,0,1,1,0,1,0,0,0.08,0,0,9,0,4,0,0,3.9132696895151087,0,0,https://awsdns-24.net/faq
47,0,0,0,1,0,1,0,0,0.1276595744680851,0,0,6,0,30,0,0,4.282792308894289,0,0,https://google.no/article/2026/05/global-update
21,0,0,1,1,0,1,0,0,0.09523809523809523,0,0,9,0,0,0,0,3.7489948035250964,0,0,https://awsdns-04.net
24,0,0,0,1,0,1,0,1,0.20833333333333334,0,0,3,0,10,0,0,3.8035088547976783,0,1,https://bit.ly/2210strp5
205,0,0,0,3,1,1,0,0,0.0975609756097561,0,7,6,0,108,4,0,5.5689204790030455,0,1,https://docs.google.com/presentation/d/e/2PACX-1vRAAdoApBnWBtjCZuuA5P3tH6EKDvwFu8DTrGtFHWBbOTEwwtYcDaD-iuXpgzaPwNGPQsVyNzT2omfZ/pub?start=false&amp;loop=false&amp;delayms=3000&amp;slide=id.g2d673bda738_0_3
52,0,0,0,2,1,1,0,0,0.0,0,0,15,0,20,0,0,3.9946084795980603,0,0,https://docs.consumerreports.org/category/news/today
73,0,0,0,5,3,1,0,0,0.0821917808219178,0,0,7,0,24,0,0,4.631624477210778,0,1,https://postaorganizzata4x9.blob.core.windows.net/7oc0hpxj21/ZrrXroo.html
29,0,0,0,2,1,1,0,0,0.0,0,0,8,0,5,0,0,3.840402546702505,0,0,https://blog.wikiwiki.jp/help
32,0,0,0,3,0,1,0,0,0.0,0,0,4,0,15,0,0,4.093139062229566,0,1,https://flow.page/foxhills.co.uk
51,0,0,0,3,2,1,0,0,0.0196078431372549,0,0,5,0,22,0,0,4.578808920190763,0,1,https://new.express.adobe.com/webpage/yuEPBj9YzpcGb
31,0,0,0,2,1,1,0,0,0.0,0,0,5,0,6,0,0,3.6277635530073993,0,0,https://support.sonos.com/about
23,0,0,0,2,1,1,0,0,0.0,0,0,3,0,7,0,0,3.9690016298759927,0,1,https://l.ead.me/unlovk
14,0,0,0,1,0,1,0,0,0.0,0,0,3,0,0,0,0,3.521640636343318,0,0,https://ble.ir
32,0,0,0,2,1,1,0,0,0.0,0,0,3,0,15,0,0,4.077819531114783,0,0,https://en.rnp.br/privacy-policy
40,0,0,0,2,1,1,0,0,0.0,0,0,11,0,1,0,0,4.089822782008755,0,1,https://bancrediecuador.webcindario.com/
32,0,0,0,2,1,1,0,0,0.0,0,0,6,0,1,0,0,4.1761085007312415,0,1,https://mensajedevoz.weebly.com/
23,0,0,0,2,1,1,0,0,0.0,0,0,3,0,7,0,0,3.8820451081368623,0,1,https://l.ead.me/bgbzlS
52,0,0,0,2,1,1,0,0,0.11538461538461539,0,0,5,0,30,0,0,4.349692968957871,0,0,https://blog.aetna.com/article/2026/05/global-update
62,0,0,0,3,1,1,0,0,0.2903225806451613,0,0,2,0,11,0,0,4.653050593240793,0,1,https://pub-559f3fbb11d14cd8b17c56563deed0dc.r2.dev/index.html
22,0,0,0,1,0,1,0,1,0.09090909090909091,0,0,3,0,8,0,0,3.8453509366224363,0,1,https://bit.ly/3SB6qqp
24,0,0,0,1,0,1,0,0,0.0,0,0,6,0,6,0,0,3.653107168362811,0,0,https://fitbit.com/about
31,0,0,1,2,1,1,0,0,0.06451612903225806,0,0,9,0,5,0,0,4.0022680844408445,0,0,https://docs.awsdns-13.net/home
22,0,0,0,1,0,1,0,1,0.09090909090909091,0,0,3,0,8,0,0,3.936260027531527,0,1,https://bit.ly/4f0vnnr
51,0,0,0,3,1,0,0,0,0.13725490196078433,0,1,4,0,17,1,0,4.446360145638538,0,1,http://anneberg.home.pl/majimoto/esd.php?id=9424111
40,0,0,0,2,1,1,0,0,0.075,0,1,5,0,6,1,0,4.515311532225103,0,0,https://en.g2nft.com/watch?v=dQw4w9WgXcQ
23,0,0,0,2,1,1,0,0,0.0,0,0,7,0,0,0,0,3.4800836951874476,0,0,https://www.whatnot.com
32,0,0,0,2,1,1,1,0,0.0625,0,0,4,0,0,0,0,4.1996987351738495,0,1,https://allegrolokalnie.pl01.xyz
58,0,0,0,2,1,1,0,0,0.10344827586206896,0,0,8,0,30,0,0,4.451965908547663,0,0,https://support.netfirms.com/article/2026/05/global-update
42,0,0,0,2,1,1,0,0,0.0,0,0,4,0,21,0,0,4.139241458895649,0,0,https://blog.dola.com/terms-and-conditions
46,0,0,0,3,1,1,0,0,0.043478260869565216,0,1,2,0,2,1,1,4.4250983688183,0,1,https://l.wl.co/l?u=https://qr-codes.io/JXU12H
28,0,0,0,1,0,1,0,0,0.0,0,0,4,0,13,0,0,4.110577243331642,0,1,https://qrco.de/ThailandPost
404,1,0,0,16,0,0,0,0,0.21534653465346534,0,19,14,1,21,8,1,5.555658100214612,0,1,http://129.226.210.78/v3/signin/identifier?dsh=S1611322374:1678991802796887&amp;continue=https://accounts.google.com/?&amp;xrealip=149.56.153.181&amp;followup=https://accounts.google.com/?&amp;xrealip=149.56.153.181&amp;ifkv=AWnogHcmdfPoxxq1ZIWLBL4mRX_ZZTMCKApa5sernyFwhydQS76OA8LQ9DNxhxoDzcbx2RDgHTr0Qw&amp;passive=1209600&amp;xrealip=149.56.153.181&amp;flowName=GlifWebSignIn&amp;flowEntry=ServiceLogin
41,0,0,0,1,0,1,0,0,0.0,0,0,9,0,20,0,0,4.120257956979046,0,0,https://lufthansa.com/category/news/today
167,0,0,0,2,1,1,0,0,0.09580838323353294,0,5,6,0,108,3,0,5.605470892061502,0,1,https://docs.google.com/presentation/d/e/2PACX-1vTJjHZ7ahcrQn77DgUvQCRlkuNw7QCjpjLCeZr0o-mLxUuwEf5DGI0vLA8ia8XOyqs7_EGBOmwBxzTZ/pub?start=false&loop=false&delayms=3000
42,0,0,0,2,1,1,0,0,0.0,0,0,10,0,16,0,0,4.213513256009072,0,0,https://docs.tagesschau.de/in/profile-name
14,0,0,0,1,0,1,0,0,0.0,0,0,2,0,0,0,0,3.3787834934861753,0,0,https://ap.org
83,0,0,0,3,2,1,0,0,0.13253012048192772,0,0,4,0,1,0,0,4.7892212513134105,0,1,https://bafkreidpaa36ddigcusqieoenjmvs3rl3hbsu4cco6x476efv5fa3ppnki.ipfs.dweb.link/
33,0,0,0,2,1,1,0,0,0.0,0,0,6,0,1,0,0,4.104407755459851,0,1,https://niconbvmvvnmx.weebly.com/
33,0,0,0,3,1,1,0,0,0.09090909090909091,0,0,3,0,4,0,0,4.271370634378849,0,0,https://blog.142.in-addr.arpa/faq
34,0,0,0,2,1,1,0,0,0.0,0,0,9,0,5,0,0,3.7489400470054295,0,0,https://support.sharechat.com/help
40,0,0,1,2,1,0,0,0,0.2,0,0,13,0,0,0,0,4.443942707918269,0,1,http://allegrolokalnie.pl-id74892939.cam
29,0,0,1,2,1,1,0,0,0.20689655172413793,0,0,9,0,0,0,0,4.021268494903765,0,1,https://allegro.pl-440242.sbs
120,0,0,0,4,1,0,0,0,0.09166666666666666,0,8,4,0,9,2,1,4.7940753321576945,0,1,http://okaidokinet.xsrv.jp/taiyoko/?wptouch_switch=desktop&amp;redirect=https%3A%2F%2Fe-stat.26rni3t0.shop%2F2xj3nsrm%2F
58,0,0,0,2,1,1,1,0,0.10344827586206896,0,0,7,0,30,0,0,4.324606909445718,0,0,https://support.shorttv.live/article/2026/05/global-update
44,0,0,0,2,1,1,0,0,0.0,0,0,11,0,1,0,0,4.144106550888951,0,1,https://account-access-view.firebaseapp.com/
30,0,0,0,2,1,1,0,0,0.0,0,0,3,0,1,0,0,4.164735178725505,0,1,https://edavki-refund.web.app/
25,0,0,0,2,1,1,0,0,0.0,0,0,5,0,4,0,0,3.6430741894285696,0,0,https://docs.sport.ro/faq
57,0,0,0,1,0,1,0,0,0.3684210526315789,0,1,6,1,25,0,0,4.659313645926477,0,1,https://i6vakx.sbs/m/93lx0/7309544071114752#selectedbank9
43,0,0,0,3,1,1,0,0,0.0,0,0,5,0,20,0,0,4.007205452175263,0,0,https://www.gobid.co.za/conditions/diabetes
47,0,0,0,2,1,1,0,0,0.0,0,0,6,0,23,0,0,3.948547501563509,0,1,https://sites.google.com/view/newprovision/home
36,0,0,0,2,1,1,0,0,0.0,0,0,4,0,16,0,0,4.218128820706467,0,0,https://www.zend.com/in/profile-name
48,0,0,0,2,1,1,0,0,0.0,0,0,18,0,15,0,0,4.170914521951839,0,0,https://en.internationalcupid.com/privacy-policy
51,0,0,0,1,0,1,0,0,0.13725490196078433,0,0,9,0,30,0,0,4.392342743635333,0,0,https://faphouse2.com/article/2026/05/global-update
31,0,0,1,2,1,0,0,0,0.22580645161290322,0,0,12,0,0,0,0,4.260332600569877,0,1,http://allegro.pl-id5373883.cfd
29,0,0,0,2,1,0,0,0,0.0,0,0,7,0,0,0,0,3.9523029776623853,0,1,http://uae-waters.netlify.app
39,0,0,1,1,0,1,0,0,0.0,0,0,13,0,15,0,0,4.31682689807206,0,0,https://uni-frankfurt.de/privacy-policy
48,0,0,0,1,0,1,0,0,0.0,0,1,5,0,7,1,0,3.910367908896077,0,0,https://heute.at/search?q=cybersecurity+research
31,0,0,0,2,1,1,0,0,0.0,0,0,9,0,5,0,0,4.002268084440845,0,0,https://docs.dinamalar.com/help
28,0,0,0,1,0,1,0,0,0.0,0,0,8,0,8,0,0,3.8248629576173565,0,0,https://experian.com/contact
68,0,0,0,5,3,1,0,0,0.08823529411764706,0,0,9,0,10,0,0,4.112038174931546,0,1,https://ozona-north-1010-amazon.s3.us-east-1.amazonaws.com/moon.html
34,0,0,0,2,1,1,1,0,0.17647058823529413,0,0,6,0,1,0,0,4.0796786498829745,0,1,https://server-107618.square.site/
21,0,0,1,1,0,1,0,0,0.0,0,0,3,0,7,0,0,3.8442328987631917,0,1,https://q-r.to/bfSHFp
22,0,0,0,1,0,1,0,1,0.13636363636363635,0,0,3,0,8,0,0,4.027169118440618,0,1,https://bit.ly/3Y4MU7B
34,0,0,1,2,1,0,0,0,0.20588235294117646,0,0,15,0,0,0,0,4.24173085589259,0,1,http://allegro.lokalna-3431212.sbs
27,0,0,0,1,0,1,0,0,0.0,0,0,15,0,0,0,0,4.078418520441602,0,0,https://dignitymemorial.com
29,0,0,1,2,1,1,0,0,0.0,0,0,8,0,5,0,0,4.004364184708142,0,0,https://blog.uni-bonn.de/news
23,0,0,0,2,1,1,0,0,0.0,0,0,3,0,7,0,0,3.9690016298759927,0,1,https://l.ead.me/bfEUFd
190,0,0,0,3,1,1,0,0,0.06842105263157895,0,7,6,0,108,4,0,5.557786560588363,0,1,https://docs.google.com/presentation/d/e/2PACX-1vRCxcjvc9LW2sMsuSDoi7O-ju41oamTCLQQwMDVcUntMP0sYUgJKVk_lgFJhzrKRUQepFG9YeIaSiBc/pub?start=false&amp;loop=false&amp;delayms=3000&amp;slide=id.p
47,0,0,0,2,1,0,0,0,0.06382978723404255,0,0,5,0,1,0,0,4.554172894046704,0,1,http://sp19ct7-furev-biz-dalem-koris.pages.dev/
48,0,0,0,3,1,1,0,0,0.041666666666666664,0,0,11,0,14,0,0,4.248734053066622,0,1,https://3exterio0r.webcindario.com/empresas.html
27,0,0,0,1,0,1,0,0,0.0,0,0,10,0,5,0,0,3.7784235030301248,0,0,https://bittorrent.com/help
22,0,0,0,2,1,1,0,0,0.0,0,0,2,0,4,0,0,3.8796640049025943,0,0,https://blog.ps.kz/faq
30,0,0,0,3,2,1,0,0,0.0,0,0,10,0,1,0,0,4.031401845392172,0,1,https://xky.cbz.mybluehost.me/
19,0,0,0,1,0,1,0,0,0.0,0,0,4,0,4,0,0,3.6818808028034025,0,0,https://uncn.jp/faq
54,0,0,0,2,1,1,0,0,0.0,0,0,18,0,20,0,0,4.092876280647646,0,0,https://www.networkadvertising.org/category/news/today
26,0,0,0,1,0,1,1,0,0.0,0,0,4,0,10,0,0,3.979097891134805,0,1,https://qrha.top/MUxdAEVE/
269,0,0,0,2,1,1,1,0,0.16356877323420074,0,1,7,0,41,1,0,5.196551387337406,0,1,https://allegrolokalnie.3748928.xyz/oferta/samsung-galaxy-s26--512-gb-604137?fbclid=iwy2xjaws3czdlehrua2flbqixmabicmlketfeau1oa3phngvun2e1y3nnc3j0ywzhchbfawqqmjiymdm5mtc4odiwmdg5mgabhp2iyc26djeqcefcfs3nbjwdcxubvivhs7atr1y8yv13ilxrdzgjdljkz_fc_aem_wk2xzrh8ydeewrcx-j26og
50,0,0,0,2,1,0,0,0,0.06,0,0,5,0,1,0,0,4.538171939471839,0,1,http://sp11ct-vorsel-biz8-marnik-dolfar.pages.dev/
41,0,0,0,2,1,1,0,0,0.0,0,0,11,0,1,0,0,4.180365114215879,0,1,https://ingresar-tarjeta.webcindario.com/
35,0,0,0,2,1,1,0,0,0.11428571428571428,0,0,11,0,0,0,0,4.364857659740296,0,1,https://6665hggggfv.webcindario.com
29,0,0,0,2,1,1,0,0,0.0,0,0,8,0,5,0,0,3.6335059949783672,0,0,https://www.testbook.com/home
38,0,0,0,2,1,1,0,0,0.0,0,0,6,0,16,0,0,4.14860021052734,0,0,https://www.envato.com/in/profile-name
40,0,0,0,1,0,1,0,0,0.0,0,0,8,0,20,0,0,4.112814895472356,0,0,https://bluecore.com/category/news/today
40,0,0,0,2,1,1,0,0,0.05,0,1,5,0,6,1,0,4.3464393446710154,0,0,https://www.adobe.io/watch?v=dQw4w9WgXcQ
32,0,0,0,3,1,1,0,0,0.0,0,0,4,0,5,0,0,3.73345859334435,0,0,https://support.espn.com.ve/home
51,0,0,1,2,1,1,0,0,0.0,0,0,7,0,24,0,0,4.081534598642725,0,0,https://support.xxx-sex.one/docs/forms/d/e/viewform
21,0,0,1,1,0,1,0,0,0.0,0,0,7,0,1,0,0,3.880179922675738,0,1,https://gov-ycj.help/
83,0,0,0,3,2,1,0,0,0.0963855421686747,0,0,4,0,1,0,0,4.892716317166217,0,1,https://bafkreihd3hxmzzlumcrrcmnuh2tjyh4iry3rcxkdfjxlbgow2nj2b67nvu.ipfs.dweb.link/
30,0,0,1,2,1,1,0,0,0.0,0,0,13,0,1,0,0,3.872905595320056,0,1,https://www.clee-securite.com/
40,0,0,0,2,1,1,0,0,0.125,0,0,5,0,20,0,0,4.381687083026442,0,0,https://en.nykaa.com/products/item/10293
22,0,0,0,1,0,1,0,0,0.0,0,0,4,0,7,0,0,4.0614821867207755,0,1,https://qrco.de/bgbkOa
175,0,0,0,2,1,1,0,0,0.10857142857142857,0,5,6,0,108,3,0,5.636372556201062,0,1,https://docs.google.com/presentation/d/e/2PACX-1vQkyZJUzO8zl4IoKFOFmJlBj9uAxIhPBAGJYhiDhxY6brrhpTjcoOK6Eg3O88lt9U8qxfxRVmDA917w/pub?start=false&amp;loop=false&amp;delayms=3000
47,0,0,0,2,1,1,0,0,0.0,0,0,6,0,24,0,0,4.277652416975435,0,0,https://blog.usbank.com/docs/forms/d/e/viewform
36,0,0,0,2,1,1,0,0,0.0,0,0,3,0,16,0,0,4.18354236243323,0,0,https://docs.asm.org/in/profile-name
35,0,0,0,1,0,1,1,0,0.2,0,0,6,0,16,0,0,4.3432894453927675,0,1,https://c1ezn8.info/8ae0482/ouhbmuu
31,0,0,0,2,1,1,0,0,0.0,0,0,9,0,6,0,0,3.937751955408587,0,0,https://www.wikiquote.org/about
76,0,0,1,2,1,1,0,0,0.32894736842105265,0,3,16,0,1,2,0,4.846225868535943,0,1,https://us19.campaign-archive.com/?u=90f14327d247a1d5aa5a01e17&id=d8a10b6c27
35,0,0,0,2,1,1,0,0,0.0,0,0,11,0,1,0,0,4.164299088064471,0,1,https://deboutgang.firebaseapp.com/
24,0,0,0,2,0,1,0,0,0.0,0,0,4,0,6,0,0,4.136842188131012,0,0,https://ebay.co.uk/login
45,0,0,0,2,1,1,0,0,0.1111111111111111,0,0,6,0,20,0,0,4.214432130654918,0,0,https://support.mgread.io/products/item/10293
38,0,0,0,2,1,1,0,0,0.15789473684210525,0,0,2,0,20,0,0,4.113206053476119,0,0,https://docs.o3.ru/products/item/10293
47,0,0,0,2,1,1,0,0,0.0,0,0,12,0,20,0,0,3.9827951712323775,0,0,https://en.dynamicyield.com/conditions/diabetes
34,0,0,0,1,0,1,0,0,0.08823529411764706,0,0,8,0,14,0,0,4.395998870534841,0,0,https://bankrate.com/dp/B08N5WRWNW
41,0,0,0,1,0,1,1,0,0.07317073170731707,0,0,6,0,23,0,0,4.549761383184822,0,1,https://k7zp1b.top/fywjc9ig/RmwLDJ/mztOzW
23,0,0,0,2,1,1,0,0,0.0,0,0,3,0,7,0,0,3.8492239123906247,0,1,https://l.ead.me/bgacaB
42,0,0,0,2,1,1,0,0,0.0,0,0,9,0,5,0,0,4.196154780932868,0,1,https://iostarts-ledgre.wixstudio.com/usen
45,0,0,0,2,0,1,0,0,0.1111111111111111,0,0,10,0,20,0,0,4.305540252212916,0,0,https://cellphones.com.vn/products/item/10293
40,0,0,0,1,0,1,0,0,0.15,0,0,8,0,20,0,0,4.322573883611435,0,0,https://liputan6.com/products/item/10293
44,0,0,0,1,0,1,1,0,0.11363636363636363,0,0,11,0,20,0,0,4.204447960708351,0,0,https://ponyexpress.tech/products/item/10293
32,0,0,0,2,1,1,0,0,0.1875,0,0,6,0,1,0,0,4.288909765557392,0,1,https://server927837.weebly.com/
175,0,0,0,2,1,1,0,0,0.06857142857142857,0,5,6,0,108,3,0,5.565254630183645,0,1,https://docs.google.com/presentation/d/e/2PACX-1vS_mQPslbeUX-UvIYJq1eAiqXcn33YHxpVXNEvguPSmiVGBztkxQM54wRGa9CPGneGJc_knSHAbkZa-/pub?start=false&amp;loop=false&amp;delayms=3000
27,0,0,0,1,0,1,0,0,0.0,0,0,11,0,5,0,0,3.8282375018429544,0,0,https://kathimerini.gr/help
75,0,0,1,2,1,1,0,0,0.29333333333333333,0,3,16,0,1,2,0,4.867310237983151,0,1,https://us6.campaign-archive.com/?u=d007897bdadff6d0cc0ab4f9d&id=2466916435
38,0,0,0,1,0,1,0,0,0.0,0,0,6,0,20,0,0,3.955311316634013,0,0,https://lothar.com/conditions/diabetes
26,0,0,0,2,1,1,0,0,0.07692307692307693,0,0,4,0,1,0,0,4.180832987205441,0,1,https://ldyflaj50.ukit.me/
45,0,0,1,1,0,1,0,0,0.0,0,0,9,0,24,0,0,4.107838097718699,0,0,https://ax-msedge.net/docs/forms/d/e/viewform
28,0,0,0,2,1,1,0,0,0.0,0,0,6,0,6,0,0,3.842370993177109,0,0,https://www.selcdn.net/login
19,0,0,0,1,0,0,0,0,0.0,0,0,8,0,0,0,0,3.6818808028034025,0,1,http://teleicbn.com
45,0,0,0,2,1,1,0,0,0.0,0,0,9,0,6,0,0,4.09199268611432,0,1,https://smart-ex-odus-ext.wixstudio.com/en-us
84,0,0,0,2,1,1,0,0,0.07142857142857142,0,0,6,0,61,0,0,5.074837773964493,0,1,https://docs.google.com/drawings/d/1Jvto-UExozMvOTX83iPml8dh_aAcxwfAOzaynl8pue4/edit
39,0,0,0,2,1,1,0,0,0.0,0,0,11,0,1,0,0,4.131054782742918,0,1,https://metafb-stursvw.firebaseapp.com/
47,0,0,0,2,1,1,0,0,0.1702127659574468,0,0,12,0,20,0,0,4.491308671868338,0,0,https://en.blacktoon418.com/products/item/10293
43,0,0,0,3,1,1,0,0,0.0,0,0,5,0,20,0,0,4.065117661376963,0,0,https://www.pajak.go.id/conditions/diabetes
45,0,0,1,2,1,1,0,0,0.044444444444444446,0,1,10,0,6,1,0,4.580307540581812,0,0,https://en.vercel-dns.com/watch?v=dQw4w9WgXcQ
50,0,0,0,2,1,1,0,0,0.12,0,0,4,0,30,0,0,4.438562939644917,0,0,https://blog.main.jp/article/2026/05/global-update
28,0,0,0,2,1,1,0,0,0.0,0,0,6,0,5,0,0,3.896291529045928,0,0,https://docs.gdflpr.com/home
22,0,0,0,1,0,1,0,0,0.0,0,0,6,0,5,0,0,3.4130884364257574,0,0,https://ctecdn.cn/news
53,0,0,0,2,1,1,0,0,0.018867924528301886,0,1,5,0,11,1,0,4.765287435531994,0,1,https://klelnanzeigen-deutch.xtlgj.com/zzxuMUToyK?m=1
18,0,0,0,2,1,1,0,0,0.0,0,0,2,0,0,0,0,3.4193819456463714,0,0,https://www.ft.com
52,0,0,0,2,1,1,0,0,0.11538461538461539,0,0,3,0,30,0,0,4.368051015926779,0,0,https://support.sky.it/article/2026/05/global-update
28,0,0,0,2,1,1,0,0,0.0,0,0,9,0,4,0,0,3.842370993177109,0,0,https://www.palcloset.jp/faq
29,0,0,0,1,0,1,0,0,0.0,0,0,17,0,0,0,0,3.6335059949783672,0,0,https://scorecardresearch.com
22,0,0,0,1,0,1,0,0,0.0,0,0,4,0,7,0,0,3.936260027531527,0,1,https://qrco.de/bgZmrt
21,0,0,1,1,0,1,0,0,0.09523809523809523,0,0,3,0,7,0,0,3.939470994001287,0,1,https://q-r.to/bgaO17
43,0,0,0,2,1,1,0,0,0.0,0,0,3,0,24,0,0,3.9108866277548846,0,0,https://www.tmz.com/docs/forms/d/e/viewform
25,0,0,0,2,1,1,0,0,0.0,0,0,7,0,1,0,0,3.813660689688186,0,1,https://ia.goverty.autos/
41,0,0,0,2,1,1,0,0,0.0,0,0,7,0,1,0,0,4.301839504248711,0,1,https://vcuhealth-org-vcu-edu.webflow.io/
35,0,0,0,2,1,1,0,0,0.0,0,0,6,0,1,0,0,4.164299088064471,0,1,https://adminupdatemail.weebly.com/
45,0,0,0,2,1,1,0,0,0.0,0,0,2,0,24,0,0,3.957729486559511,0,0,https://support.dn.se/docs/forms/d/e/viewform
29,0,0,0,2,1,1,0,0,0.0,0,0,9,0,0,0,0,3.672997271796528,0,0,https://support.itemsatis.com
26,0,0,0,2,1,1,0,0,0.0,0,0,7,0,4,0,0,3.979097891134805,0,0,https://en.pcgamer.com/faq
38,0,0,0,1,0,1,0,0,0.0,0,0,11,0,15,0,0,4.017535737070863,0,0,https://elperiodico.com/privacy-policy
36,0,0,0,2,1,1,0,0,0.2222222222222222,0,0,8,0,0,0,0,4.503258334775645,0,1,https://allegrolokalnie.82357236.cfd
175,0,0,0,2,1,1,0,0,0.10857142857142857,0,5,6,0,108,3,0,5.487907363712426,0,1,https://docs.google.com/presentation/d/e/2PACX-1vTpV8kEfzd1Hm1LoH2US9sxuckTZLiCdT8C190GbKHFxn_F1_ztKfAqpUrZmpU_a_69etyKgWiTLz6z/pub?start=false&amp;loop=false&amp;delayms=3000
27,0,0,0,1,0,1,1,0,0.1111111111111111,0,0,15,0,0,0,0,4.032303242743952,0,1,https://dreamrunners028.top
53,0,0,0,1,0,1,0,0,0.11320754716981132,0,0,11,0,30,0,0,4.390300586835254,0,0,https://tivoservice.com/article/2026/05/global-update
53,0,0,0,3,1,1,0,0,0.018867924528301886,0,0,15,0,15,0,0,4.3198225209199785,0,1,https://myautopark.wpenginepowered.com/prk/load2.html
99,0,0,0,2,1,1,0,0,0.08080808080808081,0,0,6,0,76,0,0,5.294035186762564,0,1,https://docs.google.com/forms/d/e/1FAIpQLSdmfwwCdryCWzsP5GG_1yR5VhoSkpD3Ws2_8Bxa0KNgYfRWSA/viewform
23,0,0,0,2,1,1,0,0,0.08695652173913043,0,0,3,0,7,0,0,3.9690016298759927,0,1,https://l.ead.me/bgbz13
22,0,0,0,1,0,1,0,0,0.0,0,0,4,0,7,0,0,3.970573095811685,0,1,https://qrco.de/bgZohV
27,0,0,0,2,1,1,0,0,0.0,0,0,3,0,5,0,0,3.5878587982995076,0,0,https://support.tum.de/home
41,0,0,1,2,1,1,0,0,0.14634146341463414,0,0,13,0,0,0,0,4.454636150748477,0,1,https://allegrolokalnie.oferta-211874.cfd
60,0,0,1,3,1,1,0,0,0.03333333333333333,0,1,9,0,7,1,0,4.4043076303015,0,0,https://docs.awsdns-08.co.uk/search?q=cybersecurity+research
38,0,0,0,1,0,1,0,0,0.0,0,0,6,0,20,0,0,3.9155803954675146,0,0,https://change.org/category/news/today
35,0,0,1,2,0,1,0,0,0.08571428571428572,0,0,16,0,7,0,0,3.9328743603470455,0,1,https://dstrb-platfrm003.pro/as.php
21,0,0,1,1,0,1,0,0,0.0,0,0,3,0,7,0,0,3.8442328987631917,0,1,https://q-r.to/bfNwTr
22,0,0,0,2,1,1,0,0,0.0,0,0,6,0,0,0,0,4.004886164091843,0,0,https://blog.donmai.us
22,0,0,0,1,0,1,0,1,0.045454545454545456,0,0,3,0,8,0,0,3.788754913993503,0,1,https://bit.ly/4fhCqtn
29,0,0,0,3,1,1,0,0,0.0,0,0,10,0,0,0,0,3.9262723741395074,0,0,https://docs.manchester.ac.uk
41,0,0,0,1,0,1,0,0,0.0,0,0,8,0,21,0,0,4.132214664190584,0,0,https://tamilgun.now/terms-and-conditions
28,0,0,0,1,0,1,0,0,0.0,0,0,6,0,11,0,0,4.066108939837481,0,1,https://flowto.it/eDjMMndbDf
28,0,0,0,2,1,1,0,0,0.0,0,0,6,0,6,0,0,3.9407598325400897,0,0,https://blog.ameblo.jp/login
46,0,0,0,2,1,1,0,0,0.0,0,0,6,0,1,0,0,4.093682879734897,0,1,https://comunidad--comunidadunitec.replit.app/
23,0,0,0,2,1,1,0,0,0.0,0,0,3,0,7,0,0,3.8164027166443866,0,1,https://l.ead.me/bfKezt
34,0,0,0,1,0,1,0,0,0.0,0,0,6,0,16,0,0,4.057476076289931,0,0,https://linode.com/in/profile-name
21,0,0,0,1,0,1,0,0,0.0,0,0,5,0,5,0,0,3.463280517810811,0,0,https://ipwho.is/home
50,0,0,0,3,1,1,0,0,0.02,0,0,6,0,26,0,0,4.101984511178708,0,1,https://sites.google.com/amricalturs.net/ie6y/home
30,0,0,0,2,1,1,0,0,0.0,0,0,9,0,4,0,0,3.872905595320056,0,1,https://www.dpdlocane.shop/com
50,0,0,0,2,1,1,0,0,0.16,0,0,14,0,18,0,0,4.3753377504703135,0,1,https://pkobp.appleenespanol.com/4417ap42/nurd9bu3
22,0,0,0,2,0,1,0,0,0.0,0,0,3,0,5,0,0,3.8796640049025943,0,0,https://bkn.go.id/home
48,0,0,0,2,1,1,0,0,0.041666666666666664,0,1,8,0,6,1,0,4.613521032323433,0,0,https://support.jsdelivr.net/watch?v=dQw4w9WgXcQ
46,0,0,0,3,1,1,0,0,0.15217391304347827,0,0,10,0,12,0,0,4.265424934732509,0,1,https://della-rocca.hub5780137.pro/captcha.php
46,0,0,0,2,1,1,0,0,0.0,0,0,6,0,22,0,0,4.013041446157795,0,1,https://sites.google.com/view/ttyjfhjgjjcghfhg
27,0,0,0,1,0,1,0,0,0.0,0,0,14,0,1,0,0,3.6898916687500067,0,1,https://searchdestatus.com/
319,0,0,0,3,2,0,0,0,0.0877742946708464,0,8,9,0,12,3,0,5.590200534719152,0,1,http://delivery.ce.classplus.co/DRBVAFYVFJT?id=178324=dxpUVVQKAVNQTQJfB1cFDwsHUApUBgkAU1AMUQ4AWVIMUlAGUgRQV1UEUQQAU1BSCwRPWVdSVkdXFUZeVA4WA1UKCQERclUMBVgISAdeW0oJAgsFBAcOAABXBAAHVwFTDBoMEBdCCE5LVQEKDUdTREEbUFYcUFRWRRJEW0IWFgJbSSA2IWRzJz1nIiwwDl9SREMA&amp;fl=XBIQFBAIHU4UQw0LARxAX1xQXB1TQ0g=&amp;ext=dG9rZW49ZGViOWM5NDE=
82,0,0,1,2,1,1,0,0,0.0975609756097561,0,0,13,0,53,0,0,4.934341950907868,0,1,https://ipfs.best-practice.se/ipfs/QmY3sMP4NCuLh69oFiCrPpcsYYrW58cyZY6RBJiaXc3PsL/
34,0,0,0,2,1,1,0,0,0.0,0,0,3,0,1,0,0,4.17512313511346,0,1,https://educationservicfr.web.app/
46,0,0,0,1,0,1,0,0,0.0,0,1,3,0,7,1,0,4.060861683988659,0,0,https://mdr.de/search?q=cybersecurity+research
22,0,0,0,1,0,1,0,0,0.045454545454545456,0,0,4,0,7,0,0,4.152391277629866,0,1,https://qrco.de/bfLU6V
19,0,0,0,1,0,1,0,0,0.0,0,0,7,0,0,0,0,3.721611723969901,0,0,https://windows.com
28,0,0,0,1,0,1,0,0,0.0,0,0,16,0,0,0,0,3.865764637179023,0,0,https://webstaurantstore.com
43,0,0,0,2,1,1,0,0,0.11627906976744186,0,0,7,0,20,0,0,4.21140822080611,0,0,https://www.dropmms.net/products/item/10293
44,0,0,1,2,1,0,0,0,0.06818181818181818,0,0,16,0,0,0,0,4.10752381283357,0,1,http://allegrolokalnie.lokalna-ofera290.shop
31,0,0,0,2,1,1,0,0,0.0967741935483871,0,0,7,0,8,0,0,3.977916874693636,0,0,https://docs.nexx360.io/contact
40,0,0,0,1,0,1,0,0,0.0,0,0,7,0,21,0,0,3.9561983328100956,0,0,https://dogdrip.net/terms-and-conditions
22,0,0,0,1,0,1,0,0,0.045454545454545456,0,0,4,0,7,0,0,4.152391277629866,0,1,https://qrco.de/bgaBn9
22,0,0,0,1,0,1,0,1,0.045454545454545456,0,0,3,0,8,0,0,3.8453509366224363,0,1,https://bit.ly/4bJZNsC
29,0,0,0,2,1,1,0,0,0.13793103448275862,0,0,3,0,1,0,0,4.159199529386523,0,1,https://track-id3998.web.app/
31,0,0,0,2,1,1,0,0,0.0,0,0,6,0,5,0,0,3.9292144551992187,0,0,https://support.xanimu.com/home
25,0,0,0,2,1,1,0,0,0.0,0,0,8,0,0,0,0,3.863465189601647,0,0,https://docs.vedcdnlb.com
35,0,0,0,3,1,0,0,0,0.22857142857142856,0,0,5,0,12,0,0,4.164299088064471,0,1,http://m.hmucc.com/24de02.html?5798
21,0,0,0,1,0,1,0,0,0.0,0,0,9,0,0,0,0,4.011365041826379,0,0,https://worldbank.org
36,0,0,0,2,1,1,1,0,0.25,0,0,7,0,1,0,0,4.273684376262023,0,1,https://store111350367.company.site/
21,0,0,1,1,0,1,0,0,0.0,0,0,3,0,7,0,0,3.939470994001287,0,1,https://q-r.to/bfJXmj
26,0,0,0,1,0,1,0,1,0.0,0,0,3,1,12,0,0,4.103909910282364,0,1,https://bit.ly/OnePurchase
40,0,0,0,2,1,1,0,0,0.0,0,0,5,0,20,0,0,3.887326145256009,0,0,https://www.sport.de/conditions/diabetes
49,0,0,0,2,1,1,0,0,0.0,0,0,12,0,21,0,0,4.060853405596482,0,0,https://www.bootstrapcdn.com/terms-and-conditions
47,0,0,0,2,1,1,0,0,0.0,0,0,10,0,20,0,0,3.977164054073007,0,0,https://blog.clasohlson.com/conditions/diabetes
38,0,0,0,2,1,1,0,0,0.0,0,0,9,0,13,0,0,4.145972171840238,0,0,https://www.pubnative.net/r/technology
64,0,0,0,2,1,1,0,0,0.0,0,1,16,0,7,1,0,4.321873587245974,0,0,https://www.googletagmanager.com/search?q=cybersecurity+research
31,0,0,1,2,0,1,0,0,0.06451612903225806,0,0,9,0,8,0,0,3.977916874693636,0,0,https://awsdns-47.co.uk/contact
45,0,0,0,2,1,1,0,0,0.044444444444444446,0,1,6,0,6,1,0,4.563532262755956,0,0,https://support.seznam.cz/watch?v=dQw4w9WgXcQ
32,0,0,0,2,1,1,0,0,0.0,0,0,11,0,5,0,0,3.8431390622295662,0,0,https://docs.proteantech.in/news
41,0,0,0,2,1,1,0,0,0.07317073170731707,0,0,10,0,14,0,0,4.289882797037173,0,0,https://blog.mtgglobals.com/dp/B08N5WRWNW
30,0,0,0,1,0,1,0,0,0.0,0,0,3,0,15,0,0,4.164735178725505,0,0,https://fuq.com/privacy-policy
175,0,0,0,2,1,1,0,0,0.09142857142857143,0,5,6,0,108,3,0,5.558881448053336,0,1,https://docs.google.com/presentation/d/e/2PACX-1vSKN4iEjPofyPiJeLFfVvWYwrDQzCFo4fuHyV1UyJsd_7LoZv2V6e5KSWrrXEm9b3wWWtadof5zcxsA/pub?start=false&amp;loop=false&amp;delayms=3000
33,0,0,0,2,1,1,0,0,0.0,0,0,10,0,6,0,0,4.066677073707229,0,0,https://en.vervegroup.cloud/login
43,0,0,0,2,1,1,0,0,0.0,0,0,7,0,21,0,0,3.9057048015566522,0,0,https://en.distmed.com/terms-and-conditions
83,0,0,0,3,2,1,0,0,0.0963855421686747,0,0,4,0,1,0,0,4.8924050936847365,0,1,https://bafkreibqgrgq5ctu7rhhwakqyx2nzsx4oy3w7wcbgslfsvzvv75gscjfdi.ipfs.dweb.link/
59,0,0,0,2,1,0,0,0,0.01694915254237288,0,0,9,0,13,0,0,4.2057668295390025,0,1,http://account-security-s-school.teachable.com/p/untitled-8
32,0,0,1,2,1,1,0,0,0.0,0,0,11,0,4,0,0,3.67095859334435,0,1,https://www.pcn-notictn.shop/com
33,0,0,0,1,0,1,0,0,0.0,0,0,1,0,21,0,0,3.896687968421265,0,0,https://t.me/terms-and-conditions
36,0,0,0,3,2,1,0,0,0.0,0,0,10,0,7,0,0,4.009523959475164,0,1,https://lhp.pyz.mybluehost.me/login/
39,0,0,0,2,1,1,0,0,0.0,0,0,9,0,5,0,0,4.265544846790009,0,1,https://jaaxxlibarty.wixstudio.com/webb
44,0,0,0,2,1,1,0,0,0.13636363636363635,0,0,6,0,1,0,0,4.334209459448049,0,1,https://diplomatic-charts-791986.framer.app/
21,0,0,0,2,0,1,0,0,0.0,0,0,7,0,0,0,0,3.7849418274376427,0,0,https://partner.co.il
30,0,0,0,1,0,1,0,0,0.36666666666666664,0,0,4,0,14,0,0,3.9898980954642878,0,1,https://hotm.art/sw93754935097
39,0,0,1,2,1,1,0,0,0.05128205128205128,0,0,9,0,15,0,0,4.387465039153175,0,0,https://en.awsdns-46.com/privacy-policy
42,0,0,0,2,1,1,0,0,0.35714285714285715,0,0,7,0,20,0,0,4.445307005854538,0,1,https://eu.jotform.com/app/252881897745376
37,0,0,0,1,0,1,0,0,0.02702702702702703,0,1,4,0,7,1,0,4.68216214929579,0,1,https://qrco.de/bfkA9N?pageuser=NBXHP
62,0,0,0,3,1,1,0,0,0.3870967741935484,0,0,2,0,11,0,0,4.566885528639378,0,1,https://pub-b56ef35c922f43d39452c7e26697e333.r2.dev/index.html
45,0,0,0,2,1,1,0,0,0.0,0,0,9,0,16,0,0,4.089199419023814,0,0,https://support.demonware.net/in/profile-name
59,0,0,0,2,1,1,0,0,0.01694915254237288,0,0,3,0,43,0,0,4.59002165094675,0,1,https://l.ead.me/bfgYIBRAAGEAyBggGEAAYQDIGCAcQABhAMgYICBKG7
44,0,0,0,2,1,1,0,0,0.0,0,0,7,0,1,0,0,4.101508755867878,0,1,https://heb-transactional-email.netlify.app/
23,0,0,0,2,1,1,0,0,0.0,0,0,3,0,0,0,0,3.5555331514269954,0,0,https://support.wri.org
49,0,0,0,2,1,1,0,0,0.12244897959183673,0,0,6,0,1,0,0,4.232085232648791,0,1,https://passionate-interaction-067987.framer.app/
38,0,0,0,2,1,1,0,0,0.0,0,0,9,0,13,0,0,4.063202513215852,0,0,https://www.panasonic.com/r/technology
46,0,0,0,2,1,0,0,0,0.08695652173913043,0,0,5,0,1,0,0,4.5719437493001145,0,1,http://xelzani-gld-felmora-c3t5hc87.pages.dev/
52,0,0,1,2,1,1,0,0,0.0,0,0,15,0,20,0,0,4.0500043357756805,0,0,https://docs.amazon-adsystem.com/category/news/today
42,0,0,0,2,1,1,0,0,0.0,0,0,11,0,1,0,0,4.105672184271433,0,1,https://labasdevalidation.firebaseapp.com/
29,0,0,0,1,0,1,0,0,0.0,0,0,13,0,5,0,0,3.8278326164749092,0,1,https://skypersystems.ca/genl
76,0,0,1,2,1,1,0,0,0.2894736842105263,0,3,16,0,1,2,0,4.865880639237567,0,1,https://us14.campaign-archive.com/?u=189f3df551eba5dc883cb307a&id=6adb6085a7
23,0,0,0,2,1,1,0,0,0.0,0,0,3,0,7,0,0,3.8820451081368623,0,1,https://l.ead.me/bgamBj
39,0,0,0,2,1,1,0,0,0.0,0,0,7,0,16,0,0,4.169766962341045,0,0,https://www.kslawin.com/in/profile-name
43,0,0,0,1,0,1,0,0,0.11627906976744186,0,0,12,0,20,0,0,4.264074790724491,0,0,https://mediavitrina.ru/products/item/10293
49,0,0,0,2,1,1,0,0,0.04081632653061224,0,0,5,0,1,0,0,4.629716731737853,0,1,https://sp3ct-yolqik-biz8-dersan-furem.pages.dev/
34,0,0,0,2,1,1,0,0,0.0,0,0,6,0,1,0,0,4.270567620343947,0,1,https://dsksupportinfo.weebly.com/
25,0,0,0,2,1,1,0,0,0.0,0,0,4,0,5,0,0,3.813660689688186,0,0,https://www.ecfr.gov/news
30,0,0,0,2,1,1,0,0,0.0,0,0,7,0,6,0,0,4.031401845392172,0,0,https://blog.betfair.com/about
21,0,0,1,1,0,1,0,0,0.0,0,0,3,0,7,0,0,3.7489948035250964,0,1,https://q-r.to/bgbVVk
76,0,0,2,2,1,1,0,0,0.0,0,1,24,0,7,1,0,4.3610842184928265,0,0,https://support.firefox-portal-detection.com/search?q=cybersecurity+research
45,0,0,0,2,1,1,0,0,0.0,0,0,6,0,20,0,0,4.105974696849668,0,0,https://support.krakow.pl/conditions/diabetes
23,0,0,0,2,1,1,0,0,0.0,0,0,7,0,0,0,0,3.621175542919471,0,0,https://www.camsoda.com
39,0,0,0,2,0,1,0,0,0.0,0,0,10,0,17,0,0,4.089781950065051,0,1,https://mpistudios.net/login-check.html
43,0,0,0,3,1,1,0,0,0.0,0,0,9,0,18,0,0,4.286275219617124,0,1,https://www.fenouxltd.com/verlfy/index.html
36,0,0,0,2,1,1,0,0,0.08333333333333333,0,0,6,0,14,0,0,4.4057645846554525,0,0,https://www.genius.com/dp/B08N5WRWNW
39,0,0,0,1,0,1,0,0,0.05128205128205128,0,1,7,0,6,1,0,4.387465039153175,0,0,https://dynadot.com/watch?v=dQw4w9WgXcQ
40,0,0,0,2,1,1,0,0,0.0,0,0,5,0,1,0,0,4.053701696057349,0,1,https://dapps-ticketsolutions.pages.dev/
42,0,0,0,2,0,1,0,0,0.023809523809523808,0,0,9,0,21,0,0,4.20483401847097,0,1,https://evvietnam.com/tuhbjgp/ok/t7yh.html
49,0,0,0,1,0,1,0,0,0.0,0,3,5,0,1,2,0,4.486460609112264,0,1,https://khdfx.com/?type=verify&amp;key=cjdcprjark
23,0,0,0,2,1,1,0,0,0.0,0,0,3,0,7,0,0,3.8820451081368623,0,1,https://l.ead.me/bfIbsB
21,0,0,1,1,0,1,0,0,0.047619047619047616,0,0,3,0,7,0,0,3.939470994001287,0,1,https://q-r.to/bfJN9R
22,0,0,0,1,0,1,0,0,0.045454545454545456,0,0,4,0,7,0,0,4.0614821867207755,0,1,https://qrco.de/bfA6Xq
22,0,0,0,1,0,1,0,0,0.0,0,0,4,0,7,0,0,4.0614821867207755,0,1,https://qrco.de/bfJvwf
29,0,0,0,2,1,1,0,0,0.0,0,0,6,0,6,0,0,4.021268494903765,0,0,https://blog.xhfuck.com/about
44,0,0,0,2,1,1,0,0,0.11363636363636363,0,0,8,0,20,0,0,4.1552480280633395,0,0,https://docs.supercdn.ru/products/item/10293
32,0,0,1,2,1,1,1,0,0.28125,0,0,11,0,1,0,0,4.226409765557392,0,1,https://allegro.12881010s-1.biz/
43,0,0,0,2,1,1,0,0,0.2558139534883721,0,0,11,0,1,0,0,4.08267318468309,0,1,https://cert-000049-0000c5.firebaseapp.com/
48,0,0,0,2,1,1,0,0,0.0,0,0,13,0,20,0,0,3.920914521951839,0,0,https://en.ganamosonline.com/conditions/diabetes
29,0,0,1,2,1,1,0,0,0.0,0,0,10,0,0,0,0,3.65041030517399,0,0,https://support.tu-dresden.de
24,0,0,0,1,0,1,0,0,0.0,0,0,7,0,5,0,0,3.5220552088742005,0,0,https://hubspot.net/home
62,0,0,0,3,1,1,0,0,0.45161290322580644,0,0,2,0,11,0,0,4.786395858872229,0,1,https://pub-3f14988038454375977ef040ac542623.r2.dev/index.html
33,0,0,1,2,1,1,0,0,0.030303030303030304,0,0,8,0,8,0,0,4.0895524525606675,0,0,https://blog.id5-sync.com/contact
27,0,0,0,2,1,1,0,0,0.0,0,0,11,0,0,0,0,3.782122224145305,0,0,https://www.cuerpomente.com
17,0,0,0,1,0,1,0,0,0.0,0,0,6,0,0,0,0,3.4992275471326924,0,0,https://abadis.ir
26,0,0,0,2,1,1,0,0,0.0,0,0,7,0,4,0,0,3.9021748142117283,0,0,https://en.porsche.com/faq
28,0,0,0,2,1,1,0,0,0.0,0,0,3,0,1,0,0,3.797902689682947,0,1,https://my-ee-alert.web.app/
38,0,0,0,2,1,1,0,0,0.0,0,0,5,0,13,0,0,3.850048158739276,0,0,https://support.sefon.pro/r/technology
30,0,0,0,2,1,1,0,0,0.0,0,0,9,0,5,0,0,3.7898980954642876,0,0,https://www.sportybet.com/news
32,0,0,0,3,1,1,0,0,0.0,0,0,3,0,6,0,0,3.9681390622295662,0,0,https://support.moe.gov.my/login
37,0,0,0,2,1,1,0,0,0.1891891891891892,0,0,15,0,0,0,0,4.378240189894803,0,1,https://allegro.oferta5080146pl.click
25,0,0,1,1,0,1,0,0,0.04,0,0,13,0,0,0,0,3.9238561897747246,0,1,https://driect-sm1tbo.com
40,0,0,0,2,1,0,0,0,0.0,0,0,6,0,15,0,0,4.3153115322251026,0,1,http://luxafoir.github.io/Security_Check
83,0,0,0,3,2,1,0,0,0.1566265060240964,0,0,4,0,1,0,0,4.942112286685613,0,1,https://bafkreibv6m4kxc72it6jwvpzjgghlq5vu4r7ulafsc5lrz5nci7nn6q3qm.ipfs.dweb.link/
39,0,0,0,2,0,1,0,0,0.0,0,0,5,0,20,0,0,3.76017289949394,0,0,https://irctc.co.in/conditions/diabetes
83,0,0,0,3,2,1,0,0,0.10843373493975904,0,0,4,0,1,0,0,4.7705270466833705,0,1,https://bafkreieujjrztf55l6dndcpdgxlu7dsr53rdadyerzuf3y6hgonkim6jle.ipfs.dweb.link/
22,0,0,0,1,0,1,0,0,0.0,0,0,4,0,7,0,0,4.0614821867207755,0,1,https://qrco.de/bfJrjZ
34,0,0,0,2,1,0,0,0,0.3235294117647059,0,0,13,0,1,0,0,4.138502179294739,0,1,http://allegro.9281238712gh9.beer/
38,0,0,0,2,1,1,0,0,0.0,0,0,6,0,1,0,0,4.168465671110589,0,1,https://xn--c-besncon-pxgf.weebly.com/
27,0,0,1,2,1,1,0,0,0.0,0,0,10,0,0,0,0,4.014146761422728,0,0,https://blog.pro-market.net
22,0,0,0,1,0,1,0,0,0.045454545454545456,0,0,4,0,7,0,0,3.970573095811685,0,1,https://qrco.de/bgc3md
40,0,0,0,2,1,1,0,0,0.0,0,0,6,0,1,0,0,4.227567157116929,0,1,https://admin-index-mail-dex.weebly.com/
40,0,0,0,1,0,1,0,0,0.0,0,0,8,0,20,0,0,4.022573883611435,0,0,https://xxxtophd.com/category/news/today
28,0,0,0,2,1,1,0,0,0.0,0,0,5,0,6,0,0,3.9137995646056805,0,0,https://docs.lxdns.com/about
40,0,0,1,2,1,1,0,0,0.0,0,0,9,0,15,0,0,4.327567157116929,0,0,https://blog.tu-berlin.de/privacy-policy
25,0,0,0,2,1,1,0,0,0.0,0,0,5,0,4,0,0,3.7034651896016473,0,0,https://www.datto.com/faq
38,0,0,1,2,1,1,0,0,0.05263157894736842,0,0,9,0,13,0,0,4.155565013329719,0,0,https://www.awsdns-41.net/r/technology
41,0,0,1,2,1,1,0,0,0.0,0,0,11,0,13,0,0,4.1898860782540055,0,0,https://blog.service-now.com/r/technology
38,0,0,0,2,1,0,0,0,0.3157894736842105,0,0,17,0,0,0,0,4.471354487013929,0,1,http://allegro.ofeta812372398455.click
22,0,0,0,2,1,1,0,0,0.0,0,0,6,0,1,0,0,3.7544418457133455,0,1,https://az.edftgh.cam/
37,0,0,0,1,0,1,1,0,0.02702702702702703,0,0,5,0,20,0,0,4.074318230493815,0,0,https://3iskk.xyz/conditions/diabetes
23,0,0,0,2,1,1,0,0,0.0,0,0,3,0,7,0,0,3.795088586397732,0,1,https://l.ead.me/bfFfap
45,0,0,0,3,1,1,0,0,0.0,0,0,5,0,21,0,0,4.191201429374546,0,0,https://www.upsdc.gov.in/terms-and-conditions
41,0,0,0,2,1,1,0,0,0.0,0,0,9,0,13,0,0,4.015611760504575,0,0,https://support.decathlon.it/r/technology
84,0,0,0,2,1,1,0,0,0.08333333333333333,0,0,6,0,61,0,0,5.1958472624928325,0,1,https://docs.google.com/drawings/d/1BSuDhCP5IzTY31ewxdojRWNxE_BUlIii3kMYWE7W7Pk/edit
28,0,0,0,2,1,0,0,0,0.03571428571428571,0,0,7,0,1,0,0,4.012188403968661,0,1,http://claim-v1.netlify.app/
62,0,0,0,3,1,1,0,0,0.20967741935483872,0,0,2,0,11,0,0,4.526045706451644,0,1,https://pub-bcdbacad5ee743ab82a804cbaba17a4d.r2.dev/index.html
28,0,0,0,3,0,1,0,0,0.0,0,0,3,1,13,0,0,3.842370993177109,0,1,https://lnk.ink/apple.in.com
39,0,0,0,1,0,1,0,0,0.05128205128205128,0,1,7,0,6,1,0,4.262984193710269,0,0,https://toptoon.com/watch?v=dQw4w9WgXcQ
45,0,0,0,1,0,1,0,0,0.0,0,0,13,0,20,0,0,3.90461038599144,0,0,https://tritondigital.com/conditions/diabetes
39,0,0,1,3,1,1,0,0,0.05128205128205128,0,0,9,0,13,0,0,4.31682689807206,0,0,https://en.awsdns-10.co.uk/r/technology
20,0,0,0,1,0,1,0,0,0.05,0,0,3,0,6,0,0,3.784183719779189,0,1,https://did.li/S4kmC
44,0,0,0,2,1,1,0,0,0.0,0,0,6,0,21,0,0,4.126950016748872,0,0,https://blog.dlsite.com/terms-and-conditions
70,0,0,0,2,1,1,0,0,0.11428571428571428,0,0,6,0,46,0,0,5.020015295634329,0,1,https://drive.google.com/file/d/1robIOsANBh8Doqa7YUIeWn3Akz4094ho/edit
23,0,0,0,2,1,1,0,0,0.0,0,0,3,0,7,0,0,3.8820451081368623,0,1,https://l.ead.me/bgbpNq
33,0,0,0,2,1,1,0,0,0.0,0,0,6,0,1,0,0,4.233639952626227,0,1,https://sonicalerexzm.weebly.com/
21,0,0,0,1,0,1,0,0,0.0,0,0,3,0,6,0,0,3.880179922675738,0,0,https://wsj.com/login
31,0,0,1,2,1,1,0,0,0.06451612903225806,0,0,9,0,5,0,0,3.974695407915898,0,0,https://docs.awsdns-37.com/news
22,0,0,0,1,0,1,0,0,0.0,0,0,4,0,7,0,0,4.152391277629866,0,1,https://qrco.de/bgZaIO
20,0,0,0,2,1,1,0,0,0.0,0,0,4,0,0,0,0,3.9219280948873627,0,0,https://docs.afun.mx
224,0,0,0,2,1,1,0,0,0.049107142857142856,0,16,2,0,1,6,0,4.730635454775189,0,1,https://saques-produtos.gt.tc/?cid=560656&amp;utm_medium=expiracao&amp;ref=2YR64FEQ&amp;t=6aab1cdd&amp;utm_content=destaque_qvwfm&amp;utm_source=central?utm_source=email&amp;utm_medium=expiracao&amp;utm_content=cta_principal
32,0,0,0,2,1,1,0,0,0.0,0,0,3,0,15,0,0,4.116729296672175,0,0,https://en.srf.ch/privacy-policy
36,0,0,0,2,1,1,0,0,0.0,0,0,16,0,0,0,0,3.9511943630832227,0,0,https://support.goodhousekeeping.com
27,0,0,0,1,0,1,0,0,0.0,0,0,9,0,6,0,0,3.9582291686698783,0,0,https://shopcider.com/login
167,0,0,0,2,1,1,0,0,0.15568862275449102,0,5,6,0,108,3,0,5.574661029620025,0,1,https://docs.google.com/presentation/d/e/2PACX-1vRdpj13-DHd25QfzAKagFAe6Rc7clXKhZ4Q3tktE9Wg5Mo91Qr3i18TuJWOCg7VvWi_09rDChN5kup2/pub?start=false&loop=false&delayms=3000
57,0,0,0,1,0,1,0,0,0.3684210526315789,0,1,6,1,25,0,0,4.624225926628231,0,1,https://b3n8mf.lat/o/59nly/7320827387469824#selectedbank9
39,0,0,0,2,1,1,0,0,0.02564102564102564,0,1,5,0,1,1,0,4.387465039153175,0,1,https://validarcuentabhd.iceiy.com/?i=1
31,0,0,0,2,1,1,0,0,0.0,0,0,9,0,1,0,0,3.937751955408587,0,1,https://erjloqc.sparkasse.qpon/
44,0,0,0,2,1,1,0,0,0.0,0,0,9,0,20,0,0,4.079225801519103,0,0,https://www.jetbrains.ai/category/news/today
190,0,0,0,3,1,1,0,0,0.08947368421052632,0,7,6,0,108,4,0,5.532822619765768,0,1,https://docs.google.com/presentation/d/e/2PACX-1vRhB4G4KY9_oqx7cWFzP-ArGophcN7iyPXmEiy0kTSnL-sh0HgLHpZCnglKx_qlU8goa51Ugwsd0SGY/pub?start=false&amp;loop=false&amp;delayms=3000&amp;slide=id.p
55,0,0,0,2,1,1,0,0,0.10909090909090909,0,0,9,0,30,0,0,4.403642667873435,0,0,https://blog.dbankedge.cn/article/2026/05/global-update
84,0,0,0,2,1,1,0,0,0.05952380952380952,0,0,6,0,61,0,0,5.15287535208287,0,1,https://docs.google.com/drawings/d/1zq_iRlgZdUzC2rFEhkcbxRhWm2uHQiWj1R7PGTkBgEo/edit
55,0,0,0,2,1,1,0,0,0.0,0,1,8,0,7,1,0,4.256081251489555,0,0,https://en.lifeaiot.com/search?q=cybersecurity+research
131,0,0,0,2,1,1,0,0,0.0916030534351145,0,5,6,0,64,3,0,5.3877672772348415,0,1,https://docs.google.com/presentation/d/1xXV8YVwv68KxX4-O-HE-2m0SAYyB-qnAFaM_k6SDIAE/pub?start=false&amp;loop=false&amp;delayms=3000
76,0,0,0,3,1,1,0,0,0.3684210526315789,0,0,6,0,3,0,0,4.722751158203652,0,1,https://irsgovidmec7941f4d73b81490ed15f9438d3a5160.orofly.com.br/id?c7941f4d
72,0,0,0,3,2,1,0,0,0.05555555555555555,0,0,7,1,16,0,0,4.57534166879683,0,1,https://urlshort-linkmu9uwm4tctbb.banksystem.workers.dev/site/n26-uglwrh
27,0,0,0,2,1,1,0,0,0.0,0,0,8,0,4,0,0,3.930270372293453,0,0,https://en.repocket.com/faq
19,0,0,1,1,0,0,0,0,0.0,0,0,9,0,0,0,0,3.5368867237421675,0,1,http://rabby-web.at
35,0,0,1,3,1,1,0,0,0.0,0,0,11,0,5,0,0,4.221441945207328,0,0,https://blog.rakuten-sec.co.jp/home
34,0,0,0,1,0,1,0,0,0.0,0,0,15,0,7,0,0,4.116299605701696,0,1,https://netfilxservicio.com/calcul
35,0,0,0,2,1,1,1,0,0.14285714285714285,0,0,7,0,0,0,0,4.161445788918474,0,1,https://allegrolokalnie.pl82395.top
33,0,0,0,1,0,1,0,0,0.0,0,0,7,0,15,0,0,3.9374448765408534,0,0,https://realtor.ca/privacy-policy
46,0,0,0,2,1,1,0,0,0.0,0,0,9,0,6,0,0,4.32173124920605,0,1,https://io-ldgerlived-apps.wixstudio.com/us-en
28,0,0,0,1,0,1,0,1,0.07142857142857142,0,0,7,0,9,0,0,4.3248629576173565,0,1,https://tinyurl.com/5x4awepu
20,0,0,0,1,0,1,0,0,0.15,0,0,3,0,5,0,0,3.6464393446710157,0,0,https://126.net/home
40,0,0,0,2,1,1,0,0,0.0,0,0,5,0,20,0,0,3.9184539577019217,0,0,https://www.ponta.jp/conditions/diabetes
175,0,0,0,2,1,1,0,0,0.10857142857142857,0,5,6,0,108,3,0,5.560925307527518,0,1,https://docs.google.com/presentation/d/e/2PACX-1vQx5giIhWYoraLKVIZeqHh0blTJlY0IG_mRnjO8gzp6RI95tLfSTamR3sOXE832bxOHmVr5c5uYrFfc/pub?start=false&amp;loop=false&amp;delayms=3000
23,0,0,0,2,1,1,0,0,0.0,0,0,6,0,0,0,0,4.001822825622231,0,0,https://blog.marvel.com
53,0,0,0,2,1,1,0,0,0.0,0,0,10,0,1,0,0,4.212755123925498,0,1,https://spectrum-email-update-account.weeblysite.com/
21,0,0,1,1,0,1,0,0,0.047619047619047616,0,0,3,0,7,0,0,3.939470994001287,0,1,https://q-r.to/bgZz0D
46,0,0,0,2,1,1,0,0,0.0,0,0,5,0,21,0,0,4.093682879734897,0,0,https://support.lngtd.com/terms-and-conditions
20,0,0,1,1,0,1,0,0,0.1,0,0,9,0,0,0,0,3.6464393446710157,0,0,https://e-recht24.de
43,0,0,0,2,1,1,0,0,0.0,0,0,11,0,16,0,0,4.146740335896194,0,0,https://blog.aftonbladet.se/in/profile-name
28,0,0,0,2,1,1,0,0,0.0,0,0,5,0,4,0,0,3.753434386188785,0,0,https://support.turbo.az/faq
37,0,0,0,3,1,1,0,0,0.0,0,0,10,0,8,0,0,4.003259028248121,0,0,https://www.claveunica.gob.cl/contact
38,0,0,0,2,1,1,0,0,0.0,0,0,8,0,15,0,0,4.13569955274647,0,0,https://en.michaels.com/privacy-policy
40,0,0,0,2,1,1,0,0,0.0,0,0,5,0,20,0,0,4.003701696057348,0,0,https://www.facct.ru/category/news/today
21,0,0,1,1,0,1,0,0,0.0,0,0,3,0,7,0,0,3.8442328987631917,0,1,https://q-r.to/bgbfzj
51,0,0,0,2,1,1,0,0,0.0196078431372549,0,0,8,1,12,0,0,4.052751637380754,0,1,https://icloudmailservice.sviluppo.host/v1/service/
64,0,0,2,2,1,1,0,0,0.1875,0,0,34,0,0,0,0,4.5679884298164914,0,1,https://allegrolokainie.pl-ogloszenie-prywatne763839477394.click
45,0,0,0,2,1,1,0,0,0.022222222222222223,0,0,10,0,15,0,0,4.34998469665736,0,0,https://www.5movierulz.limited/privacy-policy
45,0,0,0,2,1,1,0,0,0.022222222222222223,0,0,7,0,10,0,0,4.1694136517890765,0,1,https://lepdimandoppeam.wixsite.com/my-site-1
26,0,0,0,1,0,1,0,0,0.0,0,0,9,0,5,0,0,3.796217602590056,0,0,https://ebizautos.net/home
178,0,0,0,3,1,1,0,0,0.12359550561797752,0,7,6,0,108,4,0,5.4264556767994305,0,1,https://docs.google.com/presentation/d/e/2PACX-1vQ3jaJBtZmgCoWMW0HHMnszHQ5BbNxW6Vt6n9x80qadJX6W4iQl0ijh4LEoM7dmveUHss3seWJtSQ86/pub?start=false&loop=false&delayms=3000&slide=id.p
22,0,0,0,1,0,1,0,1,0.045454545454545456,0,0,3,0,8,0,0,3.936260027531527,0,1,https://bit.ly/3CgsKAm
26,0,0,0,1,0,1,0,0,0.0,0,0,9,0,5,0,0,3.7962176025900565,0,0,https://amazonses.com/help
35,0,0,0,1,0,1,0,0,0.0,0,0,7,0,16,0,0,4.014438730983427,0,0,https://fapello.com/in/profile-name
29,0,0,0,2,1,1,0,0,0.034482758620689655,0,0,5,0,5,0,0,3.9952378913808864,0,0,https://support.game8.co/news
46,0,0,0,2,1,1,0,0,0.0,0,0,9,0,6,0,0,4.2675959232131575,0,1,https://livepublic-desktop.wixstudio.com/us-en
30,0,0,0,1,0,1,0,0,0.0,0,0,2,0,16,0,0,4.148394345536404,0,0,https://ku.edu/in/profile-name
26,0,0,0,1,0,1,1,0,0.07692307692307693,0,0,6,0,7,0,0,4.209867121904035,0,1,https://lgqu0n.info/7oBbyg
166,0,0,0,5,1,1,0,0,0.1746987951807229,0,8,10,0,27,0,0,5.411390205540373,0,1,https://storage.googleapis.com/worklinks/evrtinggood.html#EjtJpHvNzAQpVJTmmDUWpphaihqwGD&4msDLyvdaFc&263346/1162/xdfkulappp.home.php?sq=111-222471&lk=45306-8&page=820
116,0,0,0,3,1,1,0,0,0.12931034482758622,0,3,7,0,56,2,0,5.252197755303999,0,1,https://www.dropbox.com/c/scl/fi/llkmst34vrmfeqi978sal/BT-Mail-Login-Page.paper?dl=0&rlkey=cfjev405r2d3768bfzjhskk9i
46,0,0,0,2,1,1,0,0,0.13043478260869565,0,0,9,0,20,0,0,4.33597085859852,0,0,https://docs.mp4moviez.dad/products/item/10293
29,0,0,0,2,1,1,0,0,0.06896551724137931,0,0,4,0,0,0,0,4.306256857196537,0,1,https://voce-liv3l0br.page.gd
21,0,0,1,1,0,1,0,0,0.047619047619047616,0,0,3,0,7,0,0,3.8442328987631917,0,1,https://q-r.to/bgo3cy
34,0,0,0,2,1,1,0,0,0.0,0,0,6,0,1,0,0,4.314972767530033,0,1,https://oikmuivtrdzsew.weebly.com/
21,0,0,1,1,0,1,0,0,0.0,0,0,3,0,7,0,0,3.8442328987631917,0,1,https://q-r.to/bfIfdS
49,0,0,1,2,1,1,0,0,0.08163265306122448,0,1,9,0,6,1,0,4.530640140466969,0,0,https://support.awsdns-29.net/watch?v=dQw4w9WgXcQ
31,0,0,0,1,0,1,0,0,0.0,0,0,6,0,13,0,0,3.937751955408587,0,0,https://heroku.com/r/technology
18,0,0,0,1,0,1,0,0,0.0,0,0,6,0,0,0,0,3.5032583347756456,0,0,https://thawte.com
43,0,0,0,2,1,1,0,0,0.0,0,0,9,0,5,0,0,4.295353348118594,0,1,https://begin-legor-live.wixstudio.com/live
30,0,0,0,1,0,1,0,0,0.0,0,0,5,0,13,0,0,3.8980685120588388,0,0,https://vpsvc.com/r/technology
46,0,0,0,3,1,1,0,0,0.043478260869565216,0,1,2,0,2,1,1,4.381620107948734,0,1,https://l.wl.co/l?u=https://qr-codes.io/6BjqD0
32,0,0,0,2,1,1,0,0,0.0,0,0,11,0,1,0,0,3.9414280318460246,0,1,https://idvipps.firebaseapp.com/
28,0,0,0,2,1,1,0,0,0.0,0,0,3,0,8,0,0,3.7264741182543757,0,0,https://blog.gap.com/contact
21,0,0,1,1,0,1,0,0,0.047619047619047616,0,0,3,0,7,0,0,3.8442328987631917,0,1,https://q-r.to/bfJh2F
22,0,0,0,1,0,1,0,1,0.13636363636363635,0,0,3,0,8,0,0,4.027169118440618,0,1,https://bit.ly/4d68rTO
38,0,0,0,2,1,1,0,0,0.07894736842105263,0,0,8,0,14,0,0,4.41872290806656,0,0,https://www.informer.com/dp/B08N5WRWNW
38,0,0,0,2,1,1,0,0,0.2631578947368421,0,0,3,0,1,0,0,4.218469211370855,0,1,https://metasupport1000759136.web.app/
34,0,0,1,1,0,1,0,0,0.029411764705882353,0,0,16,0,6,0,0,4.29277019393699,0,0,https://bk6bba-resources.com/login
26,0,0,0,1,0,1,0,0,0.0,0,0,9,0,5,0,0,3.921029621737615,0,0,https://kunlunhuf.com/news
38,0,0,1,1,0,1,0,0,0.0,0,0,11,0,15,0,0,4.14860021052734,0,0,https://edu-servers.net/privacy-policy
22,0,0,0,2,1,1,0,0,0.0,0,0,7,0,0,0,0,3.8453509366224363,0,0,https://www.magonet.ru
20,0,0,0,2,1,1,0,0,0.0,0,0,4,0,0,0,0,3.4464393446710155,0,0,https://www.bsky.app
40,0,0,0,1,0,1,0,0,0.125,0,0,8,0,20,0,0,4.2628148954723555,0,0,https://neverssl.com/products/item/10293
33,0,0,0,2,1,1,1,0,0.0,0,0,11,0,1,0,0,4.104407755459851,0,1,https://bradesco.suportejapj.xyz/
23,0,0,0,2,1,1,0,0,0.0,0,0,3,0,7,0,0,4.0559581516151235,0,1,https://l.ead.me/bfXqDW
93,0,0,0,7,2,1,0,0,0.0,0,1,6,0,51,0,0,4.266813206783352,0,1,https://storage.cloud.google.com/maintainancecomponeta.appspot.com/myautoindex.html#@yorku.ca
30,0,0,0,2,1,1,0,0,0.03333333333333333,0,0,9,0,5,0,0,3.8980685120588388,0,0,https://www.xhamster2.com/news
65,0,0,4,3,2,0,0,0,0.09230769230769231,0,0,31,0,0,0,0,4.441674453271469,0,1,http://www.allegro-lokalnie.pl-ogloszenia-firmowe-id-883823.click
33,0,0,0,2,1,1,0,0,0.06060606060606061,0,0,12,0,5,0,0,4.210764573772789,0,0,https://www.filmyzilla62.com/news
46,0,0,0,3,1,1,0,0,0.043478260869565216,0,1,2,0,2,1,1,4.32173124920605,0,1,https://l.wl.co/l?u=https://qr-codes.io/3Xrr7x
21,0,0,1,1,0,1,0,0,0.047619047619047616,0,0,3,0,7,0,0,3.939470994001287,0,1,https://q-r.to/bgZmP0
45,0,0,0,3,1,1,0,0,0.0,0,0,5,0,20,0,0,4.180881575003209,0,0,https://blog.moeys.gov.kh/category/news/today
45,0,0,0,2,1,1,0,0,0.0,0,0,10,0,15,0,0,4.266977196801592,0,0,https://support.dbankcloud.com/privacy-policy
38,0,0,0,2,1,1,0,0,0.0,0,0,10,0,8,0,0,3.7834869741871495,0,0,https://support.surahquran.com/contact
23,0,0,0,2,1,1,0,0,0.0,0,0,3,0,7,0,0,3.8492239123906247,0,1,https://l.ead.me/bgaoRt
36,0,0,0,2,1,1,0,0,0.1111111111111111,0,0,6,0,1,0,0,4.461320140211008,0,1,https://verify2026zimbra.weebly.com/
32,0,0,0,3,1,1,0,0,0.0,0,0,6,0,4,0,0,3.8820488277869583,0,0,https://support.thesun.co.uk/faq
84,0,0,0,2,1,1,0,0,0.11904761904761904,0,0,6,0,61,0,0,5.248994803525097,0,1,https://docs.google.com/drawings/d/1lNPFODtvkEXTrTPxL2_q81QSyzF1Z8W7y3jDkTz8kF8/edit
37,0,0,0,2,1,1,0,0,0.0,0,0,5,0,16,0,0,4.1185201770721855,0,0,https://en.zenvy.best/in/profile-name
40,0,0,0,2,1,1,0,0,0.0,0,0,6,0,16,0,0,4.093942707918269,0,1,https://sites.google.com/view/jujna/home
27,0,0,0,2,1,1,0,0,0.037037037037037035,0,0,7,0,1,0,0,3.9582291686698783,0,1,https://ff7ndr.webwave.dev/
38,0,0,0,1,0,1,0,0,0.13157894736842105,0,0,6,0,20,0,0,4.238334671954104,0,0,https://fresha.com/products/item/10293
25,0,0,0,1,0,1,0,0,0.0,0,0,12,0,1,0,0,4.103465189601647,0,1,https://ridgewaykite.com/
38,0,0,0,2,1,1,0,0,0.0,0,0,6,0,1,0,0,4.313459750171824,0,1,https://contraloria-gov-py.weebly.com/
68,0,0,0,3,1,1,0,0,0.2647058823529412,0,1,2,0,9,1,0,4.752257142434586,0,1,https://away.vk.com/away.php?rh=7c9c7bbb-a001-4ce4-8212-e5889badff14
22,0,0,0,1,0,1,0,0,0.045454545454545456,0,0,4,0,7,0,0,3.970573095811685,0,1,https://qrco.de/bgboK3
51,0,0,0,1,0,1,0,0,0.11764705882352941,0,0,10,0,30,0,0,4.373624734961152,0,0,https://parliament.uk/article/2026/05/global-update
25,0,0,1,2,1,1,0,0,0.0,0,0,9,0,0,0,0,3.893660689688186,0,0,https://www.evo-games.com
21,0,0,1,1,0,1,0,0,0.047619047619047616,0,0,3,0,7,0,0,3.939470994001287,0,1,https://q-r.to/bgfR4H
146,0,0,1,6,0,1,1,0,0.3150684931506849,0,6,20,0,1,3,0,5.060104378606503,0,1,https://aacreditvnlon-onllne.top/?secure_connect=f523c*&_subid=1jgli31.4c.29pkb&_token=20ink9fptip8q.1784005840.3.c6b31069e8234c3599fedb634a7b2290
38,0,0,0,1,0,1,0,0,0.0,0,0,7,0,20,0,0,3.94309043645743,0,0,https://alberta.ca/category/news/today
33,0,0,0,2,1,1,0,0,0.0,0,0,3,0,1,0,0,4.0586569977529745,0,1,https://icsondersteuning.web.app/
52,0,0,0,2,1,1,0,0,0.057692307692307696,0,0,12,0,24,0,0,4.3123472283837065,0,0,https://www.blacktoon415.com/docs/forms/d/e/viewform
33,0,0,0,2,1,1,0,0,0.0,0,0,13,0,5,0,0,3.9801694078807643,0,0,https://en.desitelugusex.com/news
32,0,0,0,2,1,1,0,0,0.0,0,0,10,0,6,0,0,4.093139062229566,0,0,https://www.cambiumtds.com/login
40,0,0,0,3,1,1,0,0,0.15,0,0,9,0,12,0,0,4.087326145256009,0,1,https://chirno.grv846316.pro/captcha.php
43,0,0,0,1,0,1,0,0,0.0,0,0,11,0,20,0,0,3.830237069048826,0,0,https://domaintools.com/conditions/diabetes
22,0,0,0,1,0,1,0,0,0.0,0,0,4,0,7,0,0,4.152391277629866,0,1,https://qrco.de/bfJiQL
130,0,0,0,2,1,1,0,0,0.09230769230769231,0,4,10,0,77,2,0,5.482912840955699,0,1,https://ucmo0-my.sharepoint.com/:w:/g/personal/jmlee_ucmo_edu/EY4VIfgt_7NFmz9XrSc5lPcBYiU2dKrhyZ1vcu3pCml_LA?e=4%3advZG7B&amp;at=9
28,0,0,0,2,1,1,0,0,0.0,0,0,7,0,5,0,0,3.7089660826946234,0,0,https://www.ovscdns.com/news
40,0,0,0,2,1,1,0,0,0.0,0,0,9,0,7,0,0,4.2439427079182686,0,1,https://trzirbridge.wixstudio.com/wallet
60,0,0,0,1,0,1,0,0,0.0,0,0,16,0,32,0,0,4.128075747708068,0,1,https://petbriteboutique.com/wp-includes/certificates/in/me/
43,0,0,0,2,1,1,0,0,0.0,0,0,5,0,16,0,0,4.117784231295344,0,0,https://www.rings.solutions/in/profile-name
35,0,0,0,2,1,1,0,0,0.0,0,0,3,0,16,0,0,4.0220005168831525,0,0,https://www.web.app/in/profile-name
26,0,0,0,1,0,1,0,0,0.0,0,0,5,0,8,0,0,3.840265565194928,0,0,https://avtub.wiki/contact
32,0,0,0,2,1,1,0,0,0.03125,0,0,8,0,8,0,0,3.952819531114783,0,0,https://www.bilicdn1.com/contact
175,0,0,0,2,1,1,0,0,0.08571428571428572,0,5,6,0,108,3,0,5.674085381941455,0,1,https://docs.google.com/presentation/d/e/2PACX-1vQ9LAEJqUmzrz2jiQ6k4y_2XtnX9y7Tnb2OIgSWPjzynNFFWwdKhZZNLSbQQjKAYtCt3WOQaDhGYyxU/pub?start=false&amp;loop=false&amp;delayms=3000
28,0,0,0,2,1,1,0,0,0.0,0,0,8,0,4,0,0,3.9407598325400897,0,0,https://www.dagospia.com/faq
190,0,0,0,3,1,1,0,0,0.05263157894736842,0,7,6,0,108,4,0,5.442341503181859,0,1,https://docs.google.com/presentation/d/e/2PACX-1vQxzmeIadJeHxmVr_1fV9Kw-NdGZKCuenzhYt6QXywTDttV1LnbWkAhelHmtuCLuYkZVKCVhtmgiTFe/pub?start=false&amp;loop=false&amp;delayms=3000&amp;slide=id.p
29,0,0,0,2,1,1,0,0,0.1724137931034483,0,0,3,0,13,0,0,3.9952378913808864,0,1,https://l.ead.me/s237oqk2shh2
42,0,0,0,2,1,1,0,0,0.0,0,0,7,0,15,0,0,4.175188482808195,0,0,https://support.grafana.net/privacy-policy
36,0,0,0,2,1,1,0,0,0.0,0,0,6,0,1,0,0,3.7635585991342375,0,1,https://learn-start-trzer.framer.ai/
94,0,0,1,2,1,1,0,0,0.11702127659574468,0,0,13,0,65,0,0,4.760074990705276,0,1,https://ipfs.best-practice.se/ipfs/bafybeiekbq3txwvwxof34ls4zwxh7okpxj5x4k3laufqqfjdo7qfr7zx6e
47,0,0,0,2,1,1,0,0,0.0,0,0,9,0,8,0,0,4.161313459010318,0,1,https://livedesktop-enapp.wixstudio.com/desktop
16,0,0,0,1,0,1,0,0,0.0,0,0,5,0,0,0,0,3.5,0,0,https://amung.us
35,0,0,0,2,1,1,0,0,0.08571428571428572,0,0,6,0,14,0,0,4.036006945330954,0,0,https://www.ssstik.io/dp/B08N5WRWNW
25,0,0,0,2,1,1,0,0,0.0,0,0,4,0,5,0,0,3.7834651896016473,0,0,https://blog.redd.it/help
97,0,0,0,3,1,1,0,0,0.07216494845360824,0,5,12,0,25,1,0,4.754048606022156,0,1,https://www.cognitoforms.com/Garrconstruction1/SignIn?entry={%22Email%22:%abuse@abuse-att.net%22}
48,0,0,1,2,1,1,1,0,0.0,0,0,11,0,20,0,0,4.1373803454010725,0,0,https://www.afilias-nst.info/category/news/today
21,0,0,1,1,0,1,0,0,0.0,0,0,3,0,7,0,0,3.7489948035250964,0,1,https://q-r.to/bgbxon
51,0,0,0,2,1,1,0,0,0.0,0,0,7,0,24,0,0,4.10594856918854,0,0,https://support.sagepub.com/docs/forms/d/e/viewform
38,0,0,0,2,1,0,0,0,0.05263157894736842,0,0,12,0,0,0,0,4.293594289588575,0,1,http://site-m2mab9rxp.godaddysites.com
35,0,0,1,2,1,1,0,0,0.0,0,0,7,0,8,0,0,4.093149802473811,0,1,https://paycity.za-oygi.cfd/payment
34,0,0,0,2,1,1,0,0,0.0,0,0,9,0,8,0,0,3.9002708419385663,0,0,https://blog.formstack.com/contact
49,0,0,0,2,1,1,0,0,0.0,0,0,13,0,21,0,0,4.068819926526342,0,0,https://en.rockstargames.com/terms-and-conditions
57,0,0,0,1,0,1,0,0,0.10526315789473684,0,0,5,0,41,0,0,4.37685986574911,0,1,https://inbio.me/httpsdelicate-illuminate-368060framerapp
40,0,0,0,1,0,1,0,0,0.0,0,0,7,0,21,0,0,4.018453957701922,0,0,https://freetds.org/terms-and-conditions
35,0,0,0,2,1,1,0,0,0.0,0,0,6,0,1,0,0,4.207435516759526,0,1,https://eriolasdiiunter.weebly.com/
31,0,0,0,1,0,1,0,0,0.0967741935483871,0,0,5,0,14,0,0,4.1313003425053605,0,0,https://cdnga.net/dp/B08N5WRWNW
45,0,0,0,2,1,1,1,0,0.0,0,0,6,0,21,0,0,4.186762964036329,0,0,https://blog.bitrix.info/terms-and-conditions
35,0,0,0,2,1,1,0,0,0.0,0,0,2,0,15,0,0,4.071581588126284,0,0,https://www.fb.watch/privacy-policy
24,0,0,0,2,1,1,0,0,0.0,0,0,8,0,0,0,0,3.7720552088742005,0,0,https://www.illinois.edu
33,0,0,0,2,1,1,0,0,0.0,0,0,9,0,5,0,0,3.9225895736416696,0,0,https://support.learnings.ai/news
40,0,0,0,2,1,1,0,0,0.0,0,0,5,0,20,0,0,3.9250705203641822,0,0,https://www.booth.pm/conditions/diabetes
21,0,0,1,1,0,1,0,0,0.0,0,0,3,0,7,0,0,3.939470994001287,0,1,https://q-r.to/bfKVZP
46,0,0,0,2,1,1,0,0,0.0,0,0,8,0,21,0,0,4.224117662343592,0,0,https://blog.vodafone.com/terms-and-conditions
38,0,0,1,2,1,0,0,0,0.13157894736842105,0,0,11,0,0,0,0,4.523986065961298,0,1,http://allegrolokalnie.smart-94852.cfd
51,0,0,0,3,1,1,0,0,0.09803921568627451,0,1,2,0,2,1,1,4.500377547641743,0,1,https://l.wl.co/l?u=https://dik.si/VqjSYerw3e5h354h
72,0,0,0,3,0,1,0,0,0.08333333333333333,0,0,22,0,36,0,0,4.455453690383645,0,1,https://onesmusmwangiadvocates.co.ke/zee/data/aruba071126/web/authen.php
23,0,0,0,2,1,1,0,0,0.0,0,0,3,0,7,0,0,3.9690016298759927,0,1,https://l.ead.me/bfJvvk
20,0,0,0,2,1,1,0,0,0.0,0,0,4,0,0,0,0,3.441446071165522,0,0,https://docs.attn.tv
29,0,0,0,2,1,1,0,0,0.0,0,0,6,0,6,0,0,3.7024715122197467,0,0,https://docs.aparat.com/about
41,0,0,0,2,0,1,0,0,0.0,0,0,10,0,19,0,0,4.180365114215879,0,1,https://ovanglobal.com/essaypark/Logg.htm
121,0,0,0,3,1,1,0,0,0.11570247933884298,0,3,7,0,61,2,0,5.014649838043585,0,1,https://www.dropbox.com/scl/fi/mchzyt4paovpdh7m7w9dd/British-Telecommunication.paper?dl=0&rlkey=r02d3ilg8aggesmvd3pa7r275
38,0,0,0,1,0,1,0,0,0.07894736842105263,0,0,12,0,14,0,0,4.208196592277087,0,0,https://googlehosted.com/dp/B08N5WRWNW
54,0,0,1,2,1,0,0,0,0.07407407407407407,0,0,26,0,0,0,0,4.394073734471542,0,1,http://allegro-lokalnie.pl-ofertafirmowa746heu6feh.cfd
25,0,0,0,1,0,1,0,0,0.0,0,0,8,0,5,0,0,3.7532696895151085,0,0,https://coursera.org/home
50,0,0,0,2,1,1,0,0,0.12,0,0,5,0,30,0,0,4.438562939644917,0,0,https://en.naver.com/article/2026/05/global-update
34,0,0,0,1,0,1,0,0,0.0,0,0,7,0,15,0,0,4.02085512047121,0,0,https://goibibo.com/privacy-policy
25,0,0,0,1,0,1,0,0,0.0,0,0,8,0,5,0,0,3.733660689688186,0,0,https://doctolib.net/help
27,0,0,0,1,0,1,0,0,0.0,0,0,14,0,1,0,0,4.000645725252347,0,1,https://trustwalletjbv.com/
74,0,0,0,2,1,1,0,0,0.04054054054054054,0,0,6,1,1,0,0,4.314117644162315,0,1,https://wwwmicrosoft-com-en-us-microsoft-365-outlook-email.framer.website/
22,0,0,0,1,0,1,0,0,0.13636363636363635,0,0,5,0,6,0,0,3.8453509366224363,0,1,https://lihi2.me/k5ia1
39,0,0,0,2,1,1,0,0,0.0,0,0,9,0,13,0,0,4.077212078381127,0,0,https://docs.breitbart.com/r/technology
22,0,0,0,1,0,1,0,0,0.0,0,0,4,0,7,0,0,4.0614821867207755,0,1,https://qrco.de/beTlQJ
21,0,0,1,1,0,1,0,0,0.0,0,0,3,0,7,0,0,3.7849418274376427,0,1,https://q-r.to/bfKtON
41,0,0,0,2,1,1,0,0,0.0,0,0,11,0,1,0,0,4.104281809855787,0,1,https://rondpoint-trajet.firebaseapp.com/
34,0,0,0,2,1,1,0,0,0.0,0,0,6,0,1,0,0,4.116299605701696,0,1,https://xfiinitymember.weebly.com/
38,0,0,0,2,1,1,0,0,0.0,0,0,10,0,8,0,0,3.69546123818856,0,0,https://support.forocoches.com/contact
26,0,0,1,2,1,1,0,0,0.07692307692307693,0,0,9,0,0,0,0,4.103909910282364,0,0,https://blog.awsdns-07.net
30,0,0,0,1,0,1,0,0,0.0,0,0,10,0,8,0,0,4.21506101220307,0,1,https://farmersend.com/balling
60,0,0,2,1,0,1,0,0,0.0,0,0,24,0,24,0,0,4.295706687890901,0,0,https://browser-intake-datadoghq.com/docs/forms/d/e/viewform
42,0,0,0,2,1,1,0,0,0.023809523809523808,0,0,3,0,26,0,0,4.216506042177471,0,1,https://l.ead.me/bfH0vqSvsdgrehgesrfgvbeha
46,0,0,0,2,1,1,0,0,0.043478260869565216,0,1,10,0,6,1,0,4.363038521594966,0,0,https://www.myinstants.com/watch?v=dQw4w9WgXcQ
42,0,0,0,2,1,1,0,0,0.14285714285714285,0,0,7,0,20,0,0,4.318045625665338,0,0,https://en.4shared.com/products/item/10293
49,0,0,0,2,1,1,0,0,0.08163265306122448,0,0,6,0,25,0,0,4.204636702690701,0,1,https://sites.google.com/view/prohuper2023/inicio
41,0,0,0,1,0,1,0,0,0.0,0,0,14,0,15,0,0,4.045980358012782,0,1,https://epaperdocxfile.sbs/adobe-acrobat/
54,0,0,1,2,1,1,1,0,0.0,0,0,13,0,24,0,0,4.215342540871482,0,0,https://www.sex-studentki.live/docs/forms/d/e/viewform
36,0,0,0,2,1,1,0,0,0.0,0,0,8,0,13,0,0,3.842857292808497,0,0,https://en.congress.gov/r/technology
36,0,0,0,1,0,1,0,0,0.2222222222222222,0,0,4,0,20,0,0,4.170642544469059,0,0,https://e621.net/products/item/10293
47,0,0,0,2,1,1,0,0,0.0851063829787234,0,0,5,0,1,0,0,4.5806646493198215,0,1,https://qurnavi-gld-belquro-a4t5hc27.pages.dev/
23,0,0,0,2,1,1,0,0,0.0,0,0,3,0,5,0,0,3.4144413036949723,0,0,https://www.web.de/help
35,0,0,0,2,1,1,0,0,0.0,0,0,6,0,13,0,0,3.9188679318992437,0,0,https://docs.notvpn.io/r/technology
23,0,0,0,2,1,1,0,0,0.0,0,0,3,0,7,0,0,4.0559581516151235,0,1,https://l.ead.me/bfOQWx
47,0,0,0,2,0,1,0,0,0.0,0,0,12,0,20,0,0,4.501189383500469,0,1,https://quartzcolors.com.br/Web-Client-Upgrade/
76,0,0,1,2,1,1,0,0,0.3684210526315789,0,3,16,0,1,2,0,4.8905786253373815,0,1,https://us10.campaign-archive.com/?u=03cfc80d5ac85726653b13102&id=0614ff9910
84,0,0,0,2,1,1,0,0,0.08333333333333333,0,0,6,0,61,0,0,5.0260298517012805,0,1,https://docs.google.com/drawings/d/1qQShKQydwlgC31C-t31tdjfkwFZWsCISyL4O3Fy_hRg/edit
175,0,0,0,2,1,1,0,0,0.09142857142857143,0,5,6,0,108,3,0,5.515960650066891,0,1,https://docs.google.com/presentation/d/e/2PACX-1vTmUUPpKsSY9B7zue99WBGTgqKyitVq58t-aSkLZbt9zUvniLe3yADs7dTaCGW7bGcNrNrFeWFKqhrS/pub?start=false&amp;loop=false&amp;delayms=3000
40,0,0,0,2,0,1,0,0,0.025,0,0,5,0,20,0,0,4.106198332810095,0,0,https://dnsv1.com.cn/category/news/today
53,0,0,1,2,1,1,0,0,0.0,0,0,18,0,15,0,0,4.201621341552235,0,0,https://support.impactradius-event.com/privacy-policy
49,0,0,0,1,0,1,0,0,0.12244897959183673,0,0,7,0,30,0,0,4.295746773031725,0,0,https://acsbapp.com/article/2026/05/global-update
27,0,0,0,2,1,1,0,0,0.0,0,0,7,0,1,0,0,4.106377316818026,0,1,https://iglznc.webwave.dev/
32,0,0,0,2,1,1,0,0,0.0,0,0,6,0,1,0,0,4.054229296672175,0,1,https://fsnb-acc-sec.weebly.com/
40,0,0,2,1,0,1,0,0,0.0,0,0,15,0,13,0,0,4.1219280948873624,0,0,https://donya-e-eqtesad.com/r/technology
42,0,0,0,1,0,1,0,0,0.047619047619047616,0,1,10,0,6,1,0,4.653756708287001,0,0,https://sendinblue.com/watch?v=dQw4w9WgXcQ
190,0,0,0,3,1,1,0,0,0.08421052631578947,0,7,6,0,108,4,0,5.597131316676586,0,1,https://docs.google.com/presentation/d/e/2PACX-1vTfJvP_hi5QDm_EIkREOu1G27PKqTkHpn0HeRyZE6HTcIy2XDFJ6GNDBrXfIiradeUf3zJ_uy9fGYPL/pub?start=false&amp;loop=false&amp;delayms=3000&amp;slide=id.p
51,0,0,0,2,1,1,0,0,0.0392156862745098,0,0,5,0,1,0,0,4.414798567708404,0,1,https://sp12ct-vormor-biz-hansik-pravsel.pages.dev/
53,0,0,0,3,1,0,0,0,0.07547169811320754,0,0,7,0,9,0,0,4.296817219997835,0,1,http://incredible-treacle-da8133.netlify.app/lak.html
28,0,0,0,2,1,1,0,0,0.0,0,0,8,0,0,0,0,3.72290749432188,0,0,https://support.bitchute.com
22,0,0,0,1,0,1,0,0,0.0,0,0,4,0,7,0,0,4.152391277629866,0,1,https://qrco.de/bgaZkP
38,0,0,0,2,1,0,0,0,0.13157894736842105,0,0,12,0,0,0,0,4.346225868535943,0,1,http://site-6aa3879fh.godaddysites.com
25,0,0,0,1,0,1,0,0,0.0,0,0,8,0,6,0,0,3.8332696895151086,0,0,https://vkusvill.ru/about
38,0,0,0,1,0,1,0,0,0.0,0,0,6,0,20,0,0,3.955311316634013,0,0,https://garena.com/category/news/today
337,0,0,1,3,1,1,0,0,0.26409495548961426,0,15,16,0,3,6,1,5.872211027268472,0,1,https://antiphishing.oxsus-vadesecure.net/v4?f=t1_aMakh6kIST7whnCyPdHK8qW-uigZid6d3-9DX_9p6IIC7fuJxQW0LU0Ja9MBO&i=wOrBrj9wM2K9zyGsf3qj9c5ziP0AJqdQNyS1GXa1AB8&k=8OKl&r=KY4e2NDaaMOIxyCovl7lyhUVT61Izy-Se2P2DjmhIzRoFzRlkV2WO9P-b8HrTa29&s=375c6141353702e524db32aac6ffbb021395b409b32612fcf8695d93776fb4f3&u=https%3A%2F%2Ftinyurl.com%2Fyde5r869
40,0,0,0,2,1,1,0,0,0.125,0,0,5,0,20,0,0,4.2439427079182686,0,0,https://en.jcphi.com/products/item/10293
15,0,0,0,1,0,1,0,0,0.0,0,0,3,0,0,0,0,3.3735572622751855,0,0,https://hbs.edu
19,0,0,0,1,0,1,0,0,0.0,0,0,7,0,0,0,0,3.6818808028034025,0,0,https://cbsnews.com
33,0,0,0,2,1,1,0,0,0.0,0,0,8,0,6,0,0,3.861983513035609,0,0,https://support.hostland.ru/login
37,0,0,0,1,0,1,0,0,0.0,0,0,17,0,8,0,0,4.100816878908575,0,1,https://nakedraincreative.com/verify/
39,0,0,0,2,1,1,0,0,0.0,0,0,6,0,13,0,0,4.025930027099076,0,0,https://support.extcam.com/r/technology
22,0,0,0,1,0,1,0,1,0.045454545454545456,0,0,3,0,8,0,0,3.8453509366224363,0,1,https://bit.ly/4fRRyOB
56,0,0,1,2,0,1,0,0,0.10714285714285714,0,0,12,0,30,0,0,4.441221110200141,0,0,https://rakuten-card.co.jp/article/2026/05/global-update
34,0,0,0,1,0,1,0,0,0.058823529411764705,0,1,2,0,6,1,0,4.410417252760519,0,0,https://iq.com/watch?v=dQw4w9WgXcQ
48,0,0,0,2,1,1,0,0,0.0,0,0,12,0,20,0,0,4.1394608760283615,0,0,https://www.razersynapse.com/conditions/diabetes
42,0,0,0,3,1,1,0,0,0.047619047619047616,0,1,4,0,6,1,0,4.415661470191763,0,0,https://en.sjtu.edu.cn/watch?v=dQw4w9WgXcQ
43,0,0,0,2,1,1,0,0,0.13953488372093023,0,0,6,0,1,0,0,4.3906990567258,0,1,https://methodical-forms-092771.framer.app/
36,0,0,0,1,0,1,0,0,0.0,0,0,16,0,8,0,0,3.596891932467571,0,0,https://crowncoinscasino.com/contact
42,0,0,0,2,1,1,0,0,0.0,0,0,9,0,6,0,0,4.266502839084849,0,1,https://lddger-live-us.wixstudio.com/en-us
61,0,0,0,2,1,1,0,0,0.0,0,1,12,0,7,1,0,4.311587239685701,0,0,https://blog.godaddysites.com/search?q=cybersecurity+research
175,0,0,0,2,1,1,0,0,0.10857142857142857,0,5,6,0,108,3,0,5.61092848643907,0,1,https://docs.google.com/presentation/d/e/2PACX-1vTAT2S7aBkJHozy7h84N1lZk8jFmByRsihzUl5HXl5MeKgf-xv9trVZ9rye9IXBbawCFQATPcWPZBI2/pub?start=false&amp;loop=false&amp;delayms=3000
41,0,0,0,2,1,1,0,0,0.0,0,0,17,0,4,0,0,4.104281809855787,0,0,https://support.linodeusercontent.com/faq
33,0,0,0,2,1,1,0,0,0.06060606060606061,0,0,3,0,17,0,0,4.173033892020166,0,1,https://l.ead.me/Kuwaitpost8jKl8z
49,0,0,0,2,1,1,0,0,0.0,0,0,9,0,24,0,0,4.122150090854652,0,0,https://blog.gosuslugi.ru/docs/forms/d/e/viewform
36,0,0,1,2,1,0,0,0,0.19444444444444445,0,0,16,0,0,0,0,4.197159723424149,0,1,http://allegro.pl-oferta5821989.shop
43,0,0,0,1,0,1,0,0,0.20930232558139536,0,0,7,0,23,0,0,4.5340664296648825,0,1,https://5731mqa.hair/qpyx53ie/thKBwD/tf82d1
49,0,0,0,2,1,1,0,0,0.04081632653061224,0,0,7,0,10,0,0,4.2280090910116535,0,1,https://onlinetransferwise2.wixsite.com/my-site-1
28,0,0,0,2,1,1,0,0,0.0,0,0,8,0,4,0,0,4.012188403968661,0,0,https://www.dashlane.com/faq
34,0,0,1,2,0,1,0,0,0.0,0,0,12,0,10,0,0,4.1973257087065035,0,1,https://login-drives.com/index.php
47,0,0,0,2,1,0,0,0,0.0,0,0,5,0,0,0,0,4.106948425777472,0,1,http://rocket-money-adsense-prelander.pages.dev
29,0,0,0,2,1,0,0,0,0.0,0,0,7,0,1,0,0,3.9783335811852636,0,1,http://claim-gpq.netlify.app/
26,0,0,0,1,0,1,0,0,0.0,0,0,8,0,6,0,0,3.7192945256669794,0,0,https://geneanet.org/about
23,0,0,0,1,0,1,0,0,0.0,0,0,5,0,6,0,0,3.936180434129755,0,0,https://detik.com/login
21,0,0,1,1,0,1,0,0,0.0,0,0,3,0,7,0,0,3.939470994001287,0,1,https://q-r.to/bfKRDY
20,0,0,0,1,0,1,0,0,0.0,0,0,6,0,3,0,0,3.3841837197791893,0,1,https://crvisa.cc/cr
27,0,0,0,1,0,1,0,0,0.037037037037037035,0,0,3,0,13,0,0,4.356558335416673,0,1,https://zpr.io/CHQncdeC8gux
60,0,0,2,1,0,1,0,0,0.0,0,1,23,0,14,1,0,4.270276897302059,0,1,https://portail-contrat-gestion.com/vos-commandes?token=null
47,0,0,0,2,1,1,0,0,0.0,0,0,9,0,20,0,0,4.1021492238799695,0,0,https://docs.moviezwap.land/conditions/diabetes
28,0,0,0,1,0,0,0,0,0.0,0,0,13,0,0,0,0,3.878783493486176,0,1,http://pjbiaclientes.digital
69,0,0,0,2,1,1,0,0,0.07246376811594203,0,1,21,0,1,1,0,5.081077312001631,0,1,https://www.anaheimcarpetcleaning.com/?_scpr=AdxU7Ba3v8C4DEywmGrOPN4Q
30,0,0,0,2,1,1,0,0,0.0,0,0,8,0,5,0,0,4.056564762130955,0,0,https://blog.oneindia.com/help
46,0,0,0,2,1,1,0,0,0.13043478260869565,0,0,6,0,1,0,0,4.316827716832514,0,1,https://practical-engineers-435865.framer.app/
45,0,0,0,2,1,1,0,0,0.0,0,0,8,0,20,0,0,3.9835352523090704,0,0,https://docs.wordwall.net/conditions/diabetes
34,0,0,0,2,1,1,0,0,0.0,0,0,6,0,8,0,0,3.701597680110229,0,0,https://support.onlamp.com/contact
43,0,0,0,2,1,1,0,0,0.0,0,0,13,0,13,0,0,4.0328659881696876,0,0,https://blog.domaincontrol.com/r/technology
31,0,0,0,3,1,1,0,0,0.0,0,0,4,0,8,0,0,3.7726095206097563,0,0,https://www.xskt.com.vn/contact
44,0,0,0,2,1,1,0,0,0.13636363636363635,0,0,6,0,1,0,0,4.2544418457133455,0,1,https://potential-raccoon-108116.framer.app/
62,0,0,0,3,1,1,0,0,0.3870967741935484,0,0,2,0,11,0,0,4.660957448009713,0,1,https://pub-4855794bab3f44ff864513d537421da4.r2.dev/index.html
38,0,0,0,2,1,1,0,0,0.0,0,0,7,0,16,0,0,4.165837632423487,0,0,https://en.workers.dev/in/profile-name
38,0,0,0,2,1,1,0,0,0.0,0,0,7,0,15,0,0,4.181366328891459,0,0,https://blog.beacons.ai/privacy-policy
23,0,0,0,2,1,1,0,0,0.08695652173913043,0,0,3,0,7,0,0,3.9690016298759927,0,1,https://l.ead.me/bfa45n
52,0,0,0,2,1,1,0,0,0.11538461538461539,0,0,7,0,30,0,0,4.428536535690753,0,0,https://en.theweek.com/article/2026/05/global-update
167,0,0,0,2,1,1,0,0,0.09580838323353294,0,5,6,0,108,3,0,5.461176751298321,0,1,https://docs.google.com/presentation/d/e/2PACX-1vSCydn5h_ci7tVcVd0pTsjDCneqqFGoCKUiOS6pHkqeds-X5ALLmcpD8ACqXLbr93ipfP_KgOT0zOt7/pub?start=false&loop=false&delayms=3000
40,0,0,0,1,0,1,0,0,0.0,0,0,5,0,24,0,0,3.9837834090041016,0,0,https://ozone.ru/docs/forms/d/e/viewform
131,0,0,0,2,1,1,0,0,0.12213740458015267,0,0,6,0,108,0,0,5.59586746753133,0,1,https://docs.google.com/presentation/d/e/2PACX-1vTyI_581QxmY-wun6dW5Tf4hfpMc1GHMX72BmDaoRR-lqAVnlEMjh8b13aV-yLwDg8qPs5nkBgFCTlP/pub
57,0,0,0,2,1,1,0,0,0.0,0,1,8,0,7,1,0,4.174199883568526,0,0,https://blog.togetter.com/search?q=cybersecurity+research
39,0,0,0,3,0,0,0,0,0.0,0,0,8,0,17,0,0,3.9359357962188977,0,1,http://stanford.edu.ec/fs/des/index.php
40,0,0,0,2,1,1,0,0,0.0,0,0,7,0,3,0,0,4.196439344671016,0,1,https://exhoduswibvbnwalet.gitbook.io/us
175,0,0,0,2,1,1,0,0,0.13142857142857142,0,5,6,0,108,3,0,5.597441647673594,0,1,https://docs.google.com/presentation/d/e/2PACX-1vTN2JxGhvxNiTSeA1BSMv97R-8IWdwCsC0u0n446hX54I_bW0Mak0atpem3wFVr86KIZlNYEPevhu_C/pub?start=false&amp;loop=false&amp;delayms=3000
21,0,0,1,1,0,1,0,0,0.0,0,0,3,0,7,0,0,3.8442328987631917,0,1,https://q-r.to/bgaXnh
43,0,0,0,2,1,1,0,0,0.0,0,0,7,0,16,0,0,4.08267318468309,0,0,https://support.latimes.com/in/profile-name
110,0,0,0,3,1,1,0,0,0.13636363636363635,0,3,7,0,50,2,0,5.27352571443094,0,1,https://www.dropbox.com/scl/fi/ws6lcl1d2mhmy9eg36dvr/BT-ACCESS-PAGE.paper?rlkey=bjhw2bp0hrv4rd160nqmqjh29&dl=0
37,0,0,0,3,2,1,0,0,0.0,0,0,5,0,1,0,0,4.026360459931184,0,1,https://aouth.rnicosoft-uid.surge.sh/
21,0,0,1,1,0,1,0,0,0.0,0,0,3,0,7,0,0,3.7489948035250964,0,1,https://q-r.to/bfbRfA
44,0,0,0,2,1,1,0,0,0.0,0,0,9,0,20,0,0,3.8996772894761453,0,0,https://en.southwest.com/conditions/diabetes
44,0,0,0,2,1,1,0,0,0.022727272727272728,0,0,10,0,15,0,0,4.126950016748872,0,0,https://support.lookmovie2.to/privacy-policy
84,0,0,0,2,1,1,0,0,0.047619047619047616,0,0,6,0,61,0,0,5.183402243949776,0,1,https://docs.google.com/drawings/d/1K7R2cvwXwoHbFj_VxczSg1ybTNRLozOvSMeRMnMrJ-A/edit
26,0,0,1,2,1,1,0,0,0.0,0,0,5,0,6,0,0,3.979097891134805,0,0,https://en.ws-hp.com/login
25,0,0,0,1,0,1,0,0,0.0,0,0,8,0,5,0,0,3.7532696895151085,0,0,https://incapdns.net/home
26,0,0,0,2,1,1,0,0,0.0,0,0,6,0,0,0,0,3.825251737288651,0,1,https://exodssu.zapier.app
33,0,0,1,2,1,1,1,0,0.0,0,0,13,0,4,0,0,4.202744497818534,0,1,https://www.gov-parkingqe.top/com
22,0,0,0,1,0,1,0,0,0.0,0,0,10,0,0,0,0,3.5160276412662306,0,0,https://serverdata.net
27,0,0,0,2,1,1,0,0,0.0,0,0,8,0,0,0,0,3.5878587982995076,0,1,https://ffsbccs.blogspot.ch
26,0,0,0,2,1,1,0,0,0.15384615384615385,0,0,3,0,1,0,0,4.103909910282364,0,1,https://zoll-4037.web.app/
16,0,0,0,1,0,1,0,0,0.0,0,0,5,0,0,0,0,3.625,0,0,https://jfrog.io
32,0,0,0,1,0,1,0,0,0.0,0,0,7,0,13,0,0,3.890319531114783,0,0,https://allegro.com/r/technology
48,0,0,0,2,1,0,0,0,0.0,0,0,11,0,0,0,0,4.02467389677155,0,1,http://squarespace-me-affiliates.squarespace.com
38,0,0,0,2,1,1,0,0,0.10526315789473684,0,0,6,0,1,0,0,4.175430473912968,0,1,https://sportybetadder1001.weebly.com/
25,0,0,0,1,0,1,0,0,0.04,0,0,8,0,6,0,0,4.103465189601647,0,1,https://biolinky.co/xvt-4
75,0,0,1,2,1,1,0,0,0.30666666666666664,0,3,16,0,1,2,0,4.83931203171502,0,1,https://us3.campaign-archive.com/?u=a1b66873b1b074c1def263f8f&id=a1c10b3238
29,0,0,0,1,0,1,1,0,0.0,0,0,9,0,7,0,0,3.8664331502253835,0,1,https://nycenergy.info/lonos/
35,0,0,0,1,0,1,0,0,0.0,0,0,8,0,15,0,0,4.057575159678482,0,0,https://custhelp.com/privacy-policy
52,0,0,0,2,1,1,0,0,0.11538461538461539,0,0,7,0,30,0,0,4.526986833359286,0,0,https://en.julydns.com/article/2026/05/global-update
22,0,0,0,1,0,1,0,1,0.13636363636363635,0,0,3,0,8,0,0,4.027169118440618,0,1,https://bit.ly/41oSPI7
44,0,0,0,2,1,1,0,0,0.13636363636363635,0,0,5,0,1,0,0,4.481714572986073,0,1,https://ety-92dri-ohj-298bpz-4xjv.pages.dev/
54,0,0,0,2,1,1,0,0,0.05555555555555555,0,0,7,0,29,0,0,4.868326335850002,0,1,https://share.hsforms.com/1tEZK6mCVSui-mFiRxyMqbgsow5o
175,0,0,0,2,1,1,0,0,0.10857142857142857,0,5,6,0,108,3,0,5.5922621272724555,0,1,https://docs.google.com/presentation/d/e/2PACX-1vQsP2VZTYu1tYHVh607tLh3BmFRIfj0uyxgDkA4kmXllnVpH6O0NrWxvnGGWmLi5uG4AV2JWvM_goNp/pub?start=false&amp;loop=false&amp;delayms=3000
40,0,0,0,2,1,1,0,0,0.0,0,0,11,0,1,0,0,4.134183719779189,0,1,https://alertadecuentas.webcindario.com/
42,0,0,0,2,1,1,0,0,0.11904761904761904,0,0,7,0,20,0,0,4.21412829288914,0,0,https://www.stamped.io/products/item/10293
21,0,0,0,1,0,1,0,0,0.047619047619047616,0,0,4,0,5,0,0,3.7849418274376427,0,0,https://e2ro.com/news
59,0,0,0,2,1,1,0,0,0.1016949152542373,0,0,9,0,30,0,0,4.382583838107301,0,0,https://support.vnexpress.net/article/2026/05/global-update
28,0,0,1,2,1,1,0,0,0.0,0,0,7,0,1,0,0,3.9232517969803373,0,1,https://comfirm.m-pages.com/
24,0,0,0,2,1,1,0,0,0.0,0,0,3,0,5,0,0,3.6053885422075336,0,0,https://www.dmm.com/news
41,0,0,0,2,1,1,0,0,0.07317073170731707,0,0,10,0,14,0,0,4.491459931341817,0,0,https://blog.chinatimes.com/dp/B08N5WRWNW
40,0,0,0,2,1,1,0,0,0.075,0,0,6,0,14,0,0,4.293942707918269,0,0,https://support.jwpcdn.com/dp/B08N5WRWNW
45,0,0,0,2,1,1,0,0,0.0,0,0,9,0,16,0,0,4.180307540581811,0,0,https://support.xhchannel.com/in/profile-name
41,0,0,0,2,1,1,0,0,0.0,0,0,6,0,1,0,0,4.110736992940919,0,1,https://comcastsecurityupdate.weebly.com/
31,0,0,1,1,0,1,0,0,0.0,0,0,18,0,1,0,0,3.873235826376329,0,1,https://utilisateurs-prims.com/
52,0,0,2,2,1,1,0,0,0.057692307692307696,0,0,24,0,14,0,0,4.618426977631661,0,0,https://en.browser-intake-datadoghq.eu/dp/B08N5WRWNW
39,0,0,0,1,0,1,0,0,0.0,0,0,7,0,20,0,0,4.045286116898138,0,0,https://groupme.com/category/news/today
38,0,0,0,2,1,1,0,0,0.0,0,0,6,0,1,0,0,4.188331131693838,0,1,https://webverifystlouiscu.weebly.com/
41,0,0,0,2,1,1,0,0,0.0,0,0,10,0,16,0,0,4.092325102644249,0,0,https://en.melonstube.com/in/profile-name
36,0,0,1,1,0,1,0,0,0.08333333333333333,0,0,10,0,14,0,0,4.350209029099897,0,0,https://sentry-cdn.com/dp/B08N5WRWNW
39,0,0,1,2,1,1,0,0,0.05128205128205128,0,0,9,0,13,0,0,4.252974975106084,0,0,https://blog.awsdns-48.net/r/technology
24,0,0,0,2,1,1,0,0,0.0,0,0,3,0,6,0,0,3.720175521464345,0,0,https://en.sfr.net/about
37,0,0,0,2,1,1,0,0,0.0,0,0,5,0,15,0,0,4.0671651897778585,0,0,https://blog.cimri.com/privacy-policy
44,0,0,0,1,0,1,0,0,0.0,0,0,9,0,24,0,0,4.114857540029793,0,0,https://learncbse.in/docs/forms/d/e/viewform
31,0,0,1,2,0,1,0,0,0.0,0,0,8,0,12,0,0,3.937751955408587,0,1,https://vr-raiff.de/d/index.php
23,0,0,0,2,1,1,0,0,0.08695652173913043,0,0,3,0,7,0,0,4.0559581516151235,0,1,https://l.ead.me/bfZ53M
30,0,0,0,2,1,1,0,0,0.0,0,0,9,0,5,0,0,3.9144093452479405,0,0,https://www.permutive.com/help
48,0,0,0,2,1,1,0,0,0.020833333333333332,0,0,10,0,21,0,0,4.092280407143145,0,0,https://docs.goseries4k.com/terms-and-conditions
27,0,0,0,2,1,1,0,0,0.0,0,0,7,0,5,0,0,3.81008102052173,0,0,https://www.domenus.ru/home
43,0,0,0,2,1,1,0,0,0.023255813953488372,0,0,7,0,10,0,0,4.251164173004869,0,1,https://jamesolalakon.wixsite.com/my-site-1
39,0,0,0,2,1,1,0,0,0.0,0,0,9,0,13,0,0,4.054632988093018,0,0,https://blog.termsfeed.com/r/technology
22,0,0,0,1,0,1,0,1,0.13636363636363635,0,0,3,0,8,0,0,4.027169118440618,0,1,https://bit.ly/4eXjf72
57,0,0,0,1,0,1,0,0,0.3684210526315789,0,1,6,1,25,0,0,4.593781409198239,0,1,https://h7qveb.sbs/o/ix118/7330688845811968#selectedbank9
22,0,0,0,1,0,1,0,0,0.045454545454545456,0,0,4,0,7,0,0,4.152391277629866,0,1,https://qrco.de/bfJkP4
43,0,0,0,2,1,1,0,0,0.0,0,0,7,0,21,0,0,4.071272603388367,0,0,https://en.cudasvc.com/terms-and-conditions
44,0,0,0,2,1,1,0,0,0.11363636363636363,0,0,7,0,20,0,0,4.414564153841,0,0,https://blog.betking.com/products/item/10293
23,0,0,0,2,1,1,0,0,0.043478260869565216,0,0,3,0,7,0,0,3.9690016298759927,0,1,https://l.ead.me/bfPk6p
45,0,0,0,2,1,1,0,0,0.0,0,0,5,0,1,0,0,4.191201429374546,0,1,https://jordancardumniahzainorange.pages.dev/
23,0,0,0,2,1,1,0,0,0.043478260869565216,0,0,3,0,7,0,0,3.8492239123906247,0,1,https://l.ead.me/bfHs1t
28,0,0,0,2,1,1,0,0,0.0,0,0,5,0,6,0,0,4.012188403968661,0,0,https://blog.yhprn.com/about
22,0,0,0,1,0,1,0,0,0.0,0,0,4,0,7,0,0,4.0614821867207755,0,1,https://qrco.de/bgZsUX
41,0,0,0,2,1,1,0,0,0.0,0,0,8,0,13,0,0,4.159517480745797,0,0,https://support.movieweb.com/r/technology
39,0,0,0,2,1,1,0,0,0.0,0,0,9,0,15,0,0,4.162980744225907,0,0,https://en.discovery.com/privacy-policy
41,0,0,0,2,1,1,0,0,0.0,0,0,4,0,21,0,0,3.945983639229615,0,0,https://docs.nimo.tv/terms-and-conditions
26,0,0,0,2,1,1,0,0,0.0,0,0,5,0,4,0,0,4.056020968057882,0,0,https://docs.bible.com/faq
62,0,0,0,3,1,1,0,0,0.3709677419354839,0,0,2,0,11,0,0,4.649456746038792,0,1,https://pub-f567dc03e26e4f3cb9564649c453004c.r2.dev/index.html
48,0,0,0,4,1,1,0,0,0.0625,0,1,3,0,7,0,0,4.415400719733289,0,1,https://l.ead.me/bfh598#redacted@abuse.ionos.com
25,0,0,0,1,0,1,1,0,0.12,0,0,13,0,0,0,0,4.003856189774725,0,1,https://facturealo168.top
87,0,0,1,2,1,0,0,0,0.22988505747126436,0,0,9,1,51,0,0,4.633297628796252,0,1,http://allegrolokalnie.pl-983243.sbs/get/f2a09e1c-5bcc-4e4c-ad2c-c44d7c84da2e/bank/ipko
48,0,0,0,2,1,1,1,0,0.0,0,0,11,0,20,0,0,4.0450427723692055,0,0,https://www.rbstsystems.live/conditions/diabetes
31,0,0,0,3,1,1,0,0,0.0,0,0,6,0,5,0,0,3.84888461662912,0,0,https://blog.lenovo.com.cn/help
44,0,0,0,2,1,0,0,0,0.18181818181818182,0,0,5,0,1,0,0,4.510012584300539,0,1,http://6r15-3aoj4h-wdhw7t-a3b-0dn.pages.dev/
84,0,0,0,2,1,1,0,0,0.09523809523809523,0,0,6,0,61,0,0,5.1673906014742235,0,1,https://docs.google.com/drawings/d/1Lcl3r9EzPGmQErHi_JFbUwFFAZ3icLC3c4gKvJ7nCx8/edit
22,0,0,0,1,0,1,0,0,0.0,0,0,4,0,7,0,0,4.027169118440618,0,1,https://qrco.de/bfYutk
22,0,0,0,1,0,1,0,0,0.0,0,0,5,0,5,0,0,3.5160276412662306,0,0,https://amemv.com/home
22,0,0,0,1,0,1,1,0,0.13636363636363635,0,0,9,0,1,0,0,3.5160276412662306,0,1,https://ecsite008.top/
33,0,0,0,2,1,1,0,0,0.0,0,0,5,0,5,0,0,4.0895524525606675,0,1,https://placin-aryd.surge.sh/secr
49,0,0,0,2,1,1,0,0,0.04081632653061224,0,1,9,0,6,1,0,4.451572732692943,0,0,https://support.goodnotes.com/watch?v=dQw4w9WgXcQ
26,0,0,0,2,1,1,0,0,0.0,0,0,10,0,0,0,0,3.7962176025900565,0,0,https://www.sambaporno.com
44,0,0,0,2,1,1,0,0,0.0,0,0,5,0,20,0,0,4.075480414328636,0,0,https://support.tbank.ru/category/news/today
35,0,0,0,3,1,1,0,0,0.2,0,0,3,0,12,0,0,4.128724445269142,0,1,https://cb761184.tw1.ru/pageweb.php
37,0,0,0,2,1,1,0,0,0.0,0,0,10,0,8,0,0,3.8206945011626217,0,0,https://support.flashscore.fr/contact
33,0,0,0,1,0,1,0,0,0.0,0,0,20,0,1,0,0,3.98319563424773,0,1,https://clientsgparticuliers.com/
44,0,0,0,2,1,1,0,0,0.0,0,0,6,0,1,0,0,4.126950016748872,0,1,https://custody--trezur-shuite.framer.media/
33,0,0,0,1,0,1,0,0,0.0,0,0,6,0,15,0,0,4.066677073707229,0,0,https://eskimi.com/privacy-policy
75,0,0,1,2,1,1,0,0,0.30666666666666664,0,3,16,0,1,2,0,4.774453271567563,0,1,https://us8.campaign-archive.com/?u=b4617f1e86660a1622ac6960c&id=ae5ae2cb71
46,0,0,1,2,1,1,0,0,0.043478260869565216,0,0,9,0,21,0,0,4.118579554250694,0,0,https://www.awsdns-14.com/terms-and-conditions
28,0,0,0,1,0,1,0,1,0.10714285714285714,0,0,7,0,9,0,0,4.253434386188785,0,1,https://tinyurl.com/ys8za44e
40,0,0,0,2,1,1,0,0,0.0,0,0,6,0,1,0,0,4.089822782008755,0,1,https://ilizimbrashawwebmail.weebly.com/
22,0,0,0,1,0,1,0,0,0.0,0,0,4,0,7,0,0,4.152391277629866,0,1,https://qrco.de/bfgTvW
35,0,0,0,2,1,1,0,0,0.0,0,0,12,0,6,0,0,4.229003731107054,0,0,https://blog.verywellmind.com/login
42,0,0,0,2,1,1,0,0,0.14285714285714285,0,0,6,0,1,0,0,4.216506042177471,0,1,https://inventive-sense-399247.framer.app/
44,0,0,0,3,2,0,0,0,0.13636363636363635,0,0,12,0,0,0,0,4.3281944024823575,0,1,http://www.allegrolokalnie.oferta383462.shop
45,0,0,0,2,1,1,0,0,0.13333333333333333,0,0,6,0,1,0,0,4.23564587381899,0,1,https://agreeable-benefits-553922.framer.app/
22,0,0,0,1,0,1,0,0,0.0,0,0,4,0,7,0,0,3.970573095811685,0,1,https://qrco.de/bfQfVc
22,0,0,0,1,0,1,0,0,0.0,0,0,4,0,7,0,0,4.152391277629866,0,1,https://qrco.de/bfEFmx
38,0,0,0,1,0,1,0,0,0.15789473684210525,0,0,7,0,20,0,0,4.323732369265592,0,0,https://hdhub4u.af/products/item/10293
40,0,0,0,2,1,1,0,0,0.075,0,0,7,0,14,0,0,4.3341837197791895,0,0,https://support.ctvnews.ca/dp/B08N5WRWNW
41,0,0,0,2,1,1,0,0,0.0,0,0,6,0,20,0,0,4.025132724542701,0,0,https://www.evotor.ru/conditions/diabetes
35,0,0,0,1,0,1,0,0,0.0,0,0,11,0,13,0,0,3.976010789042101,0,0,https://mondosanita.it/r/technology
33,0,0,0,2,1,1,0,0,0.0,0,0,18,0,0,0,0,3.9603202553942918,0,0,https://en.digitaloceanspaces.com
32,0,0,0,2,1,1,0,0,0.0,0,0,6,0,1,0,0,4.202819531114783,0,1,https://qesdfgiloiyh.weebly.com/
32,0,0,1,1,0,1,0,0,0.0,0,0,19,0,1,0,0,4.327819531114783,0,1,https://zahlung-uberweisung.cfd/
36,0,0,0,1,0,1,0,0,0.05555555555555555,0,1,4,0,6,1,0,4.329239931817578,0,0,https://gate.com/watch?v=dQw4w9WgXcQ
123,0,0,1,2,1,1,0,0,0.08943089430894309,0,0,8,1,87,0,0,4.551693693955978,0,1,https://allegrolokalnie.pl-2dgif.sbs/oferta/jak-nowy-tablet-apple-ipad-11-a16-128gb-rozowy-gwarancja-apple-pencil-dwa-t95a3
44,0,0,0,2,1,1,0,0,0.0,0,0,7,0,20,0,0,4.206717630483576,0,0,https://docs.flixcdn.com/category/news/today
48,0,0,0,2,1,1,0,0,0.10416666666666667,0,0,13,0,20,0,0,4.358007230104883,0,0,https://www.officestation.jp/products/item/10293
21,0,0,1,1,0,1,0,0,0.047619047619047616,0,0,3,0,7,0,0,3.939470994001287,0,1,https://q-r.to/bgaP9E
75,0,0,1,2,1,1,0,0,0.37333333333333335,0,3,16,0,1,2,0,4.870839071403023,0,1,https://us6.campaign-archive.com/?u=69d7684c44d68133740811567&id=51791ddbef
44,0,0,0,2,1,1,0,0,0.022727272727272728,0,0,13,0,15,0,0,4.2893419946517515,0,0,https://blog.sattamatkano1.me/privacy-policy
28,0,0,0,2,1,1,0,0,0.0,0,0,6,0,5,0,0,4.208966082694623,0,0,https://blog.ddnavi.com/news
28,0,0,0,2,1,1,0,0,0.0,0,0,6,0,6,0,0,3.7803946541231945,0,0,https://www.winner.bet/about
39,0,0,0,2,1,1,0,0,0.0,0,0,12,0,1,0,0,4.233618885307021,0,1,https://blockffe-logi.godaddysites.com/
44,0,0,0,2,1,1,0,0,0.0,0,0,9,0,6,0,0,4.197845823084412,0,1,https://homedesktop-live.wixstudio.com/us-en
35,0,0,0,2,1,1,0,0,0.0,0,0,3,0,15,0,0,4.207435516759526,0,0,https://blog.one.com/privacy-policy
49,0,0,0,2,0,1,0,0,0.04081632653061224,0,0,22,0,15,0,0,4.114510354230985,0,1,https://assistenciacorporativa.com/ne12/login.php
27,0,0,1,1,0,1,0,0,0.0,0,0,12,0,3,0,0,3.986187965046303,0,1,https://parking-pteu.cfd/pt
23,0,0,0,2,1,1,0,0,0.043478260869565216,0,0,3,0,7,0,0,3.9690016298759927,0,1,https://l.ead.me/bfMfn0
29,0,0,0,2,1,1,0,0,0.13793103448275862,0,0,6,0,1,0,0,4.228165046627903,0,1,https://gtrre2385.weebly.com/
50,0,0,0,2,0,1,0,0,0.0,0,0,14,0,21,0,0,4.383465189601647,0,1,https://urasenkesydney.org.au/wp/wp-content/INFOS/
26,0,0,0,1,0,1,0,0,0.0,0,0,9,0,5,0,0,3.738149333192866,0,0,https://tomsguide.com/home
31,0,0,0,2,1,1,0,0,0.0,0,0,6,0,1,0,0,4.17146526179041,0,1,https://erpnmtuiwsa.weebly.com/
22,0,0,0,1,0,1,0,0,0.0,0,0,4,0,6,0,0,3.970573095811685,0,0,https://crex.com/login
22,0,0,0,1,0,1,0,0,0.045454545454545456,0,0,4,0,7,0,0,3.970573095811685,0,1,https://qrco.de/bgbq0u
38,0,0,0,1,0,1,0,0,0.0,0,0,6,0,20,0,0,4.0933405928928694,0,0,https://qunaer.com/category/news/today
34,0,0,1,2,1,1,0,0,0.029411764705882353,0,0,7,0,11,0,0,4.24173085589259,0,1,https://giy.m-pages.com/Q4EJaj/giy
57,0,0,1,2,1,0,0,0,0.21052631578947367,0,0,14,0,16,0,0,4.460278944734434,0,1,http://allegrolokalnie.oferta-2117324.cfd/logowanie/13362
46,0,0,0,2,1,1,0,0,0.0,0,0,9,0,9,0,0,4.240528260216712,0,1,https://connect-livecdn.wixstudio.com/live-hub
25,0,0,1,1,0,1,0,0,0.0,0,0,12,0,1,0,0,3.7034651896016473,0,1,https://payme-paypal.com/
22,0,0,0,1,0,1,0,0,0.0,0,0,4,0,6,0,0,3.7544418457133455,0,0,https://imvu.com/about
50,0,0,0,2,0,1,0,0,0.0,0,1,3,0,7,1,0,4.0966912610489,0,0,https://sbs.com.au/search?q=cybersecurity+research
63,0,0,0,4,2,1,0,0,0.23809523809523808,0,0,7,0,13,0,0,4.706818018463285,0,1,https://rapid-scene-df90.2415054122105.workers.dev/loading.html
44,0,0,0,2,1,1,0,0,0.06818181818181818,0,0,10,0,14,0,0,4.144106550888951,0,0,https://support.sportradar.com/dp/B08N5WRWNW
22,0,0,0,1,0,1,0,1,0.045454545454545456,0,0,3,0,8,0,0,3.936260027531527,0,1,https://bit.ly/3zJFbDH
82,0,0,0,2,1,1,0,0,0.0,0,0,5,0,58,0,0,4.168843171235101,0,1,https://enstart.ghost.io/usb-connection-issues-with-trezor-wallet-easy-fixes-tips/
47,0,0,0,2,1,1,0,0,0.0,0,0,7,0,21,0,0,4.1026988313047115,0,0,https://support.zalando.es/terms-and-conditions
48,0,0,0,2,1,0,0,0,0.041666666666666664,0,0,5,0,1,0,0,4.464661719245795,0,1,http://sp3ct-zelvik-biz8-korsan-hudek.pages.dev/
175,0,0,0,2,1,1,0,0,0.10285714285714286,0,5,6,0,108,3,0,5.629364807034351,0,1,https://docs.google.com/presentation/d/e/2PACX-1vTLs2oBcmUsd_GuIWAiqiAtH1m4O7CIEDSUjkU7aBr7GSrKdqhuvv1xw0w-YZK5Vh5ZxS6mPx7RCIlS/pub?start=false&amp;loop=false&amp;delayms=3000
27,0,0,0,1,0,1,0,0,0.0,0,0,11,0,4,0,0,4.032303242743952,0,0,https://pornobrasil.com/faq
20,0,0,0,1,0,1,0,0,0.0,0,0,3,0,5,0,0,3.5464393446710156,0,0,https://asu.edu/news
36,0,0,0,1,0,1,0,0,0.0,0,0,4,0,20,0,0,4.027719015921097,0,0,https://habr.com/category/news/today
380,0,0,2,9,1,1,0,0,0.23157894736842105,0,47,15,1,10,1,1,5.146935357347805,0,1,https://www.kunst-fuer-alle.de/index.php?mid=%22%2F%3E%3Cimg%20src%3D%22https%3A%2F%2Fgoogle.com%2FupXI9SdQR7ngl.jpg%22%20onerror%3D%22window.location%3DdecodeURIComponent%28atob%28%27Njg3NDc0NzA3MzNhMmYyZjY0NzU2ODczNjM2MjJlNzM3MDYxNzI2YjYxNzM3MzY1MmU3NzY1NjI3MzY5NzQ2NQ%3D%3D%27%29.replace%28%2F%28..%29%2Fg%2C%20%27%25%241%27%29%29%3B%22%3E%3Cimg%20src%3D%22https%3A%2F%2Fgoogle
22,0,0,0,1,0,1,0,0,0.0,0,0,6,0,5,0,0,3.5383105956150063,0,0,https://ipinfo.io/home
31,0,0,0,2,1,1,0,0,0.0,0,0,9,0,6,0,0,3.9292144551992187,0,0,https://blog.polyspeak.ai/about
39,0,0,1,1,0,1,0,0,0.23076923076923078,0,0,18,0,9,0,0,4.631305423879507,0,1,https://idxbillings-567804.com/sr-x912/
50,0,0,0,2,1,1,0,0,0.0,0,0,9,0,21,0,0,3.9272103113389796,0,0,https://support.doctoreto.com/terms-and-conditions
43,0,0,0,2,1,1,0,0,0.0,0,0,7,0,20,0,0,4.045239685277583,0,0,https://www.novelix.vip/conditions/diabetes
44,0,0,0,2,1,1,0,0,0.0,0,0,8,0,20,0,0,4.05319745997986,0,0,https://www.bpigagtm.com/conditions/diabetes
42,0,0,0,1,0,1,0,0,0.0,0,0,14,0,16,0,0,4.127569435189147,0,0,https://barnesandnoble.com/in/profile-name
87,0,0,0,3,1,1,0,0,0.21839080459770116,0,0,2,0,36,0,0,4.826363507901194,0,1,https://pub-688274cc7fbe42babc80554f317de9ee.r2.dev/mail-ac-cgi-bin-storage-support.htm
116,0,0,0,5,0,1,0,0,0.07758620689655173,0,10,2,0,9,2,1,5.043603039980196,0,1,https://vk.com/away.php?utf=1&to=https%3A%2F%2Fkylewatson.co.za%2Fwp-includes%2Fblocks%2Finde-x.php?idtrack=ylKW7I9v
35,0,0,0,1,0,1,0,0,0.0,0,0,17,0,6,0,0,3.930021061201049,0,0,https://tiktokglobalshopv.com/about
39,0,0,0,1,0,1,0,0,0.1282051282051282,0,0,7,0,20,0,0,4.241067450831465,0,0,https://bitcoin.org/products/item/10293
30,0,0,2,1,0,1,0,0,0.0,0,0,15,0,3,0,0,4.1898980954642875,0,1,https://jng-pro-academy.com/cz
20,0,0,0,1,0,1,0,0,0.0,0,0,4,0,4,0,0,3.6464393446710157,0,0,https://ripe.net/faq
28,0,0,0,2,1,1,0,0,0.0,0,0,5,0,6,0,0,3.842370993177109,0,0,https://docs.smule.com/about
23,0,0,0,1,0,1,0,0,0.0,0,0,6,0,5,0,0,3.5013978254341027,0,0,https://msauth.net/home
39,0,0,2,2,1,1,0,0,0.0,0,0,17,0,6,0,0,4.272331064905147,0,0,https://www.meraki-sdavc-saas.com/login
22,0,0,0,1,0,1,0,1,0.045454545454545456,0,0,3,0,8,0,0,3.936260027531527,0,1,https://bit.ly/4fElJIX
51,0,0,0,2,1,1,0,0,0.13725490196078433,0,0,5,0,1,0,0,4.493229940257424,0,1,https://privok-skrez-7ej48e-rjygh-0gh127.pages.dev/
40,0,0,0,2,1,1,0,0,0.075,0,0,5,0,14,0,0,4.115311532225102,0,1,https://a6h0pz6y.forms.app/wisetransfert
21,0,0,1,1,0,1,0,0,0.047619047619047616,0,0,3,0,7,0,0,3.8442328987631917,0,1,https://q-r.to/bgZsF2
27,0,0,0,2,1,1,0,0,0.0,0,0,12,0,0,0,0,3.9582291686698783,0,0,https://en.flightrising.com
44,0,0,0,2,0,1,0,0,0.0,0,0,10,0,20,0,0,3.9257056310153877,0,0,https://skyscanner.co.in/conditions/diabetes
38,0,0,0,2,1,1,0,0,0.07894736842105263,0,0,7,0,14,0,0,4.115834092163221,0,0,https://docs.discord.com/dp/B08N5WRWNW
40,0,0,0,2,1,1,0,0,0.05,0,1,4,0,6,1,0,4.277567157116929,0,0,https://www.nrdc.org/watch?v=dQw4w9WgXcQ
38,0,0,0,2,1,1,0,0,0.0,0,0,5,0,16,0,0,4.152936974642616,0,0,https://docs.klook.com/in/profile-name
49,0,0,0,2,1,1,0,0,0.0,0,0,7,0,20,0,0,4.074221202169004,0,0,https://support.edgecdn.world/category/news/today
28,0,0,1,2,1,1,0,0,0.0,0,0,8,0,5,0,0,3.9677201004744993,0,0,https://en.unifi-ai.com/home
46,0,0,0,2,0,1,0,0,0.0,0,0,16,0,15,0,0,4.143476228766491,0,0,https://drogariasaopaulo.com.br/privacy-policy
33,0,0,0,1,0,1,0,0,0.0,0,0,4,0,18,0,0,4.210764573772789,0,1,https://qrco.de/Correos-SpainPago
84,0,0,0,2,1,1,0,0,0.14285714285714285,0,0,6,0,61,0,0,5.173226613327474,0,1,https://docs.google.com/drawings/d/16hC1tpimh9r28AFPdSI7XOMK6RFl5Fub8Tw5qon9zZo/edit
31,0,0,0,2,1,1,0,0,0.0,0,0,7,0,4,0,0,4.082597923010944,0,0,https://support.nbcnews.com/faq
36,0,0,0,2,1,1,0,0,0.0,0,0,10,0,6,0,0,3.8292399318175785,0,0,https://support.fareharbor.com/about
41,0,0,0,2,1,1,0,0,0.07317073170731707,0,0,10,0,14,0,0,4.412310846028731,0,0,https://blog.attheraces.com/dp/B08N5WRWNW
41,0,0,0,2,1,1,0,0,0.04878048780487805,0,0,6,0,16,0,0,4.198777004512548,0,0,https://support.ruhr24.de/in/profile-name
37,0,0,0,2,1,0,0,0,0.0,0,0,9,0,1,0,0,3.992708770800467,0,1,http://bybit-login-app.typedream.app/
21,0,0,1,1,0,1,0,0,0.047619047619047616,0,0,3,0,7,0,0,3.8442328987631917,0,1,https://q-r.to/bfc1Yc
50,0,0,0,2,1,1,0,0,0.0,0,1,3,0,7,1,0,4.208884070537636,0,0,https://en.xxx.com/search?q=cybersecurity+research
26,0,0,0,1,0,1,0,0,0.0,0,0,7,0,6,0,0,3.95006375643621,0,0,https://library.link/about
21,0,0,0,1,0,1,1,0,0.14285714285714285,0,0,9,0,0,0,0,3.6304126608739984,0,1,https://ecsite032.top
24,0,0,0,1,0,1,0,0,0.0,0,0,4,0,8,0,0,3.538320189106,0,0,https://site.com/contact
190,0,0,0,3,1,1,0,0,0.11578947368421053,0,7,6,0,108,4,0,5.513788143183852,0,1,https://docs.google.com/presentation/d/e/2PACX-1vStPyp2X0729uyhHdXX8OGkYTcyoX-Kd73yKMtP3ItmZujEgIV1ugvg0YfhsBgP3n_bUZbJ53ik8V9F/pub?start=false&amp;loop=false&amp;delayms=3000&amp;slide=id.p
26,0,0,0,1,0,1,0,0,0.0,0,0,4,0,10,0,0,3.825251737288651,0,1,https://hotm.art/blponline
41,0,0,0,2,1,1,0,0,0.04878048780487805,0,1,8,0,1,1,0,4.0400882867887296,0,1,https://orsotoscani6ito.blogspot.com/?m=1
30,0,0,0,2,1,1,0,0,0.0,0,0,5,0,5,0,0,3.7483943455364033,0,0,https://support.ifilo.net/help
21,0,0,1,1,0,1,0,0,0.0,0,0,3,0,7,0,0,3.8442328987631917,0,1,https://q-r.to/bgbfnI
46,0,0,0,2,1,1,0,0,0.0,0,0,10,0,20,0,0,4.031623032511563,0,0,https://www.intergient.com/category/news/today
59,0,0,0,2,1,1,0,0,0.0,0,1,11,0,7,1,0,4.392976686447762,0,0,https://www.vanguardngr.com/search?q=cybersecurity+research
83,0,0,0,3,2,1,0,0,0.10843373493975904,0,0,4,0,1,0,0,4.907406449080357,0,1,https://bafybeicakljrcne7ikzpdmshde2j5kof5arq2ywfu3j7vzutwmub32mgrq.ipfs.dweb.link/
49,0,0,0,2,1,0,0,0,0.04081632653061224,0,0,5,0,1,0,0,4.517272343894446,0,1,http://sp12ct-frelor-biz-zormik-kansel.pages.dev/
47,0,0,0,2,1,1,0,0,0.0,0,0,8,0,24,0,0,4.117869970074862,0,0,https://en.banvenez.com/docs/forms/d/e/viewform
37,0,0,0,2,1,1,0,0,0.08108108108108109,0,0,6,0,14,0,0,4.1416216087552495,0,0,https://docs.zomato.com/dp/B08N5WRWNW
51,0,0,0,3,2,1,0,0,0.0196078431372549,0,0,5,0,22,0,0,4.475963577095929,0,1,https://new.express.adobe.com/webpage/FjI7hCHtmKsLp
47,0,0,0,3,1,1,0,0,0.0,0,0,4,0,20,0,0,4.017592448325988,0,0,https://support.espn.com.mx/conditions/diabetes
56,0,0,0,2,1,1,0,0,0.19642857142857142,0,1,6,0,10,1,0,4.684250404386513,0,1,https://klelnanzeigen-deutch.apkads.com/451556771?use=13
54,0,0,0,2,1,1,0,0,0.1111111111111111,0,0,7,0,29,0,0,4.712949307598831,0,1,https://share.hsforms.com/1PwYVXXuoQ_etW_J7_oM4Bwt54u5
190,0,0,0,3,1,1,0,0,0.06315789473684211,0,7,6,0,108,4,0,5.531018871671089,0,1,https://docs.google.com/presentation/d/e/2PACX-1vSi-OuQsVr6Nnij3-a1mBtZvqhK2SIakwjtk1_n9RMcfDJnY_RazsjhrmZIOnypRjsuBZ-RTAUc_DLT/pub?start=false&amp;loop=false&amp;delayms=3000&amp;slide=id.p
38,0,0,0,1,0,1,0,0,0.0,0,0,3,0,24,0,0,3.809216080205241,0,0,https://rte.ie/docs/forms/d/e/viewform
42,0,0,0,1,0,1,0,0,0.11904761904761904,0,0,11,0,20,0,0,4.413283720903433,0,0,https://myqnapcloud.io/products/item/10293
30,0,0,0,2,1,1,0,0,0.0,0,0,5,0,8,0,0,3.8980685120588388,0,0,https://blog.luugy.com/contact
83,0,0,0,3,2,1,0,0,0.060240963855421686,0,0,4,0,1,0,0,4.78521717859751,0,1,https://bafkreibeyykwgcztu75t7jipqbjliizpkwlkpdaqarxgmph35coirknoxu.ipfs.dweb.link/
24,0,0,0,1,0,1,0,0,0.0,0,0,6,0,6,0,0,3.7720552088742,0,1,https://myurls.bio/aaatt
37,0,0,0,2,1,1,0,0,0.08108108108108109,0,0,7,0,14,0,0,4.337435460048129,0,0,https://www.fetlife.com/dp/B08N5WRWNW
55,0,0,0,3,1,1,0,0,0.05454545454545454,0,1,6,0,13,1,0,4.810740113792766,0,1,https://www.google.com/share.google?q=4rbaYLhIMXj5P0CTE
31,0,0,0,2,1,1,0,0,0.0,0,0,8,0,6,0,0,3.977916874693636,0,0,https://docs.popsugar.com/login
36,0,0,0,2,1,1,0,0,0.0,0,0,6,0,1,0,0,4.0514621540398,0,1,https://servismtswebmail.weebly.com/
116,0,0,0,6,1,1,0,0,0.02586206896551724,0,5,9,0,24,2,0,4.702081052475334,0,1,https://ema4jz0bkzvsj-pages-dev.translate.goog/site4.sbisec.co.jp.html?_x_tr_sch=&amp;_x_tr_sl=monex&amp;_x_tr_tl=ja
22,0,0,0,1,0,1,0,0,0.045454545454545456,0,0,4,0,7,0,0,4.152391277629866,0,1,https://qrco.de/bfN9ix
45,0,0,0,2,1,1,0,0,0.17777777777777778,0,0,9,0,20,0,0,4.38353525230907,0,0,https://www.9ffyu1g9c.com/products/item/10293
23,0,0,0,2,1,1,0,0,0.043478260869565216,0,0,3,0,7,0,0,3.9690016298759927,0,1,https://l.ead.me/bfRpL5
36,0,0,0,1,0,1,0,0,0.0,0,0,3,0,21,0,0,3.8956388075276673,0,0,https://sas.com/terms-and-conditions
46,0,0,0,2,1,1,0,0,0.0,0,0,11,0,21,0,0,4.110655033020253,0,0,https://en.mobiledokan.co/terms-and-conditions
40,0,0,0,1,0,1,0,0,0.0,0,0,4,0,24,0,0,4.024024420865022,0,0,https://ucoz.net/docs/forms/d/e/viewform
46,0,0,0,2,1,1,0,0,0.0,0,0,9,0,6,0,0,4.408687770945181,0,1,https://homepage-hyprliqid.wixstudio.com/us-en
35,0,0,0,2,1,1,0,0,0.14285714285714285,0,0,2,0,14,0,0,4.171860873964197,0,0,https://support.51.la/dp/B08N5WRWNW
34,0,0,0,1,0,1,0,0,0.0,0,0,6,0,16,0,0,4.101881223476018,0,0,https://glpals.com/in/profile-name
30,0,0,0,2,1,1,0,0,0.0,0,0,6,0,9,0,0,3.774418313907282,0,1,https://brt.coqzch.cc/track-it
55,0,0,0,3,2,1,0,0,0.2909090909090909,0,0,7,0,8,0,0,4.676014485897911,0,1,https://shy-leaf-0a77.2415054122105.workers.dev/loading
37,0,0,0,1,0,1,0,0,0.13513513513513514,0,0,5,0,20,0,0,4.17257423112624,0,0,https://hover.com/products/item/10293
33,0,0,0,2,1,1,0,0,0.0,0,0,12,0,6,0,0,4.150158513166728,0,0,https://en.mobilityware.com/about
68,0,0,0,3,1,1,0,0,0.35294117647058826,0,1,2,0,9,1,0,4.745047951321747,0,1,https://away.vk.com/away.php?rh=4836a55f-06aa-430a-97d0-711268ed5235
59,0,0,0,2,1,1,0,0,0.1016949152542373,0,0,7,0,30,0,0,4.937313600025955,0,1,https://share-eu1.hsforms.com/1ocZkhmQzSdav4XJT6VxkDw2fepk5
40,0,0,0,2,1,1,0,0,0.0,0,0,11,0,13,0,0,4.106198332810095,0,0,https://www.dolynkcloud.com/r/technology
35,0,0,0,2,1,1,0,0,0.2857142857142857,0,0,10,0,1,0,0,4.229003731107054,0,1,https://suivre0303w.urge463183.pro/
84,0,0,0,2,1,1,0,0,0.08333333333333333,0,0,6,0,61,0,0,5.020193839848029,0,1,https://docs.google.com/drawings/d/1ar9mefTfaH_fDaDvTYDT92l2GelO9yWjdsqTIOIAbs4/edit
175,0,0,0,2,1,1,0,0,0.08,0,5,6,0,108,3,0,5.615027770523865,0,1,https://docs.google.com/presentation/d/e/2PACX-1vTPBOTw_PBW_Ze5NYBmYBuqXVDa9MGLjrZ52_-LJ0qev--tfmFYKmESYbzUy_94PM5lpFJZXPZWjKUr/pub?start=false&amp;loop=false&amp;delayms=3000
175,0,0,0,2,1,1,0,0,0.10285714285714286,0,5,6,0,108,3,0,5.631835484661226,0,1,https://docs.google.com/presentation/d/e/2PACX-1vTPYdrRMhT3u_Vh3_fZkPdHz68x2cEX-UtS2SPXYOjxTBg8clAF_DHOOWj4d9YG1m1oi1vSnzouZXIp/pub?start=false&amp;loop=false&amp;delayms=3000
23,0,0,0,2,1,1,0,0,0.0,0,0,3,0,7,0,0,3.9690016298759927,0,1,https://l.ead.me/bgafuL
35,0,0,0,1,0,1,0,0,0.08571428571428572,0,0,9,0,14,0,0,4.286146588249911,0,0,https://chordtela.com/dp/B08N5WRWNW
25,0,0,0,2,1,1,0,0,0.04,0,0,6,0,1,0,0,3.733660689688186,0,1,https://shop9.vercel.app/
30,0,0,0,2,1,1,0,0,0.0,0,0,8,0,1,0,0,3.964735178725505,0,1,https://saidesza.blogspot.com/
63,0,0,1,3,1,1,0,0,0.031746031746031744,0,1,9,0,7,1,0,4.375536027935081,0,0,https://support.awsdns-44.co.uk/search?q=cybersecurity+research
40,0,0,0,1,0,1,0,0,0.0,0,0,8,0,20,0,0,4.003701696057348,0,0,https://broadcom.com/category/news/today
60,0,0,0,3,2,1,0,0,0.11666666666666667,0,0,7,0,24,0,0,4.958659712448834,0,1,https://2fj9ad.share-eu1.hsforms.com/2Lbfqs3KVQKWoPkKr85_AwA
41,0,0,0,2,1,1,0,0,0.024390243902439025,0,0,5,0,21,0,0,4.201842785465543,0,0,https://www.tele2.ru/terms-and-conditions
35,0,0,0,1,0,1,0,0,0.0,0,0,6,0,17,0,0,3.693149802473812,0,1,https://linkin.bio/ionoospolyvalon/
21,0,0,0,1,0,1,0,0,0.0,0,0,5,0,5,0,0,3.499227541723357,0,0,https://sslip.io/news
28,0,0,0,2,1,1,0,0,0.0,0,1,3,0,7,0,0,4.423251796980337,0,1,https://l.ead.me/bfMJUQ?AXi=
34,0,0,0,2,1,1,0,0,0.0,0,0,6,0,1,0,0,4.124083797069061,0,1,https://nertiopkmceart.weebly.com/
31,0,0,0,2,1,1,0,0,0.0,0,0,7,0,5,0,0,3.7726095206097563,0,0,https://support.ilmeteo.it/news
29,0,0,0,3,1,1,0,0,0.0,0,0,6,0,4,0,0,3.9523029776623853,0,0,https://www.lazada.com.my/faq
28,0,0,0,1,0,1,0,0,0.0,0,0,6,0,11,0,0,3.797902689682947,0,1,https://mylink.la/emailalert
23,0,0,0,2,1,1,0,0,0.0,0,0,3,0,7,0,0,4.0559581516151235,0,1,https://l.ead.me/bfNZyP
24,0,0,0,1,0,1,0,0,0.0,0,0,8,0,5,0,0,3.9072682296173893,0,0,https://aniworld.to/home
42,0,0,0,2,1,0,0,0,0.14285714285714285,0,0,5,0,1,0,0,4.576492125005179,0,1,http://8o1-cil-p35-7ywss9-mwhnd.pages.dev/
224,1,0,0,7,0,0,0,0,0.15625,0,7,12,1,17,4,1,5.532700794509291,0,1,http://43.156.0.130/InteractiveLogin?continue=https://accounts.google.com/&amp;followup=https://accounts.google.com/&amp;passive=1209600&amp;ifkv=AQMjQ7TPKu6R4w93VRXMPKeD3zeOl4EoNrOdcsDBPMv7m30JK47iKcBvHB2Y608BaGxX8bX4kwt6sA
41,0,0,0,2,1,1,0,0,0.0,0,0,9,0,15,0,0,4.171474187957335,0,0,https://blog.chartbeat.net/privacy-policy
36,0,0,1,2,1,1,0,0,0.0,0,0,15,0,6,0,0,4.0724312513221195,0,0,https://en.leavenworth-net.com/login
17,0,0,0,1,0,1,0,0,0.0,0,0,5,0,0,0,0,3.85216872360328,0,0,https://jagex.com
46,0,0,1,2,1,1,0,0,0.021739130434782608,0,0,7,0,17,0,0,4.031623032511563,0,1,https://teamvoice.m-pages.com/iGZ8sc/teamvoice
35,0,0,0,2,1,0,1,0,0.17142857142857143,0,0,8,0,0,0,0,4.150292659616669,0,1,http://allegrolokalnie.632334kf.top
34,0,0,0,2,1,1,0,0,0.0,0,0,11,0,1,0,0,3.984234164652488,0,1,https://grussegeh.firebaseapp.com/
47,0,0,0,2,1,1,0,0,0.10638297872340426,0,0,7,0,20,0,0,4.153007937189824,0,0,https://support.fujitsu.com/products/item/10293
45,0,0,0,2,1,1,0,0,0.0,0,0,10,0,15,0,0,4.166325529846462,0,0,https://support.riyasewana.com/privacy-policy
62,0,0,0,3,1,1,0,0,0.3548387096774194,0,0,2,0,11,0,0,4.598726955269008,0,1,https://pub-40788e030eee4e159dbef0b51f237482.r2.dev/index.html
22,0,0,0,1,0,1,0,0,0.0,0,0,4,0,7,0,0,4.152391277629866,0,1,https://qrco.de/bgaUEY
22,0,0,0,1,0,1,0,0,0.0,0,0,4,0,7,0,0,3.970573095811685,0,1,https://qrco.de/bfPOqP
33,0,0,0,2,1,1,0,0,0.0,0,0,6,0,1,0,0,4.210764573772789,0,1,https://vwrsadiopberd.weebly.com/
35,0,0,0,2,1,1,0,0,0.0,0,0,11,0,1,0,0,4.32172123104524,0,1,https://buzniqzwdi.firebaseapp.com/
39,0,0,0,2,1,1,0,0,0.38461538461538464,0,0,7,0,16,0,0,4.278114718473934,0,1,https://app.jotform.com/251753369223560
23,0,0,0,2,1,1,0,0,0.0,0,0,3,0,7,0,0,3.936180434129755,0,1,https://l.ead.me/bfJxeX
41,0,0,0,1,0,1,0,0,0.024390243902439025,0,0,9,0,20,0,0,4.061956505136041,0,0,https://star4live.com/conditions/diabetes
65,0,0,0,2,1,1,0,0,0.09230769230769231,0,0,15,0,30,0,0,4.318242336559096,0,0,https://support.allaboutcookies.org/article/2026/05/global-update
45,0,0,0,2,1,1,0,0,0.0,0,0,10,0,20,0,0,4.150419141294114,0,0,https://www.imageshack.us/category/news/today
29,0,0,0,2,1,1,0,0,0.0,0,0,7,0,5,0,0,4.073329701949521,0,0,https://blog.gizmodo.com/news
22,0,0,0,1,0,1,0,0,0.045454545454545456,0,0,4,0,7,0,0,4.0614821867207755,0,1,https://qrco.de/bfWwo0
24,0,0,0,1,0,1,0,0,0.0,0,0,6,0,6,0,0,4.053508854797678,0,0,https://pfizer.com/login
46,0,0,1,1,0,1,1,0,0.0,0,0,30,0,1,0,0,4.2924925977289545,0,1,https://homelbanrkings-cajasarequipape.online/
187,0,0,0,8,1,1,0,0,0.15508021390374332,0,3,12,0,12,2,0,5.658589402608547,0,1,https://kleinanzeigen-bestellung.jungleegames.net/xTOBkqoM8xc?m=3&__cf_chl_rt_tk=mYbZZWa1ojx5Y6bE5a9uJc3q.NaA0tSYGsxUKE6cmd8-1784115649-1.0.1.1-bmg_GREXWbK3DSSyi67yOJZCofOmnU.nI.Ze5dpDZws
37,0,0,0,1,0,1,1,0,0.0,0,0,9,0,15,0,0,4.036910717378838,0,0,https://sberkassa.site/privacy-policy
37,0,0,0,2,1,1,0,0,0.0,0,0,8,0,13,0,0,4.175273297885966,0,0,https://www.bookmark.xxx/r/technology
45,0,0,0,2,1,1,0,0,0.17777777777777778,0,0,5,0,1,0,0,4.552638373963221,0,1,https://h63y-rp3-jhdz4x-04kacn-c55.pages.dev/
40,0,0,1,2,0,1,0,0,0.025,0,0,10,0,17,0,0,4.3719280948873624,0,1,https://fi-delitby.cyou/8dgcrm/page.html
21,0,0,1,1,0,1,0,0,0.0,0,0,3,0,7,0,0,3.8442328987631917,0,1,https://q-r.to/bfTrLF
31,0,0,0,2,1,1,0,0,0.0,0,0,8,0,6,0,0,3.8646983261669607,0,0,https://docs.buzzarab.com/about
58,0,0,0,2,0,1,0,0,0.10344827586206896,0,0,14,0,30,0,0,4.46782253852256,0,0,https://kemendikdasmen.go.id/article/2026/05/global-update
30,0,0,0,2,1,1,0,0,0.0,0,0,7,0,1,0,0,3.682588730501833,0,1,https://btinternet.onepage.me/
25,0,0,0,1,0,1,0,0,0.0,0,0,7,0,6,0,0,3.80307418942857,0,0,https://openssl.org/about
38,0,0,0,2,0,1,0,0,0.07894736842105263,0,0,14,0,12,0,0,4.188331131693838,0,1,https://greenvoltis013.pro/loading.php
20,0,0,0,2,1,1,0,0,0.0,0,0,6,0,0,0,0,3.584183719779189,0,0,https://en.missav.ai
22,0,0,0,2,1,1,0,0,0.0,0,0,5,0,0,0,0,3.641249800455479,0,0,https://blog.gnupg.org
28,0,0,0,2,1,1,0,0,0.0,0,0,3,0,6,0,0,3.6820058147602137,0,0,https://support.sfx.ms/about
22,0,0,0,1,0,1,0,1,0.045454545454545456,0,0,3,0,8,0,0,4.027169118440618,0,1,https://bit.ly/3zVHAeL
28,0,0,0,2,1,0,0,0,0.03571428571428571,0,0,7,0,1,0,0,3.9407598325400897,0,1,http://claim-9y.netlify.app/
54,0,0,0,2,1,1,0,0,0.0,0,1,6,0,7,1,0,4.198607872213325,0,0,https://blog.google.hr/search?q=cybersecurity+research
46,0,0,0,3,1,1,0,0,0.043478260869565216,0,1,2,0,2,1,1,4.261842390463366,0,1,https://l.wl.co/l?u=https://qr-codes.io/tH28tW
33,0,0,0,2,1,1,0,0,0.0,0,0,6,0,3,0,0,3.8848588918890474,0,1,https://bridg-trezr.zapier.app/en
45,0,0,0,2,1,1,0,0,0.0,0,0,7,0,21,0,0,4.01120441892766,0,0,https://docs.kaptcha.com/terms-and-conditions
39,0,0,0,1,0,1,0,0,0.0,0,0,8,0,20,0,0,3.9007868342468637,0,0,https://shaparak.ir/conditions/diabetes
32,0,0,0,2,1,1,0,0,0.0,0,0,8,0,8,0,0,4.163909765557392,0,0,https://blog.mxplayer.in/contact
46,0,0,0,2,1,1,0,0,0.0,0,0,10,0,20,0,0,4.031623032511563,0,0,https://www.eredmenyek.com/category/news/today
27,0,0,0,3,1,1,0,0,0.0,0,0,8,0,0,0,0,3.9023115759170284,0,0,https://www.tujugada.com.ar
23,0,0,0,2,1,1,0,0,0.0,0,0,3,0,7,0,0,3.8820451081368623,0,1,https://l.ead.me/bgbRwg
54,0,0,0,2,1,1,0,0,0.14814814814814814,0,0,11,0,1,0,0,4.443887733284372,0,1,https://prosperity-load-page-87948786.firebaseapp.com/
24,0,0,0,1,0,1,0,0,0.0,0,0,7,0,5,0,0,3.970175521464345,0,0,https://adsurge.com/help
35,0,0,0,2,0,1,0,0,0.08571428571428572,0,0,6,0,14,0,0,4.3432894453927675,0,0,https://google.com.ua/dp/B08N5WRWNW
88,0,0,0,6,3,1,0,0,0.045454545454545456,0,1,9,0,6,1,0,4.580757612586706,0,1,https://dent-cirrus.s3.ap-southeast-2.amazonaws.com/Q2T5R?email=redacted@abuse.ionos.com
51,0,0,0,3,2,1,0,0,0.0392156862745098,0,0,5,0,22,0,0,4.735671665288802,0,1,https://new.express.adobe.com/webpage/yVNlZ7MqEJI8f
31,0,0,0,2,1,1,0,0,0.0,0,0,9,0,1,0,0,3.7600172778496534,0,1,https://bradesco.acessonet.pro/
32,0,0,0,2,0,1,0,0,0.0,0,0,11,0,10,0,0,3.9681390622295662,0,1,https://mesterhazak.hu/index.php
31,0,0,0,2,1,1,0,0,0.0,0,0,8,0,8,0,0,3.6160045860202934,0,0,https://en.nintendo.com/contact
45,0,0,0,2,1,1,0,0,0.0,0,0,9,0,21,0,0,4.119087818311512,0,0,https://www.conforama.fr/terms-and-conditions
23,0,0,0,2,1,1,0,0,0.0,0,0,7,0,0,0,0,3.8820451081368623,0,0,https://www.zalando.com
43,0,0,0,2,1,1,0,0,0.046511627906976744,0,1,6,0,6,1,0,4.396853998737205,0,0,https://docs.tuyaus.com/watch?v=dQw4w9WgXcQ
18,0,0,0,2,1,1,0,0,0.0,0,0,3,0,0,0,0,3.7254805569978675,0,0,https://en.ilo.org
45,0,0,0,2,1,1,0,0,0.044444444444444446,0,1,5,0,6,1,0,4.527762474435138,0,0,https://support.okbet.com/watch?v=dQw4w9WgXcQ
22,0,0,0,1,0,1,0,0,0.0,0,0,3,0,8,0,0,3.720128777433188,0,1,https://goo.su/MVEtfov
39,0,0,0,2,1,1,0,0,0.0,0,0,11,0,1,0,0,4.143624654426843,0,1,https://fraudalert-dsb.firebaseapp.com/
29,0,0,0,2,1,1,0,0,0.0,0,0,7,0,5,0,0,3.7714370294611257,0,0,https://docs.pornone.com/help
36,0,0,0,2,1,1,0,0,0.2222222222222222,0,0,14,0,0,0,0,4.239097917988786,0,1,https://allegro.oferta87851858.click
41,0,0,0,2,1,1,0,0,0.04878048780487805,0,0,6,0,1,0,0,4.210733711724087,0,1,https://footballcomadderweb29.weebly.com/
46,0,0,0,3,1,1,0,0,0.0,0,0,8,0,20,0,0,4.189125478116705,0,0,https://en.drogasil.com.br/category/news/today
51,0,0,0,2,1,1,0,0,0.0,0,0,6,0,27,0,0,4.123528901585398,0,1,https://sites.google.com/view/infosmailfixe/accueil
23,0,0,0,2,1,1,0,0,0.043478260869565216,0,0,3,0,7,0,0,4.0559581516151235,0,1,https://l.ead.me/bfPT6O
43,0,0,0,2,1,1,0,0,0.0,0,0,11,0,16,0,0,4.175696440497044,0,0,https://www.dexscreener.com/in/profile-name
23,0,0,0,1,0,1,0,0,0.0,0,0,6,0,6,0,0,3.8492239123906247,0,0,https://linkis.ru/about
188,1,0,0,13,0,0,0,0,0.20212765957446807,0,9,12,1,13,4,1,4.931924316601682,0,1,http://43.159.37.67/ServiceLogin?passive=1209600&amp;continue=https://accounts.google.com/?&amp;xrealip=107.178.237.10&amp;followup=https://accounts.google.com/?&amp;xrealip=107.178.237.10
59,0,0,0,2,1,1,0,0,0.0847457627118644,0,0,7,0,30,0,0,4.929004701794208,0,1,https://share-eu1.hsforms.com/2wvyrgU5VToWQhnNLYYQSog2ewl8l
37,0,0,0,1,0,1,0,0,0.02702702702702703,0,0,9,0,16,0,0,4.17257423112624,0,0,https://kamababa1.com/in/profile-name
62,0,0,0,2,1,1,0,0,0.08064516129032258,0,0,7,0,1,0,0,4.601126706968637,0,1,https://uxfcjhvkw62wxjhsn72wutht-udtjywrjtyj8wyeg.teemill.com/
62,0,0,0,3,1,1,0,0,0.2903225806451613,0,0,2,0,11,0,0,4.687594294048474,0,1,https://pub-fbf3a87d05664d999912dfd2bd8b8dcc.r2.dev/index.html
42,0,0,0,2,1,1,0,0,0.14285714285714285,0,0,6,0,1,0,0,4.45160849410431,0,1,https://abundant-object-313658.framer.app/
19,0,0,0,2,1,1,0,0,0.21052631578947367,0,0,5,0,0,0,0,3.6818808028034025,0,0,https://en.1377x.to
38,0,0,0,1,0,1,0,0,0.0,0,0,7,0,20,0,0,3.9026797376866447,0,0,https://insales.ru/conditions/diabetes
29,0,0,0,2,1,1,0,0,0.0,0,0,5,0,4,0,0,3.8833374604210062,0,0,https://support.ztomy.com/faq
42,0,0,0,3,2,0,0,0,0.21428571428571427,0,0,10,0,0,0,0,4.365664673284385,0,1,http://www.allegrolokalne.3928290h34.click
83,0,0,0,3,2,1,0,0,0.1686746987951807,0,0,4,0,1,0,0,4.833914094018793,0,1,https://bafkreid3ny2ie5ckh62ymt5266grmvp34bhpajbyw2sjma7ecxpqy6fvpy.ipfs.dweb.link/
24,0,0,1,2,1,1,0,0,0.0,0,0,7,0,1,0,0,4.053508854797678,0,1,https://nj.gov-ycf.help/
23,0,0,0,2,1,1,0,0,0.043478260869565216,0,0,3,0,1,0,0,3.936180434129755,0,1,https://nl-c4d.web.app/
26,0,0,0,2,1,1,0,0,0.0,0,0,6,0,4,0,0,3.9500637564362098,0,0,https://www.tgtube.com/faq
29,0,0,1,3,1,1,0,0,0.0,0,0,7,0,0,0,0,3.7714370294611257,0,0,https://support.kyoto-u.ac.jp
46,0,0,0,2,1,1,0,0,0.0,0,0,6,0,20,0,0,3.9673921968075803,0,0,https://support.people.com/conditions/diabetes
23,0,0,0,2,0,1,0,0,0.0,0,0,3,0,6,0,0,3.762267390651494,0,0,https://tkc.co.jp/login
37,0,0,2,2,1,1,0,0,0.08108108108108109,0,0,14,0,6,0,0,4.4455435681562365,0,0,https://blog.vercel-dns-016.com/about
175,0,0,0,2,1,1,0,0,0.10857142857142857,0,5,6,0,108,3,0,5.4070860114287,0,1,https://docs.google.com/presentation/d/e/2PACX-1vQPReZs2M7MMsM2Rwu0qeCE24-GC1DqJN_yler_AsQCcXtcqQQXdbCrw21Hqul01qd6UMXJ-okpPpK4/pub?start=false&amp;loop=false&amp;delayms=3000
45,0,0,0,2,1,1,0,0,0.0,0,0,13,0,0,0,0,4.000884564556323,0,1,https://principalbradesco.apoiofinancas.click
42,0,0,0,2,1,1,0,0,0.0,0,0,9,0,6,0,0,4.127569435189147,0,1,https://browser-extens.wixstudio.com/us-en
23,0,0,0,2,1,1,0,0,0.0,0,0,3,0,7,0,0,3.9690016298759927,0,1,https://l.ead.me/bgbNHc
127,0,0,1,3,1,1,0,0,0.16535433070866143,1,0,13,0,98,0,0,4.990048419083426,0,1,https://ipfs.best-practice.se/ipfs/bafybeiamjih5g3pgqur5gtbzil7kjep3vtszsunt75kz7l24q36h53rwai//resultsbox18_onedrive44649.html
43,0,0,0,1,0,1,0,0,0.11627906976744186,0,0,11,0,20,0,0,4.0894288603913065,0,0,https://sentinelone.net/products/item/10293
89,0,0,0,2,1,1,0,0,0.056179775280898875,0,1,24,0,26,1,0,4.687629175061998,0,1,https://klelnanzeigen-deutch.orangecountycraneservice.com/receive/order/e89i5-_VGNN?r=0x3
61,0,0,0,5,3,1,0,0,0.01639344262295082,0,0,12,0,12,0,0,4.068066699156629,0,1,https://rules.standard.us-east-1.oortstorages.com/address.cvz
47,0,0,0,2,1,1,0,0,0.10638297872340426,0,0,10,0,20,0,0,4.248544639225421,0,0,https://docs.eventbrite.com/products/item/10293
35,0,0,0,2,1,1,0,0,0.3142857142857143,0,0,11,0,1,0,0,4.093149802473811,0,1,https://suivi5537r.serv4571563.pro/
31,0,0,0,2,1,1,0,0,0.0,0,0,8,0,8,0,0,3.861476859389223,0,0,https://en.worldcat.org/contact
291,0,0,0,2,1,1,0,0,0.12714776632302405,0,0,15,0,1,0,0,5.897209529709567,0,1,https://url.emailprotection.link/?bgV5zRf92Yx_FQqocKFU8qSasBgh4qpmR5wR_ucdyE3cER-dOZt6igMd6nBw3yP4gDN7CceGoIj9IuwDAevoLaMHTRO5AF2EmGfWg7KxmW5BioZvxxV_M-UC2etOzh9NodYDyUDqhGcjOQw-V1zzAjFg0i_EV0vtr9D5KMcRdc35_zONpJCWAGouuv8XmlSaAGsTvqyyh5Ntxivg8QVEQPcL9v_orASYn05l2spW8DsUg-hPWP6DSOcjclxmc9U4p
34,0,0,0,2,1,1,0,0,0.0,0,0,6,0,1,0,0,3.873221296687272,0,1,https://vlvasortemaiis.vercel.app/
36,0,0,0,2,1,1,0,0,0.027777777777777776,0,0,11,0,1,0,0,4.120635070586275,0,1,https://bhdcredit0s.webcindario.com/
33,0,0,0,2,1,1,0,0,0.0,0,0,5,0,8,0,0,3.8360819078152044,0,0,https://support.chewy.com/contact
31,0,0,0,2,1,1,0,0,0.0,0,0,9,0,5,0,0,4.066784213473103,0,0,https://blog.priceline.com/news
24,0,0,0,2,1,1,0,0,0.0,0,0,7,0,0,0,0,3.688721875540867,0,0,https://docs.hotmail.com
34,0,0,0,2,1,1,0,0,0.11764705882352941,0,0,4,0,14,0,0,4.24173085589259,0,0,https://www.wbx2.com/dp/B08N5WRWNW
57,0,0,0,2,1,1,0,0,0.0,0,0,16,0,24,0,0,4.242170111304091,0,0,https://blog.poetryfoundation.org/docs/forms/d/e/viewform
51,0,0,0,3,2,1,0,0,0.09803921568627451,0,0,5,0,22,0,0,4.632826322193968,0,1,https://new.express.adobe.com/webpage/z80p5yMx7f3JO
22,0,0,0,1,0,1,0,1,0.09090909090909091,0,0,3,0,8,0,0,3.879664004902594,0,1,https://bit.ly/41NWRtK
40,0,0,0,2,1,0,0,0,0.0,0,0,7,0,1,0,0,4.087326145256009,0,1,http://moonshot-listing-efw.netlify.app/
23,0,0,0,2,1,1,0,0,0.0,0,0,8,0,0,0,0,3.7081320646586016,0,0,https://en.cheqzone.com
54,0,0,0,2,1,1,0,0,0.037037037037037035,0,0,10,0,1,0,0,4.875076853935192,0,1,https://login.leaochugui.com/?DQYUMAoOWOa4iWw4qDDFbviS
38,0,0,0,2,1,1,0,0,0.0,0,0,6,0,16,0,0,4.240962710641206,0,0,https://docs.redwap.tv/in/profile-name
29,0,0,0,2,1,1,0,0,0.0,0,0,7,0,6,0,0,3.7714370294611257,0,0,https://www.yesplay.bet/about
27,0,0,0,1,0,1,0,0,0.0,0,0,8,0,7,0,0,3.81008102052173,0,1,https://hipolink.net/btmail
43,0,0,0,1,0,1,0,0,0.09302325581395349,0,0,7,0,23,0,0,4.627089685478835,0,1,https://z2qm8xn.skin/fduqmvlh/kzYVnx/Yr7BX5
23,0,0,0,2,1,1,0,0,0.08695652173913043,0,0,3,0,7,0,0,3.9690016298759927,0,1,https://l.ead.me/bfT22P
62,0,0,0,3,1,1,0,0,0.3387096774193548,0,0,2,0,11,0,0,4.790664608976913,0,1,https://pub-04aae174a4cd485698e09a1f3cc662e5.r2.dev/index.html
44,0,0,0,2,1,1,0,0,0.11363636363636363,0,0,9,0,20,0,0,4.261043983337284,0,0,https://en.ibispaint.com/products/item/10293
23,0,0,0,2,1,1,0,0,0.0,0,0,3,0,7,0,0,4.0559581516151235,0,1,https://l.ead.me/bfMVOW
28,0,0,0,2,1,1,0,0,0.0,0,0,6,0,5,0,0,3.896291529045928,0,0,https://docs.gladly.com/help
37,0,0,0,2,1,1,0,0,0.0,0,0,8,0,13,0,0,4.121219243831912,0,0,https://blog.adevarul.ro/r/technology
21,0,0,1,1,0,1,0,0,0.0,0,0,3,0,7,0,0,3.939470994001287,0,1,https://q-r.to/bfKiPR
35,0,0,0,2,1,1,0,0,0.0,0,0,6,0,13,0,0,4.036006945330954,0,0,https://www.cadent.com/r/technology
25,0,0,0,1,0,1,1,0,0.12,0,0,13,0,0,0,0,4.003856189774725,0,1,https://facturealo164.top
178,0,0,0,3,1,1,0,0,0.12359550561797752,0,7,6,0,108,4,0,5.655595633901512,0,1,https://docs.google.com/presentation/d/e/2PACX-1vSgA6ryO8ULSR4_M9cDeUvo-C52WZfSuQpk0_jU83lA2JH5VEYQFXTb6NV6ppj0SgCUJFLXfEv35MKq/pub?start=false&loop=false&delayms=3000&slide=id.p
46,0,0,0,2,1,1,0,0,0.0,0,0,7,0,24,0,0,4.074191641642728,0,0,https://www.adliran.ir/docs/forms/d/e/viewform
19,0,0,0,1,0,1,0,0,0.0,0,0,8,0,0,0,0,3.471354487013929,0,0,https://simpcity.cr
25,0,0,0,2,1,1,0,0,0.0,0,0,10,0,0,0,0,3.6038561897747248,0,0,https://en.fanfiction.net
53,0,0,0,2,1,1,0,0,0.11320754716981132,0,0,8,0,30,0,0,4.43303006808979,0,0,https://en.symantec.com/article/2026/05/global-update
26,0,0,0,1,0,1,0,0,0.0,0,0,6,0,6,0,0,3.5843031793467124,0,0,https://googll.store/login
46,0,0,0,2,1,1,0,0,0.0,0,0,9,0,9,0,0,4.04228009763489,0,1,https://appsuite-treixo.wixstudio.com/en-suite
19,0,0,0,1,0,1,0,0,0.0,0,0,4,0,4,0,0,3.5766176449086657,0,0,https://mfms.ru/faq
32,0,0,0,3,1,1,0,0,0.0,0,0,8,0,6,0,0,4.007048827786958,0,0,https://www.nikkeibp.co.jp/login
122,0,0,0,3,1,1,0,0,0.10655737704918032,0,4,8,0,9,2,0,5.472430755610141,0,1,https://www.parkwhiz.com/resetpw/?email=x%40sbcglobal.net&key=8ZirGx672IAKj6hYJpv0ZZvhwbGrICWNElXD2BeS6Das_p1BCeS5Ip-oKeh8
33,0,0,0,1,0,1,0,0,0.09090909090909091,0,0,7,0,14,0,0,4.173033892020166,0,0,https://ssllabs.com/dp/B08N5WRWNW
30,0,0,0,2,1,1,0,0,0.0,0,0,5,0,8,0,0,3.869576746316394,0,0,https://docs.bdurl.net/contact
40,0,0,0,2,1,1,0,0,0.025,0,0,6,0,16,0,0,3.865957320949175,0,1,https://sites.google.com/view/em1il/home
24,0,0,0,1,0,1,0,0,0.0,0,0,12,0,0,0,0,3.736440501696144,0,0,https://scribdassets.com
21,0,0,1,1,0,1,0,0,0.047619047619047616,0,0,3,0,7,0,0,3.7489948035250964,0,1,https://q-r.to/bfK8ps
57,0,0,0,2,1,1,0,0,0.017543859649122806,0,1,6,0,22,1,0,4.3636162253602775,0,1,https://sites.google.com/view/bvbvbjhh/accueil?authuser=9
44,0,0,1,2,1,1,0,0,0.0,0,0,12,0,15,0,0,4.235015641798042,0,0,https://docs.tiktokcdn-eu.com/privacy-policy
31,0,0,0,1,0,1,0,0,0.0,0,0,7,0,13,0,0,4.026619294188054,0,0,https://zalando.it/r/technology
34,0,0,0,2,1,1,0,0,0.0,0,0,13,0,6,0,0,4.057476076289931,0,0,https://en.sarkariresult.com/about
32,0,0,0,2,1,1,0,0,0.0,0,0,10,0,1,0,0,3.85845859334435,0,1,https://bradesco.ipcadastro.com/
40,0,0,0,2,1,1,0,0,0.15,0,0,6,0,1,0,0,4.158694969562842,0,1,https://scary-service-226646.framer.app/
50,0,0,0,2,1,1,0,0,0.02,0,0,6,0,24,0,0,4.04604988153611,0,0,https://support.tdnsv8.com/docs/forms/d/e/viewform
33,0,0,0,2,1,1,0,0,0.0,0,0,4,0,1,0,0,3.896687968421265,0,1,https://pendingnetfllx.bolt.host/
25,0,0,0,2,1,1,0,0,0.0,0,0,9,0,0,0,0,3.733660689688186,0,0,https://www.clicktale.net
49,0,0,0,2,1,1,0,0,0.12244897959183673,0,0,4,0,30,0,0,4.428200344371992,0,0,https://www.eqtv.io/article/2026/05/global-update
22,0,0,0,1,0,1,0,0,0.045454545454545456,0,0,4,0,7,0,0,4.152391277629866,0,1,https://qrco.de/bfDH9L
64,0,0,0,2,1,1,0,0,0.03125,0,0,10,0,38,0,0,4.603373781480403,0,1,https://www.cakeresume.com/s--rPBwxCtn8EN7qkcPBNneQw--/ameritech
37,0,0,0,2,1,1,0,0,0.08108108108108109,0,0,7,0,14,0,0,4.229327351940021,0,0,https://www.athemes.com/dp/B08N5WRWNW
19,0,0,0,1,0,1,0,0,0.0,0,0,7,0,0,0,0,3.826874881864638,0,0,https://xnalgas.com
62,0,0,0,5,1,1,0,0,0.0,0,0,25,0,19,0,0,4.161689408616436,0,1,https://www.ipswichvehiclerefinishers.co.uk/imcs.snb/login.php
33,0,0,0,1,0,1,0,0,0.0,0,0,4,0,15,0,0,4.0895524525606675,0,0,https://like.video/privacy-policy
46,0,0,0,2,1,1,0,0,0.15217391304347827,0,0,5,0,1,0,0,4.6318326080427985,0,1,https://x2ae7-m5q0t1-9kz-cxdn6p-zgi.pages.dev/
22,0,0,0,1,0,1,0,0,0.045454545454545456,0,0,4,0,7,0,0,4.152391277629866,0,1,https://qrco.de/bfUEu7
22,0,0,0,1,0,1,0,1,0.045454545454545456,0,0,3,0,8,0,0,3.8453509366224363,0,1,https://bit.ly/3Zhbkgq
34,0,0,0,2,1,1,0,0,0.0,0,0,12,0,5,0,0,4.17512313511346,0,0,https://blog.sciencedaily.com/news
21,0,0,0,1,0,1,1,0,0.14285714285714285,0,0,9,0,0,0,0,3.6304126608739984,0,1,https://ecsite014.top
25,0,0,0,2,1,1,0,0,0.0,0,0,7,0,1,0,0,4.023465189601647,0,1,https://id.govnmjk.autos/
39,0,0,0,2,1,1,0,0,0.07692307692307693,0,0,5,0,1,0,0,3.7895382078971873,0,1,https://apps-user868aceptis.start.page/
44,0,0,0,2,1,1,0,0,0.11363636363636363,0,0,8,0,20,0,0,4.380251085560842,0,0,https://www.gameloft.com/products/item/10293
46,0,0,0,2,1,1,0,0,0.0,0,0,9,0,9,0,0,4.170543891762937,0,1,https://homes-bittunixx.wixstudio.com/login-en
18,0,0,0,1,0,1,0,0,0.0,0,0,6,0,0,0,0,3.614369445886757,0,0,https://bitget.com
22,0,0,0,1,0,1,0,1,0.045454545454545456,0,0,3,0,8,0,0,3.936260027531527,0,1,https://bit.ly/4iPaAGI
23,0,0,0,2,1,1,0,0,0.0,0,0,3,0,4,0,0,3.8164027166443866,0,0,https://www.box.net/faq
56,0,0,0,2,1,1,0,0,0.0,0,0,19,0,20,0,0,4.251365137954617,0,0,https://blog.firetvcaptiveportal.com/category/news/today
41,0,0,0,2,1,1,0,0,0.17073170731707318,0,0,7,0,9,0,0,4.257078456355553,0,1,https://davebenson688.systeme.io/ba0430ed
51,0,0,0,2,1,1,0,0,0.0,0,0,4,0,24,0,0,3.9715416481635724,0,0,https://support.apps.chrome/docs/forms/d/e/viewform
36,0,0,0,3,1,1,0,0,0.0,0,0,8,0,8,0,0,3.9329993066372895,0,0,https://docs.greenend.org.uk/contact
49,0,0,0,1,0,1,0,0,0.0,0,1,4,0,7,1,0,4.214114119970501,0,0,https://home.blog/search?q=cybersecurity+research
26,0,0,0,1,0,1,0,0,0.0,0,0,11,0,1,0,0,3.8919954870390203,0,1,https://swingcresty.click/
30,0,0,0,2,1,1,0,0,0.0,0,0,8,0,6,0,0,3.6225797618424918,0,0,https://www.statista.com/about
25,0,0,1,2,1,1,0,0,0.0,0,0,5,0,0,0,0,3.7532696895151085,0,0,https://support.jc-gs.com
51,0,0,0,2,0,1,0,0,0.0,0,1,4,0,7,1,0,4.261673638009256,0,0,https://gsxt.gov.cn/search?q=cybersecurity+research
28,0,0,2,1,0,1,0,0,0.0,0,0,15,0,1,0,0,3.9137995646056805,0,1,https://www-google-vipp.com/
47,0,0,2,2,1,1,0,0,0.0,0,0,25,0,4,0,0,4.275036394498539,0,0,https://blog.merchant-center-analytics.goog/faq
22,0,0,0,1,0,1,0,0,0.0,0,0,5,0,5,0,0,3.5383105956150063,0,0,https://mynet.com/home
35,0,0,0,2,0,1,0,0,0.08571428571428572,0,0,6,0,14,0,0,4.364857659740296,0,0,https://ndmais.com.br/dp/B08N5WRWNW
283,0,0,0,3,2,1,0,0,0.18021201413427562,0,3,12,0,15,1,0,5.883818924149678,0,1,https://1my65.trk.elasticemail.com/tracking/click?d=3oVnZavV7y7AB4DXiwJsFr3Gc4o-6AbgedOwc_xL8psT2P38RxaKOtUb0JEDqFis617PNYWJ0Cf6CQEtHnuU66BDR6fNx4Voe8salUYWcT7lTlGbnmigCiuA5pkB9B5WOtvmjrCRjUjeBec49gyF79TTGhZwt5VXVtx1wvPnBlZz0Iwqz4vLuxVXCdn1t4292Q2#aW5mb0B3aWstaW50ZXJuYXRpb25hbC5kZQ=
40,0,0,0,2,1,1,0,0,0.125,0,0,5,0,20,0,0,4.2250705203641825,0,0,https://www.pushy.me/products/item/10293
30,0,0,0,2,1,1,0,0,0.13333333333333333,0,0,6,0,1,0,0,4.231401845392172,0,1,https://023rs4ffef.weebly.com/
41,0,0,0,2,1,1,0,0,0.0,0,0,6,0,17,0,0,3.8300107733231887,0,1,https://sites.google.com/view/koloti/home
39,0,0,1,1,0,1,0,0,0.0,0,0,8,0,20,0,0,3.9359357962188977,0,0,https://dns-shop.ru/conditions/diabetes
40,0,0,1,2,1,1,0,0,0.0,0,0,23,0,1,0,0,3.9561983328100956,0,1,https://www.support-myaccountaccess.com/
147,0,0,1,6,0,1,1,0,0.3469387755102041,0,6,20,0,1,3,0,4.935773275552531,0,1,https://aacredltvnlan-online.top/?secure_connect=f523c*&_subid=15ld5h3.4c.247h3&_token=2uf24e51b2oceh.1783620894.4.2947b5aa89f254d52b2e39a50828bc86
32,0,0,0,2,1,1,0,0,0.0,0,0,6,0,1,0,0,4.116729296672175,0,1,https://mailadmindpt.weebly.com/
131,0,0,0,2,1,1,0,0,0.09923664122137404,0,0,6,0,108,0,0,5.583580135665401,0,1,https://docs.google.com/presentation/d/e/2PACX-1vTGL9rjbeYw8gXxa-QIqsoZg6GnBOb12pKrmCX6Rzfqi9Lagzm-VlEkZvPLHQW24fhGXw9ZmuNnF4wY/pub
175,0,0,0,2,1,1,0,0,0.12,0,5,6,0,108,3,0,5.670748826782948,0,1,https://docs.google.com/presentation/d/e/2PACX-1vTjBV7FE-nny4ZG57k_wXiuQExW3DYvXv3Ew5Q17S4--OJda9RprCuYWDR93oVXsIdp9wyi8uCLwTqb/pub?start=false&amp;loop=false&amp;delayms=3000
34,0,0,0,2,1,0,0,0,0.14705882352941177,0,0,7,0,0,0,0,4.216591062590433,0,1,http://allegrolokalnie.pl94324.sbs
175,0,0,0,2,1,1,0,0,0.07428571428571429,0,5,6,0,108,3,0,5.429053470391533,0,1,https://docs.google.com/presentation/d/e/2PACX-1vRmZPt2bjCG3PAXHCxxPhrjRf0tY-juCfoI-olfXRqsJXCjQr_jV4DPiGm2xVmxMkHZlfHe0wIC2Ex_/pub?start=false&amp;loop=false&amp;delayms=3000
16,0,0,1,1,0,1,0,0,0.0,0,0,4,0,0,0,0,3.577819531114783,0,0,https://a-mx.net
131,0,0,0,2,1,1,0,0,0.08396946564885496,0,0,6,0,108,0,0,5.59776555971062,0,1,https://docs.google.com/presentation/d/e/2PACX-1vTIL0GFxN8eDjqm-cbfVuZ1PErNLfRCHUnsv4Wbdd1AJ_3pQHGQfkH8K6CXHqxiekRkLRFl6npTNewx/pub
52,0,0,0,2,1,1,0,0,0.5769230769230769,0,0,8,0,1,0,0,3.903840141168748,0,1,https://676525362774372374673465666623.blogspot.com/
21,0,0,1,1,0,1,0,0,0.0,0,0,3,0,7,0,0,3.8442328987631917,0,1,https://q-r.to/bgbGLK
137,0,0,0,6,0,1,1,0,0.3284671532846715,0,5,13,0,1,3,0,5.009350879209211,0,1,https://seasoacfbornk.top/?secure_connect=2ff2W&_subid=3pl30i4.78.vnrn&_token=iokgk71212mma.1779712546.2.14a3581a191c5e3e689ba76d259cf61b
42,0,0,0,1,0,1,0,0,0.0,0,0,9,0,21,0,0,3.8705043999003403,0,0,https://hsprotect.net/terms-and-conditions
22,0,0,0,3,1,1,0,0,0.0,0,0,3,0,0,0,0,3.572623663895164,0,0,https://www.pje.jus.br
23,0,0,0,2,1,1,0,0,0.0,0,0,8,0,0,0,0,3.5555331514269954,0,0,https://www.selectel.ru
26,0,0,1,2,1,1,0,0,0.0,0,0,10,0,0,0,0,3.873140679513133,0,0,https://www.amazon-dss.com
36,0,0,1,2,1,1,0,0,0.08333333333333333,0,0,7,0,14,0,0,4.4057645846554525,0,0,https://en.xnxx-ru.com/dp/B08N5WRWNW
29,0,0,0,2,1,1,0,0,0.034482758620689655,0,0,8,0,4,0,0,4.004364184708142,0,0,https://docs.rome2rio.com/faq
23,0,0,0,2,1,1,0,0,0.0,0,0,2,0,1,0,0,3.5555331514269954,0,1,https://dgdskfds.uk.cc/
24,0,0,0,1,0,1,0,0,0.08333333333333333,0,0,8,0,4,0,0,4.053508854797678,0,0,https://france24.com/faq
38,0,0,0,1,0,1,0,0,0.07894736842105263,0,0,5,1,18,0,0,4.41872290806656,0,1,https://share.google/UF3A37xKGyMgMgovx
27,0,0,0,2,1,1,0,0,0.14814814814814814,0,0,6,0,1,0,0,3.9582291686698783,0,1,https://alberto.ce2661.pro/
39,0,0,1,2,1,0,0,0,0.15384615384615385,0,0,12,0,0,0,0,4.650661513678569,0,1,http://allegrolokalnie.smar9438-65j.cfd
23,0,0,0,2,1,1,0,0,0.043478260869565216,0,0,3,0,7,0,0,4.0559581516151235,0,1,https://l.ead.me/bfJrZ2
34,0,0,1,2,1,0,0,0,0.0,0,0,13,0,5,0,0,4.138502179294739,0,1,http://www.gov-parkingre.shop/com/
29,0,0,0,2,1,1,0,0,0.0,0,0,8,0,5,0,0,3.9093680639438846,0,0,https://www.examiner.com/news
39,0,0,0,1,0,1,0,0,0.0,0,0,3,0,24,0,0,3.8903670404887434,0,0,https://iqm.com/docs/forms/d/e/viewform
40,0,0,0,3,1,1,0,0,0.0,0,0,8,0,13,0,0,4.037326145256008,0,0,https://www.zonaprop.com.ar/r/technology
39,0,0,0,2,1,1,0,0,0.0,0,0,6,0,1,0,0,4.021704462063678,0,1,https://futuretechmindshift.jtfscl.com/
50,0,0,0,1,0,1,0,0,0.12,0,0,8,0,30,0,0,4.351272380112911,0,0,https://clickadu.net/article/2026/05/global-update
23,0,0,0,2,1,1,0,0,0.0,0,0,6,0,0,0,0,3.5555331514269954,0,0,https://docs.unstop.com
23,0,0,0,2,1,1,0,0,0.0,0,0,8,0,0,0,0,3.8492239123906247,0,0,https://en.usergate.com
30,0,0,0,2,1,1,0,0,0.0,0,0,6,0,5,0,0,3.4825887305018335,0,0,https://support.ilpost.it/help
28,0,0,0,2,1,1,0,0,0.0,0,0,3,0,1,0,0,3.896291529045928,0,1,https://megyar-post.web.app/
35,0,0,0,1,0,1,0,0,0.14285714285714285,0,0,3,0,20,0,0,4.125871146123145,0,0,https://pwc.com/products/item/10293
46,0,0,0,2,1,1,0,0,0.0,0,0,6,0,24,0,0,4.134080500385412,0,0,https://docs.aajtak.in/docs/forms/d/e/viewform
36,0,0,0,2,1,1,0,0,0.19444444444444445,0,0,10,0,1,0,0,4.329239931817578,0,1,https://lasue8404525.weeblysite.com/
42,0,0,0,2,1,1,0,0,0.35714285714285715,0,0,7,0,20,0,0,4.39768795823549,0,1,https://eu.jotform.com/app/252004332861346
41,0,0,0,1,0,1,0,0,0.0,0,0,9,0,20,0,0,3.9858732007759494,0,0,https://sharethis.com/category/news/today
35,0,0,0,1,0,1,0,0,0.0,0,0,11,0,12,0,0,3.807435516759526,0,1,https://toddwithrow.com/wp-content/
23,0,0,0,2,1,1,0,0,0.0,0,0,6,0,0,0,0,4.001822825622231,0,0,https://docs.vegalb.com
22,0,0,0,1,0,1,0,0,0.0,0,0,4,0,7,0,0,3.970573095811685,0,1,https://qrco.de/bgcQzd
24,0,0,0,2,1,1,0,0,0.125,0,0,3,0,1,0,0,3.688721875540867,0,1,https://jjs323e.web.app/
24,0,0,1,1,0,1,0,0,0.0,0,0,12,0,0,0,0,3.6053885422075336,0,0,https://search-start.org
32,0,0,0,2,1,1,0,0,0.125,0,0,11,0,1,0,0,4.179229296672175,0,1,https://allegro.m38r7ghe7er.cfd/
34,0,0,0,2,0,1,0,0,0.0,0,0,6,0,13,0,0,3.7604212095219935,0,0,https://google.com.gh/r/technology
29,0,0,0,1,0,1,0,0,0.0,0,0,4,0,13,0,0,3.840402546702505,0,0,https://lpsg.com/r/technology
22,0,0,0,1,0,1,0,0,0.0,0,0,5,0,6,0,0,4.027169118440618,0,1,https://bitly.cx/mNLow
33,0,0,0,2,1,1,0,0,0.0,0,0,12,0,5,0,0,4.12728313431329,0,0,https://www.drikpanchang.com/home
103,0,0,0,2,1,1,0,0,0.08737864077669903,0,1,6,0,68,1,0,5.122356329142969,0,1,https://docs.google.com/presentation/d/1lYjsiHJ3sF63ZMsZ7Nwhw4jOOrnVAzrlc8vHQf1Rgz4/present?usp=sharing
62,0,0,0,3,1,1,0,0,0.2903225806451613,0,0,2,0,11,0,0,4.752110423080732,0,1,https://pub-6d83fcbcfa5e4ae680b9d3fc5288b670.r2.dev/index.html
21,0,0,1,1,0,1,0,0,0.0,0,0,3,0,7,0,0,3.8442328987631917,0,1,https://q-r.to/bfJYno
29,0,0,0,2,1,1,0,0,0.0,0,0,6,0,1,0,0,3.9093680639438846,0,1,https://mimooiuuo.weebly.com/
41,0,0,0,1,0,1,1,0,0.0975609756097561,0,0,6,0,23,0,0,4.3546394319653094,0,1,https://jsfgwv.top/wngyj7td/Dsd03j/He3IhT
43,0,0,0,3,0,1,0,0,0.0,0,0,8,0,21,0,0,4.23128619690549,0,1,https://oesgroup.co.za/wp-admin/install.php
21,0,0,1,1,0,1,0,0,0.047619047619047616,0,0,3,0,7,0,0,3.939470994001287,0,1,https://q-r.to/bfLW8S
50,0,0,0,2,1,0,0,0,0.04,0,0,5,0,1,0,0,4.433269689515108,0,1,http://sp12ct-kramok-biz-prensar-veldik.pages.dev/
52,0,0,0,2,1,1,0,0,0.0,0,0,8,0,24,0,0,3.973700296182999,0,0,https://support.fortinet.com/docs/forms/d/e/viewform
24,0,0,0,2,1,1,0,0,0.0,0,0,8,0,0,0,0,3.7720552088742005,0,0,https://www.connatix.com
35,0,0,0,2,1,1,0,0,0.0,0,0,8,0,1,0,0,3.9684490031423754,0,1,https://kjazlkdazllla.blogspot.com/
43,0,0,1,2,1,1,0,0,0.0,0,0,15,0,13,0,0,4.233608649698742,0,0,https://en.eum-appdynamics.com/r/technology
44,0,0,0,2,1,1,0,0,0.0,0,0,5,0,13,0,0,3.7461571189724303,0,1,https://starting-intro.ghost.io/start-en-us/
21,0,0,0,1,0,1,0,0,0.0,0,0,5,0,5,0,0,3.7489948035250964,0,0,https://lenta.ru/home
39,0,0,0,2,1,1,0,0,0.0,0,0,7,0,16,0,0,4.131054782742918,0,0,https://blog.immoweb.be/in/profile-name
32,0,0,1,3,1,1,0,0,0.0625,0,0,9,0,6,0,0,4.280639062229566,0,0,https://en.awsdns-23.co.uk/login
44,0,0,0,2,1,1,0,0,0.0,0,0,4,0,20,0,0,4.09036727869349,0,0,https://support.wral.com/category/news/today
43,0,0,0,1,0,1,0,0,0.06976744186046512,0,0,8,0,24,0,0,3.9336877903443295,0,0,https://porno666.fo/docs/forms/d/e/viewform
41,0,0,0,2,1,1,0,0,0.024390243902439025,0,0,3,0,25,0,0,4.552197126358233,0,1,https://l.ead.me/bfKASoDFBbsrhetjw4hwjnmn
46,0,0,0,2,1,0,0,0,0.1956521739130435,0,0,15,0,1,0,0,4.286739064979163,0,1,http://allegro-lokalnie.oferta885215158.click/
31,0,0,0,2,1,1,0,0,0.0,0,0,10,0,6,0,0,4.106949132758152,0,0,https://www.cyberfolks.pl/about
50,0,0,0,2,1,1,0,0,0.0,0,0,12,0,21,0,0,4.110435500513582,0,0,https://blog.getbootstrap.com/terms-and-conditions
23,0,0,0,1,0,1,0,0,0.0,0,0,9,0,0,0,0,3.8820451081368623,0,0,https://appdomain.cloud
26,0,0,0,2,1,1,0,0,0.15384615384615385,0,0,11,0,0,0,0,3.979097891134805,0,0,https://www.fcinter1908.it
46,0,0,0,2,1,1,0,0,0.2391304347826087,0,0,5,0,1,0,0,4.673139880431714,0,1,https://u730-897-ivj-1e39ky-z4n-y2r.pages.dev/
55,0,0,0,5,1,1,0,0,0.05454545454545454,0,0,3,0,37,0,0,4.308746650621187,0,1,https://www.5mp.eu/fajlok2/email/index_www.5mp.eu_.html
21,0,0,1,1,0,1,0,0,0.047619047619047616,0,0,3,0,7,0,0,3.8442328987631917,0,1,https://q-r.to/bgaEp4
27,0,0,1,2,1,1,0,0,0.0,0,0,8,0,4,0,0,3.884155094595804,0,0,https://en.we-stats.com/faq
31,0,0,0,2,1,1,0,0,0.12903225806451613,0,0,6,0,1,0,0,4.17146526179041,0,1,https://optimum8799.weebly.com/
40,0,0,1,2,0,1,0,0,0.0,0,0,18,0,10,0,0,4.184183719779189,0,1,https://prime-videosfrance.com/index.php
23,0,0,0,1,0,1,0,0,0.0,0,0,5,0,6,0,0,3.6753108689123635,0,0,https://txnhh.com/about
32,0,0,0,2,1,1,0,0,0.0,0,0,6,0,1,0,0,3.9917292966721747,0,1,https://qeretrrghhtj.weebly.com/
41,0,0,0,2,1,1,0,0,0.0,0,0,11,0,1,0,0,3.994764127034493,0,1,https://pichinchaecbonos.webcindario.com/
28,0,0,0,3,2,1,0,0,0.03571428571428571,0,0,7,0,1,0,0,3.896291529045928,0,1,https://pop.pb3.duckdns.org/
22,0,0,0,1,0,1,0,0,0.0,0,0,4,0,7,0,0,3.936260027531527,0,1,https://qrco.de/bgqkwq
21,0,0,1,1,0,1,0,0,0.047619047619047616,0,0,3,0,7,0,0,3.8442328987631917,0,1,https://q-r.to/bgbm2X
45,0,0,0,2,1,1,0,0,0.022222222222222223,0,0,4,0,21,0,0,4.038873585546249,0,0,https://support.n2ch.net/terms-and-conditions
42,0,0,0,2,1,1,0,0,0.07142857142857142,0,0,5,1,14,0,0,4.2791058155843915,0,0,https://support.about.google/dp/B08N5WRWNW
36,0,0,1,1,0,1,0,0,0.0,0,0,9,0,15,0,0,4.0860486123130375,0,0,https://al-adtech.com/privacy-policy
42,0,0,1,2,0,1,0,0,0.0,0,0,8,0,22,0,0,4.08232813685843,0,1,https://t-servis.com/ewa/Shareviddeee.html
37,0,0,0,2,1,1,0,0,0.0,0,0,11,0,1,0,0,4.060012149061901,0,1,https://chomatruider.firebaseapp.com/
60,0,0,0,2,1,1,0,0,0.0,0,1,12,0,7,1,0,4.329470547040282,0,0,https://www.librarything.com/search?q=cybersecurity+research
33,0,0,1,2,1,0,1,0,0.0,0,0,13,0,5,0,0,4.104407755459851,0,1,http://www.gov-parkingqe.top/com/
25,0,0,0,2,1,1,0,0,0.0,0,0,9,0,0,0,0,3.863465189601647,0,0,https://www.pgammedia.com
190,0,0,0,3,1,1,0,0,0.11578947368421053,0,7,6,0,108,4,0,5.723516940194191,0,1,https://docs.google.com/presentation/d/e/2PACX-1vQW6njIl5-q8gZFLYKAzWH_RBe9NOMGk95UPGhgo26xc3uh87B4ZDhHzizrOXG6NdLK_Go491ZLJyEA/pub?start=false&amp;loop=false&amp;delayms=3000&amp;slide=id.p
43,0,0,0,3,2,1,0,0,0.13953488372093023,0,0,12,0,1,0,0,4.332786847524101,0,1,https://sp309599.sitebeat.crazydomains.com/
175,0,0,0,2,1,1,0,0,0.10857142857142857,0,5,6,0,108,3,0,5.520406222000992,0,1,https://docs.google.com/presentation/d/e/2PACX-1vQ1kp3QSJKNy-Cw9awe49XWV3Uz45SCmEN27Hhc9mdCofstG5acPkJUQmaB2hGossULerSKNMFcOPJZ/pub?start=false&amp;loop=false&amp;delayms=3000
58,0,0,0,3,1,1,0,0,0.0,0,1,6,0,7,1,0,4.268101694979907,0,0,https://docs.lazada.com.ph/search?q=cybersecurity+research
109,0,0,0,3,1,1,0,0,0.14678899082568808,0,3,7,0,49,2,0,5.373804169553239,0,1,https://www.dropbox.com/scl/fi/bkaw73nvhuuoc45282czr/BT-MAIL-VOICE.paper?dl=0&rlkey=93h6e6sueml6x8p2r1osalyxd
32,0,0,0,1,0,1,0,0,0.1875,0,0,6,0,14,0,0,4.288909765557392,0,0,https://jin115.com/dp/B08N5WRWNW
22,0,0,0,1,0,1,0,0,0.045454545454545456,0,0,4,0,7,0,0,3.936260027531527,0,1,https://qrco.de/bgbN6t
27,0,0,0,2,1,1,0,0,0.037037037037037035,0,0,5,0,5,0,0,3.7639657428240807,0,0,https://docs.dnse5.com/news
22,0,0,0,1,0,1,0,0,0.0,0,0,4,0,7,0,0,4.152391277629866,0,1,https://qrco.de/bgZvUM
31,0,0,0,2,1,1,0,0,0.0,0,0,11,0,0,0,0,3.845663149851382,0,0,https://support.marketwatch.com
42,0,0,0,2,0,1,0,0,0.0,0,0,3,0,24,0,0,4.001689519050982,0,0,https://mps.gov.cn/docs/forms/d/e/viewform
33,0,0,0,2,1,1,0,0,0.0,0,0,5,0,13,0,0,3.8848588918890474,0,0,https://www.goneo.de/r/technology
18,0,0,0,1,0,1,0,0,0.0,0,0,6,0,0,0,0,3.8365916681089787,0,0,https://indazn.com
50,0,0,1,1,0,1,0,0,0.0,0,0,14,0,24,0,0,3.9904355005135828,0,0,https://restream-media.net/docs/forms/d/e/viewform
49,0,0,0,2,1,1,0,0,0.0,0,0,8,0,24,0,0,4.022546325115137,0,0,https://docs.elcinema.com/docs/forms/d/e/viewform
48,0,0,0,2,1,0,0,0,0.041666666666666664,0,0,5,0,1,0,0,4.6470552088742005,0,1,http://sp3ct-yolqik-biz8-dersan-furem.pages.dev/
24,0,0,0,2,1,1,0,0,0.0,0,0,7,0,1,0,0,3.8553885422075336,0,1,https://mo.nhujvft.cyou/
33,0,0,0,1,0,1,0,0,0.0,0,0,2,0,20,0,0,3.893661742054299,0,0,https://we.tl/category/news/today
44,0,0,1,2,1,1,0,0,0.11363636363636363,0,0,5,0,20,0,0,4.187291426568272,0,0,https://support.c-srv.de/products/item/10293
121,0,0,0,3,1,1,0,0,0.06611570247933884,0,3,7,0,61,2,0,4.996545469569672,0,1,https://www.dropbox.com/scl/fi/b0dki95onpiuka6lzjf9s/British-Telecommunication.paper?dl=0&rlkey=rj4lmie2ewzbvgjmwvwearpto
28,0,0,1,2,0,1,0,0,0.07142857142857142,0,0,9,0,5,0,0,4.110577243331642,0,0,https://awsdns-22.co.uk/home
46,0,0,0,2,1,1,0,0,0.10869565217391304,0,0,11,0,20,0,0,4.230432750505621,0,0,https://en.mandmdirect.com/products/item/10293
42,0,0,0,2,1,1,0,0,0.0,0,0,6,0,18,0,0,3.9080627459302515,0,1,https://sites.google.com/view/jkopppp/home
43,0,0,0,2,1,1,0,0,0.046511627906976744,0,1,7,0,6,1,0,4.379298475431078,0,0,https://www.netgear.com/watch?v=dQw4w9WgXcQ
39,0,0,0,1,0,1,0,0,0.15384615384615385,0,0,7,0,20,0,0,4.333622334791383,0,0,https://okjds8z.com/products/item/10293
34,0,0,0,2,1,1,0,0,0.17647058823529413,0,0,10,0,1,0,0,4.17512313511346,0,1,https://elias-tore.bdll845000.pro/
38,0,0,0,2,1,1,0,0,0.0,0,0,6,0,1,0,0,4.0278083561646305,0,1,https://cccomcassstiniffty.weebly.com/
33,0,0,0,2,1,1,0,0,0.0,0,0,7,0,1,0,0,3.8013774524295485,0,1,https://lobstrswallet.webflow.io/
43,0,0,0,1,0,1,0,0,0.0,0,0,7,0,24,0,0,4.0969331393827915,0,0,https://nflximg.com/docs/forms/d/e/viewform
21,0,0,1,1,0,1,0,0,0.047619047619047616,0,0,3,0,7,0,0,3.7489948035250964,0,1,https://q-r.to/bgbgw6
43,0,0,0,2,1,1,0,0,0.16279069767441862,0,0,7,0,20,0,0,4.310586418631468,0,0,https://docs.f95zone.to/products/item/10293
20,0,0,0,1,0,1,0,0,0.05,0,0,4,0,5,0,0,3.746439344671016,0,1,https://urlz.fr/t2Je
41,0,0,1,1,0,1,0,0,0.04878048780487805,0,0,9,0,20,0,0,4.004285091072619,0,0,https://awsdns-33.net/category/news/today
49,0,0,0,2,1,1,0,0,0.02040816326530612,0,0,5,0,1,0,0,4.443606211763083,0,1,https://sp0ct-vorqix-biz-xelrem-delvak.pages.dev/
23,0,0,0,2,1,1,0,0,0.043478260869565216,0,0,3,0,7,0,0,3.936180434129755,0,1,https://l.ead.me/bfIS8t
41,0,0,0,2,1,1,0,0,0.04878048780487805,0,1,5,0,6,1,0,4.637801394756451,0,0,https://en.tukif.porn/watch?v=dQw4w9WgXcQ
58,0,0,0,3,1,1,0,0,0.0,0,0,6,0,21,0,0,4.310145865630721,0,1,https://verifiedbadge-azex.vercel.app/privacy-centers.html
56,0,0,0,2,1,1,0,0,0.0,0,1,8,0,7,1,0,4.260119155734493,0,0,https://www.unioneeu.com/search?q=cybersecurity+research
38,0,0,1,2,1,1,0,0,0.07894736842105263,0,0,9,0,14,0,0,4.543851526544547,0,0,https://en.suki-kira.com/dp/B08N5WRWNW
31,0,0,0,2,1,1,0,0,0.0,0,0,6,0,1,0,0,3.913400745661378,0,1,https://mmsswebmail.weebly.com/
39,0,0,0,1,0,1,0,0,0.0,0,0,23,0,4,0,0,3.8946629635410304,0,1,https://marketcommonhomesonline.com/ccd
18,0,0,0,1,0,1,0,0,0.0,0,0,2,0,4,0,0,3.794653473544342,0,0,https://ey.com/faq
42,0,0,0,2,1,1,0,0,0.0,0,0,6,0,1,0,0,4.2072117677593,0,1,https://xfinityyycomcastloginn.weebly.com/
40,0,0,0,2,1,1,0,0,0.075,0,0,11,0,14,0,0,4.484183719779189,0,0,https://en.khanacademy.org/dp/B08N5WRWNW
32,0,0,0,2,1,1,0,0,0.0,0,0,7,0,6,0,0,3.855337797403416,0,0,https://support.telekom.de/about
43,0,0,0,2,1,1,0,0,0.11627906976744186,0,0,6,0,20,0,0,4.34186497602557,0,0,https://blog.attdns.com/products/item/10293
25,0,0,0,1,0,1,0,0,0.0,0,0,5,0,8,0,0,3.6732696895151085,0,0,https://avira.com/contact
32,0,0,0,2,1,1,0,0,0.03125,0,0,8,0,1,0,0,3.9445488277869583,0,1,https://bnlbancfs5.blogspot.com/
31,0,0,0,2,1,0,0,0,0.3225806451612903,0,0,10,0,1,0,0,4.079376456233206,0,1,http://allegro.1200000498.casa/
190,0,0,0,3,1,1,0,0,0.06842105263157895,0,7,6,0,108,4,0,5.629401805387196,0,1,https://docs.google.com/presentation/d/e/2PACX-1vT-nB4CEeBnZ4eOUxM5xVbuWPTlZL0DYp7j8PHN-RHZpPpRQQtaIITPyHEJISBVbAk-BNSG_mOr6YQH/pub?start=false&amp;loop=false&amp;delayms=3000&amp;slide=id.p
40,0,0,0,2,1,1,0,0,0.0,0,0,7,0,8,0,0,3.934829508503262,0,1,https://jacobbentsen.wixsite.com/website
26,0,0,0,1,0,1,0,0,0.0,0,0,6,1,5,0,0,3.8150724101159432,0,0,https://safety.google/news
25,0,0,0,1,0,1,0,0,0.0,0,0,7,0,6,0,0,3.863465189601647,0,0,https://abcnews.com/about
39,0,0,0,2,1,1,0,0,0.0,0,0,9,0,13,0,0,4.067202859776942,0,0,https://blog.espressif.com/r/technology
22,0,0,0,1,0,1,0,1,0.045454545454545456,0,0,3,0,8,0,0,4.027169118440618,0,1,https://bit.ly/4gFLdWS
38,0,0,0,2,1,1,0,0,0.0,0,0,9,0,13,0,0,4.13569955274647,0,0,https://www.cloudsink.net/r/technology
32,0,0,0,2,1,1,0,0,0.09375,0,0,3,0,14,0,0,4.140319531114783,0,0,https://www.mci.ir/dp/B08N5WRWNW
40,0,0,1,2,1,1,0,0,0.0,0,0,10,0,13,0,0,4.165311532225102,0,0,https://docs.dark-manga.com/r/technology
41,0,0,0,2,1,1,0,0,0.0,0,0,6,0,1,0,0,4.257078456355553,0,1,https://webfo-kundenassistent.weebly.com/
101,0,0,0,2,1,1,0,0,0.09900990099009901,0,2,10,0,13,1,0,4.9123125977438225,0,1,https://payment-92423.bubbleapps.io/version-test?debug_mode=true#b2xpdmllci5icm9lbm5pbWFubkB1bmlsLmNo
38,0,0,1,1,0,0,0,0,0.18421052631578946,0,3,3,0,8,1,0,4.576617644908666,0,1,http://q-r.to/beG26e/?id=19828&wsigin=
56,0,0,0,2,1,1,0,0,0.0,0,0,20,0,20,0,0,4.14675280670598,0,0,https://www.avsxappcaptiveportal.com/conditions/diabetes
23,0,0,0,2,1,1,0,0,0.0,0,0,7,0,0,0,0,3.8492239123906247,0,0,https://www.byteglb.com
33,0,0,0,2,1,1,0,0,0.030303030303030304,0,0,6,0,1,0,0,4.248495255525411,0,1,https://update1unison.weebly.com/
32,0,0,0,2,1,1,0,0,0.0,0,0,15,0,0,0,0,4.015319531114783,0,0,https://blog.thenationalnews.com
36,0,0,0,2,1,1,0,0,0.0,0,0,8,0,8,0,0,3.8638263900908156,0,0,https://support.infocyte.com/contact
39,0,0,0,2,1,1,0,0,0.0,0,0,2,0,20,0,0,3.9327127957298518,0,0,https://docs.wi.gov/conditions/diabetes
42,0,0,0,2,1,1,0,0,0.11904761904761904,0,0,5,0,20,0,0,4.3000721137090645,0,0,https://docs.wiley.com/products/item/10293
146,0,0,0,3,1,1,0,0,0.06164383561643835,0,7,6,0,64,4,0,5.2297207474903376,0,1,https://docs.google.com/presentation/d/1UC1FSUjHTCHIjdVb5mY-dW2gRqHWhMhiYRep1f_CGKU/pub?start=false&amp;loop=false&amp;delayms=3000&amp;slide=id.p
21,0,0,1,1,0,1,0,0,0.047619047619047616,0,0,3,0,7,0,0,3.939470994001287,0,1,https://q-r.to/bfMJU6
21,0,0,0,1,0,1,0,0,0.0,0,0,6,0,4,0,0,3.7849418274376427,0,0,https://google.sk/faq
33,0,0,0,1,0,1,0,0,0.0,0,0,8,0,13,0,0,4.043801694853791,0,0,https://snapfish.com/r/technology
44,0,0,1,1,0,1,0,0,0.0,0,0,12,0,20,0,0,4.235015641798042,0,0,https://adnxs-simple.com/category/news/today
45,0,0,0,2,1,1,0,0,0.13333333333333333,0,0,6,0,1,0,0,4.419305040629888,0,1,https://inquisitive-method-635775.framer.app/
40,0,0,0,2,1,1,0,0,0.075,0,0,3,0,1,0,0,4.275070520364182,0,1,https://under-review-case-636fc.web.app/
33,0,0,0,2,0,1,0,0,0.0,0,0,3,0,16,0,0,4.233639952626227,0,0,https://gla.ac.uk/in/profile-name
39,0,0,0,2,1,1,0,0,0.0,0,0,6,0,13,0,0,3.974647975817024,0,0,https://support.tunein.com/r/technology
33,0,0,0,2,1,1,0,0,0.0,0,0,11,0,6,0,0,3.8848588918890474,0,0,https://www.apachetoday.com/about
36,0,0,0,2,1,1,0,0,0.16666666666666666,0,0,6,0,0,0,0,4.347434988263512,0,1,https://allegrolokalnie.876503.click
27,0,0,0,1,0,1,0,0,0.037037037037037035,0,0,3,0,13,0,0,4.282484261342599,0,1,https://zpr.io/5kFYmkuwZidn
40,0,0,0,2,1,1,0,0,0.0,0,0,9,0,8,0,0,4.2250705203641825,0,1,https://geigerbill.wixstudio.com/my-site
22,0,0,0,1,0,1,0,0,0.0,0,0,4,0,7,0,0,4.152391277629866,0,1,https://qrco.de/bfLXYH
53,0,0,0,1,0,1,0,0,0.0,0,0,16,0,24,0,0,4.1215916260770245,0,0,https://syndicatedsearch.goog/docs/forms/d/e/viewform
57,0,0,1,2,1,1,0,0,0.0,0,0,17,0,21,0,0,4.152808989728637,0,0,https://support.liftoff-creatives.io/terms-and-conditions
46,0,0,0,2,1,1,1,0,0.043478260869565216,0,1,8,0,6,1,0,4.528465488430549,0,0,https://docs.adamieva.info/watch?v=dQw4w9WgXcQ
68,0,0,0,2,1,1,0,0,0.058823529411764705,0,1,6,0,33,1,0,4.355290694497954,0,1,https://sites.google.com/view/messagerie-prive001/accueil?authuser=7
25,0,0,0,2,1,1,0,0,0.0,0,0,6,0,0,0,0,3.863465189601647,0,0,https://support.mobile.de
54,0,0,0,2,1,1,0,0,0.1111111111111111,0,0,8,0,30,0,0,4.372865456180308,0,0,https://docs.alphonso.tv/article/2026/05/global-update
56,0,0,0,1,0,1,0,0,0.0,0,1,13,0,7,1,0,4.260866369662465,0,0,https://moviesdatamil.co/search?q=cybersecurity+research
50,0,0,0,2,1,1,0,0,0.04,0,0,5,0,1,0,0,4.4883674395583775,0,1,https://sp12ct-hormik-biz-zaldek-vansor.pages.dev/
21,0,0,1,1,0,1,0,0,0.0,0,0,3,0,7,0,0,3.939470994001287,0,1,https://q-r.to/bfJWTu
50,0,0,0,2,1,1,0,0,0.0,0,0,6,0,16,0,0,4.008884070537636,0,1,https://mobilmobilananak.github.io/bussines/class/
183,0,0,0,2,1,1,0,0,0.08743169398907104,0,5,6,0,108,3,0,5.497471974029724,0,1,https://docs.google.com/presentation/d/e/2PACX-1vRBnSamPC9Zs26zUgZfPfJzBcCSdTc1Z6xM9OMnSiJAGFKdDPwnJzZScmDPsSXkD0WjXJFKS64-pIS0/pub?start=false&amp;amp;loop=false&amp;amp;delayms=3000
54,0,0,0,1,0,1,0,0,0.0,0,1,8,0,7,1,0,4.136663835769873,0,0,https://teleport.media/search?q=cybersecurity+research
44,0,0,0,1,0,1,0,0,0.0,0,0,8,0,24,0,0,4.015663722379787,0,0,https://usatoday.com/docs/forms/d/e/viewform
53,0,0,0,2,1,1,0,0,0.0,0,1,5,0,7,1,0,4.289451945930605,0,0,https://www.xnhau.bio/search?q=cybersecurity+research
21,0,0,0,1,0,1,0,0,0.0,0,0,8,0,1,0,0,3.6537567082870015,0,1,https://ytrmpzkr.com/
21,0,0,1,1,0,1,0,0,0.09523809523809523,0,0,3,0,7,0,0,3.8442328987631917,0,1,https://q-r.to/bgc44w
47,0,0,0,2,1,1,0,0,0.02127659574468085,0,0,7,0,24,0,0,3.990210395606777,0,0,https://www.cdnhwc1.com/docs/forms/d/e/viewform
40,0,0,0,1,0,1,0,0,0.0,0,0,7,0,21,0,0,4.127567157116929,0,0,https://apkpure.com/terms-and-conditions
63,0,0,0,3,1,1,0,0,0.38095238095238093,0,0,2,0,12,0,0,4.40636108364709,0,1,https://pub-d637c8d427db484db2245748126bd788.r2.dev/rcubic.html
19,0,0,0,2,1,1,0,0,0.0,0,0,3,0,0,0,0,3.5766176449086657,0,0,https://docs.ves.io
123,0,0,0,2,1,1,0,0,0.13008130081300814,0,2,15,0,1,0,0,5.681063159842724,0,1,https://url.emailprotection.link/?bq1E3Kg8ouJP79DeG4W2Pr6w64Db4KkdnaV_ya6hsO6VqTZHX2CxkqrPdKTALc3uFegn-mcWoxvweByRS3clqIg~~
58,0,0,0,2,1,1,0,0,0.10344827586206896,0,0,9,0,30,0,0,4.342906805801241,0,0,https://support.anikototv.to/article/2026/05/global-update
34,0,0,0,2,1,1,0,0,0.08823529411764706,0,0,3,0,14,0,0,4.1973257087065035,0,0,https://docs.nap.edu/dp/B08N5WRWNW
38,0,0,0,1,0,1,0,0,0.13157894736842105,0,0,6,0,20,0,0,4.218469211370855,0,0,https://pixels.com/products/item/10293
23,0,0,0,1,0,1,0,0,0.0,0,0,6,0,5,0,0,3.8492239123906247,0,0,https://preply.com/news
21,0,0,0,1,0,1,0,0,0.0,0,0,8,0,1,0,0,4.070656113151928,0,1,https://krenqlwb.com/
43,0,0,0,1,0,1,0,0,0.16279069767441862,0,0,7,0,23,0,0,4.563022534265731,0,1,https://q8mz5xp.skin/aqfasnvt/G6C5YR/i04G4N
20,0,0,0,1,0,1,0,0,0.05,0,0,2,0,7,0,0,3.508694969562842,0,1,https://tr.ee/4ypFRp
23,0,0,0,2,1,1,0,0,0.0,0,0,3,0,7,0,0,3.9690016298759927,0,1,https://l.ead.me/bfIlFE
39,0,0,1,2,0,1,0,0,0.07692307692307693,0,1,12,0,8,0,0,4.162980744225907,0,1,https://cedis-online.de/idn.php#imgo121
49,0,0,0,2,1,1,0,0,0.2857142857142857,0,0,8,0,1,0,0,4.581461058746011,0,1,https://x7d8e94d617649ef9eihor61eyb.w3spaces.com/
46,0,0,0,2,1,1,0,0,0.0,0,0,10,0,20,0,0,3.6944540106783688,0,0,https://docs.adobestats.io/conditions/diabetes
52,0,0,0,1,0,1,1,0,0.0,0,1,7,0,7,1,0,4.187535209236148,0,0,https://freedot.info/search?q=cybersecurity+research
22,0,0,0,1,0,1,0,0,0.045454545454545456,0,0,4,0,7,0,0,4.152391277629866,0,1,https://qrco.de/bfIFZ2
32,0,0,0,2,1,1,0,0,0.0,0,0,8,0,8,0,0,3.7889097655573916,0,0,https://docs.cloudhub.io/contact
43,0,0,0,2,1,1,0,0,0.09302325581395349,0,0,7,0,10,0,0,4.040594779691077,0,1,https://sertingwest24.wixsite.com/service24
39,0,0,0,2,1,1,0,0,0.07692307692307693,0,0,9,0,14,0,0,4.406821128952238,0,0,https://blog.synthesia.io/dp/B08N5WRWNW
42,0,0,0,1,0,1,0,0,0.14285714285714285,0,0,6,0,23,0,0,4.782564078149313,0,1,https://3y4ye5.skin/xv8bimu7/IcNNZr/Lmq4oK
45,0,0,0,1,0,1,0,0,0.0,0,0,10,0,24,0,0,4.171277052658107,0,0,https://playfamily.ru/docs/forms/d/e/viewform
27,0,0,0,2,1,1,0,0,0.0,0,0,6,0,1,0,0,4.0043444463675275,0,1,https://kurbweb.weebly.com/
26,0,0,0,2,1,1,0,0,0.0,0,0,6,0,1,0,0,3.95006375643621,0,1,https://eduodu.weebly.com/
24,0,0,0,1,0,1,0,1,0.0,0,0,3,0,10,0,0,3.684560814286289,0,1,https://bit.ly/m/attserv
324,0,0,0,2,1,1,0,0,0.13580246913580246,0,1,7,0,8,1,0,5.790479176722899,0,1,https://account.booking.com/sign-in?op_token=EgVvYXV0aCKyAQoUNlo3Mm9IT2QzNk5uN3prM3BpcmgSCWF1dGhvcml6ZRoaaHR0cHM6Ly9hZG1pbi5ib29raW5nLmNvbS8qOnsiYXV0aF9hdHRlbXB0X2lkIjoiYzk0NTc1NDAtY2I2YS00NTlhLWE3YmYtMjNiZDExOGRmYWVkIn0yK29qWkF5b1ZKeWE0ZVBIbGg3OGVPMlhGM1Vjd1ZCY3ZXZGVDSUNaaDVyczg6BFMyNTZCBGNvZGUqEzCRzY39_aYnOgBCAFjxg4W0pzI
42,0,0,0,2,1,1,0,0,0.14285714285714285,0,0,6,0,1,0,0,4.46328051781081,0,1,https://quiet-challenge-690227.framer.app/
45,0,0,0,2,1,0,0,0,0.26666666666666666,0,0,8,0,1,0,0,4.102886574907055,0,1,http://ze56fr454rf45rezf45654ez.blogspot.com/
64,0,0,0,3,1,1,0,0,0.3125,0,0,2,0,13,0,0,4.656042680182112,0,1,https://pub-4ab80b0cc225420184adda9f946c6a4a.r2.dev/qumunll.html
51,0,0,0,2,1,1,0,0,0.11764705882352941,0,0,7,0,30,0,0,4.446360145638538,0,0,https://en.diamond.jp/article/2026/05/global-update
43,0,0,0,1,0,1,0,0,0.0,0,0,10,0,21,0,0,4.164295859202321,0,0,https://foursquare.com/terms-and-conditions
175,0,0,0,2,1,1,0,0,0.08571428571428572,0,5,6,0,108,3,0,5.498103115876864,0,1,https://docs.google.com/presentation/d/e/2PACX-1vReBwaOOhxFza-5zlzMMTxv3Fcp2hvyknoD07MOJxiErxVzQ_p6xc_hUgrA0BWsr6TDfcv2ajnTq_el/pub?start=false&amp;loop=false&amp;delayms=3000
39,0,0,0,1,0,1,0,0,0.0,0,0,7,0,21,0,0,4.131054782742918,0,0,https://kremlin.ru/terms-and-conditions
30,0,0,0,2,1,1,0,0,0.0,0,0,9,0,5,0,0,3.6029100796497273,0,0,https://www.ccgateway.net/news
42,0,0,0,2,1,1,0,0,0.07142857142857142,0,0,11,0,14,0,0,4.175188482808195,0,0,https://docs.steamstatic.com/dp/B08N5WRWNW
167,0,0,0,2,1,1,0,0,0.11976047904191617,0,5,6,0,108,3,0,5.488842938168908,0,1,https://docs.google.com/presentation/d/e/2PACX-1vSqLdWgghghMHToUG3F4r_bmynDLpA7yhg3CLp4mz7rosAX0vviMbpYgDUJZs2UB8ohA1In29ILm33R/pub?start=false&loop=false&delayms=3000
53,0,0,0,1,0,1,0,0,0.11320754716981132,0,0,9,0,30,0,0,4.381051058615007,0,0,https://spankbang.party/article/2026/05/global-update
184,0,0,0,3,1,1,0,0,0.10869565217391304,0,9,6,0,108,5,0,5.492931454252921,0,1,https://docs.google.com/presentation/d/e/2PACX-1vS-0l8xoTSkFkViUIdHaofiCzc8u4JT-PDrsWhXp8hQ7CdftXBkcjU799iiZDp-l7mnMnGRs47hkKR4/pub?start=false&loop=false&delayms=3000&pli=1&slide=id.p
21,0,0,1,1,0,1,0,0,0.0,0,0,3,0,7,0,0,3.8442328987631917,0,1,https://q-r.to/bfIqYF
23,0,0,0,2,1,1,0,0,0.08695652173913043,0,0,3,0,7,0,0,3.936180434129755,0,1,https://l.ead.me/bgeM16
28,0,0,0,2,1,1,0,0,0.0,0,0,6,0,5,0,0,3.797902689682947,0,0,https://docs.apnews.com/home
25,0,0,0,2,1,1,0,0,0.0,0,0,5,0,4,0,0,3.7532696895151085,0,0,https://www.ohchr.org/faq
113,0,0,0,2,1,1,0,0,0.05309734513274336,0,1,6,0,76,1,0,5.29419973360178,0,1,https://docs.google.com/forms/d/e/1FAIpQLSfiMQNM0VZnVDP2mzvMjiGtjvmR9YzvghJjN2etfTwDAl3FNA/viewform?usp=send_form
68,0,0,0,2,1,1,0,0,0.08823529411764706,0,0,22,0,30,0,0,4.419814452775962,0,0,https://www.pendingrenewaldeletion.com/article/2026/05/global-update
74,0,0,1,4,1,1,0,0,0.0,0,1,14,0,10,1,0,4.298641332976819,0,1,https://gfc.snd-esolutions.com/redirect/?username=redacted@abuse.ionos.com
44,0,0,0,2,1,1,0,0,0.0,0,0,9,0,15,0,0,4.144106550888951,0,0,https://support.eyefinity.com/privacy-policy
38,0,0,0,1,0,1,0,0,0.07894736842105263,0,0,5,1,18,0,0,4.629249223856034,0,1,https://share.google/4rbaYLhIMXj5P0CTE
142,0,0,0,4,0,1,0,0,0.1056338028169014,0,13,10,0,13,4,1,4.970013181913668,0,1,https://mientaynet.com/advclick.php?o=textlink&u=15&l=https%3A%2F%2Fo2o.to%2Fi/7et8nm?bigloumolina@aol.com&sunsubcribe=default?useri=id=654842
22,0,0,0,1,0,1,0,1,0.045454545454545456,0,0,3,0,8,0,0,3.936260027531527,0,1,https://bit.ly/3VWsBIn
60,0,0,0,2,1,1,0,0,0.08333333333333333,0,0,7,0,1,0,0,4.6919930457821675,0,1,https://z86jguyjckky6qyatgcj-uat57sduyjkevsdfwa.teemill.com/
58,0,0,0,2,1,1,0,0,0.10344827586206896,0,0,11,0,30,0,0,4.4463550816633095,0,0,https://blog.cookieadmin.net/article/2026/05/global-update
29,0,0,1,2,1,1,0,0,0.06896551724137931,0,0,9,0,4,0,0,4.047299098426643,0,0,https://www.awsdns-16.com/faq
19,0,0,0,1,0,1,0,0,0.0,0,0,8,0,0,0,0,3.6818808028034025,0,0,https://edgetcdn.io
24,0,0,0,1,0,1,0,0,0.0,0,0,5,0,5,0,0,3.6368421881310113,0,0,https://likee.video/help
46,0,0,0,3,1,1,0,0,0.0,0,0,21,0,6,0,0,4.1976115547593835,0,0,https://docs.manchestereveningnews.co.uk/login
39,0,0,0,2,1,1,0,0,0.1282051282051282,0,0,7,0,9,0,0,4.436186437355485,0,1,https://fegip63748.wixsite.com/id-login
28,0,0,0,2,1,1,0,0,0.0,0,0,7,0,5,0,0,3.7089660826946234,0,0,https://www.chatgpt.com/news
19,0,0,0,2,1,1,0,0,0.0,0,0,2,0,0,0,0,3.6163485660751644,0,0,https://docs.uw.edu
110,0,0,1,4,2,1,1,0,0.3090909090909091,0,0,13,0,48,0,0,4.957191791866123,0,1,https://www.admin-booking-extranet.cfng-sso86764.site/auth/996d724a51a830d54f508c04ef8af6f3/webm.html?22304407
42,0,0,0,2,1,1,0,0,0.07142857142857142,0,0,11,0,14,0,0,4.46328051781081,0,0,https://blog.tudocelular.com/dp/B08N5WRWNW
43,0,0,0,2,1,1,0,0,0.06976744186046512,0,0,10,0,14,0,0,4.350342370830228,0,0,https://support.onfinality.io/dp/B08N5WRWNW
26,0,0,0,2,1,1,0,0,0.0,0,0,3,0,4,0,0,3.6612262562697895,0,0,https://support.hku.hk/faq
22,0,0,0,1,0,1,0,1,0.09090909090909091,0,0,3,0,8,0,0,3.8453509366224363,0,1,https://bit.ly/4oNK5ol
23,0,0,1,1,0,1,0,0,0.0,0,0,8,0,3,0,0,3.6753108689123635,0,1,https://dpdco-uk.cfd/uk
24,0,0,0,2,1,1,0,0,0.0,0,0,8,0,0,0,0,3.8553885422075336,0,0,https://www.digicert.com
43,0,0,0,2,1,1,0,0,0.0,0,0,9,0,6,0,0,4.326631905512696,0,1,https://get-live-global.wixstudio.com/en-us
26,0,0,0,1,0,1,0,0,0.0,0,0,8,0,6,0,0,3.9021748142117283,0,0,https://schneier.com/login
24,0,0,0,2,1,1,0,0,0.0,0,0,6,0,0,0,0,4.084962500721156,0,1,https://login.gxwjcy.com
32,0,0,0,2,1,1,0,0,0.0,0,0,7,0,8,0,0,3.827819531114783,0,0,https://docs.digialm.com/contact
33,0,0,0,2,1,1,0,0,0.030303030303030304,0,0,8,0,1,0,0,4.078506150239447,0,1,https://vfbgttytrcb.w3spaces.com/
43,0,0,0,2,1,1,0,0,0.0,0,0,11,0,1,0,0,4.146740335896194,0,1,https://cardservices-fmbnc.firebaseapp.com/
38,0,0,0,2,1,1,0,0,0.0,0,0,6,0,15,0,0,4.201231789474708,0,0,https://docs.ubuntu.com/privacy-policy
46,0,0,0,2,1,1,0,0,0.10869565217391304,0,0,10,0,20,0,0,4.328046337368079,0,0,https://www.platinmods.com/products/item/10293
22,0,0,0,1,0,1,0,0,0.0,0,0,10,0,0,0,0,3.572623663895164,0,0,https://destacamos.com
22,0,0,0,1,0,1,0,0,0.0,0,0,4,0,7,0,0,4.0614821867207755,0,1,https://qrco.de/bgcKYD
39,0,0,0,2,1,1,0,0,0.0,0,0,11,0,1,0,0,4.038499898783,0,1,https://schweizerpaket.firebaseapp.com/
36,0,0,1,2,1,1,0,0,0.027777777777777776,0,0,7,0,12,0,0,4.107017709595357,0,1,https://wbtx.m-pages.com/sRwx3H/wbtx
45,0,0,0,2,1,0,0,0,0.2222222222222222,0,0,5,0,1,0,0,4.563532262755956,0,1,http://89rn-ai9-p93v8-41m7u-kan8zc.pages.dev/
35,0,0,0,2,1,1,0,0,0.0,0,0,4,0,15,0,0,4.207435516759526,0,0,https://blog.free.fr/privacy-policy
41,0,0,0,2,1,1,0,0,0.12195121951219512,0,0,6,0,20,0,0,4.26659942039368,0,0,https://www.letour.fr/products/item/10293
45,0,0,0,2,1,1,0,0,0.06666666666666667,0,0,14,0,14,0,0,4.419305040629888,0,0,https://docs.britishairways.com/dp/B08N5WRWNW
27,0,0,0,2,1,1,0,0,0.0,0,0,11,0,0,0,0,3.856196298219379,0,0,https://www.arstechnica.com
23,0,0,0,1,0,1,0,0,0.0,0,0,6,0,5,0,0,3.4898907599345197,0,0,https://ipecho.net/help
46,0,0,0,2,1,0,0,0,0.08695652173913043,0,0,5,0,1,0,0,4.569772760819465,0,1,http://norzora-gld-zarquna-a6x1fw83.pages.dev/
21,0,0,0,1,0,1,0,0,0.0,0,0,9,0,0,0,0,3.7849418274376427,0,0,https://epicgames.dev
38,0,0,1,2,0,1,0,0,0.0,0,0,16,0,10,0,0,4.208196592277087,0,1,https://service-relaypro.com/index.php
29,0,0,0,2,1,1,0,0,0.0,0,0,5,0,5,0,0,3.857306856898128,0,0,https://support.groww.in/home
23,0,0,0,2,1,1,0,0,0.0,0,0,3,0,7,0,0,3.9690016298759927,0,1,https://l.ead.me/bgaiSf
26,0,0,0,1,0,1,1,0,0.15384615384615385,0,0,6,0,7,0,0,4.180832987205441,0,1,https://8r5hh6.info/7oBbyg
23,0,0,0,1,0,1,0,0,0.0,0,0,7,0,4,0,0,3.9690016298759927,0,0,https://wizzair.com/faq
29,0,0,0,2,1,1,0,0,0.0,0,0,6,0,3,0,0,3.7159321855150287,0,1,https://mission.wasmer.app/es
131,0,0,0,2,1,1,0,0,0.10687022900763359,0,0,6,0,108,0,0,5.560530135599341,0,1,https://docs.google.com/presentation/d/e/2PACX-1vQaFl10dl_yy62-gKu9rLq3eU8aPlZSMxJmxNdb8DyyEymEnEu-gMeP1TrRuWGVAo3pRu2AIifY6MXI/pub
329,0,0,0,2,1,1,0,0,0.1945288753799392,0,16,4,0,5,7,0,5.751976620129877,0,1,https://www.bing.com/ck/a?!&&p=f0cfdf16a156b8f0JmltdHM9MTcxNDYwODAwMCZpZ3VpZD0xYzU1ZjFmMi04MTc1LTYxOTktMjk0ZC1lNTlmODBiNTYwNGQmaW5zaWQ9NTI3MA&ptn=3&ver=2&hsh=3&fclid=1c55f1f2-8175-6199-294d-e59f80b5604d&u=a1aHR0cHM6Ly9jbGljcy5pbmZvL2VudGVydGFpbm1lbnQvLW15LWxpdHRsZS1jYXJhdmFuLXNjaG9vbC1ob2xpZGF5LWFjdGl2aXRpZXMtZm9yLWtpZHMv&ntb=1
34,0,0,0,2,1,1,0,0,0.0,0,0,6,0,1,0,0,4.256149238118268,0,1,https://logon-rrcu-uux.weebly.com/
33,0,0,0,2,1,1,0,0,0.18181818181818182,0,0,12,0,1,0,0,4.225619876671972,0,1,https://olivier.direct850279.pro/
108,0,0,0,2,1,1,1,0,0.1388888888888889,0,0,8,0,72,0,0,4.645216176425235,0,1,https://allegrolokalnie.632656fa.top/oferta/id-jkh5673a41-garmin-fenix-8---51mm---solar-sapphire-carbon-gray
22,0,0,0,1,0,1,0,0,0.0,0,0,4,0,7,0,0,4.0614821867207755,0,1,https://qrco.de/bfFCQF
43,0,0,0,2,1,1,0,0,0.0,0,0,3,0,24,0,0,4.154845348584491,0,0,https://blog.net.ru/docs/forms/d/e/viewform
31,0,0,0,1,0,1,0,0,0.0967741935483871,0,0,6,0,14,0,0,4.220167681284828,0,0,https://google.iq/dp/B08N5WRWNW
30,0,0,0,1,0,1,0,0,0.0,0,0,10,0,8,0,0,3.8150610122030697,0,0,https://zohopublic.com/contact
28,0,0,0,1,0,1,0,0,0.0,0,0,10,0,6,0,0,4.012188403968661,0,0,https://theblowers.com/login
39,0,0,0,2,1,1,0,0,0.0,0,0,3,0,1,0,0,3.9359357962188977,0,1,https://uniqueassitancesupport.web.app/
40,0,0,0,2,1,1,0,0,0.0,0,0,7,0,11,0,0,3.927567157116929,0,1,https://logitechh.wixsite.com/investment
23,0,0,0,2,1,1,0,0,0.0,0,0,3,0,7,0,0,3.8820451081368623,0,1,https://l.ead.me/bgdaZP
29,0,0,0,2,1,1,0,0,0.0,0,0,8,0,5,0,0,4.047299098426643,0,0,https://blog.keenetic.ru/home
38,0,0,0,1,0,1,0,0,0.13157894736842105,0,0,7,0,20,0,0,4.145972171840238,0,0,https://cloudrc.ru/products/item/10293
31,0,0,0,2,1,1,0,0,0.0,0,0,3,0,1,0,0,4.0667842134731025,0,1,https://ply-cfbindiana.web.app/
190,0,0,0,3,1,1,0,0,0.07894736842105263,0,7,6,0,108,4,0,5.491045225951435,0,1,https://docs.google.com/presentation/d/e/2PACX-1vTH0VY_s3N-fc_S4NAaTUaz1iPWLEtY4mKbK1mlGaeFI5MtZdroKFqgytfszZL0-WxiXWfNu0wKfOyN/pub?start=false&amp;loop=false&amp;delayms=3000&amp;slide=id.p
23,0,0,0,1,0,1,0,0,0.0,0,0,3,0,8,0,0,3.588354347173233,0,0,https://ubs.com/contact
44,0,0,0,2,1,1,0,0,0.045454545454545456,0,1,9,0,6,1,0,4.447401504705915,0,0,https://en.spaceship.com/watch?v=dQw4w9WgXcQ
50,0,0,0,2,1,1,0,0,0.08,0,0,5,0,1,0,0,4.52637013015618,0,1,https://nlonex-skrez-a7c109-wplm-ponvek.pages.dev/
27,0,0,0,2,1,1,0,0,0.0,0,0,6,0,5,0,0,3.6800893536948065,0,0,https://www.gentoo.org/help
20,0,0,0,1,0,1,0,0,0.1,0,0,3,0,6,0,0,3.8841837197791893,0,1,https://2ww.me/BAD8O
175,0,0,0,2,1,1,0,0,0.09714285714285714,0,5,6,0,108,3,0,5.609862986599785,0,1,https://docs.google.com/presentation/d/e/2PACX-1vQNet5ix5A8v0bYQNzCVPCIBK9ObXdMLfTN5UZV8hSN0Dh_Ckh-1UGEeySu1lpPf-JVF6VsaipAPYoZ/pub?start=false&amp;loop=false&amp;delayms=3000
22,0,0,0,1,0,1,0,0,0.09090909090909091,0,0,4,0,7,0,0,4.152391277629866,0,1,https://qrco.de/bga98m
32,0,0,0,2,1,1,0,0,0.0,0,0,7,0,1,0,0,4.155639062229566,0,1,https://revalidating.boxmode.io/
43,0,0,1,2,1,1,0,0,0.0,0,0,13,0,13,0,0,4.05371708008224,0,0,https://docs.research-plus.net/r/technology
38,0,0,0,2,1,0,0,0,0.05263157894736842,0,0,7,0,0,0,0,4.4514890264306795,0,1,http://cosmic-choux-dbb87e.netlify.app
76,0,0,1,2,1,1,0,0,0.23684210526315788,0,3,16,0,1,2,0,4.7214371388601,0,1,https://us15.campaign-archive.com/?u=7d770f010fa1cffc539c96e2e&id=ecdefa22ac
21,0,0,1,1,0,1,0,0,0.0,0,0,3,0,7,0,0,3.939470994001287,0,1,https://q-r.to/bfKBDY
31,0,0,0,2,1,1,0,0,0.0,0,0,8,0,8,0,0,3.845663149851382,0,0,https://www.gamewith.jp/contact
22,0,0,0,1,0,1,0,0,0.0,0,0,4,0,7,0,0,4.0614821867207755,0,1,https://qrco.de/bfMrDS
21,0,0,1,1,0,1,0,0,0.0,0,0,3,0,7,0,0,3.939470994001287,0,1,https://q-r.to/bfNjMP
40,0,0,0,3,1,1,0,0,0.0,0,0,6,0,16,0,0,4.184183719779189,0,0,https://www.google.co.bw/in/profile-name
20,0,0,0,1,0,1,0,0,0.0,0,0,3,0,5,0,0,3.784183719779189,0,0,https://dnb.com/news
26,0,0,0,2,0,1,0,0,0.0,0,0,6,0,5,0,0,3.503539122804025,0,0,https://google.com.om/home
49,0,0,0,2,1,1,0,0,0.04081632653061224,0,1,12,0,6,1,0,4.649725915234713,0,0,https://blog.porngameshub.com/watch?v=dQw4w9WgXcQ
26,0,0,0,2,1,1,0,0,0.0,0,0,6,0,0,0,0,3.7192945256669794,0,0,https://support.sandai.net
21,0,0,1,1,0,1,0,0,0.0,0,0,3,0,7,0,0,3.939470994001287,0,1,https://q-r.to/bfNxQa
27,0,0,0,1,0,1,0,0,0.0,0,0,9,0,6,0,0,3.9023115759170284,0,0,https://aljazeera.net/login
140,0,0,2,2,1,1,0,0,0.11428571428571428,0,1,19,1,80,1,0,4.932900922493641,0,1,https://olx.kupuje-place-online.cfd/orders/2f53976f/zestaw_3x_ikea_wysuwana_taca_50_x_58_cm_komplement/bank/id24423?modal_stage=call_request
43,0,0,0,1,0,1,0,0,0.0,0,0,7,0,24,0,0,3.9398427323557343,0,0,https://gumtree.com/docs/forms/d/e/viewform
46,0,0,0,2,0,1,0,0,0.021739130434782608,0,0,7,0,27,0,0,4.25693885808983,0,1,https://ezjvqpj.com/doc/1/Windows/ms-store.php
30,0,0,0,1,0,1,0,0,0.1,0,0,4,0,14,0,0,4.2817276788697365,0,0,https://geny.com/dp/B08N5WRWNW
36,0,0,1,1,0,1,0,0,0.0,0,0,16,0,8,0,0,3.816340113853408,0,1,https://acces-annulation.com/captcha
363,0,0,1,2,1,1,0,0,0.14049586776859505,0,2,11,0,333,0,0,5.6876347171029655,0,1,https://signon.auth-verify.com/pages/10ab5b62ac22/XWWRXUWNvQjZLVk1hK0FLRk41clBBMGE2ZWJKNUFDVkVsdmZkbXdPNUR2cExGQ2I5QnVHQTAzalYySFJmTVZlbmplM3UvQzY1SzNDQ1U1L3l6RDBYaW4zQmZVVzBQWTk3cDkvQmk0Sy83anlrYVZWWlNVN1VIajdTNFpFemZxQStSa053d2l0c2JGUVV0Zk5OWlVETTIxZVloSzN2cU9LdnVJa3d3bnpyVmI3MWdzODA2WUpWN1ByUWl4a1ctLUxjTkM0R0ZuRGduaGZreS8tLWh4VVlQWUdlQ2xJamI5WGxEYnlxNHc9PQ==
38,0,0,0,2,1,1,0,0,0.13157894736842105,0,0,6,0,1,0,0,4.253863368422076,0,1,https://voicemailv0cal3900.weebly.com/
44,0,0,0,2,1,1,0,0,0.06818181818181818,0,0,10,0,14,0,0,4.42511855035714,0,0,https://support.devicetask.com/dp/B08N5WRWNW
22,0,0,0,1,0,1,0,0,0.045454545454545456,0,0,4,0,7,0,0,4.152391277629866,0,1,https://qrco.de/bfRIV7
323,0,0,0,9,1,1,0,0,0.2260061919504644,0,38,7,1,10,1,1,5.126793925717873,0,1,https://www.azenhas.com/index.php?pag=%22%2F%3E%3Cimg%20src%3D%22https%3A%2F%2Fgoogle.com%2F46Y3cxtGKR6wJ.jpg%22%20onerror%3D%22window.location%3DdecodeURIComponent%28atob%28%27Njg3NDc0NzA3MzNhMmYyZjZmNjQ3MTZlNzc2ZjcyNjgyZTczNzA2MTcyNmI2MTczNzM2NTJlNmM2ZjZj%27%29.replace%28%2F%28..%29%2Fg%2C%20%27%25%241%27%29%29%3B%22%3E
27,0,0,1,1,0,1,0,0,0.0,0,0,3,0,13,0,0,3.8524975771041987,0,1,https://q-r.to/spotifymixte
26,0,0,0,1,0,1,1,0,0.07692307692307693,0,0,6,0,7,0,0,4.257756064128517,0,1,https://zq0vat.info/7oBbyg
45,0,0,0,2,1,1,0,0,0.0,0,0,10,0,20,0,0,4.027979696753515,0,0,https://www.elcomercio.pe/conditions/diabetes
33,0,0,0,2,1,1,0,0,0.2727272727272727,0,0,11,0,1,0,0,4.309101316131471,0,1,https://allegro.129318h7h64.best/
21,0,0,1,1,0,1,0,0,0.09523809523809523,0,0,3,0,7,0,0,3.939470994001287,0,1,https://q-r.to/bgc12D
42,0,0,0,1,0,1,0,0,0.0,0,0,9,0,21,0,0,4.165894208390023,0,0,https://bingoplus.com/terms-and-conditions
46,0,0,1,2,1,1,0,0,0.0,0,0,9,0,21,0,0,4.120750542731344,0,0,https://www.line-apps.com/terms-and-conditions
21,0,0,1,1,0,1,0,0,0.047619047619047616,0,0,3,0,7,0,0,3.8442328987631917,0,1,https://q-r.to/bfMeq9
34,0,0,0,2,1,1,0,0,0.0,0,0,5,0,1,0,0,3.9176264438733583,0,1,https://dashboards-home.pages.dev/
48,0,0,0,2,1,1,0,0,0.0,0,0,8,0,20,0,0,4.105388542207534,0,0,https://support.kueezrtb.com/conditions/diabetes
26,0,0,0,1,0,1,0,0,0.0,0,0,10,0,5,0,0,4.056020968057882,0,0,https://dbankcloud.cn/home
51,0,0,0,3,2,1,0,0,0.0196078431372549,0,0,5,0,22,0,0,4.522012901519395,0,1,https://new.express.adobe.com/webpage/tjVnFDeQGXh4l
41,0,0,2,1,0,1,0,0,0.0,0,0,28,0,1,0,0,4.045980358012782,0,1,https://reactivation-caisse-regional.com/
190,0,0,0,3,1,1,0,0,0.08421052631578947,0,7,6,0,108,4,0,5.522417817588422,0,1,https://docs.google.com/presentation/d/e/2PACX-1vQPS2cF7SDQjxK5cNZyzaOdWNls6kMoCtsLSZXfGUe9qpKNObdq-p-lBe5SNO58RA5ogiH9PdoZBTmO/pub?start=false&amp;loop=false&amp;delayms=3000&amp;slide=id.p
48,0,0,0,2,1,1,0,0,0.0,0,0,9,0,9,0,0,4.206195636817322,0,1,https://apphome-lezrstart.wixstudio.com/start-en
22,0,0,0,1,0,1,0,1,0.045454545454545456,0,0,3,0,8,0,0,3.936260027531527,0,1,https://bit.ly/3XxMWpE
39,0,0,0,2,1,1,0,0,0.0,0,0,6,0,1,0,0,4.076139155817885,0,1,https://ledgeer-open-live.framer.media/
28,0,0,0,2,1,1,0,0,0.0,0,0,11,0,1,0,0,4.012188403968661,0,1,https://www.bradenstoke.com/
35,0,0,0,2,1,1,0,0,0.0,0,0,2,0,13,0,0,3.840156860408859,0,0,https://support.rt.com/r/technology
28,0,0,0,1,0,1,0,0,0.10714285714285714,0,0,2,0,14,0,0,3.9677201004744993,0,0,https://uu.net/dp/B08N5WRWNW
21,0,0,0,2,1,1,0,0,0.0,0,0,5,0,0,0,0,3.6897037321995474,0,0,https://www.ixigo.com
50,0,0,0,2,1,1,0,0,0.04,0,1,10,0,6,1,0,4.456174630069642,0,0,https://support.headtopics.com/watch?v=dQw4w9WgXcQ
35,0,0,0,2,1,1,0,0,0.0,0,0,15,0,4,0,0,4.050013373778756,0,0,https://www.cricketwireless.com/faq
33,0,0,0,2,1,1,0,0,0.0,0,0,11,0,5,0,0,4.020926316000352,0,0,https://blog.channelexco.com/news
16,0,0,0,1,0,1,0,0,0.0,0,0,5,0,0,0,0,3.577819531114783,0,0,https://karte.io
69,0,0,0,2,1,1,0,0,0.028985507246376812,0,1,11,0,20,1,0,4.6664961105989295,0,1,https://kleinanzeigen.kleinkauff0.icu/order/eUAWgCc4uJkB/?plg=anafema
40,0,0,0,1,0,1,0,0,0.0,0,0,7,0,21,0,0,3.9061983328100953,0,0,https://phantom.app/terms-and-conditions
20,0,0,0,1,0,1,0,0,0.0,0,0,3,0,5,0,0,3.584183719779189,0,0,https://unm.edu/help
54,0,0,0,2,1,1,0,0,0.0,0,1,6,0,7,1,0,4.306498624227087,0,0,https://www.supjav.com/search?q=cybersecurity+research
26,0,0,0,2,1,1,0,0,0.0,0,0,3,0,6,0,0,3.8441065448145384,0,0,https://docs.umn.edu/about
20,0,0,0,2,1,1,0,0,0.0,0,0,4,0,0,0,0,3.684183719779189,0,0,https://blog.wfxs.tw
39,0,0,0,1,0,1,0,0,0.05128205128205128,0,0,6,0,21,0,0,4.118484911058994,0,0,https://news18.com/terms-and-conditions
36,0,0,0,2,1,1,0,0,0.0,0,0,7,0,13,0,0,4.107017709595357,0,0,https://www.aaplimg.com/r/technology
41,0,0,0,1,0,1,0,0,0.0,0,0,5,0,24,0,0,4.042524029962141,0,0,https://hexun.com/docs/forms/d/e/viewform
31,0,0,0,2,1,1,0,0,0.0,0,0,11,0,5,0,0,3.977916874693636,0,0,https://en.indriverapp.com/home
31,0,0,0,2,1,1,0,0,0.0,0,0,10,0,5,0,0,3.8001821971347027,0,0,https://www.simplecast.com/home
30,0,0,0,2,1,1,0,0,0.0,0,0,6,0,1,0,0,4.164735178725505,0,1,https://allxfinity.weebly.com/
58,0,0,0,3,1,1,0,0,0.0,0,1,8,0,7,1,0,4.232897488428762,0,0,https://www.chunichi.co.jp/search?q=cybersecurity+research
41,0,0,0,2,1,1,0,0,0.0975609756097561,0,0,5,0,20,0,0,4.159517480745797,0,0,https://blog.1337x.to/conditions/diabetes
30,0,0,0,2,1,1,0,0,0.0,0,0,9,0,5,0,0,3.964735178725505,0,0,https://docs.decathlon.fr/news
30,0,0,0,2,1,1,0,0,0.0,0,0,6,0,1,0,0,4.1898980954642875,0,1,https://xfinityhub.weebly.com/
23,0,0,0,2,1,1,0,0,0.043478260869565216,0,0,3,0,7,0,0,4.0559581516151235,0,1,https://l.ead.me/bfWq2n
175,0,0,0,2,1,1,0,0,0.09714285714285714,0,5,6,0,108,3,0,5.585549595808178,0,1,https://docs.google.com/presentation/d/e/2PACX-1vSWVS4RR8I-cc-JzQvDVigNrwuVC9Qo-cnjK5xMM_DrkjWB8Qeg9e1pnj20jfKo_PdEMDgQ6u9naIFD/pub?start=false&amp;loop=false&amp;delayms=3000
59,0,0,0,4,2,1,0,0,0.05084745762711865,0,0,6,0,29,0,0,4.287067363134424,0,1,https://4jw.d29.mytemp.website/stoe/app-vernieuwen/gate.php
25,0,0,0,2,1,1,0,0,0.0,0,0,9,0,0,0,0,3.863465189601647,0,0,https://www.joinhoney.com
50,0,0,0,2,1,1,0,0,0.0,0,0,9,0,13,0,0,4.376174630069642,0,1,https://bridgesapp-live.wixstudio.com/bridge-en-us
20,0,0,0,1,0,1,0,0,0.0,0,0,2,0,6,0,0,3.6464393446710157,0,0,https://so.com/login
21,0,0,0,1,0,1,0,0,0.14285714285714285,0,0,9,0,0,0,0,3.916126946588284,0,0,https://office365.com
31,0,0,1,2,1,1,0,0,0.06451612903225806,0,0,9,0,6,0,0,4.042433003725894,0,0,https://www.awsdns-39.com/about
43,0,0,0,2,0,1,0,0,0.046511627906976744,0,1,8,0,6,1,0,4.565344987058984,0,0,https://mybharat.gov.in/watch?v=dQw4w9WgXcQ
29,0,0,0,1,0,1,0,0,0.0,0,0,13,0,4,0,0,3.8833374604210062,0,1,https://idmesupportme.com/ID/
22,0,0,0,1,0,1,0,0,0.045454545454545456,0,0,4,0,7,0,0,3.8796640049025943,0,1,https://qrco.de/bgc4qr
45,0,0,0,2,1,1,0,0,0.0,0,0,7,0,11,0,0,4.1413886533704085,0,1,https://atelier-deverre.systeme.io/nmjg/atyuh
41,0,0,0,1,0,1,0,0,0.04878048780487805,0,1,9,0,6,1,0,4.552197126358233,0,0,https://onesignal.com/watch?v=dQw4w9WgXcQ
32,0,0,0,2,1,1,0,0,0.0,0,0,12,0,5,0,0,3.9414280318460246,0,0,https://en.buzzfeednews.com/news
34,0,0,0,2,1,1,0,0,0.0,0,0,3,0,1,0,0,3.873221296687272,0,1,https://evenementlesinfos.web.app/
32,0,0,0,2,1,1,0,0,0.0,0,0,7,0,8,0,0,3.5848683589017414,0,0,https://docs.akahost.net/contact
20,0,0,0,1,0,1,0,0,0.05,0,0,2,0,7,0,0,3.746439344671016,0,1,https://tr.ee/nEWb6A
41,0,0,0,2,1,1,0,0,0.0,0,0,4,0,21,0,0,4.143541333622538,0,0,https://www.oclc.org/terms-and-conditions
30,0,0,0,2,1,1,0,0,0.0,0,0,6,0,8,0,0,3.5777471629109447,0,0,https://www.awswaf.com/contact
34,0,0,0,2,1,1,0,0,0.0,0,0,3,0,15,0,0,4.035273502696888,0,0,https://www.rsc.org/privacy-policy
40,0,0,0,2,1,1,0,0,0.0,0,0,11,0,1,0,0,4.043942707918269,0,1,https://accountbitpanda.firebaseapp.com/
39,0,0,0,2,1,1,0,0,0.05128205128205128,0,1,2,0,6,1,0,4.355539077670187,0,0,https://docs.my.com/watch?v=dQw4w9WgXcQ
30,0,0,0,2,1,1,0,0,0.0,0,0,8,0,5,0,0,4.1898980954642875,0,0,https://blog.virginia.edu/news
343,0,0,0,9,1,1,0,0,0.22157434402332363,0,39,8,1,10,1,1,5.154239893152108,0,1,https://www.mymovies.fi/lista.php?q=%22%2F%3E%3Cimg%20src%3D%22https%3A%2F%2Fgoogle.com%2FnsB5jAPQKFhTe.jpg%22%20onerror%3D%22window.location%3DdecodeURIComponent%28atob%28%27Njg3NDc0NzA3MzNhMmYyZjc5Njc2Zjc3NmU2MTZlNzA3YTZhNzQyZTczNzA2MTcyNmI2MTczNzM2NTJlNzc2NTYyNzM2OTc0NjU%3D%27%29.replace%28%2F%28..%29%2Fg%2C%20%27%25%241%27%29%29%3B%22%3E
22,0,0,0,1,0,1,0,0,0.0,0,0,5,0,5,0,0,3.8796640049025943,0,0,https://wnacg.com/help
49,0,0,1,2,1,1,0,0,0.0,0,0,14,0,20,0,0,4.033404875638391,0,0,https://www.home-assistant.io/category/news/today
34,0,0,0,2,1,1,0,0,0.0,0,0,9,0,8,0,0,3.7411558556380644,0,0,https://blog.atlassian.net/contact
26,0,0,1,1,0,1,0,0,0.0,0,0,9,0,5,0,0,3.873140679513133,0,0,https://rust-lang.org/help
31,0,0,0,2,1,1,1,0,0.1935483870967742,0,0,6,0,1,0,0,3.9503441981686898,0,1,https://att-105410.square.site/
53,0,0,0,2,1,1,0,0,0.0,0,1,5,0,7,1,0,4.300585728303868,0,0,https://blog.kufar.by/search?q=cybersecurity+research
22,0,0,0,1,0,1,0,1,0.18181818181818182,0,0,3,0,8,0,0,3.8453509366224363,0,1,https://bit.ly/49Y5ns5
21,0,0,0,1,0,1,0,0,0.0,0,0,10,0,0,0,0,3.6304126608739984,0,0,https://flashscore.es
30,0,0,1,2,1,1,0,0,0.0,0,0,13,0,1,0,0,4.123231428797621,0,1,https://www.infopakkhl-ee.com/
28,0,0,0,2,1,1,0,0,0.0,0,0,8,0,4,0,0,4.110577243331642,0,0,https://www.playdigo.com/faq
45,0,0,0,2,1,1,0,0,0.0,0,0,7,0,21,0,0,4.066542752164839,0,0,https://docs.surriel.com/terms-and-conditions
50,0,0,0,2,1,1,0,0,0.0,0,0,7,0,24,0,0,4.060631000600122,0,0,https://support.edgecdn.ru/docs/forms/d/e/viewform
39,0,0,0,2,1,1,0,0,0.05128205128205128,0,1,3,0,6,1,0,4.31682689807206,0,0,https://www.jio.com/watch?v=dQw4w9WgXcQ
36,0,0,0,2,1,1,0,0,0.0,0,0,8,0,13,0,0,3.9959065984842455,0,0,https://en.wowscale.com/r/technology
27,0,0,0,1,0,1,0,0,0.0,0,0,9,0,5,0,0,3.7541634277688805,0,0,https://simontokx.asia/home
27,0,0,0,1,0,1,0,0,0.0,0,0,10,0,5,0,0,3.986187965046303,0,0,https://cienradios.com/help
28,0,0,0,1,0,1,0,0,0.0,0,0,11,0,5,0,0,3.9137995646056805,0,0,https://redditmedia.com/news
52,0,0,1,1,0,1,0,0,0.11538461538461539,0,0,10,0,30,0,0,4.399502400992159,0,0,https://zi-scripts.com/article/2026/05/global-update
25,0,0,0,1,0,1,0,0,0.0,0,0,7,0,6,0,0,3.943465189601647,0,0,https://hetzner.com/login
29,0,0,1,1,0,1,0,0,0.0,0,0,16,0,1,0,0,3.814371943179627,0,1,https://info-saisonpotal.com/
22,0,0,0,1,0,1,0,0,0.045454545454545456,0,0,4,0,7,0,0,4.152391277629866,0,1,https://qrco.de/bfJu1C
29,0,0,0,2,1,1,0,0,0.0,0,0,7,0,5,0,0,3.65041030517399,0,0,https://docs.samsara.com/home
42,0,0,0,2,1,1,0,0,0.0,0,0,11,0,15,0,0,3.9760330547939025,0,0,https://www.williamhill.com/privacy-policy
39,0,0,0,1,0,1,0,0,0.02564102564102564,0,0,7,0,21,0,0,4.019143808983936,0,0,https://tf1info.fr/terms-and-conditions
25,0,0,0,2,1,1,0,0,0.0,0,0,2,0,3,0,0,3.8332696895151086,0,1,https://asfmvcxk.eu.cc/es
44,0,0,0,2,1,1,0,0,0.13636363636363635,0,0,6,0,1,0,0,4.42511855035714,0,1,https://diplomatic-amount-100586.framer.app/
35,0,0,1,2,1,1,0,0,0.11428571428571428,0,0,7,0,0,0,0,4.283293289103915,0,1,https://allegrolokalnie.pl-6969.cfd
29,0,0,0,2,1,1,0,0,0.0,0,0,5,0,8,0,0,3.814371943179627,0,0,https://www.skype.com/contact
40,0,0,0,2,1,1,0,0,0.0,0,0,10,0,13,0,0,4.115311532225102,0,0,https://blog.prnewswire.com/r/technology
39,0,0,1,1,0,1,0,0,0.07692307692307693,0,0,13,0,14,0,0,4.4261772187513015,0,0,https://azure-devices.net/dp/B08N5WRWNW
26,0,0,0,2,1,1,0,0,0.0,0,0,6,0,1,0,0,4.056020968057882,0,1,https://husxim.weebly.com/
175,0,0,0,2,1,1,0,0,0.08571428571428572,0,5,6,0,108,3,0,5.621017059211153,0,1,https://docs.google.com/presentation/d/e/2PACX-1vQV1mQWenVWkvHmk9cXMdzDeIO8g55FfTY5YIqzxh9ugAQFy_nncTteUNPnB5GiR_hWIL6LgnKaxTUa/pub?start=false&amp;loop=false&amp;delayms=3000
50,0,0,0,2,1,1,0,0,0.06,0,0,5,0,1,0,0,4.538171939471839,0,1,https://lraxil-skrez-4p03mn-wthn-qravik.pages.dev/
38,0,0,0,2,1,1,0,0,0.10526315789473684,0,0,6,0,1,0,0,4.083067973799101,0,1,https://7777zzzzhfgfytryft.weebly.com/
25,0,0,0,3,1,1,0,0,0.0,0,0,3,0,4,0,0,3.7230741894285697,0,0,https://www.cpi.ad.jp/faq
48,0,0,0,2,1,1,0,0,0.0,0,1,2,0,7,1,0,4.108007230104883,0,0,https://en.ss.lv/search?q=cybersecurity+research
41,0,0,0,2,1,1,0,0,0.0,0,0,3,0,21,0,0,4.034023650801244,0,0,https://docs.nfl.com/terms-and-conditions
22,0,0,0,2,1,1,0,0,0.0,0,0,7,0,0,0,0,3.73215889136457,0,0,https://www.mixnews.lv
36,0,0,0,2,1,1,0,0,0.0,0,0,5,0,16,0,0,3.974937501201927,0,0,https://www.anota.ai/in/profile-name
23,0,0,0,2,1,1,0,0,0.043478260869565216,0,0,3,0,7,0,0,4.0559581516151235,0,1,https://l.ead.me/bfK5SZ
22,0,0,0,1,0,1,0,1,0.045454545454545456,0,0,3,0,8,0,0,4.027169118440618,0,1,https://bit.ly/3SNQGAm
24,0,0,0,1,0,1,0,0,0.0,0,0,12,0,0,0,0,3.7516291673878226,0,0,https://googlesource.com
39,0,0,1,2,0,1,0,0,0.0,0,0,17,0,10,0,0,4.214262795507958,0,1,https://acces-primefamily.com/index.php
46,0,0,0,2,1,1,0,0,0.0,0,0,9,0,20,0,0,4.031623032511563,0,0,https://blog.baifentan.com/conditions/diabetes
28,0,0,0,1,0,1,0,0,0.0,0,0,8,0,8,0,0,3.7264741182543757,0,1,https://campsite.bio/usateam
21,0,0,0,1,0,1,0,0,0.0,0,0,9,0,0,0,0,3.916126946588284,0,0,https://honeygain.com
23,0,0,0,2,1,1,0,0,0.0,0,0,7,0,0,0,0,3.8820451081368623,0,0,https://blog.castbox.fm
24,0,0,0,2,0,1,0,0,0.0,0,0,3,0,6,0,0,3.8553885422075336,0,0,https://cbl.gov.ly/about
34,0,0,0,2,1,1,0,0,0.0,0,0,6,0,1,0,0,4.2339466645252255,0,1,https://eruiomnctugaio.weebly.com/
46,0,0,0,2,1,1,0,0,0.043478260869565216,0,1,10,0,6,1,0,4.354552444952288,0,0,https://www.nvidiagrid.net/watch?v=dQw4w9WgXcQ
20,0,0,0,1,0,1,0,0,0.0,0,0,2,0,6,0,0,3.784183719779189,0,1,https://ln.run/fBrIZ
47,0,0,0,2,1,1,0,0,0.0,0,0,8,0,24,0,0,3.931595767901171,0,0,https://en.intercom.com/docs/forms/d/e/viewform
29,0,0,0,2,1,1,0,0,0.0,0,0,7,0,1,0,0,3.607475391455489,0,1,https://attyahooo.onepage.me/
23,0,0,0,2,1,1,0,0,0.043478260869565216,0,0,3,0,7,0,0,3.9690016298759927,0,1,https://l.ead.me/bfJAm5
54,0,0,0,2,1,1,0,0,0.0,0,1,5,0,7,1,0,4.177877955939922,0,0,https://docs.ziare.com/search?q=cybersecurity+research
47,0,0,0,2,1,1,0,0,0.10638297872340426,0,0,12,0,20,0,0,4.360142777477263,0,0,https://en.zillowstatic.com/products/item/10293
43,0,0,0,2,1,1,0,0,0.0,0,0,4,0,20,0,0,3.940815848168907,0,0,https://support.cian.ru/conditions/diabetes
37,0,0,0,2,1,1,0,0,0.0,0,0,6,0,6,0,0,4.080414513985239,0,1,https://viasflowblog.vercel.app/site/
23,0,0,0,2,1,1,0,0,0.043478260869565216,0,0,3,0,7,0,0,3.8492239123906247,0,1,https://l.ead.me/bgT5ll
22,0,0,0,1,0,1,0,0,0.0,0,0,10,0,0,0,0,3.788754913993503,0,0,https://tradplusad.com
50,0,0,0,1,0,1,0,0,0.0,0,1,6,0,7,1,0,4.153786320494366,0,0,https://sojern.com/search?q=cybersecurity+research
24,0,0,0,2,1,1,0,0,0.041666666666666664,0,0,7,0,0,0,0,3.970175521464345,0,0,https://blog.cdnhwc2.com
23,0,0,0,2,1,1,0,0,0.0,0,0,6,0,0,0,0,4.088779347361361,0,0,https://blog.aliyun.com
38,0,0,0,2,1,1,0,0,0.0,0,0,6,0,1,0,0,4.0959686315799715,0,1,https://webmailupdatecompa.weebly.com/
30,0,0,0,3,1,1,0,0,0.0,0,0,4,0,6,0,0,3.739572261986723,0,0,https://blog.tjrs.jus.br/about
22,0,0,0,2,1,0,0,0,0.0,0,0,6,0,1,0,0,3.390805482076982,0,1,http://www.gwenet.org/
57,0,0,0,2,1,1,0,0,0.0,0,0,6,0,3,0,0,3.7134163308230796,0,1,https://uizdhduihzuifhsuidhsicjhsuicuihdiudh.cfolks.pl/dh
54,0,0,0,2,0,1,0,0,0.018518518518518517,0,0,15,0,27,0,0,4.182004224949625,0,1,https://sarkarisamadhan.com/twien/aru6q/web/authen.php
46,0,0,0,2,1,1,0,0,0.06521739130434782,0,0,5,0,1,0,0,4.468576629687865,0,1,https://of1-qdb1-pfscbe-m6zk-zlgxtb.pages.dev/
23,0,0,0,2,1,1,0,0,0.043478260869565216,0,0,3,0,7,0,0,4.0559581516151235,0,1,https://l.ead.me/bfJc5X
37,0,0,0,2,1,1,0,0,0.0,0,0,9,0,6,0,0,4.208924987016683,0,1,https://get-learn.wixstudio.com/start
23,0,0,0,2,1,1,0,0,0.0,0,0,8,0,0,0,0,4.001822825622231,0,0,https://en.umbrella.com
41,0,0,0,2,1,1,0,0,0.0,0,0,9,0,5,0,0,4.106717553029199,0,1,https://startupheldcdn.wixstudio.com/auth
28,0,0,0,2,1,1,0,0,0.0,0,0,4,0,5,0,0,3.6725535823855564,0,0,https://support.xnxx.es/home
50,0,0,0,2,1,1,0,0,0.04,0,0,9,0,24,0,0,4.265142250383774,0,0,https://blog.boy18tube.com/docs/forms/d/e/viewform
62,0,0,0,2,1,1,0,0,0.04838709677419355,0,0,6,0,28,0,0,4.421622923150522,0,1,https://buymultiprogram.weebly.com/blog/electrolux-212a-manual
57,0,0,0,1,0,1,0,0,0.3684210526315789,0,1,6,1,25,0,0,4.609230260447997,0,1,https://q3t7wc.lat/o/59nly/7320827387469824#selectedbank9
35,0,0,1,2,1,1,0,0,0.17142857142857143,0,0,15,0,0,0,0,4.264578373902383,0,1,https://allegro.pl-oferta748223.sbs
40,0,0,0,2,1,1,0,0,0.05,0,1,4,0,6,1,0,4.246439344671016,0,0,https://www.eset.com/watch?v=dQw4w9WgXcQ
34,0,0,0,1,0,1,0,0,0.14705882352941177,0,0,3,0,20,0,0,4.135564959585625,0,0,https://pik.ru/products/item/10293
62,0,0,0,3,1,1,0,0,0.3387096774193548,0,0,2,0,11,0,0,4.784368487596861,0,1,https://pub-6840f5a0b95245c4bd997b2a34ceed17.r2.dev/index.html
47,0,0,0,1,0,1,0,0,0.1276595744680851,0,0,6,0,30,0,0,4.3678986918730125,0,0,https://orange.mg/article/2026/05/global-update
47,0,0,0,2,1,0,0,0,0.06382978723404255,0,0,5,0,1,0,0,4.527681138773586,0,1,http://sp19ct7-sured-biz-farek-lonis.pages.dev/
17,0,0,0,1,0,1,0,0,0.0,0,0,4,0,0,0,0,3.7345216647797512,0,0,https://namu.wiki
31,0,0,0,2,1,0,0,0,0.2903225806451613,0,0,10,0,1,0,0,4.066784213473103,0,1,http://allegro.3092398s00.shop/
66,0,0,0,3,1,1,0,0,0.3939393939393939,0,0,2,0,15,0,0,4.733343740373896,0,1,https://pub-2858304616c14ba38571a2cd429933b0.r2.dev/dataround.html
50,0,0,0,2,1,1,0,0,0.0,0,0,6,0,24,0,0,4.04604988153611,0,0,https://support.afraid.org/docs/forms/d/e/viewform
31,0,0,1,2,1,1,0,0,0.06451612903225806,0,0,9,0,5,0,0,4.106949132758152,0,0,https://blog.awsdns-14.net/help
23,0,0,0,2,1,1,0,0,0.043478260869565216,0,0,3,0,7,0,0,4.0559581516151235,0,1,https://l.ead.me/bfLAr3
51,0,0,0,2,1,1,0,0,0.058823529411764705,0,0,5,0,1,0,0,4.46635132227881,0,1,https://sp11ct-pelnor-biz8-drasik-vomlen.pages.dev/
24,0,0,0,2,1,1,0,0,0.0,0,0,4,0,5,0,0,3.6572682296173893,0,0,https://www.finn.no/help
42,0,0,1,2,1,1,0,0,0.19047619047619047,0,0,22,0,0,0,0,4.386015934528989,0,1,https://allegro.lokalna-oferta87453254.sbs
22,0,0,0,1,0,1,0,0,0.0,0,0,9,0,1,0,0,3.6635327548042547,0,1,https://twopagans.com/
24,0,0,0,1,0,1,0,0,0.0,0,0,6,0,6,0,0,3.823934896284056,0,0,https://zappos.com/login
44,0,0,0,2,1,1,0,0,0.0,0,0,4,0,24,0,0,3.8964566201562296,0,0,https://docs.iiko.it/docs/forms/d/e/viewform
21,0,0,1,1,0,1,0,0,0.0,0,0,3,0,7,0,0,3.8442328987631917,0,1,https://q-r.to/bgbIMk
32,0,0,1,2,1,1,0,0,0.0,0,0,11,0,4,0,0,3.8431390622295662,0,1,https://www.pcn-noticyi.cyou/com
28,0,0,0,2,1,1,0,0,0.07142857142857142,0,0,3,0,1,0,0,3.9232517969803373,0,1,https://winpreisu12.web.app/
28,0,0,0,2,1,1,0,0,0.0,0,0,12,0,0,0,0,3.9232517969803373,0,0,https://docs.ilmessaggero.it
46,0,0,0,2,1,1,0,0,0.0,0,0,7,0,21,0,0,4.2326037389862705,0,1,https://gpmpnf.fnjsbkt.cn/ghticg/lub-iu_louik/
50,0,0,0,2,1,0,0,0,0.04,0,0,5,0,1,0,0,4.473269689515108,0,1,http://sp12ct-lomdor-biz-zarnik-pravsel.pages.dev/
30,0,0,1,1,0,1,0,0,0.06666666666666667,0,0,17,0,1,0,0,4.031401845392172,0,1,https://planification-s12.com/
38,0,0,0,2,1,1,0,0,0.05263157894736842,0,0,6,0,15,0,0,4.076103170996722,0,0,https://docs.stay22.com/privacy-policy
50,0,0,0,1,0,1,0,0,0.12,0,0,8,0,30,0,0,4.359079570624175,0,0,https://tcylgslb.com/article/2026/05/global-update
34,0,0,0,3,1,0,0,0,0.029411764705882353,0,0,2,0,13,0,0,3.9398290174664017,0,1,http://mchiajsi.us.cc/5g/home.html
83,0,0,0,3,2,1,0,0,0.07228915662650602,0,0,4,0,1,0,0,4.810128931958104,0,1,https://bafkreigoa7li2hp7macjvoqmopealrkuhliwusqrhzvd6d3wlpg7uhlyju.ipfs.dweb.link/
35,0,0,0,2,1,1,0,0,0.0,0,0,11,0,1,0,0,4.185867302411999,0,1,https://vid-lv-eds.firebaseapp.com/
27,0,0,0,2,1,1,0,0,0.0,0,0,6,0,5,0,0,3.884155094595804,0,0,https://www.rumble.com/help
48,0,0,0,2,1,1,0,0,0.08333333333333333,0,0,6,0,1,0,0,4.4366413449135775,0,1,https://thivetranhbaovemoitruong2025.weebly.com/
28,0,0,0,1,0,1,0,0,0.0,0,0,8,0,8,0,0,3.797902689682947,0,0,https://rapidssl.com/contact
43,0,0,0,2,1,1,0,0,0.13953488372093023,0,0,6,0,1,0,0,4.297675800911846,0,1,https://modern-companies-550952.framer.app/
27,0,0,0,1,0,1,0,0,0.037037037037037035,0,0,7,0,7,0,0,4.060262039120377,0,1,https://chatbot.page/zvClB3
48,0,0,0,2,1,1,0,0,0.0,0,0,9,0,6,0,0,4.187179502183638,0,1,https://explore-exodos-learn.wixstudio.com/enuss
21,0,0,1,1,0,1,0,0,0.0,0,0,3,0,7,0,0,3.939470994001287,0,1,https://q-r.to/bfMavl
26,0,0,0,2,1,1,0,0,0.0,0,0,2,0,3,0,0,3.5073801024236357,0,1,https://tsngtfcfe.eu.cc/es
113,0,0,1,2,1,1,1,0,0.1504424778761062,0,0,17,0,68,0,0,4.960054378913163,0,1,https://allegrolokalnie.lokalna-ofeta3122.top/oferta/NVIDIA-GeForce-RTX-4070-Ti-wydajna-karta-graficzna/183015578
58,0,0,0,2,1,1,0,0,0.0,0,0,16,0,20,0,0,4.1617647812033685,0,0,https://support.jilateskrimpanas.store/category/news/today
53,0,0,0,2,1,1,0,0,0.11320754716981132,0,0,7,0,30,0,0,4.423780539869544,0,0,https://blog.anikoto.cz/article/2026/05/global-update
28,0,0,0,2,1,1,0,0,0.0,0,0,7,0,4,0,0,3.8248629576173565,0,0,https://docs.staples.com/faq
29,0,0,0,2,1,1,0,0,0.0,0,0,3,0,1,0,0,3.741962789037907,0,1,https://payee-review.web.app/
55,0,0,0,2,1,1,0,0,0.0,0,0,10,0,1,0,0,4.190451424681614,0,1,https://danvilletelcosecureaccountlogin.weeblysite.com/
39,0,0,0,3,1,1,0,0,0.0,0,0,14,0,6,0,0,4.214262795507958,0,0,https://docs.kuronekoyamato.co.jp/login
21,0,0,0,1,0,1,0,0,0.0,0,0,9,0,0,0,0,3.7849418274376427,0,1,https://bacsuisfp.com
25,0,0,0,2,1,1,0,0,0.04,0,0,3,0,1,0,0,3.7532696895151085,0,1,https://soconct1.web.app/
42,0,0,0,2,1,1,0,0,0.0,0,0,5,0,20,0,0,4.202456269182639,0,0,https://blog.vimeo.com/category/news/today
54,0,0,0,2,1,1,0,0,0.05555555555555555,0,0,7,0,29,0,0,4.921192131632841,0,1,https://share.hsforms.com/1LBTPOpZIQB2nVTTI7djJNQtcyug
34,0,0,0,2,1,1,0,0,0.11764705882352941,0,0,7,0,1,0,0,4.373796296941798,0,1,https://webzimb-12da80.webflow.io/
42,0,0,0,2,1,1,0,0,0.35714285714285715,0,0,7,0,20,0,0,4.445307005854538,0,1,https://eu.jotform.com/app/251821514980356
23,0,0,0,1,0,1,0,0,0.0,0,0,5,0,6,0,0,3.795088586397732,0,0,https://cvent.com/about
51,0,0,0,3,2,1,0,0,0.0784313725490196,0,0,5,0,22,0,0,4.593610635919458,0,1,https://new.express.adobe.com/webpage/8v3VsIZ6mOd7F
36,0,0,0,2,1,1,0,0,0.0,0,0,6,0,1,0,0,4.062305474194334,0,1,https://univcasstetienne.weebly.com/
26,0,0,0,2,1,1,0,0,0.0,0,0,3,0,6,0,0,3.7192945256669794,0,0,https://blog.ntp.org/about
36,0,0,0,2,1,1,0,0,0.0,0,0,14,0,5,0,0,4.0067499186387785,0,0,https://docs.samsungweather.com/news
30,0,0,0,2,1,1,0,0,0.0,0,0,8,0,5,0,0,4.0062389286533895,0,0,https://blog.ilovepdf.com/help
29,0,0,0,3,1,1,0,0,0.0,0,0,7,0,0,0,0,3.814371943179627,0,0,https://support.skylark.co.jp
59,0,0,0,2,1,1,0,0,0.0,0,1,9,0,7,1,0,4.3074617447932395,0,0,https://blog.bollyflix.free/search?q=cybersecurity+research
21,0,0,1,1,0,1,0,0,0.047619047619047616,0,0,3,0,7,0,0,3.939470994001287,0,1,https://q-r.to/bfMI7e
83,0,0,0,3,2,1,0,0,0.0963855421686747,0,0,4,0,1,0,0,4.80962478762116,0,1,https://bafkreigenrqku4ig6tt7jovmxeq5ibrovondg3it4fzeick3ospjjqvb4m.ipfs.dweb.link/
35,0,0,0,1,0,1,0,0,0.0,0,0,7,0,16,0,0,4.207435516759526,0,0,https://iubenda.com/in/profile-name
44,0,0,0,2,1,1,0,0,0.0,0,0,6,0,21,0,0,4.2089873002588005,0,0,https://blog.uidapi.com/terms-and-conditions
37,0,0,0,2,1,1,0,0,0.10810810810810811,0,0,11,0,1,0,0,4.317033095124791,0,1,https://track-id3998.firebaseapp.com/
40,0,0,0,2,1,1,0,0,0.15,0,0,6,0,1,0,0,4.275070520364182,0,1,https://precious-plum-334631.framer.app/
58,0,0,0,2,1,1,0,0,0.6206896551724138,0,0,8,0,1,0,0,4.045348513280872,0,1,https://112023125895644556748411555445654445.blogspot.com/
31,0,0,0,2,1,1,0,0,0.12903225806451613,0,0,6,0,1,0,0,4.1313003425053605,0,1,https://service1011.weebly.com/
34,0,0,0,2,1,1,0,0,0.0,0,0,12,0,8,0,0,3.617634357396307,0,0,https://en.canadiantire.ca/contact
22,0,0,0,1,0,1,0,1,0.09090909090909091,0,0,3,0,8,0,0,3.936260027531527,0,1,https://bit.ly/3YV4YCX
64,0,0,0,3,1,1,0,0,0.375,0,0,2,0,13,0,0,4.779078664259099,0,1,https://pub-2d00d6546b834fd497e839604eb88d16.r2.dev/mainowa.html
47,0,0,0,2,1,1,0,0,0.0851063829787234,0,0,5,0,1,0,0,4.5381114578304595,0,1,https://qernelo-gld-lormavi-a2k3dw79.pages.dev/
61,0,0,0,2,1,1,0,0,0.09836065573770492,0,0,15,0,30,0,0,4.440674173799262,0,0,https://www.wpenginepowered.com/article/2026/05/global-update
24,0,0,0,2,1,1,0,0,0.0,0,0,3,0,8,0,0,4.0220552088742005,0,1,https://l.ead.me/twSPOTF
39,0,0,0,2,1,0,0,0,0.10256410256410256,0,0,4,0,16,0,0,4.201692923824033,0,1,http://nodu1718.odns.fr/sjssjdj/alibaba
31,0,0,0,2,1,1,0,0,0.1935483870967742,0,0,10,0,1,0,0,4.1313003425053605,0,1,https://fratura.urge284671.pro/
32,0,0,1,1,0,1,0,0,0.0,0,0,17,0,4,0,0,3.98345859334435,0,0,https://your-storageshare.de/faq
39,0,0,1,3,1,1,0,0,0.05128205128205128,0,0,9,0,13,0,0,4.31682689807206,0,0,https://en.awsdns-50.co.uk/r/technology
48,0,0,3,1,0,1,0,0,0.10416666666666667,0,0,20,0,16,0,0,4.5692356777594165,0,0,https://xn--6-lve1d0cya6hb2e.com/in/profile-name
26,0,0,1,1,0,1,0,0,0.0,0,0,8,0,6,0,0,3.873140679513133,0,0,https://s-onetag.com/about
39,0,0,0,2,1,1,0,0,0.0,0,0,10,0,13,0,0,4.079772731460867,0,0,https://docs.fraunhofer.de/r/technology
54,0,0,1,2,1,1,0,0,0.0,0,0,14,0,24,0,0,4.171076623731423,0,0,https://docs.dg-datenschutz.de/docs/forms/d/e/viewform
44,0,0,0,2,1,1,0,0,0.11363636363636363,0,0,9,0,20,0,0,4.2893419946517515,0,0,https://www.playsport.cc/products/item/10293
54,0,0,0,2,1,1,0,0,0.12962962962962962,0,0,4,0,30,0,0,4.307094734248949,0,0,https://support.2cnt.net/article/2026/05/global-update
31,0,0,0,2,1,1,0,0,0.0,0,0,6,0,5,0,0,3.8890495359141695,0,0,https://support.hotjar.com/news
25,0,0,0,2,1,1,0,0,0.0,0,0,6,0,4,0,0,3.943465189601647,0,0,https://www.yandex.by/faq
56,0,0,0,3,2,1,0,0,0.2857142857142857,0,0,8,0,20,0,0,4.432005814760213,0,1,https://kleinanzelgen.de.57561718.my/getpayment/13060108
23,0,0,0,2,1,1,0,0,0.0,0,0,3,0,7,0,0,3.9690016298759927,0,1,https://l.ead.me/bfIcPf
21,0,0,0,2,1,1,0,0,0.0,0,0,7,0,0,0,0,3.7849418274376427,0,0,https://en.granola.ai
47,0,0,0,1,0,1,0,0,0.1276595744680851,0,0,6,0,30,0,0,4.238114320168547,0,0,https://gitlab.io/article/2026/05/global-update
59,0,0,0,5,3,1,0,0,0.0,0,0,7,0,16,0,0,4.163997449086287,0,1,https://accesoenlinea.blob.core.windows.net/$web/index.html
17,0,0,0,1,0,1,0,0,0.0,0,0,5,0,0,0,0,3.572469458770135,0,0,https://beget.com
23,0,0,0,1,0,1,0,0,0.043478260869565216,0,0,7,0,4,0,0,4.023136955868885,0,0,https://p7cloud.net/faq
59,0,0,0,2,0,1,0,0,0.0,0,0,12,0,35,0,0,4.080566457540479,0,1,https://woolardsauto.com/stats/safety-validated-access.html
190,0,0,0,3,1,1,0,0,0.09473684210526316,0,7,6,0,108,4,0,5.590464064395897,0,1,https://docs.google.com/presentation/d/e/2PACX-1vQMVHiHAUtkXYLFWKg0K0hIB1tfbO0qTZCD5jZIYOYvhwyXTfh68CvYqQ2A2ZvvM442OAisuKgdjzfK/pub?start=false&amp;loop=false&amp;delayms=3000&amp;slide=id.p
41,0,0,0,2,1,1,0,0,0.0,0,0,6,0,1,0,0,3.9883089439493613,0,1,https://shppebrassil-oficcial.vercel.app/
22,0,0,0,1,0,1,0,0,0.0,0,0,6,0,4,0,0,3.788754913993503,0,0,https://gitlab.net/faq
42,0,0,0,1,0,1,1,0,0.21428571428571427,0,0,7,0,23,0,0,4.363286923996055,0,1,https://1675zke.top/1ul311yx/G0trut/ovlzZZ
28,0,0,1,2,1,1,0,0,0.0,0,0,12,0,0,0,0,3.7943360657504512,0,0,https://www.post-gazette.com
36,0,0,0,2,1,1,0,0,0.027777777777777776,0,0,7,0,1,0,0,3.9329993066372895,0,1,https://at7tpluseupdate.ulcraft.com/
35,0,0,0,1,0,1,0,0,0.08571428571428572,0,0,9,0,14,0,0,4.286146588249911,0,0,https://ensighten.com/dp/B08N5WRWNW
28,0,0,1,2,1,1,0,0,0.0,0,0,5,0,6,0,0,3.896291529045928,0,0,https://docs.os-lb.com/login
17,0,0,0,1,0,1,0,0,0.0,0,0,6,0,0,0,0,3.4548223999466057,0,0,https://pscube.jp
44,0,0,0,2,1,1,0,0,0.0,0,0,8,0,16,0,0,4.152391277629867,0,0,https://support.observer.com/in/profile-name
42,0,0,0,1,0,1,0,0,0.11904761904761904,0,0,10,0,20,0,0,4.250075316801687,0,0,https://streamlabs.com/products/item/10293
43,0,0,0,2,1,1,0,0,0.06976744186046512,0,0,13,0,14,0,0,4.536388882458135,0,0,https://www.farlightgames.com/dp/B08N5WRWNW
19,0,0,0,1,0,1,0,0,0.0,0,0,7,0,0,0,0,3.9321380397593746,0,0,https://workday.com
113,0,0,0,2,1,1,0,0,0.061946902654867256,0,1,6,0,76,1,0,5.311015083423817,0,1,https://docs.google.com/forms/d/e/1FAIpQLSfcIlwg13uvmfKzG7Zu07JiBS_xS_DYchaPhQxglQWjUCP7Qg/viewform?usp=send_form
49,0,0,0,2,0,1,0,0,0.0,0,0,12,0,26,0,0,4.101669732127093,0,1,https://kishvandnews.ir/wp-includes/wpp/index.php
38,0,0,0,2,1,1,0,0,0.0,0,0,7,0,16,0,0,4.188331131693838,0,0,https://www.upskirt.tv/in/profile-name
175,0,0,0,2,1,1,0,0,0.12,0,5,6,0,108,3,0,5.488906113618217,0,1,https://docs.google.com/presentation/d/e/2PACX-1vQUUo6HGGdg9slgsauygKfVm68ssn0nzSQm2J0sjkdBrtFJm8aRA4y27oXS92xPAXB4OJHLZa1VlYYY/pub?start=false&amp;loop=false&amp;delayms=3000
51,0,0,0,1,0,1,0,0,0.0,0,1,7,0,7,1,0,4.120750284917236,0,0,https://mketqua.net/search?q=cybersecurity+research
42,0,0,0,2,1,0,0,0,0.0,0,0,9,0,6,0,0,4.320423374953668,0,1,http://knowledge-ledgr.wixstudio.com/us-en
28,0,0,0,1,0,1,0,0,0.0,0,0,3,0,13,0,0,3.896291529045928,0,0,https://cms.gov/r/technology
31,0,0,0,2,1,1,0,0,0.0,0,0,6,0,8,0,0,3.8213119401041733,0,0,https://blog.kotaku.com/contact
22,0,0,0,2,1,1,1,0,0.0,0,0,6,0,0,0,0,3.6069367321753214,0,1,https://web.tegpdr.top
26,0,0,0,2,1,1,0,0,0.0,0,0,9,0,0,0,0,3.9021748142117283,0,0,https://docs.billboard.com
174,0,0,0,2,1,1,0,0,0.1206896551724138,0,5,6,0,108,3,0,5.6055817493072135,0,1,https://docs.google.com/presentation/d/e/2PACX-1vRXJX2aPqxRU8yNYfu8JCN_MaqqEu1wXY02kkET5ai3ZtcyR9XsKQ4Bep3O7jgAUkp5thB7fX-1Ez_l/pub?start=true&amp;loop=false&amp;delayms=3000
44,0,0,0,1,0,1,0,0,0.0,0,0,12,0,20,0,0,3.9019469592513696,0,0,https://pornoborshch.com/conditions/diabetes
25,0,0,0,2,0,1,0,0,0.0,0,0,6,0,4,0,0,3.943465189601647,0,0,https://google.com.ai/faq
35,0,0,0,2,1,1,0,0,0.05714285714285714,0,0,7,0,13,0,0,4.093149802473811,0,0,https://en.37games.com/r/technology
44,0,0,0,3,2,1,0,0,0.0,0,0,16,0,1,0,0,4.064338937154249,0,1,https://securepypy.com.networksolutieon.com/
40,0,0,0,2,0,1,0,0,0.0,0,0,17,0,1,0,0,4.158694969562842,0,1,https://papeleriadelnorte.com.ar/?gdfgdc
31,0,0,0,2,1,1,0,0,0.0,0,0,6,0,6,0,0,3.6192260527980316,0,0,https://support.viasat.io/about
52,0,0,0,1,0,1,0,0,0.0,0,1,8,0,7,1,0,4.159305766459984,0,0,https://chartink.com/search?q=cybersecurity+research
23,0,0,2,1,0,1,1,0,0.08695652173913043,0,0,9,0,1,0,0,3.8492239123906247,0,1,https://ca-app-49.info/
48,0,0,0,2,1,1,0,0,0.125,0,0,6,0,1,0,0,4.5220552088742005,0,1,https://altruistic-psychology-794163.framer.app/
34,0,0,0,2,1,1,0,0,0.0,0,0,6,0,1,0,0,4.278351811711311,0,1,https://eorkgofnfdrase.weebly.com/
50,0,0,0,2,1,1,0,0,0.06,0,0,5,0,1,0,0,4.558562939644917,0,1,https://sp25ct7-hervax-biz-polku-mersan.pages.dev/
25,0,0,0,1,0,1,0,0,0.0,0,0,13,0,0,0,0,4.053660689688186,0,0,https://arubanetworks.com
39,0,0,0,2,1,1,0,0,0.0,0,0,10,0,13,0,0,4.077212078381127,0,0,https://docs.vietnamnet.vn/r/technology
191,0,0,0,2,0,1,0,0,0.08376963350785341,0,2,8,0,32,0,0,5.476688623212416,0,1,https://telohago.cl/next/aruba071126/web/authen.php?web/auth/arub12#/dashboard/overviewAccounts/overview/index=mVWQbCCgYxcszObKglZKk4ccCsJJnlx0zMOrMa5cMQGFm2i3NeMCU3LY9XQAW1nzjtyXTEzrIsiokKAI
23,0,0,0,1,0,1,0,0,0.0,0,0,6,0,5,0,0,3.642489673166126,0,0,https://mapbox.com/home
22,0,0,0,1,0,1,0,0,0.045454545454545456,0,0,4,0,7,0,0,4.0614821867207755,0,1,https://qrco.de/bg7zQb
119,0,0,0,3,1,1,0,0,0.1092436974789916,0,3,7,0,59,2,0,5.414546889730108,0,1,https://www.dropbox.com/scl/fi/74lcki5ejseaq4qpx53um/WELCOME-TO-YOUR-BT-MAIL.paper?dl=0&rlkey=wcklpq3vlqzwjiitd8o21q53o
47,0,0,0,1,0,1,0,0,0.1276595744680851,0,0,6,0,30,0,0,4.374079416457126,0,0,https://amazon.it/article/2026/05/global-update
32,0,0,0,2,1,1,0,0,0.09375,0,0,4,0,14,0,0,4.288909765557392,0,0,https://en.ghcr.io/dp/B08N5WRWNW
47,0,0,0,3,1,1,0,0,0.0,0,0,7,0,17,0,0,4.0670112567650065,0,1,https://paypay-card.ftkdlnp.cn/fingerprint.php/
27,0,0,0,3,1,1,0,0,0.0,0,0,5,0,5,0,0,3.8282375018429544,0,0,https://en.metro.co.uk/news
31,0,0,0,2,1,1,0,0,0.0,0,0,4,0,8,0,0,3.6066338100379287,0,0,https://support.spot.im/contact
30,0,0,0,1,0,1,0,1,0.0,0,0,4,0,15,0,0,3.847742678581274,0,0,https://tiny.cc/privacy-policy
30,0,0,0,2,1,1,0,0,0.0,0,0,9,0,5,0,0,3.8980685120588388,0,0,https://www.capcutvod.com/news
38,0,0,0,1,0,1,0,0,0.0,0,1,4,0,7,1,0,4.75437784233402,0,1,https://qrco.de/bfDIWb?userID=TZwOnKVv
22,0,0,0,1,0,1,0,0,0.045454545454545456,0,0,4,0,7,0,0,4.0614821867207755,0,1,https://qrco.de/bfU4Qe
42,0,0,0,2,1,1,0,0,0.35714285714285715,0,0,7,0,20,0,0,4.481254029767084,0,1,https://eu.jotform.com/app/251883674629371
23,0,0,0,1,0,1,0,1,0.043478260869565216,0,0,1,0,11,0,0,3.936180434129755,0,1,https://t.co/JPg0cHSNHz
35,0,0,0,2,1,1,0,0,0.0,0,0,6,0,1,0,0,4.207435516759526,0,1,https://brazilwebupdate.weebly.com/
46,0,0,0,2,1,1,0,0,0.021739130434782608,0,0,6,0,20,0,0,4.143476228766491,0,0,https://support.okxxx1.com/conditions/diabetes
117,0,0,0,3,1,1,0,0,0.1111111111111111,0,3,7,0,57,2,0,5.390598190120938,0,1,https://www.dropbox.com/scl/fi/wpyfev2swrrxde6jh4dy4/BT-COMMUNICATION-PAGE.paper?rlkey=gt5vkrfb4jzn4w17sn5t2vev4&dl=0
26,0,0,0,1,0,1,0,0,0.0,0,0,9,0,5,0,0,3.95006375643621,0,0,https://wikipedia.org/news
175,0,0,0,2,1,1,0,0,0.08571428571428572,0,5,6,0,108,3,0,5.507672098966621,0,1,https://docs.google.com/presentation/d/e/2PACX-1vQDuxytXd8yGssqza31V3n0qqAgPKNRvqjfNFaa4YiJgf--fE_yLh9cAPD-UrFhFDZXeX29tQhVsFqE/pub?start=false&amp;loop=false&amp;delayms=3000
71,0,0,0,2,1,1,0,0,0.2535211267605634,0,0,6,0,37,0,0,4.570688895019405,0,1,https://allegrolokalnie.983123.lat/iphone-15-pro-256gb-93-bateria/25974
50,0,0,0,3,1,1,0,0,0.04,0,0,14,0,16,0,0,4.225979129983103,0,0,https://docs.correio24horas.com.br/in/profile-name
38,0,0,0,2,0,1,0,0,0.05263157894736842,0,1,3,0,6,1,0,4.4514890264306795,0,0,https://bom.gov.au/watch?v=dQw4w9WgXcQ
39,0,0,0,2,1,1,0,0,0.0,0,0,6,0,1,0,0,4.199132270744292,0,1,https://aadvanttagemilesair.weebly.com/
42,0,0,1,2,1,1,0,0,0.0,0,0,6,0,20,0,0,3.8831727088441372,0,0,https://www.sc-cdn.net/conditions/diabetes
46,0,0,0,3,1,1,0,0,0.043478260869565216,0,1,8,0,6,1,0,4.441508966691418,0,0,https://www.navitime.co.jp/watch?v=dQw4w9WgXcQ
25,0,0,0,2,1,1,0,0,0.0,0,0,5,0,4,0,0,4.023465189601647,0,0,https://www.adyen.com/faq
380,0,0,0,3,1,1,0,0,0.4263157894736842,0,1,2,0,180,1,0,5.523556782002127,0,1,https://pub-7ee8b36658f64f6bbd2042aea01240d7.r2.dev/09876543567890IUYTRTYUI/9U876TR5EDRFGJOIU98Y7TFT/9876543456789UYFTDRFTY/index9854-987654321234567876543-9876543212345678765432345678987654323456-9876543234567898765433456789.xhtml?qpXv8G9uvn=JTFPooklBbfL2f72lp5RDDrRExqMHnGCq5tHEvpTCvt3CDlmXHtRC6EfZLxWBSNVvFhmtyRmOmoJP5VVkffZFoXiFbMllkrdGMkfZzmzSouKzQ53zmVPXmWeZ5wyPuhaFwHQudguu
27,0,0,0,1,0,1,0,0,0.0,0,0,9,0,6,0,0,3.81008102052173,0,0,https://techradar.com/about
18,0,0,0,2,1,1,0,0,0.0,0,0,2,0,0,0,0,3.4613201402110083,0,0,https://www.bu.edu
21,0,0,1,1,0,1,0,0,0.09523809523809523,0,0,3,0,7,0,0,3.7489948035250964,0,1,https://q-r.to/bgb97q
74,0,0,0,2,1,1,1,0,0.14864864864864866,0,0,9,0,37,0,0,4.794195852747862,0,1,https://allegrolokalnie.ido984555.top/basen-dmuchane-jacuzzi-intex-p/69723
45,0,0,0,2,1,1,0,0,0.0,0,0,11,0,1,0,0,4.280090318263435,0,1,https://billing-status-check.firebaseapp.com/
47,0,0,0,2,1,1,0,0,0.0,0,0,14,0,13,0,0,4.118760267520956,0,0,https://support.mercantilbanco.com/r/technology
25,0,0,0,3,1,1,0,0,0.0,0,0,5,0,0,0,0,3.7034651896016473,0,0,https://blog.deped.gov.ph
44,0,0,0,2,1,1,0,0,0.22727272727272727,0,0,8,0,1,0,0,4.40194695925137,0,1,https://21dn664hhbfs563rd0sl0l.blogspot.com/
32,0,0,0,2,1,1,0,0,0.0,0,0,10,0,5,0,0,4.054229296672175,0,0,https://blog.expressvpn.com/news
23,0,0,0,2,1,1,0,0,0.0,0,0,3,0,7,0,0,4.0559581516151235,0,1,https://l.ead.me/bfRwKq
57,0,0,0,1,0,1,0,0,0.3508771929824561,0,1,6,1,25,0,0,4.679405699044488,0,1,https://d2qlig.cfd/o/00olp/7309911045607424#selectedbank9
41,0,0,0,2,1,1,0,0,0.0,0,0,8,0,13,0,0,4.14999651670767,0,0,https://support.deadline.com/r/technology
29,0,0,0,1,0,1,0,0,0.06896551724137931,0,0,7,0,9,0,0,4.073329701949521,0,1,https://scanned.page/p/R1x0KV
23,0,0,0,2,1,1,0,0,0.0,0,0,3,0,7,0,0,3.9690016298759927,0,1,https://l.ead.me/bfNqaz
31,0,0,0,2,1,1,0,0,0.0,0,0,7,0,5,0,0,3.744203568311813,0,0,https://support.samokat.ru/help
44,0,0,0,3,1,1,0,0,0.11363636363636363,0,0,6,0,20,0,0,4.3430812668472125,0,0,https://en.google.com.br/products/item/10293
24,0,0,0,2,1,1,0,0,0.0,0,0,7,0,0,0,0,3.938721875540867,0,0,https://blog.appnext.com
43,0,0,0,1,0,1,0,0,0.11627906976744186,0,0,11,0,20,0,0,4.18245211620526,0,0,https://openedition.org/products/item/10293
28,0,0,0,2,1,1,0,0,0.0,0,0,6,0,6,0,0,4.012188403968661,0,0,https://www.peatix.com/login
29,0,0,0,2,1,1,0,0,0.0,0,0,6,0,4,0,0,3.495574960495609,0,0,https://support.sports.ru/faq
175,0,0,0,2,1,1,0,0,0.14285714285714285,0,5,6,0,108,3,0,5.489461093660795,0,1,https://docs.google.com/presentation/d/e/2PACX-1vT1C7Lcji52Ao800AxT0ikh-1Sk3u1IixX16u0NEg_rjkjAxi3tiPk2kfO84BGAP_lPeOqIOXFpj3Gc/pub?start=false&amp;loop=false&amp;delayms=3000
48,0,0,0,2,1,1,0,0,0.0,0,0,11,0,21,0,0,4.108007230104883,0,0,https://www.tandfonline.com/terms-and-conditions
145,0,0,0,4,1,1,0,0,0.3586206896551724,0,1,7,0,44,1,0,4.707405343588455,0,1,https://portalportalportalportalportal.edgeone.dev/genhrportal23490282727363738902-289776.html?eta=delyn@ce8219e435449f78d7e7719f71d6422a75b4.net
42,0,0,0,1,0,1,0,0,0.0,0,0,10,0,20,0,0,4.044003363657554,0,0,https://samsungqbe.com/conditions/diabetes
30,0,0,0,1,0,1,0,0,0.0,0,0,10,0,7,0,0,4.081727678869736,0,1,https://uspsaamnbe.life/uqjmw/
40,0,0,0,3,1,1,0,0,0.0,0,0,4,0,16,0,0,4.127567157116929,0,0,https://blog.afip.gob.ar/in/profile-name
48,0,0,0,2,1,1,0,0,0.0,0,0,13,0,15,0,0,4.032268229617389,0,0,https://support.apuestasroyal.com/privacy-policy
36,0,0,1,2,1,1,0,0,0.08333333333333333,0,0,5,0,14,0,0,4.461320140211008,0,0,https://blog.ko-fi.com/dp/B08N5WRWNW
33,0,0,0,2,1,1,0,0,0.0,0,0,12,0,5,0,0,4.066677073707229,0,0,https://www.samsungcloud.com/help
39,0,0,0,2,1,1,0,0,0.0,0,0,9,0,6,0,0,4.131054782742918,0,1,https://more-atomic.wixstudio.com/en-us
47,0,0,0,2,1,0,0,0,0.14893617021276595,0,0,5,0,1,0,0,4.663646235062164,0,1,http://z4dw-4nio-cw5vf-z3p-kf4-rl7b6.pages.dev/
22,0,0,0,1,0,1,0,0,0.0,0,0,3,0,8,0,0,3.5160276412662306,0,1,https://did.li/kivaish
46,0,0,0,3,1,1,0,0,0.021739130434782608,0,1,2,0,2,1,1,4.365209510075616,0,1,https://l.wl.co/l?u=https://qr-codes.io/cbME7W
39,0,0,0,2,1,1,0,0,0.41025641025641024,0,0,3,0,1,0,0,4.265544846790009,0,1,https://helpid9598203945274524.web.app/
40,0,0,0,2,1,1,0,0,0.0,0,0,8,0,15,0,0,4.227567157116929,0,0,https://blog.cachefly.net/privacy-policy
50,0,0,0,2,1,1,0,0,0.0,0,0,12,0,21,0,0,4.351272380112911,0,0,https://blog.appsflyersdk.com/terms-and-conditions
48,0,0,0,1,0,1,0,0,0.125,0,0,6,0,30,0,0,4.332067386399956,0,0,https://reddit.com/article/2026/05/global-update
30,0,0,0,2,1,1,0,0,0.0,0,0,10,0,6,0,0,4.031401845392172,0,0,https://en.mediamarkt.de/login
40,0,0,0,2,1,1,0,0,0.15,0,0,10,0,1,0,0,4.375070520364182,0,1,https://bt-105831oidfotf.weeblysite.com/
35,0,0,0,2,1,1,0,0,0.08571428571428572,0,0,10,0,1,0,0,4.185867302411999,0,1,https://xfinity-555.weeblysite.com/
44,0,0,0,2,1,1,0,0,0.18181818181818182,0,0,4,0,25,0,0,4.496601437350927,0,1,https://www.powr.io/media-gallery/i/41568690
51,0,0,0,3,2,1,0,0,0.0392156862745098,0,0,5,0,22,0,0,4.6572402927397825,0,1,https://new.express.adobe.com/webpage/uWiX9xHlc7yQq
238,0,0,0,2,1,1,0,0,0.14705882352941177,0,4,10,0,18,2,0,5.70812833238984,0,1,https://kleinanzeigen.mx51088081.com/receive/762985299?mail=W0FOQUZFTUFd&meta=rlWjMKWwLJ50LJqyVwb1YPWhLJ1yVwbvKUIxBQAxKUIxLmN5VRShLJMyoJRvYPWwnTS0K2yxVwbgZGNjZmH4ZQHmZwVmBFjvp2IlqzywMFV6VzgfMJyhLJ56MJyaMJ4vYPW0rKOyVwbvLJ5uMzIgLI9gLJyfVa0=
58,0,0,0,1,0,1,0,0,0.0,0,1,15,0,7,1,0,4.1702169363011805,0,0,https://reliancedigital.in/search?q=cybersecurity+research
36,0,0,0,2,1,0,0,0,0.1111111111111111,0,0,8,0,0,0,0,4.273684376262023,0,1,http://allegrolokainie.smar3465.shop
84,0,0,0,2,1,1,0,0,0.08333333333333333,0,0,6,0,61,0,0,5.1996887386432356,0,1,https://docs.google.com/drawings/d/1wZHq3sQ6LxduB_vIQ5mv4_DGNn-WDf_wgmdRd2pf8xU/edit
74,0,0,0,2,1,1,0,0,0.05405405405405406,0,1,21,0,12,1,0,4.745416927417635,0,1,https://kleinanzeigen-bestellung.huntingtonparkroofing.com/gls96RZOMy8?m=3
28,0,0,0,2,1,1,0,0,0.0,0,0,6,0,6,0,0,4.039148671903071,0,0,https://blog.javmix.tv/login
23,0,0,0,2,1,1,0,0,0.0,0,0,3,0,7,0,0,3.9690016298759927,0,1,https://l.ead.me/bgbXko
21,0,0,1,1,0,1,0,0,0.0,0,0,3,0,7,0,0,3.8442328987631917,0,1,https://q-r.to/bggFGk
49,0,0,0,2,1,1,0,0,0.0,0,0,5,0,24,0,0,4.019183120291045,0,0,https://support.miami.edu/docs/forms/d/e/viewform
34,0,0,0,2,1,1,0,0,0.029411764705882353,0,0,12,0,1,0,0,4.17512313511346,0,1,https://webmail5.durablesites.com/
46,0,0,0,2,1,1,0,0,0.32608695652173914,0,0,8,0,1,0,0,4.261842390463366,0,1,https://2038434hg6hlkk208743sl0l.blogspot.com/
38,0,0,0,1,0,1,0,0,0.02631578947368421,0,1,4,0,7,1,0,4.859641000228757,0,1,https://qrco.de/bfKHlL?userID=GN6Wawzu
21,0,0,1,1,0,1,0,0,0.0,0,0,3,0,7,0,0,3.8442328987631917,0,1,https://q-r.to/bgahjU
37,0,0,0,2,1,1,0,0,0.0,0,0,6,0,1,0,0,4.168120257170009,0,1,https://myprivatezoomcall.weebly.com/
43,0,0,1,1,0,1,0,0,0.046511627906976744,0,1,11,0,6,1,0,4.536388882458135,0,0,https://alibaba-inc.com/watch?v=dQw4w9WgXcQ
54,0,0,3,1,0,1,0,0,0.0,0,0,39,0,1,0,0,4.249624307438574,0,1,https://mannger-us-checcksupports-verrification.click/
42,0,0,0,2,1,1,0,0,0.14285714285714285,0,0,6,0,1,0,0,4.290777839290893,0,1,https://persistent-work-543014.framer.app/
27,0,0,0,1,0,1,0,0,0.037037037037037035,0,0,6,0,9,0,0,3.9582291686698783,0,1,https://ytjili.com/v2/check
23,0,0,0,3,1,1,0,0,0.0,0,0,4,0,0,0,0,3.762267390651494,0,0,https://www.euro.com.pl
30,0,0,0,3,1,1,0,0,0.0,0,0,3,0,4,0,0,4.072905595320056,0,0,https://support.eci.gov.in/faq
28,0,0,0,1,0,1,0,0,0.03571428571428571,0,0,5,0,11,0,0,4.012188403968661,0,1,https://yhqby.com/yhoI9jiDjD
31,0,0,0,2,1,1,0,0,0.0,0,0,6,0,5,0,0,3.8890495359141695,0,0,https://support.okcoin.com/news
38,0,0,0,2,1,1,0,0,0.0,0,0,4,0,15,0,0,4.010570934268483,0,0,https://support.onet.pl/privacy-policy
52,0,0,0,2,1,1,0,0,0.0,0,1,5,0,7,1,0,4.219791286223958,0,0,https://en.giphy.com/search?q=cybersecurity+research
32,0,0,1,2,1,1,0,0,0.0,0,0,15,0,1,0,0,3.8431390622295662,0,1,https://www.activation-pass.com/
33,0,0,0,2,1,1,0,0,0.0,0,0,5,1,1,0,0,3.9801694078807643,0,1,https://mbank-akademia.pages.dev/
36,0,0,0,2,0,1,0,0,0.0,0,0,10,0,14,0,0,4.027719015921097,0,1,https://teamliftss.com/zz/index.html
43,0,0,0,2,1,1,0,0,0.0,0,0,7,0,20,0,0,3.9674494999765035,0,0,https://docs.farpost.ru/conditions/diabetes
31,0,0,0,2,1,1,0,0,0.0,0,0,14,0,1,0,0,3.974695407915898,0,1,https://www.trustwalletjbv.com/
24,0,0,0,2,1,1,0,0,0.0,0,0,9,0,0,0,0,3.8553885422075336,0,0,https://en.teepublic.com
47,0,0,0,2,1,1,0,0,0.0425531914893617,0,0,6,1,17,0,0,4.245870234564298,0,1,https://erfan82erfan.github.io/instagram_login/
27,0,0,0,2,1,1,0,0,0.0,0,0,5,0,5,0,0,3.930270372293453,0,0,https://blog.kohls.com/news
41,0,0,0,2,1,1,0,0,0.0,0,0,9,0,6,0,0,4.1923218214274165,0,1,https://newuholldapps.wixstudio.com/en-us
34,0,0,0,1,0,1,0,0,0.0,0,0,7,0,15,0,0,4.175123135113461,0,0,https://booking.com/privacy-policy
49,0,0,0,2,1,1,0,0,0.061224489795918366,0,0,9,0,6,0,0,4.461050149972743,0,1,https://live-ledgrio-apps.wixstudio.com:443/us-en
26,0,0,0,2,1,1,0,0,0.0,0,0,11,0,0,0,0,3.7773627950641693,0,0,https://www.yellowpages.ca
34,0,0,0,1,0,1,0,0,0.08823529411764706,0,0,9,0,14,0,0,4.1973257087065035,0,0,https://hiddenvpn.ru/dp/B08N5WRWNW
25,0,0,0,1,0,1,0,0,0.0,0,0,8,0,5,0,0,3.6732696895151085,0,0,https://infineon.com/home
23,0,0,0,1,0,1,0,1,0.0,0,0,1,0,11,0,0,3.936180434129755,0,1,https://t.co/pmGbHfksgT
190,0,0,0,3,1,1,0,0,0.09473684210526316,0,7,6,0,108,4,0,5.528985483169976,0,1,https://docs.google.com/presentation/d/e/2PACX-1vSBSzlzSMpAZWNgm2r3p3eDnk3ArLfTfIlZOUJoAyM-wFaz1V6BQWwM39o8afoj7GnNN4wNPS8BlwJW/pub?start=false&amp;loop=false&amp;delayms=3000&amp;slide=id.p
44,0,0,1,1,0,1,0,0,0.0,0,0,12,0,20,0,0,4.044912733238945,0,0,https://oceans-nadia.com/category/news/today
23,0,0,0,1,0,1,0,0,0.0,0,0,7,0,4,0,0,3.936180434129755,0,0,https://tnaflix.com/faq
29,0,0,0,1,0,1,0,0,0.0,0,0,5,0,13,0,0,4.073329701949521,0,0,https://kaspi.kz/r/technology
21,0,0,1,1,0,1,0,0,0.047619047619047616,0,0,3,0,7,0,0,3.939470994001287,0,1,https://q-r.to/bfK8OP
23,0,0,0,2,1,1,0,0,0.08695652173913043,0,0,3,0,7,0,0,4.0559581516151235,0,1,https://l.ead.me/bfc3S5
131,0,0,0,2,1,1,0,0,0.0916030534351145,0,5,6,0,64,3,0,5.28604165513476,0,1,https://docs.google.com/presentation/d/1QKfJswnxPjkpyIbwv2C7ZGIz0UldrsSF2G10NQKBkI8/pub?start=false&amp;loop=false&amp;delayms=3000
27,0,0,0,1,0,1,0,0,0.0,0,0,15,0,0,0,0,3.9121138909722286,0,1,https://colorjobservice.com
43,0,0,0,2,1,1,0,0,0.046511627906976744,0,0,6,0,1,0,0,4.472321731245031,0,1,https://daumo98rytyoiturjfdckuh.weebly.com/
42,0,0,0,2,1,1,0,0,0.07142857142857142,0,0,5,0,16,0,0,4.282098601752792,0,1,https://nor11qtd.forms.app/untitled-form-2
34,0,0,1,2,1,1,0,0,0.0,0,0,9,0,5,0,0,4.116299605701696,0,0,https://support.balance-x.com/home
22,0,0,0,2,1,1,0,0,0.045454545454545456,0,0,5,0,0,0,0,3.6978458230844122,0,0,https://docs.auth0.com
35,0,0,0,2,1,1,0,0,0.17142857142857143,0,0,6,0,1,0,0,4.183014003266002,0,1,https://101xf1n1tylog1n.weebly.com/
30,0,0,0,2,1,1,0,0,0.0,0,0,8,0,6,0,0,3.6980685120588386,0,0,https://www.mossfast.com/about
27,0,0,0,2,1,1,0,0,0.0,0,0,6,0,6,0,0,3.856196298219379,0,0,https://www.corppn.ru/login
48,0,0,0,2,1,1,1,0,0.0,0,0,19,0,7,0,0,4.040400719733289,0,1,https://bradesco.empresasatendimento.live/inicio
40,0,0,0,1,0,1,0,0,0.0,0,0,8,0,20,0,0,4.143942707918269,0,0,https://ipxserve.com/category/news/today
38,0,0,0,2,1,1,0,0,0.0,0,0,16,0,6,0,0,4.1287347499440905,0,0,https://www.cloudappsecurity.com/about
46,0,0,0,3,1,1,0,0,0.0,0,1,2,0,2,1,1,4.33814184707917,0,1,https://l.wl.co/l?u=https://qr-codes.io/EGEYAw
24,0,0,0,2,1,1,0,0,0.0,0,0,5,1,0,0,0,3.8035088547976783,0,1,https://paybank.agfbh.cn
22,0,0,0,1,0,1,0,1,0.09090909090909091,0,0,3,0,8,0,0,3.936260027531527,0,1,https://bit.ly/3yUo1mB
20,0,0,0,1,0,1,0,0,0.0,0,0,3,0,5,0,0,3.684183719779189,0,0,https://ovh.com/news
32,0,0,0,2,1,1,0,0,0.0,0,0,3,0,13,0,0,4.054229296672175,0,0,https://www.bip.com/r/technology
42,0,0,0,1,0,1,0,0,0.0,0,0,14,0,16,0,0,4.2072117677593,0,0,https://chicagotribune.com/in/profile-name
33,0,0,0,1,0,1,0,0,0.0,0,0,8,0,13,0,0,3.930609649595924,0,0,https://frontapp.com/r/technology
25,0,0,0,2,1,1,0,0,0.04,0,0,9,0,0,0,0,4.053660689688186,0,0,https://blog.1password.eu
37,0,0,0,3,1,1,0,0,0.08108108108108109,0,0,3,0,14,0,0,4.283381405994074,0,0,https://docs.uol.com.br/dp/B08N5WRWNW
34,0,0,0,2,1,1,0,0,0.0,0,0,9,0,5,0,0,4.02085512047121,0,0,https://support.audiomack.com/help
36,0,0,0,3,1,1,0,0,0.0,0,0,10,0,6,0,0,3.930225265800904,0,0,https://blog.homecenter.com.co/about
29,0,0,0,2,1,1,0,0,0.0,0,0,9,0,5,0,0,3.8833374604210062,0,0,https://en.newsbreak.com/news
30,0,0,0,1,0,1,0,0,0.03333333333333333,0,0,7,0,11,0,0,4.148394345536404,0,1,https://heyform.net/f/ab6VBRns
15,0,0,0,1,0,1,0,0,0.0,0,0,3,0,0,0,0,3.456564762130954,0,0,https://rit.edu
35,0,0,2,1,0,1,0,0,0.0,0,0,23,0,0,0,0,3.9684490031423754,0,1,https://irs-internal-prototypes.com
46,0,0,0,3,0,1,0,0,0.0,0,0,4,0,7,0,1,4.2575004135020675,0,1,https://qrco.de/bexicm?https://santander.co.uk
27,0,0,0,2,0,1,0,0,0.0,0,0,6,0,6,0,0,3.6898916687500067,0,0,https://google.com.gi/login
39,0,0,0,2,1,1,0,0,0.0,0,0,3,0,20,0,0,3.756949899004894,0,0,https://docs.ovo.id/conditions/diabetes
24,0,0,0,1,0,1,0,0,0.0,0,0,7,0,6,0,0,3.8035088547976783,0,0,https://bergfex.at/about
55,0,0,0,3,1,1,0,0,0.03636363636363636,0,1,3,0,7,1,0,4.352207732904155,0,0,https://docs.24h.com.vn/search?q=cybersecurity+research
29,0,0,0,2,1,1,0,0,0.0,0,0,6,0,1,0,0,3.9523029776623857,0,1,https://instagrmm.vercel.app/
29,0,0,0,2,1,1,0,0,0.0,0,0,5,0,8,0,0,3.6638709784692725,0,0,https://www.olist.com/contact
28,0,0,0,1,0,1,0,0,0.0,0,0,9,0,8,0,0,3.8248629576173565,0,0,https://hypernode.io/contact
42,0,0,0,2,1,1,0,0,0.0,0,0,5,0,21,0,0,4.282098601752792,0,0,https://blog.tmweb.ru/terms-and-conditions
53,0,0,0,2,1,1,0,0,0.1320754716981132,0,0,7,0,30,0,0,4.406428001406449,0,0,https://www.html5up.net/article/2026/05/global-update
32,0,0,0,2,0,1,0,0,0.0,0,0,10,0,10,0,0,3.9917292966721747,0,1,https://offixclean.lol/index.php
25,0,0,0,2,1,1,0,0,0.0,0,0,7,0,1,0,0,3.863465189601647,0,1,https://id.govnhdc.autos/
42,0,0,0,2,1,1,0,0,0.35714285714285715,0,0,7,0,20,0,0,4.46328051781081,0,1,https://eu.jotform.com/app/251843061781356
33,0,0,0,2,1,1,0,0,0.0,0,0,6,0,1,0,0,4.271370634378849,0,1,https://updatexfinity.weebly.com/
84,0,0,0,2,1,1,0,0,0.09523809523809523,0,0,6,0,61,0,0,5.185364113430496,0,1,https://docs.google.com/drawings/d/1v-bLai0uMSfgBni7fxS6wtRx1gbMWYB6COVNS9l7EQw/edit
31,0,0,0,2,1,1,0,0,0.0967741935483871,0,0,6,0,1,0,0,4.147114052043202,0,1,https://mailteam653.weebly.com/
59,0,0,0,2,1,1,0,0,0.1016949152542373,0,0,9,0,30,0,0,4.320256448219739,0,0,https://support.altavista.com/article/2026/05/global-update
35,0,0,0,1,0,1,0,0,0.0,0,0,4,0,20,0,0,3.878584802350185,0,0,https://aade.gr/conditions/diabetes
42,0,0,0,2,1,1,0,0,0.0,0,0,9,0,6,0,0,4.072652614083032,0,1,https://engsuitetrezor.wixstudio.com/start
53,0,0,0,2,1,1,0,0,0.5849056603773585,0,0,8,0,1,0,0,4.071496870755259,0,1,https://7835662557165347624356762345345.blogspot.com/
22,0,0,0,1,0,1,0,0,0.0,0,0,4,0,7,0,0,4.152391277629866,0,1,https://qrco.de/bgaKuB
29,0,0,0,1,0,1,0,0,0.0,0,0,4,0,13,0,0,4.047299098426643,0,0,https://navi.com/r/technology
27,0,0,0,1,0,1,0,0,0.0,0,0,16,0,0,0,0,3.8380398168981547,0,0,https://juntadeandalucia.es
18,0,0,0,2,1,1,0,0,0.0,0,0,2,0,0,0,0,3.8365916681089787,0,0,https://blog.vk.ru
28,0,0,0,2,1,1,0,0,0.07142857142857142,0,0,12,0,0,0,0,4.039148671903071,0,0,https://blog.lk21official.cc
39,0,0,0,1,0,1,0,0,0.0,0,0,4,0,24,0,0,3.9735750532537826,0,0,https://cmoa.jp/docs/forms/d/e/viewform
21,0,0,1,1,0,1,0,0,0.047619047619047616,0,0,3,0,7,0,0,3.939470994001287,0,1,https://q-r.to/bfMc5e
17,0,0,0,1,0,1,0,0,0.0,0,0,5,0,0,0,0,3.85216872360328,0,0,https://viber.com
21,0,0,0,2,1,1,0,0,0.0,0,0,5,0,0,0,0,3.7849418274376427,0,0,https://www.joker.com
76,0,0,1,2,1,1,0,0,0.27631578947368424,0,3,16,0,1,2,0,4.808663329427083,0,1,https://us13.campaign-archive.com/?u=1112328ecdf0ddf5c616cc48b&id=ac43ff086b
39,0,0,0,2,1,1,0,0,0.05128205128205128,0,1,4,0,6,1,0,4.458103180234289,0,0,https://en.rand.org/watch?v=dQw4w9WgXcQ
31,0,0,0,2,1,1,0,0,0.0,0,0,10,0,5,0,0,4.0022680844408445,0,0,https://www.deviantart.com/home
38,0,0,0,2,1,1,0,0,0.0,0,0,5,0,16,0,0,4.240962710641206,0,0,https://docs.aucey.com/in/profile-name
57,0,0,0,5,3,1,1,0,0.0,0,0,9,0,22,0,0,4.14669468191115,0,1,https://mail.vnd.suu.temporary.site/tricolors/seguro.html
41,0,0,0,2,1,1,0,0,0.04878048780487805,0,1,2,0,6,1,0,4.436224260451807,0,0,https://docs.my.games/watch?v=dQw4w9WgXcQ
29,0,0,0,2,1,1,0,0,0.0,0,0,9,0,0,0,0,4.021268494903765,0,0,https://support.cambridge.org
42,0,0,0,2,1,1,0,0,0.11904761904761904,0,0,3,0,20,0,0,4.139241458895649,0,0,https://support.fut.gg/products/item/10293
51,0,0,0,1,0,1,0,0,0.0,0,1,7,0,7,1,0,4.031433489585005,0,0,https://procore.com/search?q=cybersecurity+research
39,0,0,0,1,0,1,0,0,0.0,0,0,6,0,21,0,0,4.028490680178816,0,0,https://sexvid.xxx/terms-and-conditions
103,0,0,1,2,1,1,1,0,0.1262135922330097,0,1,10,0,45,1,0,4.90770079993039,0,1,https://allegrolokalnie.pl-4506953.xyz/oferta/teamgroup-t-force-delta-rgb-ddr5-2x16?id=zb0vefljwxfeoji2
54,0,0,0,1,0,1,0,0,0.1111111111111111,0,0,12,0,30,0,0,4.462768289000184,0,0,https://workspaceone.com/article/2026/05/global-update
40,0,0,0,1,0,1,0,0,0.05,0,1,9,0,6,1,0,4.365311532225102,0,0,https://cimalight.co/watch?v=dQw4w9WgXcQ
29,0,0,0,2,1,1,0,0,0.0,0,0,8,0,6,0,0,3.9093680639438846,0,0,https://en.hisavana.com/about
46,0,0,0,3,1,1,0,0,0.0,0,1,2,0,2,1,1,4.381620107948734,0,1,https://l.wl.co/l?u=https://qr-codes.io/CbLgab
62,0,0,0,3,1,1,0,0,0.3225806451612903,0,0,2,0,11,0,0,4.688010931934973,0,1,https://pub-be26ebd749e44fd59b30803b5d189ba7.r2.dev/index.html
44,0,0,0,1,0,1,0,0,0.022727272727272728,0,0,8,0,24,0,0,4.069402994575248,0,0,https://mat6tube.com/docs/forms/d/e/viewform
34,0,0,0,2,1,1,0,0,0.0,0,0,11,0,1,0,0,4.1973257087065035,0,1,https://provegatv.webcindario.com/
35,0,0,0,2,1,1,0,0,0.08571428571428572,0,0,7,0,14,0,0,4.150292659616669,0,0,https://en.rustore.ru/dp/B08N5WRWNW
21,0,0,0,1,0,1,0,0,0.0,0,0,3,0,7,0,0,3.558518613048906,0,1,https://did.li/kivash
22,0,0,0,1,0,1,0,0,0.0,0,0,4,0,7,0,0,3.7544418457133455,0,1,https://qrco.de/Inpost
23,0,0,0,2,1,1,0,0,0.0,0,0,3,0,7,0,0,3.9690016298759927,0,1,https://l.ead.me/bfJXSp
35,0,0,0,2,1,1,0,0,0.0,0,0,7,0,3,0,0,4.000432302535625,0,1,https://meituamaxklog.gitbook.io/us
23,0,0,0,1,0,1,0,0,0.0,0,0,11,0,0,0,0,3.5342190211803404,0,0,https://invisioncic.com
20,0,0,0,1,0,0,0,0,0.0,0,0,4,0,6,0,0,3.684183719779189,0,1,http://surl.li/oruzv
22,0,0,0,1,0,1,0,0,0.0,0,0,4,0,7,0,0,4.0614821867207755,0,1,https://qrco.de/bgcUWS
40,0,0,0,2,1,1,0,0,0.0,0,0,10,0,16,0,0,3.996439344671016,0,0,https://en.fotostrana.ru/in/profile-name
31,0,0,0,2,1,1,0,0,0.0,0,0,9,0,6,0,0,3.913400745661378,0,0,https://www.paytmbank.com/about
30,0,0,0,1,0,1,0,0,0.0,0,0,5,0,13,0,0,3.9898980954642878,0,0,https://adcam.org/r/technology
57,0,0,0,2,1,1,0,0,0.14035087719298245,0,0,5,0,32,0,0,4.567294128420572,0,1,https://olx-pl.iroee.shop/payment/7435b1b21d1c/millennium
118,0,0,0,3,1,1,0,0,0.11016949152542373,0,3,7,0,58,2,0,5.352266460706824,0,1,https://www.dropbox.com/scl/fi/k4q3hnnkt2wdkwwnbsq4m/BT-VOICE-NOTIFICATION.papert?rlkey=wft96h0ytjjod59luaq8b5fl5&dl=0
55,0,0,0,2,1,1,0,0,0.0,0,1,8,0,7,1,0,4.308746650621187,0,0,https://en.zoominfo.com/search?q=cybersecurity+research
27,0,0,0,1,0,0,0,0,0.0,0,0,15,0,1,0,0,4.0043444463675275,0,1,http://opdrmetinyilmaz.com/
42,0,0,0,2,1,1,0,0,0.0,0,0,12,0,15,0,0,4.236857303422075,0,0,https://www.mercadolibre.cl/privacy-policy
31,0,0,0,2,1,1,0,0,0.03225806451612903,0,0,7,0,5,0,0,3.808719697344071,0,0,https://support.tdnsdl1.cn/help
27,0,0,1,1,0,1,0,0,0.07407407407407407,0,0,9,0,6,0,0,4.050459724065177,0,0,https://awsdns-12.net/login
54,0,0,0,2,1,1,0,0,0.07407407407407407,0,0,7,0,29,0,0,4.8173099006247515,0,1,https://share.hsforms.com/1pXUHfVFPQ2iUotv7JmWuMwsm7jb
34,0,0,0,1,0,1,0,0,0.058823529411764705,0,0,7,0,11,0,0,3.9254106352407234,0,1,https://trienen.de/streaming/?id28
40,0,0,0,2,1,1,0,0,0.375,0,0,7,0,16,0,0,4.227567157116929,0,1,https://form.jotform.com/253043796262056
37,0,0,0,2,1,1,0,0,0.0,0,0,11,0,6,0,0,3.7693395138682937,0,0,https://support.lobstertube.com/about
44,0,0,0,1,0,1,0,0,0.0,0,0,8,0,24,0,0,3.9702091769252417,0,0,https://saasexch.com/docs/forms/d/e/viewform
62,0,0,0,2,1,1,0,0,0.0,0,1,15,0,7,1,0,4.188742892541695,0,0,https://en.lameteoagricole.net/search?q=cybersecurity+research
34,0,0,0,1,0,1,0,0,0.0,0,0,14,0,8,0,0,3.881005488054637,0,1,https://elcerritovalle.org/galina/
48,0,0,0,3,1,1,0,0,0.0,0,0,5,0,20,0,0,4.0957136787344055,0,0,https://support.clave.gob.es/conditions/diabetes
148,0,0,1,6,0,1,1,0,0.32432432432432434,0,6,20,0,1,3,0,4.986353867832287,0,1,https://aacredltvnlan-online.top/?secure_connect=f523c*&_subid=15ld5h3.4c.247qe&_token=2uf24e51b2oceh.1783620894.17.89d4ac1294b8f3de617e0279ff66af4a
36,0,0,0,2,1,0,0,0,0.1111111111111111,0,0,5,0,1,0,0,4.363826390090815,0,1,http://ws0utlouk365servic.iceiy.com/
43,0,0,0,2,1,1,0,0,0.0,0,0,6,0,19,0,0,3.7729255935439387,0,1,https://sites.google.com/view/systemeo/home
67,0,0,1,2,1,1,0,0,0.07462686567164178,0,1,19,0,1,1,0,4.887944459569003,0,1,https://www.sharath-aradhyamatt.com/?login=o6Oi8VePlfi0RYatn1N9dAsC
47,0,0,0,2,1,1,0,0,0.0851063829787234,0,0,5,0,1,0,0,4.5806646493198215,0,1,https://telquna-gld-belxora-r6x4fw38.pages.dev/
29,0,0,0,2,1,1,0,0,0.0,0,0,7,0,1,0,0,3.9262723741395074,0,1,https://claim-yi.netlify.app/
44,0,0,0,2,1,1,0,0,0.045454545454545456,0,1,8,0,6,1,0,4.447401504705915,0,0,https://www.sniffies.com/watch?v=dQw4w9WgXcQ
28,0,0,0,2,1,1,0,0,0.03571428571428571,0,0,6,0,1,0,0,4.137537511266052,0,1,https://yuhs-1ac.weebly.com/
45,0,0,0,2,1,1,0,0,0.0,0,0,5,0,24,0,0,4.010274552706184,0,0,https://www.adage.com/docs/forms/d/e/viewform
21,0,0,0,2,1,1,0,0,0.0,0,0,6,0,0,0,0,3.558518613048906,0,0,https://www.google.at
41,0,0,0,2,1,1,0,0,0.0,0,0,9,0,6,0,0,4.357075175138721,0,1,https://ladgrliveapps.wixstudio.com/us-en
22,0,0,0,1,0,1,0,1,0.045454545454545456,0,0,3,0,8,0,0,3.936260027531527,0,1,https://bit.ly/3SuBLuQ
43,0,0,0,2,1,1,0,0,0.046511627906976744,0,1,6,0,6,1,0,4.489877254551158,0,0,https://blog.slackb.com/watch?v=dQw4w9WgXcQ
29,0,0,1,2,1,0,0,0,0.1724137931034483,0,0,8,0,1,0,0,4.142295219190901,0,1,http://allegro.40023i-s.shop/
38,0,0,1,2,1,0,0,0,0.07894736842105263,0,0,11,0,0,0,0,4.13569955274647,0,1,http://allegrolokalnie.lokalna-420.sbs
54,0,0,0,2,1,1,0,0,0.0,0,0,11,0,24,0,0,4.168024826761413,0,0,https://support.cinecalidad.am/docs/forms/d/e/viewform
22,0,0,0,2,1,1,1,0,0.0,0,0,6,0,0,0,0,3.6069367321753214,0,1,https://web.tegedq.top
25,0,0,0,2,1,1,0,0,0.0,0,0,5,0,5,0,0,3.6732696895151085,0,0,https://en.webpt.com/home
29,0,0,1,2,1,1,0,0,0.0,0,0,7,0,5,0,0,4.1852301329094015,0,0,https://blog.i-ready.com/home
26,0,0,0,2,1,1,0,0,0.07692307692307693,0,0,4,0,1,0,0,4.103909910282364,0,1,https://anhooqb40.ukit.me/
28,0,0,0,1,0,1,0,1,0.10714285714285714,0,0,7,0,9,0,0,4.182005814760214,0,1,https://tinyurl.com/ykkc3e23
32,0,0,0,2,1,1,0,0,0.0,0,0,12,0,5,0,0,3.9917292966721747,0,0,https://en.samqaicongen.com/help
18,0,0,0,1,0,1,0,0,0.0,0,0,6,0,0,0,0,3.6835423624332306,0,0,https://bcvcdn.com
21,0,0,1,1,0,1,0,0,0.0,0,0,3,0,7,0,0,3.8442328987631917,0,1,https://q-r.to/bgZqJy
37,0,0,0,1,0,1,0,0,0.0,0,0,5,0,20,0,0,3.925405392539033,0,0,https://lowes.com/conditions/diabetes
33,0,0,0,2,1,1,0,0,0.0,0,0,9,0,5,0,0,3.998050937146914,0,0,https://support.leboncoin.fr/news
42,0,0,0,2,1,1,0,0,0.0,0,0,11,0,1,0,0,4.186860506514696,0,1,https://kureshnameshindex.firebaseapp.com/
37,0,0,0,2,1,1,0,0,0.08108108108108109,0,0,5,0,14,0,0,4.175273297885966,0,0,https://www.anwap.media/dp/B08N5WRWNW
63,0,0,0,3,1,1,0,0,0.0,0,1,11,0,7,1,0,4.208360329909058,0,0,https://docs.mercadopago.com.br/search?q=cybersecurity+research
51,0,0,0,2,1,1,0,0,0.09803921568627451,0,0,6,1,26,0,0,4.436747890821419,0,1,https://cobig99.github.io/microsoft365-en-us-excel/
55,0,0,0,2,1,1,0,0,0.0,0,1,6,0,7,1,0,4.267570968684998,0,0,https://blog.pdscrb.com/search?q=cybersecurity+research
22,0,0,0,1,0,1,0,0,0.0,0,0,4,0,7,0,0,3.970573095811685,0,1,https://qrco.de/bgcFFJ
47,0,0,1,3,1,1,0,0,0.1702127659574468,0,0,10,0,13,0,0,4.503863788161591,0,1,https://app-telekom.de-0937294.com/zahlung3.php
30,0,0,0,2,1,1,0,0,0.0,0,0,6,0,1,0,0,3.9898980954642878,0,1,https://blluuepeak.weebly.com/
45,0,0,0,1,0,1,0,0,0.0,0,0,13,0,20,0,0,3.958659352780987,0,0,https://ahagamecenter.com/conditions/diabetes
35,0,0,0,1,0,1,0,0,0.0,0,0,10,0,13,0,0,3.9217212310452405,0,0,https://camscanner.com/r/technology
45,0,0,1,1,0,1,0,0,0.0,0,0,17,0,16,0,0,4.135863096137367,0,0,https://project-limelight.com/in/profile-name
44,0,0,0,2,1,1,0,0,0.0,0,0,12,0,16,0,0,4.138091493923261,0,0,https://www.sssinstagram.com/in/profile-name
36,0,0,0,2,1,1,0,0,0.16666666666666666,0,0,6,0,0,0,0,4.350209029099897,0,1,https://fine-begin-674537.framer.app
22,0,0,0,1,0,1,0,0,0.045454545454545456,0,0,4,0,7,0,0,4.152391277629866,0,1,https://qrco.de/bfKN2n
47,0,0,0,2,1,1,0,0,0.0,0,0,12,0,20,0,0,4.019717245562369,0,0,https://www.electrodepot.fr/conditions/diabetes
30,0,0,0,2,1,1,0,0,0.0,0,0,9,0,4,0,0,3.9898980954642878,0,0,https://docs.babepedia.com/faq
24,0,0,0,2,1,1,0,0,0.0,0,0,4,0,4,0,0,3.7406015629507223,0,0,https://docs.last.fm/faq
41,0,0,0,2,1,1,0,0,0.0,0,0,6,0,20,0,0,4.071477469174168,0,0,https://en.united.com/category/news/today
31,0,0,0,2,1,1,0,0,0.0,0,0,6,0,1,0,0,4.17146526179041,0,1,https://bellsrdyfuv.weebly.com/
25,0,0,0,1,0,0,0,0,0.0,0,0,13,0,1,0,0,3.9132696895151087,0,1,http://ohbestdayever.com/
35,0,0,0,3,1,1,0,0,0.0,0,0,7,0,5,0,0,3.95729587384057,0,0,https://support.locanto.com.mx/news
37,0,0,0,2,1,1,0,0,0.0,0,0,7,0,13,0,0,4.1416216087552495,0,0,https://blog.kanesex.com/r/technology
87,0,0,0,3,1,1,0,0,0.3333333333333333,0,0,2,0,36,0,0,4.622028088665837,0,1,https://pub-b7e7331737134afc8f5fe21b5edb15e8.r2.dev/dsqfg50sd4fh65tre406h4trdehfdh.html
46,0,0,0,2,1,1,0,0,0.0,0,0,15,0,16,0,0,4.2077070644704735,0,0,https://www.digitalaudience.io/in/profile-name
49,0,0,0,1,0,1,0,0,0.0,0,0,18,0,20,0,0,3.941767630828737,0,0,https://azurecontainerapps.io/conditions/diabetes
40,0,0,0,2,1,1,0,0,0.0,0,0,9,0,6,0,0,4.296439344671016,0,1,https://live-enledgr.wixstudio.com/us-en
35,0,0,0,2,1,1,0,0,0.05714285714285714,0,0,11,0,1,0,0,4.229003731107054,0,1,https://kcmgbaja15.firebaseapp.com/
31,0,0,0,2,1,0,0,0,0.16129032258064516,0,0,10,0,1,0,0,4.235981390822668,0,1,http://muf-52356.bubbleapps.io/
60,0,0,0,1,0,1,0,0,0.0,0,0,8,0,40,0,0,4.080809138064549,0,1,https://jzjiabei.com/system/customer/security/account-center
29,0,0,0,2,1,1,0,0,0.0,0,0,6,0,6,0,0,4.021268494903765,0,0,https://docs.rbxcdn.com/login
33,0,0,0,2,1,1,0,0,0.09090909090909091,0,0,3,0,14,0,0,3.9683403313485464,0,0,https://www.api.aws/dp/B08N5WRWNW
34,0,0,0,2,1,1,0,0,0.0,0,0,6,0,1,0,0,4.101881223476018,0,1,https://coinbaseverify.vercel.app/
29,0,0,0,2,1,1,0,0,0.0,0,0,7,0,6,0,0,3.9523029776623857,0,0,https://www.spbycdn.com/about
32,0,0,1,2,1,1,0,0,0.0,0,0,11,0,4,0,0,3.9056390622295662,0,1,https://www.pcn-noticuj.cyou/com
22,0,0,0,1,0,1,0,0,0.0,0,0,4,0,7,0,0,4.0614821867207755,0,1,https://qrco.de/bgbHFk
35,0,0,0,2,1,1,0,0,0.2857142857142857,0,0,10,0,1,0,0,4.47914337402601,0,1,https://suivre9953d.oblg463412.pro/
21,0,0,0,1,0,1,0,0,0.0,0,0,9,0,0,0,0,3.7849418274376427,0,0,https://blueconic.net
22,0,0,0,1,0,1,0,0,0.045454545454545456,0,0,4,0,7,0,0,4.0614821867207755,0,1,https://qrco.de/bgZu3q
28,0,0,0,1,0,1,0,0,0.0,0,0,8,0,8,0,0,3.7943360657504512,0,0,https://stanford.edu/contact
29,0,0,0,2,1,1,0,0,0.0,0,0,9,0,5,0,0,3.9262723741395074,0,0,https://www.kingbokep.tv/help
31,0,0,0,2,1,1,0,0,0.0,0,0,9,0,8,0,0,3.6955011488173954,0,0,https://en.iltalehti.fi/contact
36,0,0,0,2,1,1,0,0,0.0,0,0,3,0,1,0,0,4.0514621540398,0,1,https://online-remove-payee.web.app/
167,0,0,0,2,1,1,0,0,0.10778443113772455,0,5,6,0,108,3,0,5.446307590577529,0,1,https://docs.google.com/presentation/d/e/2PACX-1vQZlopTXReSbU6yIiKzZUiinyqPyq40d7idzngfqA32nssC54zwYFwseyRa_8Z8ClmweBgfpt4HFFd9/pub?start=false&loop=false&delayms=3000
178,0,0,0,3,1,1,0,0,0.12921348314606743,0,7,6,0,108,4,0,5.598348938270835,0,1,https://docs.google.com/presentation/d/e/2PACX-1vSAcwlst8GPYJqEZRHdhD7cST029l3v9hE-44mzHGc36r1UWj5m7e-sPKYOxwm89gJbeC4ZzAlrLvBg/pub?start=false&loop=false&delayms=1000&slide=id.p
31,0,0,1,1,0,1,0,0,0.1935483870967742,0,0,18,0,1,0,0,4.058246713263735,0,1,https://programtion-474967.pro/
41,0,0,0,2,1,1,0,0,0.0,0,0,15,0,6,0,0,4.092325102644249,0,0,https://support.planetminecraft.com/login
51,0,0,0,2,1,1,0,0,0.09803921568627451,0,0,14,0,20,0,0,4.388426450689847,0,0,https://blog.degruyterbrill.com/products/item/10293
48,0,0,0,2,1,1,0,0,0.0,0,0,6,0,24,0,0,4.013589126445727,0,0,https://www.matomo.cloud/docs/forms/d/e/viewform
37,0,0,0,2,1,1,0,0,0.0,0,0,8,0,13,0,0,3.999861811516424,0,0,https://www.metaporn.com/r/technology
40,0,0,0,2,1,1,0,0,0.0,0,0,6,0,16,0,0,4.025070520364182,0,1,https://sites.google.com/view/qamqr/home
42,0,0,1,2,1,0,0,0,0.14285714285714285,0,0,15,0,0,0,0,4.377336696990887,0,1,http://allegrolokalnie.pl-oferta538284.cfd
33,0,0,0,2,1,1,0,0,0.0,0,0,6,0,1,0,0,3.8738125895678266,0,1,https://vdhedheb-etws.vercel.app/
28,0,0,0,2,1,1,0,0,0.0,0,0,8,0,0,0,0,3.8693312611115185,0,0,https://support.gsmarena.com
44,0,0,0,2,1,1,0,0,0.0,0,0,7,0,20,0,0,4.001727857559624,0,0,https://docs.brdtnet.com/category/news/today
28,0,0,0,2,1,1,0,0,0.03571428571428571,0,0,6,0,1,0,0,4.012188403968661,0,1,https://h0tmaill.weebly.com/
41,0,0,0,2,1,1,0,0,0.0,0,0,9,0,15,0,0,4.210733711724087,0,0,https://docs.smartnews.com/privacy-policy
43,0,0,0,2,1,1,0,0,0.0,0,0,9,0,5,0,0,4.303830742923251,0,1,https://desktop-enledgar.wixstudio.com/enus
40,0,0,1,2,1,1,0,0,0.0,0,0,9,0,15,0,0,4.277567157116929,0,0,https://www.share-dns.com/privacy-policy
36,0,0,0,2,1,1,0,0,0.0,0,0,10,0,6,0,0,3.615086988913504,0,0,https://support.cmpassport.com/about
35,0,0,0,2,1,1,0,0,0.0,0,0,11,0,4,0,0,4.068728288980288,0,0,https://support.stickyadstv.com/faq
22,0,0,0,1,0,1,0,1,0.045454545454545456,0,0,3,0,8,0,0,3.936260027531527,0,1,https://bit.ly/4fAhjBQ
30,0,0,0,3,1,1,0,0,0.0,0,0,4,0,4,0,0,3.923231428797621,0,0,https://support.meti.go.jp/faq
63,0,0,0,2,1,1,0,0,0.0,0,0,3,0,44,0,0,4.045172393136559,0,1,https://www.mez.ink/pusatbantuanshopeeidd/pusatbantuanshopeeidd
52,0,0,1,2,1,1,0,0,0.0,0,1,5,0,7,1,0,4.140143027568645,0,0,https://en.b-cdn.net/search?q=cybersecurity+research
51,0,0,0,3,2,1,0,0,0.058823529411764705,0,0,5,0,22,0,0,4.593610635919458,0,1,https://new.express.adobe.com/webpage/8j9K6hfulnUsY
84,0,0,0,2,1,1,0,0,0.10714285714285714,0,0,6,0,61,0,0,5.126380560544982,0,1,https://docs.google.com/drawings/d/1bUWN4W1MsOzJQYa4XpqXZoTjsN1t4E13_dKKSfAfTg4/edit
45,0,0,0,2,1,1,0,0,0.1111111111111111,0,0,8,0,20,0,0,4.381316019639962,0,0,https://blog.synology.com/products/item/10293
65,0,0,0,2,1,1,0,0,0.0,0,0,6,0,1,0,0,3.9829624303363342,0,1,https://djdjdjjdjdjdjdjdjjdkrkrkrhannmaiiilllkrkrkrkr.weebly.com/
37,0,0,0,2,1,1,0,0,0.0,0,0,7,0,13,0,0,4.053915865570478,0,0,https://docs.nflxext.com/r/technology
37,0,0,1,1,0,1,0,0,0.05405405405405406,0,0,9,0,16,0,0,4.175273297885966,0,0,https://awsdns-39.net/in/profile-name
51,0,0,0,2,1,1,0,0,0.0,0,1,3,0,7,1,0,4.17805280454866,0,0,https://www.sap.com/search?q=cybersecurity+research
37,0,0,0,2,1,1,0,0,0.0,0,0,6,0,15,0,0,3.982856663324784,0,0,https://docs.shopee.ph/privacy-policy
23,0,0,1,2,1,1,0,0,0.13043478260869565,0,0,7,0,0,0,0,3.9690016298759927,0,0,https://www.123-hdx.com
33,0,0,0,2,1,1,0,0,0.0,0,0,12,0,5,0,0,3.5677560601705576,0,0,https://docs.sueddeutsche.de/news
178,0,0,0,3,1,1,0,0,0.07303370786516854,0,7,6,0,108,4,0,5.531780465264951,0,1,https://docs.google.com/presentation/d/e/2PACX-1vTiTDgBxJJHypQUFgpWAslFMUepn3ZNv8JdNGxuhzl1wzW3TKZ15sjNGQvAzGwD9PPyF-rynDM_aZKy/pub?start=false&loop=false&delayms=3000&slide=id.p
19,0,0,0,1,0,1,0,0,0.0,0,0,7,0,0,0,0,3.826874881864638,0,0,https://firefox.com
22,0,0,0,1,0,1,0,0,0.0,0,0,4,0,7,0,0,4.0614821867207755,0,1,https://qrco.de/bgaIZp
22,0,0,0,2,1,1,0,0,0.0,0,0,6,0,0,0,0,3.7544418457133455,0,0,https://www.deezer.com
87,0,0,0,4,1,1,0,0,0.2988505747126437,0,1,5,0,17,1,0,4.8908105942434705,0,1,https://atualizarbrad.dynv6.net/mobile/index.php?hash=14297528216a63fb232afdb1.58546500
30,0,0,1,1,0,0,0,0,0.0,0,0,15,0,0,0,0,3.923231428797621,0,1,http://ledger-recovery.support
39,0,0,0,2,1,1,0,0,0.02564102564102564,0,0,9,0,6,0,0,4.233618885307021,0,1,https://exadus-web3.wixstudio.com/us-en
30,0,0,0,2,1,1,0,0,0.0,0,0,6,0,4,0,0,4.031401845392172,0,0,https://support.chinaz.com/faq
37,0,0,0,2,1,1,0,0,0.02702702702702703,0,0,5,0,15,0,0,4.283381405994074,0,0,https://docs.9nung.com/privacy-policy
29,0,0,0,2,1,1,0,0,0.0,0,0,9,0,5,0,0,3.9262723741395074,0,0,https://www.netangels.ru/home
23,0,0,0,1,0,1,0,0,0.043478260869565216,0,0,6,0,5,0,0,3.762267390651494,0,0,https://haber7.com/home
29,0,0,1,1,0,1,0,0,0.06896551724137931,0,0,9,0,8,0,0,3.8278326164749092,0,0,https://awsdns-47.net/contact
45,0,0,0,2,1,1,0,0,0.0,0,0,6,0,20,0,0,3.973215397937733,0,0,https://support.google.ge/category/news/today
31,0,0,2,1,0,1,0,0,0.0,0,0,19,0,0,0,0,3.925992988421481,0,1,https://sante-vitalite-aide.com
26,0,0,0,2,1,1,0,0,0.0,0,0,7,0,0,0,0,3.4885252948977485,0,0,https://support.cosmose.co
39,0,0,0,2,1,1,0,0,0.0,0,0,9,0,5,0,0,4.2849009365890725,0,1,https://liveapp-legr.wixstudio.com/view
42,0,0,0,2,1,1,0,0,0.0,0,0,7,0,20,0,0,3.966738780375731,0,0,https://en.hsforms.com/conditions/diabetes
81,0,0,0,5,3,1,0,0,0.06172839506172839,0,0,11,0,13,0,0,4.4400034417825,0,1,https://suaschanceaindamaioraproveite.s3.us-east-005.backblazeb2.com/aumento.html
41,0,0,0,3,1,1,0,0,0.12195121951219512,0,0,3,0,20,0,0,4.33622754166864,0,0,https://www.jal.co.jp/products/item/10293
31,0,0,0,2,1,1,0,0,0.0,0,0,14,0,0,0,0,4.026619294188054,0,0,https://blog.bigbadtoystore.com
21,0,0,1,1,0,1,0,0,0.0,0,0,3,0,7,0,0,3.939470994001287,0,1,https://q-r.to/bfWTmR
38,0,0,1,2,1,1,0,0,0.0,0,0,8,0,15,0,0,4.201231789474708,0,0,https://www.t-online.de/privacy-policy
39,0,0,0,2,1,1,0,0,0.0,0,0,6,0,8,0,0,4.021704462063678,0,1,https://farmrio-site.vercel.app/colecao
150,0,0,0,3,1,1,0,0,0.2866666666666667,0,2,10,0,56,1,0,4.979415691544079,0,1,https://websbc-caird.nicholaiso.com/memx/force_goriyo/onlinecasino.jsp/dk=hp_008_0021756_hd?_eat=valid_20260630041601_be1c1793d10871fbfeeeb4d0b4501567
27,0,0,0,2,1,1,0,0,0.0,0,0,11,0,0,0,0,3.81008102052173,0,0,https://www.raspberrypi.org
31,0,0,0,2,1,1,0,0,0.0,0,0,2,0,13,0,0,3.873235826376329,0,0,https://www.go.com/r/technology
40,0,0,0,2,1,1,0,0,0.0,0,0,6,0,1,0,0,3.9653115322251025,0,1,https://everwlserecoverydesk.weebly.com/
30,0,0,0,1,0,1,0,0,0.0,0,0,2,0,16,0,0,4.173557262275185,0,0,https://qz.com/in/profile-name
26,0,0,1,1,0,1,0,0,0.11538461538461539,0,0,8,0,7,0,0,4.132944044980959,0,1,https://qr-codes.io/I3l3d1
50,0,0,0,1,0,1,0,0,0.12,0,0,8,0,30,0,0,4.351272380112911,0,0,https://heytapdl.com/article/2026/05/global-update
29,0,0,0,2,1,1,0,0,0.0,0,0,8,0,5,0,0,3.6335059949783672,0,0,https://www.scotsman.com/news
25,0,0,0,1,0,1,0,0,0.0,0,0,7,0,6,0,0,3.6692750707107136,0,0,https://chtrptr.net/login
23,0,0,0,2,1,1,0,0,0.0,0,0,3,0,7,0,0,3.8492239123906247,0,1,https://l.ead.me/bgbbrX
29,0,0,0,2,1,1,0,0,0.0,0,0,13,0,0,0,0,3.741962789037907,0,0,https://docs.telecomitalia.it
26,0,0,0,2,1,1,0,0,0.0,0,0,6,0,1,0,0,3.997952698660692,0,1,https://xfinty.vercel.app/
175,0,0,0,2,1,1,0,0,0.07428571428571429,0,5,6,0,108,3,0,5.544257075665317,0,1,https://docs.google.com/presentation/d/e/2PACX-1vSddsV9UsKxj9NlAPC7MLrIACZCuNABTpG3IBvX5gEQjAUvfSN4mdj-YCPNXPVvBHQCFaiPma0BLkST/pub?start=false&amp;loop=false&amp;delayms=3000
23,0,0,0,2,1,1,0,0,0.0,0,0,8,0,0,0,0,3.8492239123906247,0,0,https://en.netkeiba.com
42,0,0,0,2,1,1,0,0,0.0,0,0,5,0,20,0,0,4.041625614369223,0,0,https://docs.ikiru.wtf/conditions/diabetes
45,0,0,0,2,1,1,0,0,0.1111111111111111,0,0,6,0,20,0,0,4.075217408288466,0,0,https://support.pochta.ru/products/item/10293
40,0,0,0,2,1,1,0,0,0.0,0,0,3,0,20,0,0,4.162814895472356,0,0,https://blog.ihg.com/category/news/today
22,0,0,0,1,0,1,0,0,0.045454545454545456,0,0,4,0,7,0,0,4.152391277629866,0,1,https://qrco.de/bfFaO6
87,0,0,0,3,2,1,0,0,0.11494252873563218,0,0,9,0,0,0,0,4.70864425594503,0,1,https://bafkreienha3wzkpk4fhy7g667m5kb3zygitwmahouwok2jsooaztk6szzy.ipfs.inbrowser.link
183,0,0,0,2,1,1,0,0,0.4972677595628415,0,1,12,0,80,1,0,4.637332089687308,0,1,https://qbd.soundestlink.com/ce/c/69a52219ffb4156fd1d2588c/6a3141d3b6dc9750e78338b3/6a3141ee0a08ef50f575261b?signature=3d0c131fe1d269e00860ad122211af192a552badd5e46425bb10c552c492d0c8
43,0,0,0,2,1,1,0,0,0.046511627906976744,0,1,8,0,6,1,0,4.5012778358458805,0,0,https://en.hentaila.com/watch?v=dQw4w9WgXcQ
22,0,0,0,2,1,1,0,0,0.0,0,0,7,0,0,0,0,3.5160276412662306,0,1,https://www.crbnicr.cc
19,0,0,0,1,0,1,0,0,0.0,0,0,4,0,4,0,0,3.6421498816369042,0,0,https://welt.de/faq
43,0,0,0,2,1,1,0,0,0.0,0,0,9,0,6,0,0,4.041944116671157,0,1,https://started-ssoapps.wixstudio.com/us-en
40,0,0,0,2,1,1,0,0,0.0,0,0,5,0,16,0,0,4.146439344671016,0,0,https://support.banki.ru/in/profile-name
29,0,0,0,2,1,1,0,0,0.0,0,0,12,0,0,0,0,3.8833374604210062,0,0,https://docs.webofscience.com
24,0,0,0,2,1,1,0,0,0.0,0,0,7,0,1,0,0,3.6572682296173893,0,1,https://www.remonth.com/
31,0,0,0,2,1,1,0,0,0.0,0,0,10,0,5,0,0,3.7600172778496534,0,0,https://docs.flashscore.co/help
56,0,0,0,2,1,1,0,0,0.0,0,1,8,0,7,1,0,4.19819181601377,0,0,https://www.onetrust.com/search?q=cybersecurity+research
29,0,0,0,2,1,1,0,0,0.0,0,0,12,0,0,0,0,3.9783335811852636,0,0,https://docs.libramemoria.com
23,0,0,0,2,1,1,0,0,0.0,0,0,3,0,7,0,0,3.9690016298759927,0,1,https://l.ead.me/bfMipv
27,0,0,0,1,0,1,0,0,0.0,0,0,11,0,5,0,0,3.8282375018429544,0,0,https://leroymerlin.fr/help
28,0,0,0,1,0,1,0,0,0.0,0,0,11,0,5,0,0,3.8693312611115185,0,0,https://fdownloader.net/help
50,0,0,0,1,0,1,0,0,0.12,0,0,6,0,30,0,0,4.328367439558377,0,0,https://manual.canon/article/2026/05/global-update
42,0,0,0,2,1,1,0,0,0.0,0,0,9,0,13,0,0,4.109595923232874,0,0,https://support.brookings.edu/r/technology
34,0,0,0,1,0,1,0,0,0.0,0,0,9,0,13,0,0,4.057476076289931,0,0,https://pimpbunny.com/r/technology
40,0,0,0,2,1,1,0,0,0.125,0,0,4,0,20,0,0,4.393942707918269,0,0,https://www.nfpa.org/products/item/10293
35,0,0,0,2,1,1,0,0,0.0,0,0,11,0,4,0,0,3.9788640881880974,0,0,https://support.fontawesome.com/faq
48,0,0,0,1,0,1,0,0,0.125,0,0,6,0,30,0,0,4.39154140665565,0,0,https://office.com/article/2026/05/global-update
37,0,0,0,2,1,1,0,0,0.0,0,0,8,0,13,0,0,3.9563580149100237,0,0,https://docs.intercom.io/r/technology
49,0,0,0,2,1,1,0,0,0.0,0,0,13,0,20,0,0,4.020037079065869,0,0,https://www.escortbabylon.net/category/news/today
39,0,0,0,2,1,1,0,0,0.0,0,0,11,0,1,0,0,3.9678617577018853,0,1,https://maradomessiano.firebaseapp.com/
35,0,0,1,2,1,1,0,0,0.11428571428571428,0,0,13,0,1,0,0,4.307714802597438,0,1,https://013-psd2.my-granitnyrt.com/
29,0,0,0,2,1,1,0,0,0.0,0,0,7,0,6,0,0,3.9262723741395074,0,0,https://www.mobizil.com/about
88,0,0,1,2,1,0,0,0,0.32954545454545453,0,1,18,0,6,1,0,4.756163761259206,0,1,http://allegrolokalnie.pl-oferta647921638.shop/offer?id=f78dc173af044c5d9fd12a4e310323e3
39,0,0,0,2,1,1,0,0,0.0,0,0,7,0,16,0,0,4.150410872541982,0,0,https://blog.mailchi.mp/in/profile-name
39,0,0,0,2,1,1,0,0,0.0,0,0,6,0,13,0,0,4.047846769977879,0,0,https://support.nbcuni.com/r/technology
33,0,0,0,1,0,1,0,0,0.0,0,0,6,0,15,0,0,4.12728313431329,0,0,https://omtrdc.net/privacy-policy
54,0,0,0,1,0,1,0,0,0.0,0,0,18,0,24,0,0,4.2330206601748745,0,0,https://snowflakecomputing.com/docs/forms/d/e/viewform
34,0,0,0,1,0,1,0,0,0.08823529411764706,0,0,9,0,14,0,0,4.314972767530033,0,0,https://livesport.cz/dp/B08N5WRWNW
49,0,0,0,2,1,1,0,0,0.12244897959183673,0,0,9,0,21,0,0,4.256968517319682,0,0,https://support.tmn141246.ru/terms-and-conditions
34,0,0,0,1,0,1,0,0,0.0,0,0,6,0,16,0,0,3.984234164652488,0,0,https://fastly.net/in/profile-name
39,0,0,0,1,0,1,0,0,0.1282051282051282,0,0,8,0,20,0,0,4.179776180945229,0,0,https://musicdel.ir/products/item/10293
48,0,0,0,2,1,1,0,0,0.125,0,0,2,0,30,0,0,4.39967389677155,0,0,https://www.jp.net/article/2026/05/global-update
21,0,0,1,1,0,1,0,0,0.047619047619047616,0,0,3,0,7,0,0,3.939470994001287,0,1,https://q-r.to/bfcX1i
23,0,0,0,2,1,1,0,0,0.0,0,0,3,0,7,0,0,4.0559581516151235,0,1,https://l.ead.me/bfNogB
59,0,0,0,2,1,1,0,0,0.1016949152542373,0,0,13,0,30,0,0,4.466560421876508,0,0,https://www.hostingersite.com/article/2026/05/global-update
98,0,0,0,2,1,1,0,0,0.17346938775510204,0,0,8,0,62,0,0,4.769546452467471,0,1,https://allegrolokalnie.435gkrfk.sbs/oferta/Tokarka-frezarka-wiertarka-3w1-Gude-Ho-400-B/783416429
29,0,0,0,1,0,1,0,0,0.10344827586206896,0,0,4,0,14,0,0,4.142295219190901,0,0,https://saby.ru/dp/B08N5WRWNW
24,0,0,0,2,1,1,0,0,0.0,0,0,8,0,0,0,0,3.6572682296173893,0,0,https://www.bustybus.com
76,0,0,1,2,1,1,0,0,0.34210526315789475,0,3,16,0,1,2,0,4.783450869415325,0,1,https://us11.campaign-archive.com/?u=12b47ba2c6054c54d6731723a&id=3d492a5a1c
32,0,0,0,1,0,1,0,0,0.0,0,0,12,0,8,0,0,3.8042292966721747,0,1,https://netrenuevaes.com/captcha
43,0,0,0,1,0,1,0,0,0.0,0,0,11,0,20,0,0,3.996405604577353,0,0,https://gotoresolve.com/category/news/today
31,0,0,0,2,1,1,0,0,0.0,0,0,7,0,4,0,0,4.082597923010944,0,0,https://support.wshifen.com/faq
42,0,0,0,2,1,1,0,0,0.35714285714285715,0,0,7,0,20,0,0,4.3383968869099405,0,1,https://eu.jotform.com/app/252286290766365
30,0,0,0,2,1,1,0,0,0.0,0,0,7,0,1,0,0,3.9810760119146074,0,1,https://claim-gli.netlify.app/
32,0,0,0,1,0,1,0,0,0.0,0,0,5,0,16,0,0,4.140319531114783,0,0,https://stbid.ru/in/profile-name
23,0,0,0,2,1,1,0,0,0.0,0,0,3,0,1,0,0,3.642489673166126,0,1,https://cterri.web.app/
45,0,0,1,2,1,0,0,0,0.15555555555555556,0,0,16,0,1,0,0,4.232496774928406,0,1,http://allegro-lokalnie.pl-oferta4582753.lol/
22,0,0,0,1,0,1,0,0,0.0,0,0,4,0,7,0,0,4.0614821867207755,0,1,https://qrco.de/bfOeQG
23,0,0,0,2,1,1,0,0,0.0,0,0,3,0,7,0,0,3.9690016298759927,0,1,https://l.ead.me/bgbQWA
31,0,0,0,3,1,1,0,0,0.0,0,0,5,0,8,0,0,3.784368487596862,0,0,https://en.beian.gov.cn/contact
44,0,0,0,2,1,1,0,0,0.0,0,0,8,0,20,0,0,4.05319745997986,0,0,https://www.colorlib.com/conditions/diabetes
44,0,0,1,2,1,1,0,0,0.0,0,0,7,0,20,0,0,4.152978358288115,0,0,https://docs.dropz-k.com/category/news/today
45,0,0,2,1,0,1,0,0,0.0,0,0,19,0,14,0,0,4.038873585546249,0,1,https://contrat-video-prime.com/vos-commandes
22,0,0,0,1,0,1,0,0,0.0,0,0,4,0,7,0,0,3.8796640049025943,0,1,https://qrco.de/bgabca
35,0,0,0,2,1,1,0,0,0.0,0,0,7,0,8,0,0,3.9532470324098186,0,0,https://support.myfritz.net/contact
22,0,0,0,1,0,1,0,1,0.045454545454545456,0,0,3,0,8,0,0,4.027169118440618,0,1,https://bit.ly/4eBfPGQ
40,0,0,0,2,1,1,0,0,0.0,0,0,5,0,1,0,0,3.961768795973195,0,1,https://metasupports-business.pages.dev/
41,0,0,0,2,1,0,1,0,0.14634146341463414,0,0,12,0,1,0,0,4.338663284842051,0,1,http://allegro-lokalnie.prwayn328129.top/
43,0,0,0,1,0,1,0,0,0.046511627906976744,0,1,9,0,6,1,0,4.454766207938904,0,0,https://doppiocdn.media/watch?v=dQw4w9WgXcQ
44,0,0,0,2,1,1,0,0,0.0,0,0,6,0,20,0,0,4.144106550888951,0,1,https://sites.google.com/view/bsgrjhfnf/home
22,0,0,0,2,1,1,0,0,0.13636363636363635,0,0,6,0,0,0,0,3.788754913993503,0,0,https://www.hga050.com
118,0,0,1,3,2,1,0,0,0.2288135593220339,0,5,11,0,12,3,0,4.977591589814759,0,1,https://hudhousinglist.us14.list-manage.com/track/click?u=ac063a857d16abead4961ec9c&amp;id=2a873a34bb&amp;e=b98c52fb32
27,0,0,0,1,0,1,0,0,0.0,0,0,10,0,5,0,0,3.7541634277688805,0,0,https://felenasoft.com/home
175,0,0,0,2,1,1,0,0,0.09142857142857143,0,5,6,0,108,3,0,5.5048470069143836,0,1,https://docs.google.com/presentation/d/e/2PACX-1vTrSLtTgK_uPDxv0i6UXCewgARc5lQy8cwacJ-_yI01RtoLnIY6g6AIHSaVg_tWRbfKU6uDWmBDcfa3/pub?start=false&amp;loop=false&amp;delayms=3000
131,0,0,0,2,1,1,0,0,0.1297709923664122,0,0,6,0,108,0,0,5.588580303849016,0,1,https://docs.google.com/presentation/d/e/2PACX-1vQ2W08Z0FH8ifmIYvhQ43uBO-UsdgY-YUTiWx-24k5gaJT_HRm_6LReKy-BGdBl_Y3fAk3Km7PP1oLg/pub
52,0,0,0,2,1,1,0,0,0.057692307692307696,0,0,6,0,25,0,0,4.640450958934097,0,1,https://btserver.plutio.com/p/form/L3Smpo4MNkSXJqB9f
31,0,0,0,2,1,1,0,0,0.0,0,0,7,0,8,0,0,3.9535656649464275,0,0,https://blog.tiktokw.eu/contact
130,0,0,0,3,1,1,0,0,0.14615384615384616,0,3,7,0,70,2,0,5.516775962825685,0,1,https://www.dropbox.com/scl/fi/56ko51u1oe9x45ynkfpx8/2024-BTINTERNET-VERIFICATION-BELOW.paper?rlkey=ujt8fvma0x1mnp8habqbnca2h&dl=0
21,0,0,0,1,0,1,0,0,0.0,0,0,4,0,6,0,0,3.880179922675738,0,1,https://qrco.de/bgbsU
42,0,0,0,1,0,1,1,0,0.0,0,0,5,0,24,0,0,3.9477689831821623,0,0,https://fojik.site/docs/forms/d/e/viewform
30,0,0,0,2,1,1,0,0,0.0,0,0,9,0,6,0,0,3.7614063297218427,0,0,https://en.episerver.net/about
48,0,0,0,2,1,1,0,0,0.0625,0,0,3,0,15,0,0,4.496115365169272,0,1,https://amendes-antai-gouv.mpc.am/tai/dV2Ly3za0J
30,0,0,0,1,0,1,0,0,0.0,0,0,12,0,6,0,0,3.7647351787255054,0,0,https://choicehotels.com/about
27,0,0,0,3,1,1,0,0,0.0,0,0,2,0,8,0,0,3.7080481500712312,0,0,https://en.ed.ac.uk/contact
33,0,0,2,1,0,1,0,0,0.0,0,0,20,0,1,0,0,4.104407755459851,0,1,https://websecure-clients-fr.com/
39,0,0,0,2,1,1,0,0,0.0,0,0,20,0,4,0,0,4.131054782742918,0,0,https://en.questionablequesting.com/faq
51,0,0,0,2,1,1,0,0,0.058823529411764705,0,0,5,0,1,0,0,4.436747890821419,0,1,https://sp11ct-bravik-biz8-lorpex-vansel.pages.dev/
28,0,0,1,1,0,1,0,0,0.21428571428571427,0,0,10,0,6,0,0,4.280394654123195,0,1,https://brd-652645.com/suivi
49,0,0,0,1,0,1,0,0,0.0,0,0,14,0,24,0,0,4.157037967273972,0,0,https://privacymanager.io/docs/forms/d/e/viewform
21,0,0,0,1,0,1,0,0,0.0,0,0,4,0,5,0,0,3.6537567082870015,0,0,https://ecer.com/news
22,0,0,0,1,0,1,0,0,0.0,0,0,4,0,7,0,0,4.152391277629866,0,1,https://qrco.de/bgZXSk
50,0,0,0,2,1,1,0,0,0.0,0,1,3,0,7,1,0,4.1688840705376355,0,0,https://www.nic.de/search?q=cybersecurity+research
51,0,0,0,1,0,1,0,0,0.0,0,1,7,0,7,1,0,4.2263742446802315,0,0,https://xxxbule.com/search?q=cybersecurity+research
41,0,0,0,2,1,1,0,0,0.14634146341463414,0,0,6,0,1,0,0,4.210733711724087,0,1,https://lavender-teams-575626.framer.app/
23,0,0,0,2,1,1,0,0,0.043478260869565216,0,0,3,0,7,0,0,3.8492239123906247,0,1,https://l.ead.me/bfHe0H
22,0,0,0,1,0,1,0,0,0.13636363636363635,0,0,5,0,5,0,0,3.5383105956150063,0,0,https://cv666.net/help
35,0,0,0,2,1,1,0,0,0.0,0,0,7,0,1,0,0,4.264578373902383,0,1,https://auth-ndax-login.webflow.io/
40,0,0,0,2,1,1,0,0,0.0,0,0,11,0,1,0,0,4.177567157116929,0,1,https://yasdroumenhouna.firebaseapp.com/
65,0,0,0,3,0,1,0,0,0.046153846153846156,0,1,10,0,25,1,0,4.612387190078539,0,1,https://healthhigh.co.uk/wp-admin/contributes.php?userid=2m87Sngm
32,0,0,0,1,0,1,0,0,0.0,0,0,8,0,13,0,0,4.101409765557392,0,0,https://muzofond.fm/r/technology
41,0,0,0,2,1,1,0,0,0.0,0,0,11,0,1,0,0,4.173909931130747,0,1,https://bhdverificadatos.webcindario.com/
31,0,0,0,2,1,1,0,0,0.0,0,0,10,0,5,0,0,3.845663149851382,0,0,https://www.arcticwolf.net/news
53,0,0,0,1,0,1,0,0,0.11320754716981132,0,0,12,0,30,0,0,4.447273228507969,0,0,https://playnewgames.ru/article/2026/05/global-update
48,0,0,0,2,1,1,0,0,0.0,0,0,9,0,6,0,0,4.365601562950722,0,1,https://portal-ledzerlivecdn.wixstudio.com/us-en
25,0,0,0,2,1,1,0,0,0.0,0,0,7,0,1,0,0,3.943465189601647,0,1,https://id.govfcvq.autos/
34,0,0,1,2,1,1,0,0,0.058823529411764705,0,0,9,0,5,0,0,3.9146892241642446,0,0,https://support.awsdns-53.net/news
175,0,0,0,2,1,1,0,0,0.09714285714285714,0,5,6,0,108,3,0,5.562892075258689,0,1,https://docs.google.com/presentation/d/e/2PACX-1vTYo4Hr7CmvEKerFmjB8B31N1wPmwRXfkcgAmz-4nuirttsUWWYljF3qlwXRHBAmJWhLP1Q5t2GkHLE/pub?start=false&amp;loop=false&amp;delayms=3000
30,0,0,0,2,1,1,0,0,0.0,0,0,11,0,1,0,0,4.056564762130955,0,1,https://ebisa.webcindario.com/
30,0,0,0,2,1,1,0,0,0.0,0,0,8,0,6,0,0,3.9810760119146074,0,0,https://www.jiosaavn.com/about
38,0,0,0,3,1,1,0,0,0.15789473684210525,0,0,8,0,11,0,0,4.240962710641206,0,1,https://www.ticket2u.com.my/form/34394
37,0,0,0,2,1,1,0,0,0.0,0,0,11,0,1,0,0,4.046762824854521,0,1,https://chuyestadare.firebaseapp.com/
39,0,0,0,2,1,1,0,0,0.0,0,0,7,0,16,0,0,4.150410872541982,0,0,https://www.zaloapp.com/in/profile-name
30,0,0,0,2,1,1,0,0,0.0,0,0,10,0,4,0,0,4.0980685120588385,0,0,https://www.dictionary.com/faq
30,0,0,0,2,1,1,0,0,0.03333333333333333,0,0,6,0,1,0,0,4.231401845392172,0,1,https://idusal1ser.weebly.com/
53,0,0,0,2,1,1,0,0,0.0,0,0,7,0,1,0,0,4.208986615619465,0,1,https://aktivasi-pemulihann-bimaa-mobile.edgeone.dev/
46,0,0,0,1,0,1,0,0,0.0,0,0,12,1,20,0,0,4.151400749996932,0,0,https://safebrowsing.apple/category/news/today
23,0,0,0,3,1,1,0,0,0.0,0,0,4,0,0,0,0,3.5555331514269954,0,0,https://blog.dopa.go.th
79,0,0,0,3,1,1,0,0,0.31645569620253167,0,0,2,0,28,0,0,4.811206026680458,0,1,"https://pub-271f8cf435184b4aaad9058343044657.r2.dev/agdjfsdafjmaksk,hjss,h.html"
49,0,0,0,2,0,1,0,0,0.04081632653061224,0,0,6,0,31,0,0,4.167896517797227,0,1,https://nnfems.com/Webmail/57/Webmail/webmail.php
29,0,0,0,2,1,1,0,0,0.0,0,0,7,0,6,0,0,3.784897702756408,0,0,https://www.gstatic.com/about
32,0,0,0,2,1,1,0,0,0.0,0,0,12,0,4,0,0,4.054229296672175,0,0,https://www.radwarecloud.net/faq
31,0,0,0,1,0,1,0,0,0.3548387096774194,0,0,4,0,16,0,0,4.300497519854926,0,1,https://qrco.de/bfjY86326828364
36,0,0,0,2,1,1,0,0,0.0,0,0,5,0,16,0,0,4.218128820706467,0,0,https://en.kugou.com/in/profile-name
21,0,0,1,1,0,1,0,0,0.0,0,0,3,0,7,0,0,3.939470994001287,0,1,https://q-r.to/bfJYHZ
81,0,0,0,3,2,0,0,0,0.13580246913580246,0,0,4,0,0,0,0,4.856971806113579,0,1,http://bafkreie4pdizjo3n36fx25nbqcvazgntc3ib5zxygqe6ewmxz2tw5wognm.ipfs.dweb.link
29,0,0,0,2,1,1,0,0,0.0,0,0,7,0,5,0,0,3.9783335811852636,0,0,https://docs.medrxiv.org/home
21,0,0,1,1,0,1,0,0,0.047619047619047616,0,0,3,0,7,0,0,3.939470994001287,0,1,https://q-r.to/bfKau6
56,0,0,0,1,0,1,1,0,0.0,0,1,11,0,7,1,0,4.309599511683904,0,0,https://pmbmonetize.live/search?q=cybersecurity+research
39,0,0,0,2,1,1,0,0,0.05128205128205128,0,1,3,0,6,1,0,4.50938523151634,0,0,https://blog.bfv.de/watch?v=dQw4w9WgXcQ
42,0,0,0,2,1,1,0,0,0.0,0,0,6,0,21,0,0,3.969731566544131,0,0,https://en.adhigh.net/terms-and-conditions
21,0,0,1,1,0,1,0,0,0.047619047619047616,0,0,3,0,7,0,0,3.7849418274376427,0,1,https://q-r.to/bfLm7t
21,0,0,1,1,0,1,0,0,0.0,0,0,3,0,7,0,0,3.939470994001287,0,1,https://q-r.to/bfcCIO
31,0,0,0,2,1,1,0,0,0.0,0,0,9,0,5,0,0,4.082597923010944,0,0,https://blog.indiewire.com/home
31,0,0,2,2,1,1,0,0,0.0,0,0,15,0,0,0,0,3.925992988421481,0,0,https://www.satta-king-fast.com
46,0,0,0,1,0,1,0,0,0.0,0,1,3,0,7,1,0,4.067176772150687,0,0,https://com.be/search?q=cybersecurity+research
36,0,0,0,1,0,1,0,0,0.0,0,0,10,0,15,0,0,4.120635070586275,0,0,https://yellowblue.io/privacy-policy
20,0,0,0,1,0,1,0,0,0.05,0,0,4,0,5,0,0,3.6464393446710157,0,1,https://urlz.fr/t1lP
48,0,0,0,2,0,0,0,0,0.16666666666666666,0,0,8,0,30,0,0,4.41070150120865,0,1,http://radiorsj.be/baj/722dc8e994e7ebb/login.php
31,0,0,0,2,1,1,0,0,0.0,0,0,16,0,0,0,0,3.913400745661378,0,0,https://en.elasticbeanstalk.com
18,0,0,0,1,0,1,0,0,0.0,0,0,1,0,6,0,0,3.530493056757482,0,1,https://t.ly/VpkJA
35,0,0,0,2,1,1,0,0,0.0,0,0,8,0,13,0,0,4.136286231168867,0,0,https://en.wbbasket.ru/r/technology
27,0,0,0,2,1,1,0,0,0.0,0,0,6,0,5,0,0,3.856196298219379,0,0,https://www.vinted.com/home
51,0,0,0,2,1,1,0,0,0.0,0,1,4,0,7,1,0,4.24313410688167,0,0,https://en.wurl.com/search?q=cybersecurity+research
54,0,0,0,2,0,1,0,0,0.07407407407407407,0,0,4,0,1,0,1,4.335053530625374,0,1,https://href.li/?https://glinzikkpo.online/CS2330/neww
39,0,0,0,2,1,1,0,0,0.0,0,0,11,0,13,0,0,4.201692923824033,0,0,https://en.axismaxlife.com/r/technology
34,0,0,0,2,1,1,0,0,0.0,0,0,7,0,1,0,0,4.057476076289931,0,1,https://business-meta.iwenyan.com/
17,0,0,0,1,0,1,0,0,0.0,0,0,5,0,0,0,0,3.381580488309163,0,0,https://xnxtt.com
31,0,0,0,1,0,1,0,0,0.0,0,0,7,0,13,0,0,3.768554778059021,0,1,https://nhsdtqy.cn/docomotiaos/
89,0,0,0,2,1,1,0,0,0.056179775280898875,0,0,5,0,58,0,0,4.439884662898099,0,1,https://bi-lian-zi-xun.ghost.io/articles/2026-ledger-hardware-wallet-tutorial-5-mistakes/
33,0,0,0,2,1,1,0,0,0.0,0,0,7,0,4,0,0,4.051821770808045,0,1,https://srtladecom.gitbook.io/us/
40,0,0,0,2,1,1,0,0,0.0,0,0,6,0,6,0,0,3.7873261452560087,0,1,https://en-ledgestarted.zapier.app/start
34,0,0,0,2,1,1,0,0,0.0,0,0,6,0,1,0,0,4.160704752887782,0,1,https://filepdfviewnow.weebly.com/
54,0,0,0,2,1,1,0,0,0.12962962962962962,0,0,8,0,30,0,0,4.528242484431478,0,0,https://www.jaya9bdt.com/article/2026/05/global-update
40,0,0,0,3,2,1,0,0,0.0,0,0,10,0,11,0,0,4.084829508503262,0,1,https://xtw.zut.mybluehost.me/spn/aruba/
17,0,0,0,1,0,0,0,0,0.0,0,0,6,0,0,0,0,3.7345216647797512,0,1,http://kalxio.com
32,0,0,0,1,0,1,0,0,0.09375,0,0,7,0,14,0,0,4.140319531114783,0,0,https://devline.tv/dp/B08N5WRWNW
39,0,0,0,2,1,1,0,0,0.07692307692307693,0,0,6,0,0,0,0,4.548097411114467,0,1,https://rkp5xaxocj7qq7pmvdby.weebly.com
38,0,0,0,2,1,1,0,0,0.0,0,0,7,0,15,0,0,4.168465671110589,0,0,https://www.decolar.com/privacy-policy
35,0,0,0,1,0,1,0,0,0.05714285714285714,0,1,4,0,6,1,0,4.493149802473812,0,0,https://ufmg.br/watch?v=dQw4w9WgXcQ
33,0,0,0,1,0,1,0,0,0.0,0,0,10,0,11,0,0,3.7903311501083277,0,1,https://localdnsin.com/php/helso/
47,0,0,0,2,1,1,0,0,0.0,0,0,6,0,23,0,0,4.009836533930238,0,1,https://sites.google.com/view/webloginmail/home
54,0,0,0,3,1,1,0,0,0.1111111111111111,0,0,6,0,30,0,0,4.5088835666978335,0,0,https://en.mofcom.gov.cn/article/2026/05/global-update
30,0,0,0,3,1,1,0,0,0.06666666666666667,0,0,6,0,5,0,0,4.164735178725505,0,0,https://blog.cafe24.co.kr/home
32,0,0,0,2,1,1,0,0,0.0,0,0,7,0,6,0,0,3.8789280318460246,0,0,https://support.pudelek.pl/login
56,0,0,0,1,0,1,0,0,0.0,0,1,10,0,7,1,0,4.332294941091036,0,0,https://movieswood.cloud/search?q=cybersecurity+research
64,0,0,0,3,1,1,0,0,0.0,0,1,12,0,7,1,0,4.456747562960808,0,0,https://docs.punjabpolice.gov.pk/search?q=cybersecurity+research
21,0,0,1,1,0,1,0,0,0.047619047619047616,0,0,3,0,7,0,0,3.939470994001287,0,1,https://q-r.to/bfgL5m
42,0,0,0,2,1,1,0,0,0.07142857142857142,0,0,12,0,14,0,0,4.290777839290893,0,0,https://www.northeastern.edu/dp/B08N5WRWNW
23,0,0,0,2,1,1,0,0,0.0,0,0,3,0,7,0,0,3.8820451081368623,0,1,https://l.ead.me/bguslq
83,0,0,0,3,2,1,0,0,0.0963855421686747,0,0,4,0,1,0,0,4.80391138322755,0,1,https://bafkreibpokexslgkidnpvfhmvyg5qmwxlx3rnbh2fh7j52i2yyrso3qtay.ipfs.dweb.link/
83,0,0,0,3,2,1,0,0,0.07228915662650602,0,0,4,0,1,0,0,4.6382324684743805,0,1,https://bafkreifiknbcxntdi72so3xklgeefkw3imt3aspzh4heeyusbhisvfezeu.ipfs.dweb.link/
27,0,0,0,2,1,1,0,0,0.2222222222222222,0,0,6,0,1,0,0,4.134336113194451,0,1,https://1827h12.weebly.com/
23,0,0,0,2,1,1,0,0,0.0,0,0,7,0,0,0,0,3.8820451081368623,0,0,https://www.qihucdn.com
67,0,0,0,3,1,1,0,0,0.014925373134328358,0,0,8,0,21,0,0,4.210914752121989,0,1,https://informationenkontaktdkb1.sviluppo.host/de/content/login.php
167,0,0,0,2,1,1,0,0,0.1497005988023952,0,5,6,0,108,3,0,5.524227590173497,0,1,https://docs.google.com/presentation/d/e/2PACX-1vTXI7u4-0Sy1jsaXFHHfEvHgJ7W2WFoF4kF84mIMc6Jz4KubltwzEuIm88sNdRCjrU7z27lmLk0W1g4/pub?start=false&loop=false&delayms=3000
22,0,0,0,2,1,1,0,0,0.0,0,0,3,0,4,0,0,3.970573095811685,0,0,https://en.vox.com/faq
25,0,0,0,1,0,1,0,0,0.0,0,0,9,0,4,0,0,3.80307418942857,0,1,https://canfiscal.com/tax
33,0,0,0,2,1,1,0,0,0.0,0,0,11,0,6,0,0,3.98319563424773,0,0,https://www.sciencenews.org/about
21,0,0,0,1,0,1,0,0,0.0,0,0,7,0,2,0,0,3.8442328987631917,0,1,https://carytek.com/i
38,0,0,2,1,0,1,0,0,0.0,0,0,13,0,13,0,0,4.165837632423487,0,0,https://aws-thinq-prd.net/r/technology
22,0,0,0,1,0,1,0,0,0.0,0,0,4,0,7,0,0,4.152391277629866,0,1,https://qrco.de/bfFjQG
49,0,0,0,2,1,1,0,0,0.3673469387755102,0,0,6,0,25,0,0,4.369940079631719,0,1,https://sites.google.com/view/398347867532863423/
175,0,0,0,2,1,1,0,0,0.09142857142857143,0,5,6,0,108,3,0,5.532017792641032,0,1,https://docs.google.com/presentation/d/e/2PACX-1vQfzEE-JABzOMTKTt8o0ejYeFv2m4QjGzYoTlKa2VvXC8DY4jbAtTBRaYqnW3g72uQESEcOzRa_ijQE/pub?start=false&amp;loop=false&amp;delayms=3000
27,0,0,0,2,1,1,0,0,0.0,0,0,6,0,5,0,0,3.7639657428240807,0,0,https://www.ffmpeg.org/news
25,0,0,0,2,1,1,0,0,0.0,0,0,9,0,0,0,0,4.023465189601647,0,0,https://www.mintegral.com
35,0,0,0,2,1,1,0,0,0.0,0,0,12,0,6,0,0,4.107156230921614,0,0,https://docs.khaleejtimes.com/login
39,0,0,0,1,0,1,0,0,0.2564102564102564,0,0,9,0,18,0,0,4.09656816818019,0,1,https://wheregoes.com/trace/2026272011/
44,0,0,0,2,1,1,0,0,0.0,0,0,8,0,21,0,0,4.265583322887734,0,1,https://www.genspark.ai/api/files/s/lHxVEIMg
46,0,0,1,2,1,1,0,0,0.043478260869565216,0,0,9,0,20,0,0,4.221946673862943,0,0,https://blog.awsdns-57.com/conditions/diabetes
47,0,0,0,2,1,1,0,0,0.0,0,0,8,0,24,0,0,4.143471427901885,0,0,https://en.berkeley.edu/docs/forms/d/e/viewform
175,0,0,0,2,1,1,0,0,0.08,0,5,6,0,108,3,0,5.561271595376825,0,1,https://docs.google.com/presentation/d/e/2PACX-1vSvCFs_xYFXrhROtTBkpw_8oGuw2VhQ0XBflqxd7Kpr_zPwrXF94MXLoBSSSuuCeYO_sxjGbtyEdf26/pub?start=false&amp;loop=false&amp;delayms=3000
43,0,0,0,1,0,1,0,0,0.046511627906976744,0,1,7,0,9,1,0,4.565344987058984,0,1,https://scanned.page/p/yLZFR1?id=s7LGGzeHIL
22,0,0,0,1,0,1,0,0,0.0,0,0,10,0,0,0,0,3.7544418457133455,0,0,https://liquipedia.net
97,0,0,0,2,1,1,0,0,0.041237113402061855,0,0,9,0,57,0,0,4.4294435810940875,0,1,https://produto-verificado.myshopify.com/products/micro-ondas-electrolux-inox-23l-efficient-me23s
52,0,0,0,2,1,1,0,0,0.11538461538461539,0,0,6,0,30,0,0,4.488525294897748,0,0,https://blog.ksycdn.cn/article/2026/05/global-update
40,0,0,0,2,1,1,0,0,0.0,0,0,3,0,1,0,0,3.968453957701922,0,1,https://forologikespllirofories.web.app/
53,0,0,0,3,1,1,0,0,0.018867924528301886,0,0,6,0,15,0,0,4.279412908654388,0,1,https://pedencia-em-abertos.vercel.app/up1/index.html
25,0,0,0,2,0,1,0,0,0.0,0,0,5,0,5,0,0,3.893660689688186,0,0,https://midea.com.cn/news
34,0,0,0,2,1,1,0,0,0.0,0,0,3,0,15,0,0,4.0796786498829745,0,0,https://en.tik.porn/privacy-policy
31,0,0,0,3,1,1,0,0,0.0,0,0,7,0,6,0,0,3.937751955408587,0,0,https://en.fotomac.com.tr/login
27,0,0,0,2,1,1,0,0,0.0,0,0,8,0,5,0,0,3.6302753548819764,0,0,https://en.kuleuven.be/help
45,0,0,0,1,0,1,0,0,0.13333333333333333,0,0,3,0,30,0,0,4.305540252212916,0,0,https://dot.gov/article/2026/05/global-update
38,0,0,0,2,1,1,0,0,0.0,0,0,13,0,8,0,0,3.9380738947378657,0,0,https://docs.hentaivietsub.com/contact
28,0,0,0,2,1,1,0,0,0.0,0,0,11,0,0,0,0,3.797902689682947,0,0,https://docs.theporndude.com
38,0,0,0,2,1,1,0,0,0.0,0,0,11,0,1,0,0,4.240962710641206,0,1,https://iuvskjhrpkmhl.firebaseapp.com/
23,0,0,0,1,0,1,0,0,0.0,0,0,6,0,5,0,0,3.642489673166126,0,0,https://hyprmx.com/home
25,0,0,0,1,0,1,0,0,0.0,0,0,10,0,4,0,0,3.799079570624175,0,0,https://galaxydata.ru/faq
43,0,0,0,1,0,1,0,0,0.18604651162790697,0,0,7,0,23,0,0,4.620934743467431,0,1,https://8vk5prw.hair/9ncr9hdj/0QSA9q/37untY
51,0,0,0,3,2,1,0,0,0.0196078431372549,0,0,5,0,22,0,0,4.5395932339162535,0,1,https://new.express.adobe.com/webpage/qCUXSpVtTHcn4
31,0,0,0,2,1,1,0,0,0.0,0,0,9,0,5,0,0,4.018081793978686,0,0,https://docs.listrakbi.com/home
24,0,0,0,2,1,1,0,0,0.0,0,0,8,0,0,0,0,3.938721875540867,0,0,https://www.adafruit.com
22,0,0,0,1,0,1,0,0,0.0,0,0,4,0,7,0,0,4.0614821867207755,0,1,https://qrco.de/bfLvSq
26,0,0,0,2,1,1,0,0,0.0,0,0,6,0,5,0,0,3.738149333192866,0,0,https://www.idokep.hu/help
22,0,0,0,1,0,1,0,0,0.0,0,0,5,0,5,0,0,3.572623663895164,0,0,https://sumup.com/help
27,0,0,0,2,1,1,0,0,0.0,0,0,6,0,1,0,0,4.208410187268525,0,1,https://kngvsiw.weebly.com/
19,0,0,0,2,1,1,0,0,0.0,0,0,3,0,0,0,0,3.4058222502856905,0,0,https://www.web.dev
26,0,0,0,2,1,1,0,0,0.0,0,0,10,0,0,0,0,3.8441065448145384,0,0,https://www.samsunghrm.com
43,0,0,0,2,1,1,0,0,0.046511627906976744,0,1,8,0,6,1,0,4.257319115016275,0,0,https://www.bilibili.tv/watch?v=dQw4w9WgXcQ
46,0,0,0,2,1,1,0,0,0.0,0,0,9,0,6,0,0,4.370963042825407,0,1,https://global-livedesktop.wixstudio.com/us-en
32,0,0,0,2,1,0,0,0,0.0625,0,0,7,0,0,0,0,4.101409765557392,0,1,http://accountadmin27.boxmode.io
35,0,0,0,2,1,1,0,0,0.0,0,0,4,0,15,0,0,4.107156230921614,0,0,https://www.java.com/privacy-policy
21,0,0,0,2,1,1,0,0,0.0,0,0,4,0,0,0,0,3.6304126608739984,0,0,https://blog.perl.org
23,0,0,0,1,0,1,0,0,0.0,0,0,6,0,6,0,0,3.8492239123906247,0,0,https://hanime.tv/login
175,0,0,0,2,1,1,0,0,0.13142857142857142,0,5,6,0,108,3,0,5.567865034836836,0,1,https://docs.google.com/presentation/d/e/2PACX-1vS9xxmDsle2b1J4YsTP0dUkf8__YuPL78i4QxY20ggrG44KYWiVQRUb3WMCtf19MqscMlHFPBsn2fwp/pub?start=false&amp;loop=false&amp;delayms=3000
59,0,0,1,2,1,1,0,0,0.1016949152542373,0,0,12,0,30,0,0,4.353171338217308,0,0,https://docs.hardened-php.net/article/2026/05/global-update
22,0,0,0,1,0,1,0,0,0.045454545454545456,0,0,4,0,7,0,0,4.152391277629866,0,1,https://qrco.de/bgZvm1
27,0,0,0,2,1,1,0,0,0.0,0,0,3,0,5,0,0,3.7541634277688805,0,0,https://support.lin.ee/home
36,0,0,0,2,1,1,0,0,0.1388888888888889,0,0,6,0,1,0,0,4.104243668758971,0,1,https://chrtrer09765.framer.website/
28,0,0,1,2,1,0,0,0,0.21428571428571427,0,0,9,0,0,0,0,4.137537511266052,0,1,http://allegro.pl-357352.sbs
84,0,0,0,2,1,1,0,0,0.08333333333333333,0,0,6,0,61,0,0,5.111092316317074,0,1,https://docs.google.com/drawings/d/1SpHdANc3CWpCFthvsS740LoAtp9eO_i2uDzxMO-tsAE/edit
23,0,0,0,2,1,1,0,0,0.0,0,0,3,0,7,0,0,3.9690016298759927,0,1,https://l.ead.me/bfIljD
68,0,0,0,3,1,1,0,0,0.22058823529411764,0,1,2,0,9,1,0,4.777776811456786,0,1,https://away.vk.com/away.php?rh=b95ccf0e-a1d8-4b97-a67e-efb028ff8d9d
42,0,0,0,2,1,1,0,0,0.35714285714285715,0,0,7,0,20,0,0,4.347691161328112,0,1,https://eu.jotform.com/app/250522810922348
49,0,0,1,2,1,1,0,0,0.0,0,0,13,0,20,0,0,4.178699069082549,0,0,https://www.muumuu-domain.com/category/news/today
57,0,0,0,3,1,1,0,0,0.0,0,0,17,0,22,0,0,4.167351470839346,0,1,https://access.techbusinessbrain.au/wp-includes/blob.html
49,0,0,0,2,1,1,0,0,0.0,0,0,11,0,21,0,0,4.05545212995382,0,0,https://docs.gettyimages.com/terms-and-conditions
31,0,0,0,1,0,1,0,0,0.0,0,0,19,0,0,0,0,3.781147020819124,0,1,https://leethemoviedirector.com
41,0,0,0,2,1,1,0,0,0.0,0,0,6,0,20,0,0,4.061956505136041,0,0,https://www.ucloud.cn/category/news/today
21,0,0,1,1,0,1,0,0,0.047619047619047616,0,0,3,0,7,0,0,3.939470994001287,0,1,https://q-r.to/bfcvW4
38,0,0,0,2,1,1,0,0,0.0,0,0,9,0,13,0,0,4.221097250057957,0,0,https://www.backblaze.com/r/technology
30,0,0,0,2,1,1,0,0,0.0,0,0,7,0,6,0,0,3.777747162910945,0,0,https://docs.hookspf.com/about
54,0,0,1,1,0,1,0,0,0.0,0,1,10,0,7,1,0,4.301119104681655,0,0,https://v-videoapp.com/search?q=cybersecurity+research
51,0,0,0,3,2,1,0,0,0.0392156862745098,0,0,5,0,22,0,0,4.6572402927397825,0,1,https://new.express.adobe.com/webpage/kZ98uxWldLOqI
42,0,0,0,2,1,1,0,0,0.21428571428571427,0,0,11,0,1,0,0,4.546846589342405,0,1,https://allegro-lokalnie.349j8j67202.shop/
34,0,0,0,2,1,1,0,0,0.08823529411764706,0,0,5,0,15,0,0,4.278351811711311,0,0,https://en.123tt.ru/privacy-policy
29,0,0,0,2,1,1,0,0,0.0,0,0,7,0,6,0,0,3.9093680639438846,0,0,https://www.charter.net/login
30,0,0,0,2,1,0,0,0,0.3,0,0,11,0,0,0,0,4.256564762130954,0,1,http://allegro.5498h45j564.cfd
23,0,0,0,1,0,1,0,0,0.0,0,0,6,0,5,0,0,3.6753108689123635,0,0,https://xasiat.com/home
22,0,0,0,1,0,1,0,0,0.09090909090909091,0,0,4,0,7,0,0,4.0614821867207755,0,1,https://qrco.de/bgf89o
32,0,0,1,2,1,0,0,0,0.0,0,0,11,0,5,0,0,3.7181390622295662,0,1,http://www.pcn-noticuc.shop/com/
32,0,0,0,2,1,1,1,0,0.0,0,0,6,0,10,0,0,3.7539280318460246,0,1,https://brt.fresdf.top/secure/it
178,0,0,0,3,1,1,0,0,0.1348314606741573,0,7,6,0,108,4,0,5.553675917889847,0,1,https://docs.google.com/presentation/d/e/2PACX-1vQp81qzk7BJHO2dl2ENr438gZU8TiH0B298EtGWn-JXyCz1GUUl8EJwsYJy9pFa2rDGGAxYW9iFtqOx/pub?start=false&loop=false&delayms=3000&slide=id.p
23,0,0,0,2,1,1,0,0,0.0,0,0,7,0,0,0,0,3.708132064658601,0,0,https://www.arabtnt.com
50,0,0,0,1,0,1,0,0,0.0,0,0,18,0,20,0,0,3.9215935110056304,0,0,https://webcontentassessor.com/category/news/today
36,0,0,1,1,0,1,0,0,0.0,0,0,8,0,16,0,0,4.162573265150912,0,0,https://vps-vids.com/in/profile-name
37,0,0,0,2,1,1,0,0,0.0,0,0,13,0,1,0,0,4.100816878908575,0,1,https://bradesco.biasuportenet.click/
33,0,0,0,1,0,1,0,0,0.0,0,0,4,0,16,0,0,4.233639952626227,0,0,https://xhtv.blog/in/profile-name
20,0,0,0,2,1,1,0,0,0.0,0,0,5,0,0,0,0,3.8219280948873626,0,0,https://en.fhvfd.com
35,0,0,1,2,1,1,0,0,0.0,0,0,14,0,4,0,0,4.278584802350185,0,0,https://blog.apple-cloudkit.com/faq
101,0,0,0,2,1,0,0,0,0.15841584158415842,0,0,12,0,60,0,0,4.636460770886571,0,1,http://allegrolokalnie.oferta659282.click/oferta/playstation-5-pro-w-zestawie-z-kontrolerem/306771737
28,0,0,0,1,0,1,0,0,0.0,0,0,10,0,6,0,0,3.8248629576173565,0,0,https://samsungosp.com/login
25,0,0,0,2,0,1,0,0,0.0,0,0,5,0,5,0,0,3.7834651896016473,0,0,https://bplay.bet.ar/news
60,0,0,0,2,1,1,0,0,0.0,0,1,11,0,7,1,0,4.444413829577611,0,0,https://blog.foodnetwork.com/search?q=cybersecurity+research
33,0,0,0,2,1,1,0,0,0.0,0,0,9,0,8,0,0,3.7148697866030833,0,0,https://www.aspnetcdn.com/contact
50,0,0,0,2,1,1,0,0,0.1,0,0,10,0,20,0,0,4.261984511178708,0,0,https://support.boredpanda.com/products/item/10293
34,0,0,0,2,1,1,0,0,0.14705882352941177,0,0,12,0,1,0,0,4.278351811711311,0,1,https://allegro.87yyuigig454.surf/
23,0,0,0,2,1,1,0,0,0.0,0,0,3,0,7,0,0,4.0559581516151235,0,1,https://l.ead.me/bfHoyg
36,0,0,0,3,1,1,0,0,0.0,0,0,5,0,13,0,0,4.0514621540398,0,0,https://en.iskur.gov.tr/r/technology
45,0,0,0,2,1,1,0,0,0.0,0,0,5,0,24,0,0,3.9745047643853657,0,0,https://www.ucweb.com/docs/forms/d/e/viewform
29,0,0,0,2,1,1,0,0,0.0,0,0,6,0,1,0,0,3.9523029776623857,0,1,https://luxembopt.weebly.com/
42,0,0,0,2,1,1,0,0,0.40476190476190477,0,0,6,0,1,0,0,4.58816414871168,0,1,https://naver09897865435465768.weebly.com/
47,0,0,0,2,1,0,0,0,0.06382978723404255,0,0,5,0,1,0,0,4.554172894046704,0,1,http://sp19ct7-lafek-biz-durem-koris.pages.dev/
49,0,0,0,2,1,1,0,0,0.12244897959183673,0,0,2,0,30,0,0,4.476456017363834,0,0,https://docs.ky.gov/article/2026/05/global-update
28,0,0,0,2,0,1,0,0,0.0,0,0,9,0,5,0,0,3.9407598325400897,0,0,https://gamemania.co.ke/help
22,0,0,0,1,0,1,0,0,0.0,0,0,4,0,7,0,0,3.970573095811685,0,1,https://qrco.de/bgdBoO
30,0,0,0,3,1,1,0,0,0.0,0,0,3,0,8,0,0,3.6695767463163937,0,0,https://docs.kcl.ac.uk/contact
22,0,0,0,1,0,1,0,0,0.0,0,0,11,0,0,0,0,3.788754913993503,0,0,https://bancoestado.cl
46,0,0,0,3,1,1,0,0,0.043478260869565216,0,1,7,0,6,1,0,4.555533151426995,0,0,https://docs.livedns.co.uk/watch?v=dQw4w9WgXcQ
22,0,0,0,1,0,1,0,0,0.045454545454545456,0,0,4,0,7,0,0,4.152391277629866,0,1,https://qrco.de/bfI9OV
35,0,0,0,2,1,1,0,0,0.05714285714285714,0,0,9,0,11,0,0,4.025591860285233,0,1,https://www.svitava24.cz/images/re/
20,0,0,0,1,0,1,0,0,0.0,0,0,9,0,0,0,0,3.684183719779189,0,0,https://telegraaf.nl
36,0,0,0,2,1,1,0,0,0.08333333333333333,0,0,10,0,10,0,0,4.204511459715549,0,1,https://www.miricanvas.com/v/13wj5ak
34,0,0,0,2,1,1,0,0,0.0,0,0,4,0,16,0,0,4.006436738245531,0,0,https://en.emag.ro/in/profile-name
32,0,0,0,1,0,1,0,0,0.0,0,0,4,0,16,0,0,4.038909765557392,0,0,https://zoom.com/in/profile-name
29,0,0,0,2,1,1,0,0,0.0,0,0,8,0,5,0,0,3.9093680639438846,0,0,https://www.ondemand.com/help
57,0,0,0,2,1,1,0,0,0.0,0,1,9,0,7,1,0,4.4187959977765345,0,0,https://www.nextlgsdp.com/search?q=cybersecurity+research
46,0,0,1,1,0,1,0,0,0.0,0,0,12,0,22,0,0,4.178468412993378,0,1,https://meilin-paper.com/index/turnstile-check
94,0,0,1,2,1,1,0,0,0.09574468085106383,0,0,13,0,65,0,0,4.777473629252082,0,1,https://ipfs.best-practice.se/ipfs/bafkreicyzrvctsqxgqdpoo55vkiq5sepcht2zup4oup7q7wpzmyu6nr3xa
44,0,0,1,2,1,1,0,0,0.0,0,0,8,0,16,0,0,4.288754913993503,0,0,https://support.yndx-cdn.com/in/profile-name
21,0,0,1,1,0,1,0,0,0.0,0,0,3,0,7,0,0,3.939470994001287,0,1,https://q-r.to/bfGOcV
60,0,0,0,1,0,1,0,0,0.3333333333333333,0,1,7,1,25,0,0,4.503340605465776,0,1,https://gasescl.space/o/ix118/7331908191358976#selectedbank9
47,0,0,1,2,1,1,0,0,0.0425531914893617,0,0,9,0,21,0,0,4.044084203599106,0,0,https://docs.awsdns-19.net/terms-and-conditions
32,0,0,0,1,0,1,0,0,0.09375,0,0,7,0,14,0,0,4.202819531114783,0,0,https://adriver.ru/dp/B08N5WRWNW
47,0,0,0,2,1,1,0,0,0.0,0,0,14,0,1,0,0,4.216421766792934,0,1,https://jellyfish-app-eshkj.ondigitalocean.app/
36,0,0,1,1,0,1,0,0,0.027777777777777776,0,1,11,0,1,1,0,4.5724312513221195,0,1,https://mon-creneau.com/?id=0XtAvOrB
44,0,0,0,2,1,1,0,0,0.13636363636363635,0,0,6,0,1,0,0,4.237285311573267,0,1,https://sympathetic-forms-118600.framer.app/
22,0,0,0,1,0,1,0,1,0.22727272727272727,0,0,3,0,8,0,0,3.936260027531527,0,1,https://bit.ly/4765e4n
22,0,0,0,1,0,1,0,0,0.0,0,0,4,0,7,0,0,4.152391277629866,0,1,https://qrco.de/bfHBIg
39,0,0,0,2,1,1,0,0,0.07692307692307693,0,0,9,0,14,0,0,4.50938523151634,0,0,https://www.larksuite.com/dp/B08N5WRWNW
21,0,0,1,1,0,1,0,0,0.0,0,0,3,0,7,0,0,3.939470994001287,0,1,https://q-r.to/bgcBDR
52,0,0,0,1,0,1,0,0,0.0,0,1,8,0,7,1,0,4.055713036692429,0,0,https://adaether.com/search?q=cybersecurity+research
88,0,0,1,2,1,0,1,0,0.2727272727272727,0,0,18,0,43,0,0,4.58083801207876,0,1,http://allegrolokalnie.pl-878627788587241.top/meta-quest-3-512-gb-pasek-elit/46278/cart/
75,0,0,1,2,1,1,0,0,0.32,0,3,16,0,1,2,0,4.916770317243774,0,1,https://us9.campaign-archive.com/?u=0b694b131567a0f50312d962b&id=ede15ace72
178,0,0,0,3,1,1,0,0,0.07865168539325842,0,7,6,0,108,4,0,5.533973496307441,0,1,https://docs.google.com/presentation/d/e/2PACX-1vQxK-d70jOxQqDXhF1vZWTw3p3YcSFtz_ztEjJ39JeTbdDJg_nNGkYClDmxZETJ8uuQlJ-ohrtoFekn/pub?start=false&loop=false&delayms=3000&slide=id.p
190,0,0,0,3,1,1,0,0,0.15263157894736842,0,7,6,0,108,4,0,5.482146846775773,0,1,https://docs.google.com/presentation/d/e/2PACX-1vSpjda760dY9gS6EFZ3b2Zoh_r2iZG9LZ4VLaZBM4YwVM82sXpq4001_i2HHbsAAt6Eb18d30NKiQXm/pub?start=false&amp;loop=false&amp;delayms=3000&amp;slide=id.p
233,0,0,1,2,1,1,0,0,0.12017167381974249,0,5,10,0,9,2,0,5.732993414489306,0,1,https://kleinanzeigen.ferrari-qd.com/76610001?mail=W1lPVVJd&meta=rlWjMKWwLJ50LJqyVwb1YPWhLJ1yVwbvKUHlAmL0KUIzMGOzVSyiqKVtGJScoTIlVvjvL2uuqS9cMPV6YGRjZQV5Zmt2AGt0ZGDfVaAypaMcL2HvBvWeoTIcozShrzIcM2IhVvjvqUyjMFV6Vz1unJkypy9jpz8vsD%3D%3D
25,0,0,0,2,1,1,0,0,0.0,0,0,5,0,0,0,0,3.7532696895151085,0,0,https://support.uiowa.edu
37,0,0,0,1,0,1,0,0,0.0,0,0,5,0,20,0,0,4.064466123018132,0,0,https://issuu.com/category/news/today
23,0,0,0,1,0,1,0,0,0.0,0,0,11,0,0,0,0,3.6211755429194707,0,0,https://shopifyapps.com
44,0,0,0,2,1,1,0,0,0.0,0,0,4,0,20,0,0,3.8825207553360666,0,0,https://support.sony.net/conditions/diabetes
146,0,0,0,3,1,1,0,0,0.0821917808219178,0,7,6,0,64,4,0,5.123110798642312,0,1,https://docs.google.com/presentation/d/1eteu7zi0co6L3UWBIy1zvbGNnapich4uFIDtoNF4_Zk/pub?start=false&amp;loop=false&amp;delayms=3000&amp;slide=id.p
49,0,0,0,2,1,1,0,0,0.14285714285714285,0,0,4,0,30,0,0,4.476456017363834,0,0,https://en.ov1o.com/article/2026/05/global-update
45,0,0,0,2,1,1,0,0,0.044444444444444446,0,1,10,0,6,1,0,4.552638373963221,0,0,https://www.meinbezirk.at/watch?v=dQw4w9WgXcQ
57,0,0,0,3,1,1,0,0,0.0,0,1,7,0,7,1,0,4.251957839805887,0,0,https://www.ppomppu.co.kr/search?q=cybersecurity+research
30,0,0,0,1,0,1,0,0,0.0,0,0,5,0,13,0,0,4.031401845392172,0,0,https://arxiv.org/r/technology
38,0,0,0,1,0,1,0,0,0.13157894736842105,0,0,4,0,20,0,0,4.228741830464624,0,0,https://gist.build/products/item/10293
27,0,0,0,1,0,1,0,0,0.0,0,0,10,0,5,0,0,3.9582291686698783,0,0,https://britannica.com/help
39,0,0,0,2,1,1,0,0,0.0,0,0,7,0,16,0,0,4.162980744225907,0,0,https://www.snapkit.com/in/profile-name
46,0,0,0,2,1,1,0,0,0.0,0,0,10,0,20,0,0,4.124333087000485,0,0,https://www.emojipedia.org/category/news/today
52,0,0,0,2,1,1,0,0,0.09615384615384616,0,0,16,0,20,0,0,4.431705709467302,0,0,https://www.technologyreview.com/products/item/10293
22,0,0,0,1,0,1,0,0,0.0,0,0,11,0,0,0,0,3.7544418457133455,0,0,https://sberdevices.ru
47,0,0,0,2,1,1,0,0,0.0,0,0,8,0,20,0,0,4.009286926505495,0,0,https://support.gazzetta.it/category/news/today
32,0,0,0,1,0,1,0,0,0.0,0,0,10,0,10,0,0,3.7539280318460246,0,1,https://gjgcfgdhfd.cfd/qcrcycpz/
27,0,0,0,2,1,1,0,0,0.0,0,0,6,0,1,0,0,3.9121138909722286,0,1,https://showlup.weebly.com/
21,0,0,1,1,0,1,0,0,0.047619047619047616,0,0,3,0,7,0,0,3.8442328987631917,0,1,https://q-r.to/bfJ2bN
29,0,0,0,2,1,1,0,0,0.0,0,0,7,0,5,0,0,4.1162646156680225,0,0,https://blog.grafana.com/news
58,0,0,0,2,1,1,0,0,0.10344827586206896,0,0,11,0,30,0,0,4.394293874617553,0,0,https://docs.brightspace.com/article/2026/05/global-update
40,0,0,0,2,1,1,0,0,0.05,0,1,4,0,6,1,0,4.258694969562843,0,0,https://www.sohu.com/watch?v=dQw4w9WgXcQ
22,0,0,0,1,0,1,0,1,0.09090909090909091,0,0,3,0,8,0,0,4.027169118440618,0,1,https://bit.ly/4fn8aNR
69,0,0,0,2,1,1,0,0,0.2463768115942029,0,0,12,0,26,0,0,4.79266956519163,0,1,https://shinigamilayte1234.clickfunnels.com/squeeze-page1674831202791
23,0,0,0,2,1,1,0,0,0.0,0,0,3,0,7,0,0,4.0559581516151235,0,1,https://l.ead.me/bfLJUy
39,0,0,0,1,0,1,0,0,0.0,0,0,7,0,20,0,0,3.8040063852515473,0,0,https://spotify.net/conditions/diabetes
29,0,0,1,1,0,1,0,0,0.0,0,0,13,0,4,0,0,3.797467632984004,0,1,https://glsgroup-ptes.cfd/pts
33,0,0,0,1,0,1,0,0,0.06060606060606061,0,0,8,0,13,0,0,4.354852073838349,0,1,https://flowcode.com/p/ekDyVvs35G
55,0,0,0,2,1,1,0,0,0.0,0,1,8,0,7,1,0,4.200710677714705,0,0,https://en.cardekho.com/search?q=cybersecurity+research
24,0,0,0,2,1,1,0,0,0.0,0,0,3,0,5,0,0,3.6572682296173893,0,0,https://www.aaa.com/help
18,0,0,0,1,0,1,0,0,0.0,0,0,6,0,0,0,0,3.94770277922009,0,0,https://webaim.org
32,0,0,0,2,1,1,0,0,0.0,0,0,3,0,1,0,0,3.827819531114783,0,1,https://iuyghujikuyghudj.fwh.is/
29,0,0,0,2,1,1,0,0,0.0,0,0,6,0,6,0,0,3.693345218892491,0,0,https://docs.oculus.com/about
45,0,0,0,2,1,1,0,0,0.0,0,0,4,0,21,0,0,4.044754974579369,0,0,https://support.unep.org/terms-and-conditions
41,0,0,0,1,0,1,0,0,0.1951219512195122,0,0,6,0,23,0,0,4.433788517278395,0,1,https://835sfe.lat/s18l1ddm/U1Fpwm/5vCzXu
61,0,0,1,2,1,1,0,0,0.0,0,1,9,0,7,1,0,4.080707109194998,0,0,https://support.sc-static.net/search?q=cybersecurity+research
43,0,0,0,2,1,0,0,0,0.13953488372093023,0,0,5,0,1,0,0,4.443365626644182,0,1,http://oi1orz-pf5n99-poni-ty4ob5.pages.dev/
22,0,0,0,1,0,1,0,0,0.0,0,0,4,0,7,0,0,4.0614821867207755,0,1,https://qrco.de/bgrMRI
23,0,0,0,2,1,1,0,0,0.0,0,0,3,0,1,0,0,3.8492239123906247,0,1,https://wgy-df.web.app/
21,0,0,1,1,0,1,0,0,0.0,0,0,3,0,7,0,0,3.8442328987631917,0,1,https://q-r.to/bfLygy
20,0,0,0,2,1,1,0,0,0.0,0,0,6,0,0,0,0,3.521928094887363,0,0,https://en.strato.de
54,0,0,0,2,1,1,0,0,0.1111111111111111,0,0,8,0,30,0,0,4.4858259278490085,0,0,https://www.frdmhere.com/article/2026/05/global-update
29,0,0,0,1,0,1,0,0,0.0,0,0,9,0,8,0,0,3.7193758224153695,0,0,https://earthlink.net/contact
31,0,0,0,2,1,1,0,0,0.0,0,0,7,0,1,0,0,3.845663149851382,0,1,https://amsilekosss.boxmode.io/
25,0,0,0,2,1,1,0,0,0.0,0,0,3,0,1,0,0,3.6732696895151085,0,1,https://gotosgen.web.app/
43,0,0,0,2,1,1,0,0,0.2558139534883721,0,0,5,0,1,0,0,4.379298475431077,0,1,https://1l8-b9p-2ss-w6uh3-64916e.pages.dev/
82,0,0,0,3,2,1,0,0,0.0975609756097561,0,0,3,0,1,0,0,4.818369085001442,0,1,https://bafybeidyrnwtlvlhckl4cdut23ob3dnyodzyt3dakuwzyxgmn2xbq5mnie.ipfs.w3s.link/
33,0,0,0,2,1,1,0,0,0.0,0,0,8,0,6,0,0,3.7259160889243037,0,0,https://support.lapresse.ca/about
23,0,0,0,1,0,1,0,0,0.043478260869565216,0,0,6,0,5,0,0,3.6753108689123635,0,1,https://linkin.bio/tv2/
28,0,0,0,2,1,1,0,0,0.03571428571428571,0,0,5,0,1,0,0,3.9852281360342516,0,1,https://activbhd1.iceiy.com/
46,0,0,0,2,1,1,0,0,0.0,0,0,14,0,16,0,0,4.077272281861778,0,0,https://www.ingentaconnect.com/in/profile-name
23,0,0,0,1,0,1,1,0,0.0,0,0,5,0,5,0,0,3.5555331514269954,0,0,https://beyla.site/help
24,0,0,0,1,0,1,0,0,0.0,0,0,8,0,4,0,0,3.970175521464345,0,0,https://volcgslb.com/faq
28,0,0,0,1,0,1,0,0,0.03571428571428571,0,0,8,0,8,0,0,3.9677201004744993,0,0,https://bw9iawxl.com/contact
37,0,0,1,2,1,1,0,0,0.0,0,0,12,0,8,0,0,4.046762824854521,0,0,https://blog.immedia-semi.com/contact
39,0,0,0,1,0,1,0,0,0.0,0,0,8,0,19,0,0,3.9965647186958275,0,1,https://haorunda.com/content/bmbqztsotq
44,0,0,0,2,1,1,0,0,0.0,0,0,9,0,1,0,0,4.265583322887734,0,1,https://sso-kucoin-log-in-eng.typedream.app/
39,0,0,0,2,1,1,0,0,0.05128205128205128,0,1,5,0,6,1,0,4.419391000636163,0,0,https://en.unian.ua/watch?v=dQw4w9WgXcQ
38,0,0,0,2,1,1,0,0,0.0,0,0,13,0,5,0,0,4.0304363948517326,0,0,https://support.foundationdns.com/help
45,0,0,0,2,1,1,0,0,0.0,0,0,8,0,20,0,0,4.197656852829064,0,0,https://blog.mangalik.net/category/news/today
167,0,0,0,2,1,1,0,0,0.1317365269461078,0,5,6,0,108,3,0,5.524268967874858,0,1,https://docs.google.com/presentation/d/e/2PACX-1vRY9rBqsgsqOF4w4Qp0_M5TF8O4v4hRw-zggp91BbFZhdpok4qPg2HCxUtobdye6Y55yTsoFSAK9bdV/pub?start=false&loop=false&delayms=3000
26,0,0,0,2,1,1,0,0,0.0,0,0,5,0,6,0,0,3.825251737288651,0,0,https://en.telus.com/about
38,0,0,0,1,0,1,0,0,0.05263157894736842,0,1,6,0,6,1,0,4.293594289588575,0,0,https://moloco.com/watch?v=dQw4w9WgXcQ
21,0,0,1,1,0,1,0,0,0.0,0,0,3,0,7,0,0,3.939470994001287,0,1,https://q-r.to/bfLxcJ
45,0,0,0,2,1,1,0,0,0.0,0,0,9,0,6,0,0,4.180307540581811,0,1,https://iopaypl-extension.wixstudio.com/en-us
29,0,0,0,2,1,1,0,0,0.0,0,0,5,0,0,0,0,4.073329701949521,0,1,https://en-chainfix.pages.dev
40,0,0,0,2,1,1,0,0,0.0,0,0,3,0,21,0,0,4.158694969562842,0,0,https://www.fpo.xxx/terms-and-conditions
25,0,0,0,2,1,1,0,0,0.0,0,0,6,0,5,0,0,3.6732696895151085,0,0,https://en.zoomit.ir/home
40,0,0,0,2,0,1,0,0,0.0,0,0,6,0,20,0,0,4.003701696057348,0,0,https://google.co.jp/category/news/today
51,0,0,0,2,1,1,0,0,0.0,0,0,11,0,24,0,0,4.18191529430476,0,0,https://www.adsbynimbus.com/docs/forms/d/e/viewform
26,0,0,0,1,0,1,0,0,0.0,0,0,9,0,5,0,0,3.979097891134805,0,0,https://easybrain.com/home
27,0,0,0,2,1,1,0,0,0.0,0,0,3,0,0,0,0,3.7178504651264315,0,0,https://support.pub.network
45,0,0,0,2,1,1,0,0,0.044444444444444446,0,1,6,0,6,1,0,4.446974207248478,0,0,https://support.google.ro/watch?v=dQw4w9WgXcQ
190,0,0,0,3,1,1,0,0,0.1,0,7,6,0,108,4,0,5.571267349404089,0,1,https://docs.google.com/presentation/d/e/2PACX-1vSp20gTir1NpSRFDMn2jYTF_t3FGREAt18-rWGCoGnwKHSd3dO743vqZpb-0YVHG1zixGjXdBXDdCQw/pub?start=false&amp;loop=false&amp;delayms=3000&amp;slide=id.p
61,0,0,0,1,0,1,0,0,0.0,0,3,17,0,1,2,0,4.707307985381072,0,1,https://pgmahjongemulator.com/?type=verify&amp;key=nlvcfwjqtd
26,0,0,0,2,1,1,0,0,0.0,0,0,9,0,0,0,0,3.7483286603655745,0,0,https://blog.bloomberg.com
22,0,0,0,1,0,1,0,1,0.09090909090909091,0,0,3,0,8,0,0,3.6635327548042547,0,1,https://bit.ly/4ftffw9
37,0,0,0,2,1,1,0,0,0.0,0,0,6,0,15,0,0,4.2629790410707376,0,0,https://docs.remove.bg/privacy-policy
33,0,0,1,2,1,1,0,0,0.0,0,0,9,0,8,0,0,3.813206528961766,0,0,https://www.gree-apps.net/contact
46,0,0,0,2,1,1,0,0,0.0,0,0,6,0,24,0,0,4.030713380773163,0,0,https://www.pullcf.com/docs/forms/d/e/viewform
22,0,0,0,1,0,1,0,0,0.045454545454545456,0,0,4,0,7,0,0,4.0614821867207755,0,1,https://qrco.de/bfcX1i
41,0,0,0,2,1,1,0,0,0.0,0,0,11,0,1,0,0,4.287447053863762,0,1,https://lclsettings-vxds.firebaseapp.com/
33,0,0,0,1,0,1,0,1,0.0,0,0,3,0,19,0,0,3.8013774524295485,0,1,https://bit.ly/m/attwwwupdatemail
35,0,0,0,1,0,1,0,0,0.0,0,0,19,0,4,0,0,3.943289445392768,0,0,https://securegatewayaccess.com/faq
26,0,0,0,2,1,1,0,0,0.0,0,0,9,0,0,0,0,4.056020968057882,0,0,https://blog.uservoice.com
45,0,0,0,2,1,0,0,0,0.15555555555555556,0,0,5,0,1,0,0,4.613858096233521,0,1,http://6fl4-krkoo-o9li-029w-qbsig2.pages.dev/
36,0,0,1,2,0,1,0,0,0.0,0,0,14,0,10,0,0,4.218128820706467,0,1,https://agenda-journee.com/index.php
40,0,0,0,3,1,1,0,0,0.0,0,0,6,0,15,0,0,4.175070520364182,0,0,https://docs.google.co.nz/privacy-policy
52,0,0,0,2,1,1,0,0,0.038461538461538464,0,1,15,0,6,1,0,4.589392842933067,0,0,https://blog.worldtimeserver.com/watch?v=dQw4w9WgXcQ
32,0,0,0,2,1,1,0,0,0.0,0,0,6,0,1,0,0,4.038909765557392,0,1,https://dhl-expresss.weebly.com/
35,0,0,0,2,1,1,0,0,0.0,0,0,9,0,6,0,0,4.150292659616669,0,0,https://support.ezvizlife.com/about
30,0,0,1,1,0,1,0,0,0.0,0,0,18,0,0,0,0,4.256564762130954,0,0,https://cloudflare-gateway.com
31,0,0,0,2,1,1,0,0,0.0,0,0,10,0,4,0,0,4.042433003725894,0,0,https://blog.propublica.org/faq
22,0,0,0,1,0,1,0,0,0.045454545454545456,0,0,4,0,7,0,0,4.0614821867207755,0,1,https://qrco.de/bgab9K
37,0,0,0,1,0,1,0,0,0.0,0,0,5,0,20,0,0,4.000559961488395,0,0,https://mradx.net/category/news/today
28,0,0,0,2,1,1,0,0,0.0,0,0,5,0,8,0,0,3.6820058147602137,0,0,https://en.sogou.com/contact
34,0,0,1,2,1,1,0,0,0.0,0,0,13,0,6,0,0,3.998652546878166,0,0,https://www.uni-stuttgart.de/login
22,0,0,0,1,0,1,0,0,0.0,0,0,4,0,7,0,0,4.0614821867207755,0,1,https://qrco.de/bghXSY
28,0,0,0,2,1,1,0,0,0.0,0,0,6,0,5,0,0,3.9407598325400897,0,0,https://docs.zbporn.com/help
45,0,0,0,3,0,1,0,0,0.022222222222222223,0,1,3,0,13,0,0,4.747191429566854,0,1,https://zpr.io/EfRRQEDV9feC#michael@.yorku.ca
41,0,0,0,2,1,1,0,0,0.0,0,0,5,0,20,0,0,3.8628151140048086,0,0,https://docs.usask.ca/conditions/diabetes
27,0,0,0,2,1,1,0,0,0.0,0,0,3,0,5,0,0,3.5137847242254336,0,0,https://support.svt.se/home
34,0,0,0,3,1,1,0,0,0.029411764705882353,0,0,2,0,13,0,0,4.057476076289931,0,1,https://mgixyal.us.cc/4g/home.html
29,0,0,0,2,1,1,0,0,0.0,0,0,2,0,3,0,0,3.8833374604210062,0,1,https://nadfgdfhuert.eu.cc/es
23,0,0,0,2,1,1,0,0,0.08695652173913043,0,0,3,0,7,0,0,4.0559581516151235,0,1,https://l.ead.me/bfI18L
43,0,0,0,3,1,1,0,0,0.13953488372093023,0,0,10,0,12,0,0,4.23128619690549,0,1,https://victoria.bdll845276.pro/captcha.php
48,0,0,0,2,1,1,0,0,0.0625,0,0,5,0,1,0,0,4.579448698502606,0,1,https://sp10ct-vafik-biz8-lurem-zosen.pages.dev/
54,0,0,0,2,1,1,0,0,0.12962962962962962,0,0,4,0,30,0,0,4.357036697434505,0,0,https://support.pla3.com/article/2026/05/global-update
45,0,0,1,2,1,1,0,0,0.044444444444444446,0,0,9,0,16,0,0,4.330416151741,0,0,https://support.awsdns-03.com/in/profile-name
51,0,0,0,2,1,1,0,0,0.0392156862745098,0,0,5,0,1,0,0,4.524791518187557,0,1,https://sp12ct-lavdok-biz-kormel-fransik.pages.dev/
52,0,0,0,2,1,1,0,0,0.11538461538461539,0,0,6,0,30,0,0,4.430457025500559,0,0,https://www.chrome.com/article/2026/05/global-update
36,0,0,2,1,0,1,0,0,0.0,0,0,23,0,1,0,0,4.062305474194334,0,1,https://ledger-security-checker.com/
46,0,0,0,2,1,1,0,0,0.0,0,0,9,0,6,0,0,4.33814184707917,0,1,https://guideapp-ledzercdn.wixstudio.com/en-us
42,0,0,0,5,4,1,0,0,0.047619047619047616,0,0,7,0,1,0,0,4.166509245270093,0,1,https://pegacure.z33.web.core.windows.net/
29,0,0,0,3,1,1,0,0,0.0,0,0,5,0,6,0,0,3.594905461227893,0,0,https://www.state.co.us/about
25,0,0,0,2,1,1,0,0,0.0,0,0,3,0,5,0,0,3.863465189601647,0,0,https://docs.aip.org/home
174,0,0,0,2,1,1,0,0,0.10344827586206896,0,5,6,0,108,3,0,5.6045665576180435,0,1,https://docs.google.com/presentation/d/e/2PACX-1vRjSXE6MT2RVKxMagf3NKJqUoENUXQZm4vD8CMP9TC4ojWZI2hC7-ECTkR-oD4xjjmpa2bvgUiENQbh/pub?start=true&amp;loop=true&amp;delayms=60000
21,0,0,0,1,0,0,0,0,0.0,0,0,10,0,0,0,0,3.880179922675738,0,1,http://ujimasters.com
47,0,0,0,2,1,1,0,0,0.0,0,0,14,0,16,0,0,4.155132734426204,0,0,https://docs.expireddomains.com/in/profile-name
29,0,0,0,2,1,1,0,0,0.0,0,0,12,0,0,0,0,3.8833374604210062,0,0,https://docs.springeropen.com
42,0,0,0,3,1,1,0,0,0.047619047619047616,0,1,4,0,6,1,0,4.39768795823549,0,0,https://www.ynet.co.il/watch?v=dQw4w9WgXcQ
25,0,0,0,2,1,1,0,0,0.0,0,0,4,0,5,0,0,3.7034651896016473,0,0,https://docs.tass.ru/help
28,0,0,0,2,1,1,0,0,0.0,0,0,7,0,6,0,0,3.767375797816042,0,0,https://en.ahwaktv.net/about
46,0,0,0,5,4,1,0,0,0.043478260869565216,0,0,7,0,1,0,0,4.259671401982716,0,1,https://heladosalfin.z13.web.core.windows.net/
53,0,0,0,2,1,1,0,0,0.0,0,1,5,0,7,1,0,4.208499227903184,0,0,https://blog.hover.to/search?q=cybersecurity+research
22,0,0,0,1,0,1,0,0,0.045454545454545456,0,0,4,0,7,0,0,4.0614821867207755,0,1,https://qrco.de/bfE0pT
36,0,0,0,2,1,0,0,0,0.25,0,0,10,0,0,0,0,4.44770277922009,0,1,http://allegrolokalne.18256342x3.sbs
23,0,0,0,2,1,1,0,0,0.0,0,0,3,0,7,0,0,3.936180434129755,0,1,https://l.ead.me/bgenKv
19,0,0,0,1,0,1,0,0,0.0,0,0,8,0,0,0,0,3.5766176449086657,0,0,https://cimpress.io
22,0,0,0,1,0,1,0,0,0.045454545454545456,0,0,4,0,7,0,0,4.152391277629866,0,1,https://qrco.de/bgaS7G
22,0,0,0,1,0,1,0,0,0.0,0,0,4,0,7,0,0,4.152391277629866,0,1,https://qrco.de/bfgEXm
20,0,0,0,1,0,1,0,0,0.0,0,0,9,0,0,0,0,3.521928094887363,0,0,https://swissinfo.ch
27,0,0,0,2,1,1,0,0,0.0,0,0,7,0,5,0,0,3.884155094595804,0,0,https://www.kdreams.jp/home
87,0,0,1,2,1,1,1,0,0.21839080459770116,0,0,15,0,43,0,0,4.855436209199824,0,1,https://allegrolokalnie.nr-23848dns3424.club/oferta/Konsola-Xbox-Series-X-1TB/410931152
44,0,0,0,2,1,0,0,0,0.13636363636363635,0,0,5,0,1,0,0,4.498871107126152,0,1,http://zor-xqrc8c-04k-nzv0-k0q5nq.pages.dev/
33,0,0,0,2,1,1,1,0,0.0,0,0,13,0,0,0,0,4.0895524525606675,0,0,https://docs.immersivelabs.online
51,0,0,0,3,2,1,0,0,0.0392156862745098,0,0,5,0,22,0,0,4.6032228907365775,0,1,https://new.express.adobe.com/webpage/QLyOxAdwYF82z
21,0,0,0,2,1,1,0,0,0.0,0,0,5,0,0,0,0,3.594465636961452,0,0,https://www.shell.com
64,0,0,0,1,0,1,0,0,0.1875,0,0,5,0,48,0,0,4.321469969293428,0,1,https://sider.ai/agents/ai-writer/share/68dd6a2cb54d8be52aa04fe5
46,0,0,0,2,1,1,0,0,0.0,0,0,5,0,1,0,0,4.387373640698526,0,1,https://pldxu-jpa-dakfrj-zivem-eroo.pages.dev/
32,0,0,0,2,1,1,0,0,0.0,0,0,7,0,5,0,0,3.827819531114783,0,0,https://support.coupang.com/home
40,0,0,0,2,1,1,0,0,0.25,0,0,11,0,0,0,0,4.53418371977919,0,1,https://allegro-lokalnie.0230g034139.cfd
21,0,0,1,1,0,1,0,0,0.0,0,0,3,0,7,0,0,3.8442328987631917,0,1,https://q-r.to/bgbmil
21,0,0,1,1,0,1,0,0,0.0,0,0,3,0,7,0,0,3.939470994001287,0,1,https://q-r.to/bfJMvy
46,0,0,0,2,1,1,0,0,0.0,0,0,10,0,20,0,0,4.205536075989825,0,0,https://blog.bongdaplus.vn/category/news/today
28,0,0,0,1,0,1,0,1,0.17857142857142858,0,0,7,0,9,0,0,4.253434386188785,0,1,https://tinyurl.com/23852oen
125,0,0,0,3,1,1,0,0,0.072,0,3,7,0,65,2,0,5.077963342250707,0,1,https://www.dropbox.com/scl/fi/srzpd0q5qgoiqdv1oervw/Thanks-for-using-BT-Broadband.paper?dl=0&rlkey=6ayfrqbkmgrue8vqri871bezt
175,0,0,0,2,1,1,0,0,0.10285714285714286,0,5,6,0,108,3,0,5.593311004015558,0,1,https://docs.google.com/presentation/d/e/2PACX-1vTbSvZMZNjeprZlRnNU5yjDbnXvjYY5x3pdo7MQx5wJuhT5PG0R-BvN9A7MIGHTOxwu2sU52NVSYJft/pub?start=false&amp;loop=false&amp;delayms=3000
45,0,0,0,1,0,1,0,0,0.0,0,0,10,0,24,0,0,3.963610875592631,0,0,https://rusprofile.ru/docs/forms/d/e/viewform
42,0,0,0,2,1,1,0,0,0.047619047619047616,0,0,11,0,1,0,0,4.168886994558423,0,1,https://domappcheckomeg10.firebaseapp.com/
53,0,0,0,2,1,1,0,0,0.0,0,0,10,0,27,0,0,4.194256067485005,0,1,https://www.encurtador.dev/redirecionamento/sella-app
29,0,0,0,2,1,1,0,0,0.06896551724137931,0,0,3,0,13,0,0,4.1162646156680225,0,1,https://l.ead.me/lpq9zgw6mphb
29,0,0,0,1,0,1,0,0,0.0,0,0,10,0,8,0,0,3.5814447879326106,0,0,https://sprinthost.ru/contact
32,0,0,0,2,1,1,0,0,0.0,0,0,17,0,0,0,0,4.101409765557392,0,0,https://www.slobodnadalmacija.hr
20,0,0,0,2,1,1,0,0,0.05,0,0,3,0,0,0,0,3.7219280948873625,0,0,https://docs.an1.com
43,0,0,0,1,0,1,0,0,0.0,0,0,10,0,21,0,0,3.996405604577353,0,0,https://coxautoinc.com/terms-and-conditions
28,0,0,0,2,1,1,0,0,0.0,0,0,5,0,6,0,0,4.012188403968661,0,0,https://blog.ymcdn.org/login
29,0,0,1,1,0,1,0,0,0.06896551724137931,0,0,9,0,8,0,0,3.75886709923353,0,0,https://awsdns-11.net/contact
39,0,0,0,2,1,1,0,0,0.07692307692307693,0,0,8,0,14,0,0,4.252974975106084,0,0,https://docs.xxxshame.com/dp/B08N5WRWNW
29,0,0,0,2,1,1,0,0,0.0,0,0,6,0,4,0,0,3.9523029776623853,0,0,https://support.skynet.be/faq
59,0,0,2,2,1,0,0,0,0.15254237288135594,0,0,31,0,0,0,0,4.555851948726351,0,1,http://allegrolokalne.pl-ogloszenie-prywatne765256384.click
27,0,0,0,2,1,1,0,0,0.0,0,0,7,0,1,0,0,3.9582291686698783,0,1,https://llzaix.webwave.dev/
46,0,0,0,2,1,1,0,0,0.0,0,0,9,0,6,0,0,4.164228803600908,0,1,https://home-iostart-trxzr.wixstudio.com/us-en
48,0,0,0,1,0,1,0,0,0.125,0,0,7,0,30,0,0,4.198934896284055,0,0,https://tportal.hr/article/2026/05/global-update
21,0,0,1,1,0,1,0,0,0.0,0,0,3,0,7,0,0,3.8442328987631917,0,1,https://q-r.to/bgZsHY
146,0,0,0,3,1,1,0,0,0.10273972602739725,0,7,6,0,64,4,0,5.17429067684096,0,1,https://docs.google.com/presentation/d/1_JwQcGLD2hXf4ds5PCy3DQA4HtypIL2g11bpz6tEdl0/pub?start=false&amp;loop=false&amp;delayms=3000&amp;slide=id.p
175,0,0,0,2,1,1,0,0,0.10857142857142857,0,5,6,0,108,3,0,5.518307525205226,0,1,https://docs.google.com/presentation/d/e/2PACX-1vRgZvBw9KqW2x_gbehV2NbtJQVBjK423kLs3sgU__m8luS0Cr-nX9vzVihbcUCerpSgcV4rh1B2uGeh/pub?start=false&amp;loop=false&amp;delayms=3000
29,0,0,0,2,1,1,0,0,0.0,0,0,7,0,6,0,0,3.75886709923353,0,0,https://www.timeout.com/about
39,0,0,0,2,1,1,0,0,0.15384615384615385,0,0,10,0,14,0,0,4.355539077670187,0,0,https://www.thethao247.vn/dp/B08N5WRWNW
58,0,0,0,2,1,1,0,0,0.08620689655172414,0,0,6,0,1,0,0,4.332058694023815,0,1,https://security-server-landing-page--lme85959.replit.app/
21,0,0,1,1,0,1,0,0,0.047619047619047616,0,0,3,0,7,0,0,3.939470994001287,0,1,https://q-r.to/bga5KN
35,0,0,0,2,1,1,0,0,0.0,0,0,6,0,13,0,0,3.8757315032041886,0,0,https://www.thrtle.com/r/technology
90,0,0,1,2,1,0,0,0,0.25555555555555554,0,2,9,0,52,0,0,4.8708800802266525,0,1,http://allegrolokalnie.nr-238434.click/oferta/samsung-s25-ultra-256gb-bia%C5%82y/397040257
32,0,0,0,2,1,1,0,0,0.0,0,0,6,0,1,0,0,3.8667292966721747,0,1,https://rabby-wallet.wasmer.app/
37,0,0,0,1,0,1,0,0,0.0,0,0,5,0,20,0,0,4.023661393171458,0,0,https://adnxs.com/category/news/today
16,0,0,0,1,0,1,0,0,0.0,0,0,5,0,0,0,0,3.625,0,0,https://videa.hu
71,0,0,0,3,1,1,0,0,0.3380281690140845,0,0,2,0,20,0,0,4.832157330467574,0,1,https://pub-1f2372b56d8240a2af409d646bc18243.r2.dev/backgroundfull.html
21,0,0,0,1,0,1,0,0,0.0,0,0,4,0,6,0,0,3.7849418274376427,0,1,https://surl.li/gcarn
35,0,0,0,2,1,1,0,0,0.08571428571428572,0,0,4,0,14,0,0,4.422000516883153,0,0,https://blog.vzbi.com/dp/B08N5WRWNW
62,0,0,0,3,1,1,0,0,0.43548387096774194,0,0,2,0,11,0,0,4.655336229532345,0,1,https://pub-2015a8822233428099bf178992d7c2e7.r2.dev/index.html
37,0,0,0,2,1,1,0,0,0.0,0,0,6,0,1,0,0,4.098117812148849,0,1,https://attcurrentlymaill.weebly.com/
46,0,0,0,3,2,1,0,0,0.0,0,0,10,0,17,0,0,3.8795260233300493,0,1,https://kjf.tpf.mybluehost.me/dkb/dkb/dkb/dkb/
44,0,0,0,2,0,1,0,0,0.0,0,0,9,0,20,0,0,4.11807820934971,0,0,https://lsgkerala.gov.in/conditions/diabetes
25,0,0,0,1,0,1,0,0,0.0,0,0,12,0,1,0,0,4.023465189601647,0,1,https://lisajodesign.com/
175,0,0,0,2,1,1,0,0,0.08571428571428572,0,5,6,0,108,3,0,5.552537130245459,0,1,https://docs.google.com/presentation/d/e/2PACX-1vRl1qovYXbPutIbwsnAJJZwlkL_9bzujA_OvHEprfh9HJhO2S2X_nWA0tD-NoF1n9tCJveF7LQMEItq/pub?start=false&amp;loop=false&amp;delayms=3000
28,0,0,0,2,1,1,0,0,0.25,0,0,6,0,1,0,0,4.280394654123195,0,1,https://980v6655.weebly.com/
38,0,0,0,1,0,1,0,0,0.10526315789473684,0,0,4,0,23,0,0,4.839775539645508,0,1,https://qrco.de/1kNcV9Et2Fk7wKahMbgHWG
51,0,0,0,3,2,1,0,0,0.0196078431372549,0,0,5,0,22,0,0,4.61524598979711,0,1,https://new.express.adobe.com/webpage/vUjVG1mNfZeQz
29,0,0,0,2,1,1,0,0,0.10344827586206896,0,0,5,0,4,0,0,4.090234012145144,0,0,https://support.ml314.com/faq
39,0,0,0,2,1,1,0,0,0.0,0,0,6,0,1,0,0,4.131054782742918,0,1,https://mailnarakoreaonline.weebly.com/
38,0,0,0,3,1,1,0,0,0.0,0,0,5,0,11,0,0,3.9155803954675146,0,1,https://sparkasse.mitid.ltd/index.html
62,0,0,0,3,1,1,0,0,0.41935483870967744,0,0,2,0,11,0,0,4.655336229532345,0,1,https://pub-b0a15b2b0e5843158192848f3033a925.r2.dev/index.html
27,0,0,0,1,0,1,1,0,0.07407407407407407,0,0,8,0,6,0,0,4.032303242743952,0,0,https://krikya11.club/about
175,0,0,0,2,1,1,0,0,0.08,0,5,6,0,108,3,0,5.545952432056731,0,1,https://docs.google.com/presentation/d/e/2PACX-1vRpHl4LumvmMf-jBQ-rG-y3-zPKqZ-3oBMl1xjJ5yXupbL6JLxvZx_Wayi4GYlNiXPTgzkqvgTjf6oe/pub?start=false&amp;loop=false&amp;delayms=3000
23,0,0,0,2,1,1,0,0,0.043478260869565216,0,0,3,0,7,0,0,3.8820451081368623,0,1,https://l.ead.me/bgal7W
142,0,0,0,6,0,1,1,0,0.323943661971831,0,7,12,0,1,3,0,5.063828553814918,0,1,https://ufblrestffsv.top/?secure_connect=fg1Iy*%5E&_subid=2hk9he4.3d.vol6&_token=21gabed31v351f.1779711459.31.dcb489b239b117263b352ca38bda77e0
38,0,0,0,2,0,1,0,0,0.0,0,0,12,0,15,0,0,3.8983429735713675,0,1,https://sandeepkalsi.in/map/index.html
51,0,0,0,3,2,1,0,0,0.0196078431372549,0,0,5,0,22,0,0,4.588421175007881,0,1,https://new.express.adobe.com/webpage/IaHEoWlO4mZCS
21,0,0,1,1,0,1,0,0,0.0,0,0,3,0,7,0,0,3.8442328987631917,0,1,https://q-r.to/bgbLvx
44,0,0,0,2,1,0,0,0,0.0,0,0,9,0,6,0,0,4.345350936622436,0,1,http://homepage-ldgercdn.wixstudio.com/en-us
39,0,0,0,2,1,1,0,0,0.0,0,0,5,0,1,0,0,3.989778500580689,0,1,https://submit-your-form-here.surge.sh/
22,0,0,0,1,0,1,0,0,0.0,0,0,4,0,7,0,0,4.152391277629866,0,1,https://qrco.de/bfNnSy
31,0,0,0,3,1,1,0,0,0.0,0,0,4,0,8,0,0,3.784368487596862,0,0,https://docs.mofa.go.jp/contact
43,0,0,0,2,1,1,0,0,0.0,0,0,11,0,15,0,0,4.135940488298283,0,0,https://docs.samsungapps.com/privacy-policy
58,0,0,0,2,1,1,0,0,0.0,0,1,9,0,7,1,0,4.319043392262376,0,0,https://docs.adultwork.com/search?q=cybersecurity+research
51,0,0,0,2,1,1,0,0,0.0,0,0,6,0,1,0,0,4.149901018603955,0,1,https://connectxverificationproappsuit.framer.wiki/
114,0,0,0,3,1,1,0,0,0.10526315789473684,0,3,7,0,54,2,0,5.113701971012269,0,1,https://www.dropbox.com/scl/fi/ww9yglcoazl3qxk1vpf5b/BT-Broadband-Voice.paper?rlkey=w9nb5ejfc33fhjt92xzikke9t&dl=0
21,0,0,1,1,0,1,0,0,0.0,0,0,3,0,7,0,0,3.939470994001287,0,1,https://q-r.to/bfTUdV
24,0,0,0,1,0,1,0,0,0.0,0,0,6,0,6,0,0,3.7406015629507223,0,0,https://xhspot.com/login
29,0,0,1,1,0,1,0,0,0.0,0,0,16,0,1,0,0,4.017824858003424,0,1,https://secupassverif-sg.com/
61,0,0,0,2,1,1,0,0,0.0,0,1,13,0,7,1,0,4.127241133163791,0,0,https://www.contentsquare.net/search?q=cybersecurity+research
42,0,0,1,1,0,1,0,0,0.047619047619047616,0,0,9,0,21,0,0,4.044003363657554,0,0,https://awsdns-55.com/terms-and-conditions
21,0,0,0,1,0,1,0,0,0.0,0,0,9,0,0,0,0,3.6537567082870015,0,0,https://wassenaar.org
46,0,0,0,2,1,1,0,0,0.06521739130434782,0,0,10,1,14,0,0,4.501397825434103,0,0,https://www.usgovcloud.microsoft/dp/B08N5WRWNW
51,0,0,0,3,2,1,0,0,0.0392156862745098,0,0,5,0,22,0,0,4.642438577011087,0,1,https://new.express.adobe.com/webpage/JNMAEC4cU9XoI
22,0,0,0,1,0,1,0,0,0.09090909090909091,0,0,4,0,7,0,0,4.0614821867207755,0,1,https://qrco.de/bfdl65
36,0,0,0,2,1,1,0,0,0.027777777777777776,0,0,11,0,1,0,0,4.2527152789797045,0,1,https://metamaskxx1.webcindario.com/
23,0,0,0,2,1,1,0,0,0.0,0,0,3,0,7,0,0,3.9690016298759927,0,1,https://l.ead.me/bfMSbC
109,0,0,1,1,0,1,0,0,0.21100917431192662,0,2,10,0,45,1,0,5.315177017942568,0,1,https://radiance-m.com/wp-content/cy0VdvBC5zKWVf5fSaI5RJbDsXVIGAxh/?id=abcef4d8450eb484b359c5ad928381f7&email
31,0,0,0,2,1,1,0,0,0.0,0,0,10,0,4,0,0,4.0022680844408445,0,0,https://blog.altervista.org/faq
43,0,0,0,2,1,1,0,0,0.06976744186046512,0,0,12,0,14,0,0,4.536388882458135,0,0,https://blog.demonicscans.org/dp/B08N5WRWNW
50,0,0,1,2,1,0,0,0,0.18,0,0,23,0,0,0,0,4.205533250556852,0,1,http://allegrolokalnie.lokalna-oferta153573618.lat
21,0,0,1,1,0,1,0,0,0.047619047619047616,0,0,3,0,7,0,0,3.8442328987631917,0,1,https://q-r.to/bgc4oC
32,0,0,0,2,1,0,0,0,0.0,0,0,5,0,0,0,0,3.8636085007312415,0,1,http://trzorio-start.dream.space
86,0,0,0,6,3,1,0,0,0.046511627906976744,0,1,9,0,9,1,0,4.6567523651122675,0,1,https://group-transfer.s3.us-west-2.amazonaws.com/4L5djpcG?em=redacted@abuse.ionos.com
22,0,0,0,1,0,1,0,0,0.0,0,0,4,0,7,0,0,4.0614821867207755,0,1,https://qrco.de/bfeyjE
40,0,0,0,1,0,1,0,0,0.0,0,0,8,0,20,0,0,3.9653115322251025,0,0,https://truoptik.com/conditions/diabetes
22,0,0,0,1,0,1,0,0,0.0,0,0,4,0,7,0,0,3.970573095811685,0,1,https://qrco.de/bfQcmq
49,0,0,0,2,1,1,0,0,0.0,0,0,9,0,20,0,0,4.115037528699616,0,0,https://support.walgreens.com/category/news/today
23,0,0,0,2,1,1,0,0,0.0,0,0,6,0,0,0,0,4.001822825622231,0,0,https://blog.airbus.com
22,0,0,0,1,0,1,0,0,0.0,0,0,4,0,7,0,0,4.152391277629866,0,1,https://qrco.de/bgiBPF
51,0,0,0,1,0,1,0,0,0.11764705882352941,0,0,9,0,30,0,0,4.334409048686642,0,0,https://nyahentai.one/article/2026/05/global-update
29,0,0,0,2,1,1,0,0,0.0,0,0,12,0,0,0,0,3.8833374604210062,0,0,https://docs.alibabacloud.com
35,0,0,0,2,1,1,0,0,0.0,0,0,6,0,13,0,0,4.057575159678482,0,0,https://www.walkme.com/r/technology
35,0,0,0,2,1,1,0,0,0.0,0,0,7,0,8,0,0,3.699594445021888,0,0,https://support.stubhub.com/contact
29,0,0,0,2,1,1,0,0,0.0,0,0,13,0,0,0,0,3.5124792706912316,0,1,https://app.presentedabia.app
62,0,0,0,3,1,1,0,0,0.3709677419354839,0,0,2,0,11,0,0,4.686400198546104,0,1,https://pub-fe45910597a14b45b7e5e3afa9958649.r2.dev/index.html
32,0,0,0,1,0,1,0,0,0.0,0,0,7,0,13,0,0,3.9292292966721747,0,0,https://semasio.net/r/technology
21,0,0,1,1,0,1,0,0,0.0,0,0,3,0,7,0,0,3.939470994001287,0,1,https://q-r.to/bfJWyw
40,0,0,0,2,1,1,0,0,0.125,0,0,6,0,20,0,0,4.132332871750515,0,0,https://en.elster.de/products/item/10293
44,0,0,0,2,1,1,0,0,0.0,0,0,7,0,20,0,0,4.169547811769946,0,0,https://blog.wizards.com/conditions/diabetes
39,0,0,0,2,1,1,0,0,0.0,0,0,7,0,3,0,0,3.9552918860179607,0,1,https://mtmskchrcmxtnsion.gitbook.io/us
23,0,0,0,1,0,1,0,0,0.0,0,0,6,0,5,0,0,3.729446194905256,0,0,https://amxrtb.com/home
29,0,0,0,2,1,1,0,0,0.0,0,0,6,0,1,0,0,4.1852301329094015,0,1,https://seinajoki.weebly.com/
29,0,0,0,2,1,1,0,0,0.0,0,0,7,0,6,0,0,4.133168925863645,0,0,https://www.reolink.com/about
25,0,0,0,2,1,1,0,0,0.0,0,0,4,0,5,0,0,3.7532696895151085,0,0,https://www.poki.com/help
33,0,0,0,1,0,1,0,0,0.12121212121212122,0,0,7,0,14,0,0,4.173033892020166,0,0,https://copper6.com/dp/B08N5WRWNW
57,0,0,0,2,1,1,0,0,0.0,0,1,8,0,7,1,0,4.235774883644437,0,0,https://docs.jftechws.com/search?q=cybersecurity+research
36,0,0,0,2,1,1,0,0,0.08333333333333333,0,0,6,0,14,0,0,4.18354236243323,0,0,https://www.bytelb.net/dp/B08N5WRWNW
22,0,0,0,2,1,1,0,0,0.0,0,0,5,0,0,0,0,3.788754913993503,0,0,https://blog.corel.com
21,0,0,1,1,0,1,0,0,0.0,0,0,3,0,7,0,0,3.939470994001287,0,1,https://q-r.to/bgaKcn
21,0,0,0,2,1,1,0,0,0.0,0,0,5,0,1,0,0,3.7849418274376427,0,1,https://sc.bdfrz.cam/
175,0,0,0,2,1,1,0,0,0.09714285714285714,0,5,6,0,108,3,0,5.706307789791656,0,1,https://docs.google.com/presentation/d/e/2PACX-1vSVQ8XfqD_Wt97Tzw0oTwsUBjQ5JA6hKEpSFW_35K87jYkSyCtNCulczHhSZl3xMdndLAGClOgeFUBU/pub?start=false&amp;loop=false&amp;delayms=3000
43,0,0,0,2,1,1,0,0,0.0,0,0,6,0,21,0,0,3.9873274760758837,0,0,https://docs.orange.es/terms-and-conditions
83,0,0,0,3,2,1,0,0,0.1927710843373494,0,0,4,0,1,0,0,4.834225317500273,0,1,https://bafkreihdpkrq5y2selymmt7o424plw262nuzryntdg5fk33b6k2yo7ay3u.ipfs.dweb.link/
59,0,0,0,2,1,1,0,0,0.0,0,1,10,0,7,1,0,4.339121822567978,0,0,https://blog.bookmyshow.com/search?q=cybersecurity+research
21,0,0,1,1,0,1,0,0,0.047619047619047616,0,0,3,0,7,0,0,3.8442328987631917,0,1,https://q-r.to/bfX0pe
29,0,0,0,1,0,1,0,0,0.10344827586206896,0,0,3,0,14,0,0,4.21126073643228,0,0,https://eia.gov/dp/B08N5WRWNW
33,0,0,0,2,1,1,0,0,0.3939393939393939,0,0,6,0,1,0,0,3.98319563424773,0,1,https://2354573435254.vercel.app/
28,0,0,0,2,1,1,0,0,0.0,0,0,6,0,6,0,0,3.896291529045928,0,0,https://blog.cloudx.io/login
22,0,0,0,2,1,1,0,0,0.0,0,0,4,0,4,0,0,3.6635327548042547,0,0,https://en.saya.pk/faq
25,0,0,0,1,0,1,0,0,0.0,0,0,7,0,6,0,0,3.9132696895151087,0,1,https://linqapp.com/sasdf
37,0,0,0,1,0,1,0,0,0.13513513513513514,0,0,5,0,20,0,0,4.17257423112624,0,0,https://ecwid.com/products/item/10293
29,0,0,0,1,0,1,0,0,0.06896551724137931,0,0,6,0,11,0,0,4.142295219190901,0,1,https://sxthxf.com/8HiLqjt8CR
25,0,0,0,2,1,1,0,0,0.0,0,0,5,0,6,0,0,3.863465189601647,0,0,https://en.airee.ru/login
31,0,0,0,1,0,1,0,0,0.0,0,0,20,0,0,0,0,4.026619294188054,0,0,https://lanouvellerepublique.fr
41,0,0,0,2,0,1,0,0,0.04878048780487805,0,1,7,0,6,1,0,4.442679443536939,0,0,https://carview.co.jp/watch?v=dQw4w9WgXcQ
48,0,0,0,1,0,1,0,0,0.020833333333333332,0,1,4,0,7,1,0,4.131866543182522,0,0,https://ap4r.com/search?q=cybersecurity+research
41,0,0,0,2,1,1,0,0,0.14634146341463414,0,0,6,0,1,0,0,4.259514199528965,0,1,https://patient-office-998541.framer.app/
35,0,0,0,2,1,1,0,0,0.0,0,0,15,0,4,0,0,4.014438730983427,0,0,https://www.psychologytoday.com/faq
30,0,0,0,2,1,1,0,0,0.06666666666666667,0,0,9,0,1,0,0,4.164735178725505,0,1,https://qcnz84ut.paperform.co/
22,0,0,0,1,0,1,0,0,0.0,0,0,4,0,7,0,0,4.152391277629866,0,1,https://qrco.de/bfJYHE
24,0,0,0,1,0,1,0,0,0.0,0,0,7,0,5,0,0,3.8553885422075336,0,0,https://gifshow.com/help
37,0,0,0,2,1,1,0,0,0.0,0,0,11,0,6,0,0,3.8278475418785787,0,0,https://support.getresponse.com/about
43,0,0,1,2,1,1,0,0,0.06976744186046512,0,0,9,0,14,0,0,4.443365626644182,0,0,https://support.hs-banner.com/dp/B08N5WRWNW
33,0,0,0,2,1,1,0,0,0.0,0,0,8,0,5,0,0,3.7407713918234875,0,0,https://support.mapquest.com/home
126,0,0,0,2,1,1,0,0,0.09523809523809523,0,1,10,0,79,1,0,5.4401309921209355,0,1,https://netorg679262-my.sharepoint.com/:f:/g/personal/brandi_lpckc_com/EsGlowtg98dPjzEpiiJUyrgBuJ81B6oGiV_UfDSRvKFBIQ?e=qi2KND
37,0,0,0,3,1,1,0,0,0.0,0,0,3,0,15,0,0,4.046762824854521,0,0,https://docs.ntv.co.jp/privacy-policy
25,0,0,0,2,1,1,0,0,0.0,0,0,4,0,5,0,0,3.623465189601647,0,0,https://docs.tutu.ru/home
21,0,0,1,1,0,1,0,0,0.0,0,0,3,0,7,0,0,3.939470994001287,0,1,https://q-r.to/bfJwEC
40,0,0,0,2,1,1,0,0,0.0,0,0,11,0,13,0,0,4.0964393446710154,0,0,https://www.libreoffice.org/r/technology
27,0,0,0,2,1,1,0,0,0.0,0,0,3,0,1,0,0,3.7080481500712312,0,1,https://rahdhdjkdh.web.app/
16,0,0,0,1,0,1,0,0,0.0,0,0,4,0,0,0,0,3.625,0,0,https://esri.com
31,0,0,0,2,1,1,0,0,0.0,0,0,10,0,4,0,0,4.0022680844408445,0,0,https://blog.amplifyapp.com/faq
35,0,0,0,1,0,1,0,0,0.14285714285714285,0,1,3,0,6,1,0,4.471581588126284,0,0,https://163.com/watch?v=dQw4w9WgXcQ
35,0,0,0,2,1,1,0,0,0.0,0,0,6,0,1,0,0,4.286146588249911,0,1,https://admintalkssuprt.weebly.com/
22,0,0,0,1,0,1,0,0,0.045454545454545456,0,0,4,0,7,0,0,4.152391277629866,0,1,https://qrco.de/bfI3yA
103,0,0,0,1,0,1,0,1,0.2912621359223301,0,1,1,0,11,1,0,5.280828989304463,0,1,https://t.co/lnBZ9op7N1?appnxsid=T97058335050807459Jg1zRdizitccgW5MpozaO6p8E0NY2qpjkxBCkcwad8vOZRtc06X6
59,0,0,0,3,1,1,0,0,0.1016949152542373,0,0,10,0,30,0,0,4.3970711766204085,0,0,https://docs.bobaedream.co.kr/article/2026/05/global-update
48,0,0,0,3,0,1,0,0,0.0,0,0,10,0,24,0,0,3.9561956368173217,0,1,https://rtranstics.co.za/assets_old/redirect.htm
23,0,0,0,2,1,1,0,0,0.0,0,0,4,0,5,0,0,3.8820451081368623,0,0,https://en.yadi.sk/home
46,0,0,1,2,1,1,0,0,0.043478260869565216,0,0,9,0,21,0,0,4.118579554250694,0,0,https://www.awsdns-32.com/terms-and-conditions
42,0,0,0,2,1,1,0,0,0.0,0,0,7,0,20,0,0,3.996384316038506,0,0,https://en.example.com/conditions/diabetes
22,0,0,0,1,0,1,0,0,0.0,0,0,4,0,7,0,0,4.152391277629866,0,1,https://qrco.de/bfKZFi
24,0,0,0,1,0,1,0,0,0.0,0,0,5,0,8,0,0,3.6368421881310113,0,1,https://reach.at/ertyuiy
27,0,0,1,1,0,1,0,0,0.0,0,0,10,0,5,0,0,3.6484318362032013,0,0,https://e-planning.net/news
67,0,0,0,1,0,1,0,0,0.13432835820895522,0,0,4,0,52,0,0,5.120058175752487,0,1,https://ipfs.io/ipfs/QmP5vJqD1xNFqyhfNEkcdb1eSnJWYY25MoAFwhh1W2hX86
27,0,0,0,2,1,1,0,0,0.0,0,0,6,0,4,0,0,4.106377316818026,0,0,https://blog.komiku.org/faq
22,0,0,0,1,0,1,0,0,0.0,0,0,4,0,7,0,0,4.152391277629866,0,1,https://qrco.de/bgaGBx
175,0,0,0,2,1,1,0,0,0.09714285714285714,0,5,6,0,108,3,0,5.549843023948253,0,1,https://docs.google.com/presentation/d/e/2PACX-1vQpOaqOcxpojrZHDtCr6ccIBeXx_F-jwpBVc7Ubjj5eH6HcCM2yN9YDwAZmNBQZ87b0hI6cJsaaGR9m/pub?start=false&amp;loop=false&amp;delayms=3000
34,0,0,0,2,1,1,0,0,0.0,0,0,14,0,5,0,0,4.0796786498829745,0,0,https://en.wakuhyfeserucu.com/home
22,0,0,0,1,0,1,0,0,0.0,0,0,3,0,8,0,0,3.6978458230844122,0,0,https://mpg.de/contact
45,0,0,0,2,1,1,0,0,0.0,0,0,16,0,13,0,0,4.1694136517890765,0,0,https://www.medicalnewstoday.com/r/technology
35,0,0,0,1,0,1,0,0,0.08571428571428572,0,0,9,0,14,0,0,4.107156230921614,0,0,https://ospserver.net/dp/B08N5WRWNW
46,0,0,0,2,1,0,0,0,0.15217391304347827,0,0,5,0,1,0,0,4.648243205915917,0,1,http://hsm1w-0xk-24bugt-ffgnl0-6ob2.pages.dev/
58,0,0,0,3,2,0,0,0,0.06896551724137931,0,0,6,0,31,0,0,4.405587357928822,0,1,http://www.sites.google.com/view/portail-check1407-chorus/
21,0,0,1,1,0,1,0,0,0.047619047619047616,0,0,3,0,7,0,0,3.939470994001287,0,1,https://q-r.to/bgcAl1
34,0,0,0,2,1,1,0,0,0.0,0,0,3,0,15,0,0,4.094097032108652,0,0,https://www.cfr.org/privacy-policy
47,0,0,1,1,0,1,0,0,0.40425531914893614,0,0,3,0,33,0,0,4.376204213693506,0,1,https://q-r.to/6dadaf94b61733a2d38775c78a99dc6a
42,0,0,0,1,0,1,0,0,0.0,0,0,9,0,21,0,0,4.121267946939375,0,0,https://xhwebsite.com/terms-and-conditions
38,0,0,0,1,0,1,0,0,0.0,0,0,2,0,24,0,0,3.954210159266476,0,0,https://uk.com/docs/forms/d/e/viewform
34,0,0,0,2,1,1,0,0,0.0,0,0,7,0,1,0,0,4.152920561520418,0,1,https://mtaskiellgeuin.webflow.io/
32,0,0,0,2,1,1,0,0,0.0,0,0,9,0,6,0,0,4.077819531114783,0,0,https://docs.expertini.com/about
22,0,0,0,1,0,1,0,1,0.045454545454545456,0,0,3,0,8,0,0,3.8453509366224363,0,1,https://bit.ly/3zPblgS
47,0,0,0,2,1,1,0,0,0.0,0,0,9,0,6,0,0,4.068451161635844,0,1,https://pocktoptioncdn-apps.wixstudio.com/en-us
52,0,0,0,2,1,1,0,0,0.0,0,1,3,0,7,1,0,4.2821972957977374,0,0,https://blog.gao.gov/search?q=cybersecurity+research
50,0,0,0,2,1,1,0,0,0.0,0,0,11,0,24,0,0,4.115728750643391,0,0,https://en.startribune.com/docs/forms/d/e/viewform
55,0,0,0,2,1,1,0,0,0.0,0,0,15,0,24,0,0,4.200710677714705,0,0,https://www.yaoimangaonline.com/docs/forms/d/e/viewform
32,0,0,0,1,0,1,0,0,0.0,0,0,15,0,5,0,0,3.9414280318460246,0,0,https://assetsconfigcdn.org/news
40,0,0,0,2,1,1,0,0,0.0,0,0,11,0,1,0,0,4.415311532225102,0,1,https://logon-review-uk.firebaseapp.com/
175,0,0,0,2,1,1,0,0,0.08571428571428572,0,5,6,0,108,3,0,5.592864146674898,0,1,https://docs.google.com/presentation/d/e/2PACX-1vQ5HCwyHkL7fkCprouiofT1aYvBsFuTwTO8btKBZD5gE1lsW9bkvzRKiUE2tN_dUrBr0yY-DKnzjcwO/pub?start=false&amp;loop=false&amp;delayms=3000
1005,0,0,0,5,3,1,0,0,0.19701492537313434,0,1,8,0,9,1,0,5.946789107187953,0,1,https://u109706070.ct.eu.sendgrid.net/ls/click?upn=u001.NkPgBxNa-2BnHbE3J2qjazWSR4Up2beQq11GBq1mFM66k6BU8TIzdFhPyU0Uf1-2FdAIcoWwvBYHYabfU6xzG0rWo69XNZLw8pHzHU9aQEHD8HR-2BljlqfAH9B5Bx1Hhm199qBoDzw8BCFb0NH5oGjWTdZTp2twFO3xBu5J7f4Ge0qoFxJ7fL1ZPMDFwHyOc3bSPQunIMs3lgY5UyH2GnLvYO37QxZ2ePHUzfUDsC3TiABfEBSEXtK0Va8E52rCikQo7vKMumABz99eZW2Mzk-2BVCqZZaaAjXixB6-2F4-2ByvSNLMww6-2FsRJAuCQ5i15rT90pEcET5BRjUOFR0XvoI06JRiEPtwO9tUbFV9Mmv13zSA44f9IwyJwq-2FN8-2BpWcyx8b4IyCbNiLRr8ixQbLJ7nPtL3SU84S5j0eiUHWGqIUF4BRquJO2nBApMGLkuVdxKtfP7E1Q4MLo_noKpPTDhsQIpiq15UrxVN7egMuGTdX32izl7nGMQuuf1k8urM6Sh8z-2BzsrNWigDZON9PsVFlguO-2FhyPUUU0Uh5WKky7VCZqXzzE2Gg3NEqtaO65RPf8CGBuHyMSQqVY6jlx29tH0tX1Mw-2BTI-2B-2B-2FM1wB2m6P2TGRJrHYPO-2FwELWnmv6g1OwU-2Bav8v7nxhM5uBCUSytpWev9Nw1B2KpqhKZqNVwpQIVzyF5ec-2BHHxgml4lUGZAVlHyeQJDO2AKnEbw619L-2BMWaJsYoMdaWcss4Zb9fvupDSXL6hP5UyvEyLSFsXApebUrAncQfNQdeVEpohUxghe-2BlHztCjqqzGyC78g5fLKcM-2BVMn-2F-2FtZVf301rR3lO8oGbELjclI3u6eV60456NtYk9qdsRC0iiHz1FpAzznKM4h6PTuA7DZzN10fD8e-2B1nt0qsKW892luhPmPKv
64,0,0,0,2,1,1,0,0,0.09375,0,0,7,0,1,0,0,4.69868417945087,0,1,https://uysd6qagdscfxhjhma-cuaydfi876qewy97qwesdjvy.teemill.com/
83,0,0,0,3,2,1,0,0,0.07228915662650602,0,0,4,0,1,0,0,4.718135293121963,0,1,https://bafkreidbradondcumzdqpggf3lrcrcbgobh7up36ilutamaevh3r2slfbe.ipfs.dweb.link/
25,0,0,0,1,0,1,0,0,0.0,0,0,5,0,8,0,0,3.6692750707107136,0,0,https://pixiv.net/contact
30,0,0,0,2,1,1,0,0,0.0,0,0,10,0,5,0,0,3.923231428797621,0,0,https://www.aniagotuje.pl/news
35,0,0,0,2,1,1,0,0,0.0,0,0,8,0,13,0,0,3.9544425746945735,0,0,https://en.easybell.de/r/technology
190,0,0,0,3,1,1,0,0,0.12105263157894737,0,7,6,0,108,4,0,5.531231920811433,0,1,https://docs.google.com/presentation/d/e/2PACX-1vSCg0gvNytDHeLfO8Rp-kkxzCfQSST1reKLiW_ofKKv49b3S40me1vroj4JPF36iLFlO7bz9N37jMa8/pub?start=false&amp;loop=false&amp;delayms=3000&amp;slide=id.p
51,0,0,1,2,1,0,0,0,0.19607843137254902,0,0,24,0,0,0,0,4.246365421320504,0,1,http://allegrolokalnie.oferta-lokalna6853496234.lol
42,0,0,0,2,1,1,0,0,0.0,0,0,6,0,1,0,0,4.222807530427242,0,1,https://understandingnewgraded.weebly.com/
52,0,0,0,2,1,1,0,0,0.11538461538461539,0,0,5,0,30,0,0,4.433626199277107,0,0,https://blog.hotxv.com/article/2026/05/global-update
46,0,0,0,2,1,1,0,0,0.0,0,0,9,0,9,0,0,4.1727148802435865,0,1,https://homepage-trexre.wixstudio.com/en-start
76,0,0,1,2,1,1,0,0,0.2631578947368421,0,3,16,0,1,2,0,4.919062796868704,0,1,https://us16.campaign-archive.com/?u=39e7beabd98a4d8f592f1fe71&id=d1b6b0c7c3
42,0,0,0,1,0,1,0,0,0.11904761904761904,0,0,10,0,20,0,0,4.282098601752791,0,0,https://wikisource.org/products/item/10293
97,0,0,0,4,3,1,0,0,0.10309278350515463,0,0,9,0,29,0,0,5.039951632113403,0,1,https://resources-real1df2382bbundle.s3.ap-southeast-1.amazonaws.com/pLGNVjaMKA9hY/BVT1tDeZ/bbjq3
75,0,0,0,5,3,1,0,0,0.06666666666666667,0,0,11,0,13,0,0,4.395522531513096,0,1,https://marcozeroajusteparacima.s3.us-east-005.backblazeb2.com/aumento.html
46,0,0,0,2,1,1,0,0,0.0,0,0,9,0,20,0,0,3.821808153068015,0,0,https://docs.systemdns.com/conditions/diabetes
72,0,0,0,3,1,1,0,0,0.041666666666666664,0,1,6,0,4,1,1,4.7527152789797045,0,1,https://www.google.com/url?q=https://sparka-kundenauswahl.com/F7MM0TMP9T
175,0,0,0,2,1,1,0,0,0.10285714285714286,0,5,6,0,108,3,0,5.55198215020288,0,1,https://docs.google.com/presentation/d/e/2PACX-1vTJWm521ej4nv6UieRbyn9P9YHBta2uCcsJuadLho0unOkRPNrqr3wUvU_vU1KEUVQmdXrJ4MdiAvmD/pub?start=false&amp;loop=false&amp;delayms=3000
37,0,0,1,1,0,1,0,0,0.05405405405405406,0,0,9,0,16,0,0,4.175273297885966,0,0,https://awsdns-26.net/in/profile-name
71,0,0,0,5,3,1,0,0,0.1267605633802817,0,0,9,0,15,0,0,4.91934928237382,0,1,https://m4vt1m0f1f28jiwwlk6u.s3.eu-south-1.amazonaws.com/DdwJjArTX.html
175,0,0,0,2,1,1,0,0,0.09714285714285714,0,5,6,0,108,3,0,5.6174727551689365,0,1,https://docs.google.com/presentation/d/e/2PACX-1vRvPkxYerUfa7AJPG6hUC7AHg7US6m_Grg3TeMPhAMmMi_5NKrkO0L4yuxq2rwUVWhP9cLxQMSaskKj/pub?start=false&amp;loop=false&amp;delayms=3000
113,0,0,0,2,1,1,0,0,0.07964601769911504,0,1,6,0,76,1,0,5.500254711611906,0,1,https://docs.google.com/forms/d/e/1FAIpQLSfxEjMGQxHHP9GpTO85l-3r1qS4_BAK8kvLwel6zghPDmJVaw/viewform?usp=send_form
30,0,0,0,1,0,1,0,0,0.0,0,0,3,0,16,0,0,3.8980685120588388,0,0,https://net.hr/in/profile-name
38,0,0,0,1,0,1,0,0,0.0,0,0,10,0,16,0,0,4.050301855434982,0,0,https://toyokeizai.net/in/profile-name
22,0,0,0,1,0,1,0,0,0.0,0,0,4,0,7,0,0,4.0614821867207755,0,1,https://qrco.de/bgcGRB
21,0,0,1,1,0,1,0,0,0.047619047619047616,0,0,3,0,7,0,0,3.7489948035250964,0,1,https://q-r.to/bga4gr
25,0,0,0,2,1,1,0,0,0.0,0,0,6,0,5,0,0,3.5932696895151084,0,0,https://en.airtel.in/help
36,0,0,0,2,1,1,0,0,0.0,0,0,7,0,13,0,0,4.0860486123130375,0,0,https://www.basalam.com/r/technology
37,0,0,0,1,0,1,0,0,0.05405405405405406,0,1,5,0,6,1,0,4.239877609387674,0,0,https://toast.com/watch?v=dQw4w9WgXcQ
39,0,0,0,2,1,1,0,0,0.0,0,0,6,0,16,0,0,4.221049013623096,0,0,https://blog.payhip.com/in/profile-name
43,0,0,0,2,1,1,0,0,0.0,0,0,9,0,6,0,0,4.065117661376963,0,1,https://page-appssuites.wixstudio.com/en-us
39,0,0,0,2,1,1,0,0,0.3076923076923077,0,0,3,0,1,0,0,4.406821128952238,0,1,https://load-page-100054287954.web.app/
43,0,0,0,2,1,1,0,0,0.046511627906976744,0,0,5,0,0,0,0,4.443365626644182,0,1,https://cpanel-webmail-v0ja0uvosq.pages.dev
46,0,0,0,1,0,1,0,0,0.08695652173913043,0,0,17,0,17,0,0,4.33814184707917,0,1,https://lighousconsulting.com/Shaw2022service/
21,0,0,1,1,0,1,0,0,0.047619047619047616,0,0,3,0,7,0,0,3.939470994001287,0,1,https://q-r.to/bgaDF3
33,0,0,0,2,1,1,0,0,0.0,0,0,11,0,5,0,0,4.173033892020166,0,0,https://blog.foodandwine.com/help
52,0,0,0,2,1,1,0,0,0.0,0,1,5,0,7,1,0,4.229218689986902,0,0,https://en.india.com/search?q=cybersecurity+research
28,0,0,0,3,1,1,0,0,0.0,0,0,4,0,6,0,0,3.842370993177109,0,0,https://www.hpcl.co.in/about
55,0,0,0,2,1,1,0,0,0.10909090909090909,0,0,8,0,30,0,0,4.404112332400034,0,0,https://docs.wikidata.org/article/2026/05/global-update
49,0,0,0,2,0,1,0,0,0.04081632653061224,0,0,6,0,31,0,0,4.167896517797227,0,1,https://nnfems.com/Webmail/15/Webmail/webmail.php
44,0,0,0,2,1,1,0,0,0.0,0,0,9,0,6,0,0,4.101508755867878,0,1,https://appsuites-trxore.wixstudio.com/en-us
30,0,0,0,2,1,1,0,0,0.0,0,0,6,0,1,0,0,4.056564762130955,0,1,https://aiedokdoel.weebly.com/
34,0,0,0,2,1,1,0,0,0.08823529411764706,0,0,3,0,12,0,0,4.51364592935837,0,1,https://i2xfz.app.link/ZFA5gPB2bIb
24,0,0,0,1,0,1,0,0,0.0,0,0,8,0,4,0,0,3.970175521464345,0,0,https://dcinside.com/faq
31,0,0,0,2,1,1,0,0,0.0,0,0,9,0,5,0,0,3.8890495359141695,0,1,https://www.dpdlocajp.cyou/com/
42,0,0,0,2,1,1,0,0,0.0,0,0,4,0,21,0,0,4.129947184477477,0,0,https://docs.jalf.com/terms-and-conditions
18,0,0,0,2,1,1,0,0,0.05555555555555555,0,0,2,0,0,0,0,3.6835423624332306,0,0,https://blog.t2.ru
36,0,0,0,1,0,1,0,0,0.0,0,0,20,0,4,0,0,4.148955904159993,0,0,https://steaminventoryhelper.com/faq
22,0,0,0,1,0,1,0,0,0.0,0,0,4,0,7,0,0,4.0614821867207755,0,1,https://qrco.de/bfJAjr
33,0,0,0,2,1,1,0,0,0.0,0,0,6,0,1,0,0,4.0060710131011685,0,1,https://webmatainance.weebly.com/
35,0,0,0,1,0,1,0,0,0.0,0,0,12,0,10,0,0,3.8617250747563867,0,1,https://axionixtools.shop/soFbneFy/
51,0,0,0,1,0,1,0,0,0.0392156862745098,0,1,8,0,7,1,0,4.194306165790041,0,0,https://hentai20.io/search?q=cybersecurity+research
22,0,0,0,1,0,1,0,0,0.0,0,0,4,0,7,0,0,3.970573095811685,0,1,https://qrco.de/bgbJhf
45,0,0,0,3,1,1,0,0,0.0,0,0,3,0,24,0,0,4.05249976448152,0,0,https://www.iol.co.za/docs/forms/d/e/viewform
23,0,0,0,2,1,1,0,0,0.043478260869565216,0,0,3,0,7,0,0,3.9690016298759927,0,1,https://l.ead.me/bgdcL3
35,0,0,0,2,1,1,0,0,0.0,0,0,11,0,1,0,0,4.036006945330954,0,1,https://bradesco.acessopjnet.click/
105,0,0,0,2,1,1,0,0,0.047619047619047616,0,1,6,0,62,1,0,5.086558646638257,0,1,https://docs.google.com/forms/d/1h0zX_uJroWvgQdOzx1rNsW4WZeiOoCnqFPRKC4KcoGk/viewform?edit_requested=true
20,0,0,0,1,0,1,0,0,0.0,0,0,7,0,1,0,0,3.584183719779189,0,1,https://kurasiz.sbs/
22,0,0,0,1,0,1,0,1,0.18181818181818182,0,0,3,0,8,0,0,3.936260027531527,0,1,https://bit.ly/3M599ox
23,0,0,0,2,1,1,0,0,0.0,0,0,4,0,5,0,0,3.6753108689123635,0,0,https://en.unam.mx/home
30,0,0,0,3,1,1,0,0,0.0,0,0,3,0,8,0,0,3.831401845392172,0,0,https://www.men.gov.ma/contact
17,0,0,0,1,0,1,0,0,0.0,0,0,5,0,0,0,0,3.572469458770135,0,0,https://eitaa.com
51,0,0,0,3,2,1,0,0,0.0,0,0,5,0,22,0,0,4.578808920190763,0,1,https://new.express.adobe.com/webpage/lJwBiUsMGCKRm
22,0,0,0,2,1,1,0,0,0.045454545454545456,0,0,7,0,0,0,0,3.6635327548042547,0,0,https://en.3bmeteo.com
38,0,0,1,1,0,1,0,0,0.07894736842105263,0,0,12,0,14,0,0,4.543851526544547,0,0,https://braze-images.com/dp/B08N5WRWNW
22,0,0,0,1,0,1,0,0,0.045454545454545456,0,0,4,0,7,0,0,4.152391277629866,0,1,https://qrco.de/bgfYS5
25,0,0,1,1,0,1,0,0,0.0,0,0,10,0,4,0,0,3.7034651896016473,0,1,https://akari-coop.jp/it/
21,0,0,0,2,1,1,0,0,0.14285714285714285,0,0,5,0,0,0,0,3.7489948035250964,0,0,https://www.tx163.com
27,0,0,0,1,0,1,0,0,0.0,0,0,8,0,8,0,0,3.81008102052173,0,0,https://farsnews.ir/contact
21,0,0,1,1,0,1,0,0,0.047619047619047616,0,0,3,0,7,0,0,3.939470994001287,0,1,https://q-r.to/bfPj4T
38,0,0,0,2,1,0,0,0,0.0,0,0,9,1,6,0,0,4.326360407952694,0,1,http://more-paypal.wixstudio.com/en-us
84,0,0,0,2,0,1,0,0,0.16666666666666666,0,1,6,0,21,1,0,4.816391274624651,0,1,https://lynmqy.com/mxoek/smbc-card.jsp/?conn_id=8dea6bfe-dfc6-4df4-bef0-2a01ec1d0866
37,0,0,0,2,1,1,0,0,0.08108108108108109,0,0,4,0,16,0,0,4.249729716863357,0,0,https://docs.i993.com/in/profile-name
38,0,0,0,3,1,1,0,0,0.07894736842105263,0,0,7,0,14,0,0,4.41872290806656,0,0,https://en.warwick.ac.uk/dp/B08N5WRWNW
26,0,0,0,2,1,1,0,0,0.038461538461538464,0,0,6,0,1,0,0,4.056020968057882,0,1,https://free0z.weebly.com/
19,0,0,0,1,0,1,0,0,0.0,0,0,8,0,0,0,0,3.826874881864638,0,0,https://ifconfig.me
190,0,0,0,3,1,1,0,0,0.08947368421052632,0,7,6,0,108,4,0,5.567529799507432,0,1,https://docs.google.com/presentation/d/e/2PACX-1vRMnZMYb9HbqozSKrRW0sNCkzWTs0-4sLgA7DMZf2ZTrcljUg1ho-wQm7roySG2pS54erbNvuJuFHiK/pub?start=false&amp;loop=false&amp;delayms=3000&amp;slide=id.p
39,0,0,1,2,1,1,0,0,0.3076923076923077,0,0,18,0,1,0,0,4.2849009365890725,0,1,https://allegro.smart-502393528120.lat/
42,0,0,0,2,1,1,0,0,0.0,0,0,8,0,16,0,0,4.272804327334621,0,0,https://docs.xxxvideo.link/in/profile-name
217,0,0,0,2,1,1,0,0,0.14746543778801843,0,1,6,0,10,1,0,5.828474856003051,0,1,https://tubhd.frappe.cloud/tubhd2026?fbclid=IwZXh0bgNhZW0CMTAAYnJpZBExelcyZ0M4TjZJQlB0N203N3NydGMGYXBwX2lkDzU0MTYzOTQ5Mzg4OTAyNQABHtPKkZ2AGI44FoRGnHLKRKXQ6TZxPzKCBt__gjc9QU7ZFM15cT9ofFjnH2e5_aem_Jj4e2i8JB2EVsyrp-GFoqQ
23,0,0,0,2,1,1,0,0,0.0,0,0,8,0,0,0,0,3.8820451081368623,0,0,https://en.flexport.com
22,0,0,0,1,0,1,0,0,0.045454545454545456,0,0,4,0,7,0,0,4.0614821867207755,0,1,https://qrco.de/bgbH7i
70,0,0,0,2,1,0,0,0,0.17142857142857143,0,0,9,0,0,0,0,4.722090253173282,0,1,http://authsusngwd0c34748dhbdr673hndy73if5revssharepoint.cscllccmo.com
43,0,0,0,5,4,1,0,0,0.046511627906976744,0,0,7,0,1,0,0,4.0741957898784324,0,1,https://bozitudis.z11.web.core.windows.net/
18,0,0,1,1,0,0,0,0,0.0,0,0,7,0,0,0,0,3.8365916681089787,0,1,http://irs-gov.com
81,0,0,0,3,2,1,0,0,0.2716049382716049,0,0,6,0,1,0,0,4.809140905114478,0,1,https://ff52dc3b-ed85-4a22-aeda-017d2928d719-00-1sutt8nfqrmvy.janeway.replit.dev/
29,0,0,0,2,1,1,0,0,0.0,0,0,10,0,4,0,0,4.1162646156680225,0,0,https://en.warthunder.com/faq
57,0,0,0,2,1,1,0,0,0.0,0,1,8,0,7,1,0,4.2207792174642025,0,0,https://docs.livechat.com/search?q=cybersecurity+research
32,0,0,0,2,1,1,0,0,0.0625,0,0,6,0,1,0,0,4.116729296672175,0,1,https://xxxflnltty25.weebly.com/
34,0,0,0,2,1,1,0,0,0.0,0,0,6,0,1,0,0,4.091159812399539,0,1,https://sigininxfinity.weebly.com/
75,0,0,1,2,1,1,1,0,0.21333333333333335,0,0,16,0,25,0,0,4.682319531570789,0,1,https://klelnanzeigen-deutch.service-de249264.info/getpaymentm/229647816/m2
41,0,0,0,2,1,1,0,0,0.0,0,0,9,0,6,0,0,4.259514199528965,0,1,https://view-trezapps.wixstudio.com/en-us
25,0,0,0,2,1,1,0,0,0.0,0,0,2,0,6,0,0,3.863465189601647,0,0,https://docs.rr.com/login
23,0,0,1,2,1,1,0,0,0.0,0,0,4,0,5,0,0,3.642489673166126,0,0,https://en.n-tv.de/home
28,0,0,0,2,1,1,0,0,0.0,0,0,6,0,1,0,0,4.208966082694623,0,1,https://ndjkdjkf.weebly.com/
22,0,0,0,1,0,1,0,0,0.09090909090909091,0,0,4,0,7,0,0,4.0614821867207755,0,1,https://qrco.de/bfJ5y5
25,0,0,0,1,0,1,0,0,0.0,0,0,5,0,6,0,0,3.943465189601647,0,0,https://javhd.today/login
85,0,0,0,4,1,0,0,0,0.25882352941176473,0,0,4,0,66,0,0,4.983996636183919,0,1,http://www.xmr7.com/rm/4809458-11087621-2-1-DE1-A17F/redacted@abuse.ionos.com/HCSF7ED
42,0,0,0,2,1,1,0,0,0.023809523809523808,0,0,9,0,16,0,0,4.225185279715573,0,0,https://docs.1digitech.com/in/profile-name
167,0,0,0,2,1,1,0,0,0.10179640718562874,0,5,6,0,108,3,0,5.637978862163615,0,1,https://docs.google.com/presentation/d/e/2PACX-1vQXyZMYGBexpHB_UxnfVMVMO1QfXC0tJX__kAZN5iZhP8Nb67eApq6nNKFBFiDDxOtPGLvv1w3O93dF/pub?start=false&loop=false&delayms=3000
62,0,0,0,2,1,1,0,0,0.0967741935483871,0,0,12,0,30,0,0,4.435825899299494,0,0,https://support.nikkansports.com/article/2026/05/global-update
48,0,0,0,2,1,1,0,0,0.0,0,0,8,0,20,0,0,4.079986855772667,0,0,https://support.ksyuncdn.com/conditions/diabetes
34,0,0,1,2,1,1,0,0,0.14705882352941177,0,0,13,0,1,0,0,4.116299605701696,0,1,https://allegro.poifei7282-f2.lat/
34,0,0,0,2,1,1,0,0,0.08823529411764706,0,0,3,0,14,0,0,4.337175341123077,0,0,https://blog.ukg.net/dp/B08N5WRWNW
22,0,0,0,1,0,1,0,0,0.045454545454545456,0,0,4,0,7,0,0,3.970573095811685,0,1,https://qrco.de/bgc3ou
37,0,0,0,2,1,1,0,0,0.0,0,0,11,0,1,0,0,4.0440637580947945,0,1,https://pichincha-id.webcindario.com/
20,0,0,0,1,0,1,0,0,0.0,0,0,3,0,4,0,0,3.4464393446710155,0,1,https://dqb.buzz/dpd
62,0,0,0,2,1,1,0,0,0.04838709677419355,0,0,21,0,4,0,0,4.394050246625575,0,1,https://kleinanzeigen-bestellung.huntingtonparkroofing.com/360
60,0,0,0,1,0,1,0,0,0.0,0,1,16,0,7,1,0,4.270974296968166,0,0,https://acuityscheduling.com/search?q=cybersecurity+research
39,0,0,0,2,1,1,0,0,0.0,0,0,2,0,16,0,0,4.105915039375069,0,0,https://support.lc.chat/in/profile-name
175,0,0,0,2,1,1,0,0,0.09142857142857143,0,5,6,0,108,3,0,5.563503164546749,0,1,https://docs.google.com/presentation/d/e/2PACX-1vQ2lnlmrx-bmhaf06Y1IKQN_RzPGtR6nFa6h-PV0LOsUUnKR_JQWo_EIwBYc-obmvi7u_9rBQzij9gT/pub?start=false&amp;loop=false&amp;delayms=3000
30,0,0,1,1,0,1,0,0,0.0,0,0,14,0,4,0,0,4.123231428797621,0,0,https://kaspersky-labs.com/faq
27,0,0,0,1,0,1,0,0,0.1111111111111111,0,0,10,0,5,0,0,4.254525464966174,0,1,https://newtiko469.com/MnvS
46,0,0,0,2,1,1,0,0,0.0,0,0,9,0,6,0,0,4.156304282370467,0,1,https://io-starts-trezncdn.wixstudio.com/en-us
41,0,0,0,2,1,1,0,0,0.0,0,0,10,0,15,0,0,4.161953223919209,0,0,https://www.whitepages.com/privacy-policy
27,0,0,0,1,0,1,0,0,0.0,0,0,10,0,5,0,0,3.856196298219379,0,0,https://paddypower.com/home
38,0,0,0,1,0,1,0,0,0.0,0,0,6,0,20,0,0,4.020843553362251,0,0,https://disney.com/category/news/today
22,0,0,0,1,0,1,0,0,0.0,0,0,4,0,7,0,0,4.152391277629866,0,1,https://qrco.de/bfKOBZ
21,0,0,1,1,0,1,0,0,0.047619047619047616,0,0,3,0,7,0,0,3.939470994001287,0,1,https://q-r.to/bgc2kl
33,0,0,0,2,1,1,0,0,0.0,0,0,6,0,1,0,0,4.0895524525606675,0,1,https://eroplinretuin.weebly.com/
22,0,0,0,1,0,1,0,0,0.0,0,0,10,0,0,0,0,3.823067982273661,0,0,https://ensonhaber.com
25,0,0,0,2,1,1,0,0,0.08,0,0,3,0,1,0,0,3.943465189601647,0,1,https://xeroxm32.web.app/
41,0,0,0,1,0,1,0,0,0.0,0,0,9,0,20,0,0,3.7532974311835146,0,0,https://sonicsads.com/conditions/diabetes
29,0,0,0,2,1,1,0,0,0.0,0,0,7,0,5,0,0,3.814371943179627,0,0,https://blog.mongodb.net/help
40,0,0,0,2,1,1,0,0,0.05,0,1,5,0,6,1,0,4.446439344671016,0,0,https://en.gitee.com/watch?v=dQw4w9WgXcQ
36,0,0,0,2,1,1,0,0,0.0,0,0,14,0,5,0,0,4.18354236243323,0,0,https://blog.skylinewebcams.com/news
92,0,0,0,2,1,1,0,0,0.03260869565217391,0,0,62,0,14,0,0,2.451978098267061,0,0,https://www.goooooooooooooooooooooooooooooooooooooooooooooooooooooooooogle.com/dp/B08N5WRWNW
32,0,0,0,2,1,1,0,0,0.0,0,0,7,0,0,0,0,3.9292292966721747,0,0,https://support.vidazoo.services
46,0,0,1,2,1,1,0,0,0.0,0,0,10,0,16,0,0,4.300417118959396,0,0,https://support.slack-edge.com/in/profile-name
22,0,0,0,1,0,1,0,0,0.045454545454545456,0,0,4,0,7,0,0,4.152391277629866,0,1,https://qrco.de/bfGHO9
41,0,0,0,2,1,1,0,0,0.04878048780487805,0,1,7,0,6,1,0,4.570609016654903,0,0,https://en.rebrand.ly/watch?v=dQw4w9WgXcQ
43,0,0,0,2,1,1,0,0,0.023255813953488372,0,0,7,0,20,0,0,4.04291723248433,0,0,https://docs.tripo3d.ai/category/news/today
51,0,0,0,2,1,1,0,0,0.0,0,1,5,0,7,1,0,4.181462596534089,0,0,https://en.ogury.io/search?q=cybersecurity+research
37,0,0,0,2,0,1,0,0,0.08108108108108109,0,0,8,0,14,0,0,4.270132081786694,0,0,https://startech.com.bd/dp/B08N5WRWNW
26,0,0,1,1,0,1,0,0,0.0,0,0,8,0,7,0,0,4.180832987205441,0,1,https://qr-codes.io/ftMEGY
26,0,0,0,1,0,1,0,0,0.0,0,0,6,0,9,0,0,3.796217602590056,0,1,https://linktr.ee/skjbsons
24,0,0,0,2,1,1,0,0,0.0,0,0,7,0,0,0,0,3.8868421881310113,0,0,https://blog.wikiloc.com
67,0,0,0,3,1,1,0,0,0.029850746268656716,0,0,16,0,35,0,0,4.482311071973373,0,1,https://www.skyhighexpressng.com/Officesupport/office-3D8/index.php
63,0,0,0,3,1,1,0,0,0.09523809523809523,0,0,11,0,30,0,0,4.337593813243602,0,0,https://support.theregister.co.uk/article/2026/05/global-update
35,0,0,0,2,1,1,0,0,0.08571428571428572,0,0,11,0,1,0,0,4.300153016697712,0,1,https://agol-c512c.firebaseapp.com/
36,0,0,0,2,1,1,0,0,0.1388888888888889,0,0,2,0,20,0,0,4.215354779870082,0,0,https://en.fr.de/products/item/10293
53,0,0,0,1,0,1,0,0,0.0,0,1,9,0,7,1,0,4.2158645019704135,0,0,https://traveloka.com/search?q=cybersecurity+research
47,0,0,0,2,1,1,0,0,0.0,0,0,6,0,24,0,0,4.000640714663651,0,0,https://docs.census.gov/docs/forms/d/e/viewform
55,0,0,0,2,1,1,0,0,0.09090909090909091,0,0,18,0,20,0,0,4.390387105087971,0,0,https://blog.convertexperiments.com/products/item/10293
21,0,0,1,1,0,1,0,0,0.047619047619047616,0,0,3,0,7,0,0,3.939470994001287,0,1,https://q-r.to/bgc7vP
28,0,0,0,3,1,1,0,0,0.0,0,0,6,0,4,0,0,3.9852281360342516,0,0,https://www.google.co.uk/faq
44,0,0,0,2,1,1,0,0,0.0,0,0,6,0,21,0,0,4.252172175938121,0,0,https://blog.njavtv.com/terms-and-conditions
45,0,0,0,2,1,1,0,0,0.0,0,0,5,0,1,0,0,4.004393163673064,0,1,https://yoour-metaaa-update-rivac.start.page/
39,0,0,0,2,1,1,0,0,0.0,0,0,8,0,16,0,0,4.060416641661804,0,0,https://www.irancell.ir/in/profile-name
94,0,0,0,2,1,1,0,0,0.425531914893617,0,0,8,0,72,0,0,4.455925092133118,0,1,https://0.gravatar.com/avatar/c755ffd19ac2690ea5d2ab4170151cf31d2be85f65052b0ffb45e414442f27ea
42,0,0,0,3,1,1,0,0,0.0,0,0,9,0,13,0,0,4.159592720140252,0,0,https://blog.udiseplus.gov.in/r/technology
29,0,0,0,1,0,1,0,0,0.0,0,0,5,0,13,0,0,4.142295219190901,0,0,https://finam.ru/r/technology
58,0,0,0,2,1,1,0,0,0.0,0,1,9,0,7,1,0,4.178669091398992,0,0,https://docs.royalroad.com/search?q=cybersecurity+research
60,0,0,0,3,2,1,0,0,0.13333333333333333,0,0,7,0,24,0,0,4.818820387022781,0,1,https://2fk8mn.share-eu1.hsforms.com/2vkkuLze1TNqmTXt53fc8yw
175,0,0,0,2,1,1,0,0,0.09142857142857143,0,5,6,0,108,3,0,5.557421432944164,0,1,https://docs.google.com/presentation/d/e/2PACX-1vThIxpwid8oiOhvJeZyIF_31ABucCBrs9B_lgUT8SbIt4ZFbH_lH0Whnhe7kSjnVFARyg8MBbaO0uOY/pub?start=false&amp;loop=false&amp;delayms=3000
41,0,0,0,1,0,1,0,0,0.04878048780487805,0,1,10,0,6,1,0,4.570609016654903,0,0,https://raiffeisen.ru/watch?v=dQw4w9WgXcQ
34,0,0,0,2,1,1,1,0,0.17647058823529413,0,0,6,0,1,0,0,4.0796786498829745,0,1,https://server-108153.square.site/
35,0,0,0,2,1,1,0,0,0.11428571428571428,0,0,5,0,14,0,0,4.286146588249911,0,0,https://docs.tube8.fr/dp/B08N5WRWNW
36,0,0,0,2,1,1,0,0,0.0,0,0,11,0,1,0,0,4.044110417748401,0,1,https://doc-postale.firebaseapp.com/
50,0,0,0,2,0,1,0,0,0.1,0,0,8,0,27,0,0,4.513269689515108,0,1,https://driveloc.com.br/e8b9b5c8d1/hu/maygar/login
37,0,0,0,2,1,1,0,0,0.13513513513513514,0,0,6,0,1,0,0,4.41189187902552,0,1,https://xfin1tysupp0rt881.weebly.com/
22,0,0,0,2,1,1,0,0,0.0,0,0,7,0,0,0,0,3.5160276412662306,0,0,https://en.rexporn.sex
38,0,0,0,3,1,1,0,0,0.0,0,0,3,0,15,0,0,4.010570934268483,0,0,https://docs.lto.gov.ph/privacy-policy
26,0,0,0,3,1,1,0,0,0.0,0,0,3,0,0,0,0,3.738149333192866,0,0,https://support.iam.gov.sa
24,0,0,0,1,0,1,0,0,0.0,0,0,7,0,5,0,0,3.4549868557726664,0,0,https://dotloop.com/home
37,0,0,0,2,1,1,0,0,0.16216216216216217,0,0,3,0,1,0,0,4.337435460048129,0,1,https://review-manage-951424.web.app/
41,0,0,0,2,1,1,0,0,0.0,0,0,6,0,17,0,0,3.994764127034493,0,1,https://sites.google.com/view/gdufhg/home
123,0,0,0,2,1,1,0,0,0.3252032520325203,0,5,8,0,72,3,0,4.790007701659981,0,1,https://0.gravatar.com/avatar/3c6ecd4e90b1931cfcc710e4ce1b1580eba333f2929ea117201c6d70e9c03ddb?s=96&amp;d=identicon&amp;r=G
29,0,0,0,2,1,1,0,0,0.0,0,0,14,0,0,0,0,3.857306856898128,0,0,https://en.ondigitalocean.app
31,0,0,0,2,0,1,0,0,0.0,0,0,10,0,6,0,0,4.018081793978686,0,0,https://climatempo.com.br/login
21,0,0,0,1,0,1,0,0,0.0,0,0,4,0,5,0,0,3.6537567082870015,0,0,https://mgid.com/home
18,0,0,0,1,0,1,0,0,0.0,0,0,6,0,0,0,0,3.5724312513221195,0,0,https://tvspix.com
32,0,0,1,2,1,0,0,0,0.0,0,0,11,0,5,0,0,3.8195488277869583,0,1,http://www.pcn-noticuy.shop/com/
51,0,0,0,2,1,1,0,0,0.11764705882352941,0,0,4,0,30,0,0,4.367928773089519,0,0,https://blog.usps.com/article/2026/05/global-update
23,0,0,0,2,1,1,0,0,0.043478260869565216,0,0,3,0,7,0,0,4.0559581516151235,0,1,https://l.ead.me/bgZoi4
19,0,0,0,1,0,1,0,1,0.0,0,0,8,0,0,0,0,3.4058222502856905,0,0,https://shorturl.at
28,0,0,0,2,1,1,0,0,0.0,0,0,8,0,5,0,0,3.8248629576173565,0,0,https://en.xorgasmo.com/home
45,0,0,0,2,1,1,0,0,0.0,0,0,9,0,20,0,0,4.055648863372104,0,0,https://www.appboycdn.com/category/news/today
33,0,0,0,2,1,1,0,0,0.0,0,0,11,0,6,0,0,3.945464952495108,0,0,https://www.researchnow.com/about
44,0,0,0,1,0,1,0,0,0.0,0,0,11,0,21,0,0,4.098652005434406,0,0,https://outbrainimg.com/terms-and-conditions
37,0,0,1,1,0,1,0,0,0.05405405405405406,0,0,14,0,10,0,0,4.290534446710032,0,1,https://dk-healthydiet.shop/ZYQ-DK01/
30,0,0,0,2,1,1,0,0,0.0,0,0,8,0,5,0,0,3.8980685120588388,0,0,https://docs.register.com/news
32,0,0,0,2,1,0,1,0,0.15625,0,0,5,0,0,0,0,4.140319531114783,0,1,http://allegrolokalnie.89435.top
39,0,0,0,1,0,1,0,0,0.0,0,0,8,0,20,0,0,4.0359392457032595,0,0,https://xxxhindi.to/category/news/today
37,0,0,0,2,1,1,0,0,0.02702702702702703,0,0,6,0,13,0,0,4.121219243831912,0,1,https://forms.office.com/r/v0rRDpPpfF
43,0,0,0,1,0,1,1,0,0.23255813953488372,0,0,8,0,23,0,0,4.691156836691939,0,1,https://86315924.xyz/k0tfyftc/z5WxWj/JiITGR
44,0,0,0,1,0,1,0,0,0.0,0,0,10,0,21,0,0,4.2290005848323515,0,0,https://sexvietdam.blog/terms-and-conditions
33,0,0,0,2,1,1,0,0,0.09090909090909091,0,0,3,0,1,0,0,4.112427831414106,0,1,https://diceempire-ba357.web.app/
59,0,0,0,2,1,1,0,0,0.0,0,1,10,0,7,1,0,4.254590296000634,0,0,https://blog.juicyscore.com/search?q=cybersecurity+research
54,0,0,0,1,0,1,0,0,0.1111111111111111,0,0,12,0,30,0,0,4.423881891405557,0,0,https://rgnameserver.com/article/2026/05/global-update
32,0,0,0,2,1,1,0,0,0.0,0,0,9,0,6,0,0,4.015319531114783,0,0,https://docs.futurecdn.net/login
47,0,0,0,1,0,1,0,0,0.10638297872340426,0,0,9,0,27,0,0,4.46343539390861,0,1,https://simpleweb.vn/huypq_manhtv_na-uy_21-10-2
28,0,0,0,3,1,1,0,0,0.0,0,0,3,0,6,0,0,3.8248629576173565,0,0,https://docs.goo.ne.jp/login
42,0,0,0,2,1,1,0,0,0.16666666666666666,0,0,12,0,1,0,0,4.39768795823549,0,1,https://allegrolokalnie.smar8t473291.shop/
19,0,0,0,1,0,1,0,0,0.0,0,0,7,0,0,0,0,3.826874881864638,0,0,https://leiniao.com
61,0,0,1,2,1,1,0,0,0.09836065573770492,0,0,15,0,30,0,0,4.418625354652599,0,0,https://www.search-redirect.com/article/2026/05/global-update
22,0,0,0,1,0,1,0,0,0.045454545454545456,0,0,4,0,7,0,0,4.0614821867207755,0,1,https://qrco.de/bfHqP7
29,0,0,0,2,1,1,0,0,0.0,0,0,9,0,5,0,0,3.607475391455489,0,0,https://en.smartnews.net/home
21,0,0,0,1,0,1,0,0,0.0,0,0,4,0,5,0,0,3.6537567082870015,0,0,https://uisp.com/help
51,0,0,0,3,1,1,0,0,0.058823529411764705,0,0,14,0,14,0,0,4.500377547641743,0,0,https://support.resultadofacil.com.br/dp/B08N5WRWNW
170,0,0,0,5,0,1,0,0,0.14705882352941177,0,13,10,0,7,4,1,4.962692608812124,0,1,https://cdntechone.com/r.html?axcid=583da598-dc30-4fbd-ae28-daa43b769db0&amp;axtsid=3&amp;axcamid=3&amp;r=https%3A%2F%2Fred.olympusmastermind.com%2Fit%2Frearu%2Findex.php
36,0,0,0,1,0,1,0,0,0.0,0,0,11,0,13,0,0,3.9403510429286897,0,0,https://counterpane.com/r/technology
22,0,0,0,1,0,1,0,0,0.0,0,0,4,0,7,0,0,4.152391277629866,0,1,https://qrco.de/bgaBfQ
29,0,0,0,2,1,1,0,0,0.0,0,0,8,0,6,0,0,4.0472990984266435,0,0,https://en.eufylife.com/login
23,0,0,0,2,1,1,0,0,0.0,0,0,3,0,7,0,0,4.0559581516151235,0,1,https://l.ead.me/bfDMUn
35,0,0,0,3,1,1,0,0,0.0,0,0,3,0,13,0,0,3.9188679318992437,0,0,https://www.ntu.edu.tw/r/technology
32,0,0,0,2,1,1,0,0,0.0,0,0,11,0,5,0,0,3.7417292966721747,0,0,https://www.gotomeeting.com/news
52,0,0,0,2,1,1,0,0,0.1346153846153846,0,0,2,0,30,0,0,4.351613458767677,0,0,https://support.g2.com/article/2026/05/global-update
37,0,0,0,2,1,1,0,0,0.0,0,0,12,0,5,0,0,3.6347327573454256,0,0,https://support.stratoserver.net/help
61,0,0,0,2,1,1,0,0,0.0,0,1,12,0,7,1,0,4.399588314345547,0,0,https://blog.tamilsexvids.net/search?q=cybersecurity+research
75,0,0,1,2,1,1,0,0,0.3333333333333333,0,3,16,0,1,2,0,4.768819278677647,0,1,https://us8.campaign-archive.com/?u=99dacea082cf8a25284579997&id=3442a215dd
27,0,0,0,2,1,1,0,0,0.0,0,0,3,0,1,0,0,3.7080481500712312,0,1,https://afflarabot.web.app/
35,0,0,0,2,1,1,0,0,0.0,0,0,11,0,1,0,0,3.943289445392768,0,1,https://fswposlete.firebaseapp.com/
23,0,0,0,1,0,1,0,0,0.0,0,0,6,0,6,0,0,3.795088586397732,0,1,https://bcvwnn.cn/Login
44,0,0,0,2,1,1,0,0,0.0,0,0,6,0,24,0,0,4.032820256519866,0,0,https://en.google.fi/docs/forms/d/e/viewform
52,0,0,0,2,1,1,0,0,0.0,0,1,4,0,7,1,0,4.171594412634024,0,0,https://www.seek.com/search?q=cybersecurity+research
142,0,0,0,2,1,1,0,0,0.07746478873239436,0,21,8,0,26,11,0,5.0224709956568,0,1,https://rp.mockplus.com/run/LzMnsoE3DX/w1grROnx04?cps=hide&rps=hide&nav=1&ha=0&la=0&fc=1&dt=iphoneX&out=0&rt=1&isFrame=true&moduleID=4WwBDchoE
29,0,0,0,2,1,1,0,0,0.06896551724137931,0,0,6,0,1,0,0,4.090234012145144,0,1,https://lotmail02.weebly.com/
84,0,0,0,2,1,1,0,0,0.09523809523809523,0,0,6,0,61,0,0,5.27042657804629,0,1,https://docs.google.com/drawings/d/1DrCgbISdHmZ7mQ5z_U9PDIy06yROWU1zGXWZwo3JsJM/edit
26,0,0,0,2,1,1,0,0,0.0,0,0,8,0,4,0,0,3.873140679513133,0,0,https://en.opencode.ai/faq
47,0,0,0,2,1,1,0,0,0.0,0,0,6,0,21,0,0,4.110454745700462,0,0,https://support.huaban.com/terms-and-conditions
43,0,0,0,2,1,1,0,0,0.06976744186046512,0,0,11,0,1,0,0,4.405932127238674,0,1,https://surlechemin3-de49d.firebaseapp.com/
51,0,0,0,3,2,1,0,0,0.058823529411764705,0,0,5,0,22,0,0,4.6572402927397825,0,1,https://new.express.adobe.com/webpage/3QUKqmnv2IRA1
25,0,0,0,2,1,1,0,0,0.0,0,0,5,0,5,0,0,3.5630741894285696,0,0,https://en.sotwe.com/news
122,0,0,0,4,2,1,0,0,0.14754098360655737,0,1,10,0,15,1,0,5.044455350621906,0,1,https://905874987verxgdfsdaswffavdsg79ad77aadfgsbghdr5.s3-eu-central-2.ionoscloud.com/sso/index.html?data=aW9kQHBrb2JwLnBs
36,0,0,0,2,1,1,0,0,0.0,0,0,11,0,1,0,0,4.152447488023126,0,1,https://dalga-water.firebaseapp.com/
24,0,0,0,2,1,1,0,0,0.0,0,0,7,0,1,0,0,3.970175521464345,0,1,https://ia.cddffgv.cyou/
40,0,0,0,2,1,1,0,0,0.05,0,0,7,0,15,0,0,4.208694969562842,0,0,https://docs.99taxis.mobi/privacy-policy
175,0,0,0,2,1,1,0,0,0.08571428571428572,0,5,6,0,108,3,0,5.5964999503228485,0,1,https://docs.google.com/presentation/d/e/2PACX-1vRf5ufAb1xcExGdkhVmKivujAWZzH6-8V_y3AWiIc4VNXknbWXSJALHRT5Hfnzv0UsEpRlfbE-6mSnz/pub?start=false&amp;loop=false&amp;delayms=3000
40,0,0,0,2,1,1,0,0,0.0,0,0,9,0,6,0,0,4.127567157116929,0,1,https://apps-meaxcio.wixstudio.com/us-en
27,0,0,0,2,1,1,0,0,0.0,0,0,12,0,0,0,0,3.8380398168981547,0,0,https://en.banesconline.com
23,0,0,0,2,1,1,0,0,0.0,0,0,3,0,7,0,0,3.9690016298759927,0,1,https://l.ead.me/bfXAKA
47,0,0,0,1,0,1,0,0,0.1276595744680851,0,0,4,0,30,0,0,4.3414069365998955,0,0,https://page.link/article/2026/05/global-update
36,0,0,0,2,1,1,0,0,0.0,0,0,11,0,8,0,0,3.819114154689793,0,0,https://docs.thriftbooks.com/contact
34,0,0,0,2,1,1,0,0,0.0,0,0,6,0,1,0,0,4.0796786498829745,0,1,https://ictserviceunit.weebly.com/
84,0,0,0,3,0,1,0,0,0.2976190476190476,0,1,19,0,10,1,0,4.75779093532462,0,1,https://canalempresasnetbia.digital/login.php?hash=200523664769f24fedc5a1c0.34140714
44,0,0,0,2,1,1,0,0,0.022727272727272728,0,0,4,0,24,0,0,4.069402994575248,0,0,https://www.9gag.com/docs/forms/d/e/viewform
40,0,0,0,2,1,1,0,0,0.1,0,0,12,0,1,0,0,4.365311532225102,0,1,https://site-o31zx9jh4.godaddysites.com/
40,0,0,0,2,1,1,0,0,0.05,0,1,3,0,6,1,0,4.484183719779189,0,0,https://blog.wsu.edu/watch?v=dQw4w9WgXcQ
23,0,0,0,2,0,1,0,0,0.0,0,0,4,0,4,0,0,3.642489673166126,0,0,https://sepe.gob.es/faq
132,0,0,0,2,1,1,0,0,0.11363636363636363,0,19,8,0,26,10,0,5.124352082799491,0,1,https://rp2.mockplus.com/run/vWtg3cUdwl/xfC4y848PM?cps=hide&rps=hide&nav=1&ha=0&la=0&fc=1&out=1&rt=1&isFrame=true&moduleID=jw2MP-w80
30,0,0,0,2,1,1,0,0,0.0,0,0,6,0,0,0,0,3.919902579793958,0,1,https://emorende-pc.vercel.app
65,0,0,1,3,1,1,1,0,0.015384615384615385,0,0,9,0,35,0,0,4.968070505136442,0,1,https://argenta.scici-lum.info/xWHAvNx-umjKVGL-V4OGQzu/index.html
175,0,0,0,4,1,1,0,0,0.3942857142857143,0,3,30,0,18,2,0,4.913642116234042,0,1,https://app.pjnetempresarialreducaodetaxas.ink/acesso-seguro.php?token=145766339869e78c3f0b4172.09629588&amp;h=f0208a1f9f6b2e06faee5733969da99f3a304c9340de25de827522f0cf1c1247
378,0,0,0,9,1,1,0,0,0.20899470899470898,0,40,12,1,12,1,1,5.197945423002923,0,1,https://first.audiojourney.net/podcast.php?keywd=%22%2F%3E%3Cimg%20src%3D%22https%3A%2F%2Fgoogle.com%2FphxAgNQAWQYvs.jpg%22%20onerror%3D%22window.location%3DdecodeURIComponent%28atob%28%27Njg3NDc0NzA3MzNhMmYyZjZmMmU2YjZjNjg2ODZiN2E3NjZkMmU2ZDZmNmQyZjcxNjM2NjdhNjU3MjY5MjMzMTM3MzkzNDM2MmY3MTYzNjY3YTY1NzI2OQ%3D%3D%27%29.replace%28%2F%28..%29%2Fg%2C%20%27%25%241%27%29%29%3B%22%3E
34,0,0,1,1,0,1,0,0,0.0,0,0,17,0,1,0,0,4.0796786498829745,0,1,https://grafeno-dashboard.digital/
28,0,0,0,2,1,1,1,0,0.0,0,0,5,0,5,0,0,3.610577243331642,0,0,https://docs.beget.tech/help
44,0,0,0,2,1,1,0,0,0.06818181818181818,0,0,10,0,14,0,0,4.325924732707133,0,0,https://support.primevideo.com/dp/B08N5WRWNW
41,0,0,1,1,0,1,0,0,0.0,0,0,10,0,20,0,0,4.159517480745797,0,0,https://ngenix-dns.ru/category/news/today
56,0,0,0,2,1,1,1,0,0.14285714285714285,0,0,8,0,30,0,0,4.5836169753972325,0,0,https://docs.mingky05.live/article/2026/05/global-update
43,0,0,0,2,1,0,0,0,0.0,0,0,9,0,6,0,0,4.21140822080611,0,1,http://started-ledgrsso.wixstudio.com/en-us
47,0,0,0,2,1,0,0,0,0.06382978723404255,0,0,5,0,1,0,0,4.554172894046704,0,1,http://sp19ct7-surek-biz-lafor-demik.pages.dev/
88,0,0,0,3,2,1,0,0,0.07954545454545454,0,0,9,0,1,0,0,4.7814230626969785,0,1,https://bafkreigeqbd6gpvqc5alsxpa4yqpfuc3e7fidg7mukb4wuppyribywusvy.ipfs.inbrowser.link/
131,0,0,0,2,1,1,0,0,0.06870229007633588,0,5,6,0,64,3,0,5.3206166552338505,0,1,https://docs.google.com/presentation/d/169gNGDyZThfTPEgcOAegJf1GblbLCwuqOkY8aFvkRCM/pub?start=false&amp;loop=false&amp;delayms=3000
175,0,0,0,2,1,1,0,0,0.10857142857142857,0,5,6,0,108,3,0,5.543007633305,0,1,https://docs.google.com/presentation/d/e/2PACX-1vQKuXib-EZ5OcL-V_ERvB0aN7cHE094R1aqN5Sp0i3hanTYRQySoreSvqcoHJIoZS4btVuE9tX1PKgG/pub?start=false&amp;loop=false&amp;delayms=3000
20,0,0,0,1,0,1,0,0,0.0,0,0,3,0,6,0,0,3.784183719779189,0,1,https://did.li/BNZTY
28,0,0,0,1,0,1,0,0,0.0,0,0,11,0,6,0,0,3.842370993177109,0,0,https://leroymerlin.it/login
37,0,0,0,2,1,1,0,0,0.0,0,0,7,0,4,0,0,4.098117812148849,0,1,https://block-filogenx.gitbook.io/us/
56,0,0,0,2,1,1,0,0,0.10714285714285714,0,0,6,0,30,0,0,4.389782100892352,0,0,https://support.sudoku.com/article/2026/05/global-update
21,0,0,0,2,1,1,0,0,0.0,0,0,2,0,0,0,0,3.6537567082870015,0,1,https://cmsosxv.eu.cc
35,0,0,0,2,1,1,0,0,0.0,0,0,6,0,13,0,0,3.943289445392768,0,0,https://www.health.com/r/technology
31,0,0,0,2,0,1,0,0,0.0,0,0,10,0,6,0,0,4.21163018107546,0,0,https://digilocker.gov.in/about
30,0,0,1,2,1,1,0,0,0.0,0,0,8,0,5,0,0,3.939572261986723,0,0,https://blog.shb-sync.com/home
167,0,0,0,2,1,1,0,0,0.08383233532934131,0,5,6,0,108,3,0,5.5579719431329355,0,1,https://docs.google.com/presentation/d/e/2PACX-1vQ5P-JDpydWw-U1slGkrhjUcBRO-so-wn9YSJQRf6KMDo_CnRQx4cfsad8aYzaJOOL98ryDvDUI_Hen/pub?start=false&loop=false&delayms=3000
37,0,0,0,3,1,1,0,0,0.08108108108108109,0,0,3,0,14,0,0,4.208924987016683,0,0,https://docs.zol.com.cn/dp/B08N5WRWNW
28,0,0,0,2,1,1,0,0,0.0,0,0,3,0,1,0,0,3.9407598325400897,0,1,https://omavero-gov.web.app/
32,0,0,1,3,1,1,0,0,0.0625,0,0,9,0,5,0,0,4.116729296672175,0,0,https://www.awsdns-53.co.uk/home
22,0,0,0,1,0,1,0,0,0.0,0,0,4,0,7,0,0,4.0614821867207755,0,1,https://qrco.de/bfYVoD
52,0,0,0,2,1,1,0,0,0.11538461538461539,0,0,7,0,30,0,0,4.359120372720815,0,0,https://en.neopets.com/article/2026/05/global-update
37,0,0,0,1,0,1,0,0,0.05405405405405406,0,1,5,0,6,1,0,4.3143340283650655,0,0,https://tufts.edu/watch?v=dQw4w9WgXcQ
44,0,0,0,3,1,1,0,0,0.045454545454545456,0,1,5,0,6,1,0,4.445131834930691,0,0,https://blog.titan.co.in/watch?v=dQw4w9WgXcQ
46,0,0,1,2,1,1,0,0,0.043478260869565216,0,0,9,0,20,0,0,4.127065630893371,0,0,https://blog.awsdns-17.net/conditions/diabetes
33,0,0,0,2,1,1,0,0,0.0,0,0,8,0,5,0,0,3.6572899523639886,0,0,https://support.omniroot.com/home
60,0,0,0,2,1,1,0,0,0.0,0,1,12,0,7,1,0,4.320915337340661,0,0,https://www.bloomberglaw.com/search?q=cybersecurity+research
33,0,0,1,2,0,1,0,0,0.0,0,0,11,0,10,0,0,4.271370634378849,0,1,https://drive-workg.com/index.php
21,0,0,1,1,0,1,0,0,0.047619047619047616,0,0,3,0,7,0,0,3.939470994001287,0,1,https://q-r.to/bfJwg2
75,0,0,1,2,1,1,0,0,0.26666666666666666,0,3,16,0,1,2,0,4.87836252362729,0,1,https://us8.campaign-archive.com/?u=4408bfc4c67cca9f3e26875cb&id=7bbf3e10f3
39,0,0,0,2,1,0,0,0,0.02564102564102564,0,0,5,0,1,0,0,4.342969205986262,0,1,http://lock-v2-truthofficial.pages.dev/
40,0,0,0,2,1,1,0,0,0.0,0,0,9,0,6,0,0,4.258694969562843,0,1,https://live-legr-us.wixstudio.com/us-en
29,0,0,0,2,1,1,0,0,0.0,0,0,7,0,6,0,0,3.9783335811852636,0,0,https://docs.clarity.ms/about
38,0,0,0,2,1,0,0,0,0.18421052631578946,0,0,8,0,1,0,0,4.366091329119192,0,1,http://allegro-lokalnie.340549j5.shop/
44,0,0,0,2,1,0,0,0,0.0,0,0,5,0,0,0,0,4.114857540029793,0,1,http://customs-ciscomeraki-systems.pages.dev
23,0,0,0,2,1,1,0,0,0.043478260869565216,0,0,3,0,7,0,0,3.9690016298759927,0,1,https://l.ead.me/bgau6U
30,0,0,0,1,0,1,0,0,0.0,0,0,4,0,15,0,0,4.123231428797621,0,1,https://qrco.de/amzjpmduihsues
37,0,0,0,2,1,1,0,0,0.0,0,0,11,0,1,0,0,3.969607339117404,0,1,https://trackimailai.firebaseapp.com/
64,0,0,0,3,1,1,0,0,0.0,0,0,22,0,26,0,0,4.214768072054203,0,1,https://www.multipropositolosandes.com/GillesPelletier/afmq.html
22,0,0,0,1,0,1,0,0,0.0,0,0,4,0,7,0,0,4.027169118440618,0,1,https://qrco.de/bfCLtF
43,0,0,0,2,1,1,0,0,0.046511627906976744,0,0,5,0,1,0,0,4.054317813779052,0,1,https://warning-account-page-11.start.page/
40,0,0,0,2,1,1,0,0,0.0,0,0,5,0,20,0,0,3.9653115322251025,0,0,https://en.anker.com/conditions/diabetes
44,0,0,0,2,1,1,0,0,0.0,0,0,8,0,20,0,0,4.055467129755085,0,0,https://www.codeplex.com/conditions/diabetes
140,0,0,0,2,1,1,0,0,0.1,0,9,9,0,9,4,0,5.523866325141046,0,1,https://ifeednews.mydurable.com/new-page?source=gg&p1=ai&p2=display&gclid=EAIaIQobChMIlYHBhtvThwMV8-VzAR30-iiXEAEYASAAEgI2yfD_BwE?=47764879!
40,0,0,0,1,0,1,0,0,0.0,0,0,7,0,21,0,0,3.9464393446710155,0,0,https://theknot.com/terms-and-conditions
46,0,0,0,2,1,1,0,0,0.10869565217391304,0,0,10,0,20,0,0,4.3523814564716385,0,0,https://www.aliexpress.com/products/item/10293
47,0,0,0,2,1,1,0,0,0.0,0,0,7,0,24,0,0,3.915534331684927,0,0,https://www.wonporn.com/docs/forms/d/e/viewform
35,0,0,0,2,1,1,0,0,0.0,0,0,6,0,1,0,0,4.204582217613529,0,1,https://lern-ledgr-live.weebly.com/
38,0,0,0,2,1,1,0,0,0.0,0,0,6,0,1,0,0,4.023471592049353,0,1,https://orangeverification.vercel.app/
31,0,0,0,2,1,1,0,0,0.0,0,0,6,0,1,0,0,4.17146526179041,0,1,https://genccatveri.weebly.com/
40,0,0,0,3,1,1,0,0,0.15,0,0,10,0,12,0,0,4.087326145256009,0,1,https://amina.serv457771.pro/captcha.php
51,0,0,0,1,0,1,0,0,0.11764705882352941,0,0,9,0,30,0,0,4.3215654794306895,0,0,https://ltmsphrcl.net/article/2026/05/global-update
40,0,0,0,1,0,1,0,0,0.2,0,0,4,0,25,0,0,4.412814895472356,0,1,https://powr.io/media-gallery/i/41160647
42,0,0,1,2,1,1,0,0,0.047619047619047616,0,0,9,0,16,0,0,4.3087513512471665,0,0,https://docs.awsdns-61.com/in/profile-name
66,0,0,0,3,1,1,0,0,0.36363636363636365,0,0,2,0,15,0,0,4.886763392178029,0,1,https://pub-389d64919a554cc4956fa6bcb19fb720.r2.dev/index(10).html
34,0,0,0,2,1,1,0,0,0.08823529411764706,0,0,3,0,14,0,0,4.160704752887782,0,0,https://blog.lbl.gov/dp/B08N5WRWNW
43,0,0,0,1,0,1,0,0,0.0,0,0,11,0,20,0,0,4.164896592899133,0,0,https://withbuddies.com/category/news/today
23,0,0,0,1,0,1,0,0,0.0,0,0,6,0,5,0,0,3.936180434129755,0,0,https://youdao.com/news
43,0,0,0,3,1,1,0,0,0.0,0,0,4,0,20,0,0,4.118384964992156,0,0,https://docs.mako.co.il/category/news/today
33,0,0,0,1,0,1,0,0,0.0,0,0,6,0,16,0,0,4.0060710131011685,0,0,https://google.hn/in/profile-name
22,0,0,0,1,0,1,0,1,0.13636363636363635,0,0,3,0,8,0,0,3.936260027531527,0,1,https://bit.ly/3VJ1bq7
37,0,0,0,2,1,1,0,0,0.0,0,0,14,0,8,0,0,3.951904040953793,0,1,https://pw.manknownaspaul.com/htdocs/
181,0,0,0,3,1,1,0,0,0.08287292817679558,0,8,6,0,108,4,0,5.567515001817645,0,1,https://docs.google.com/presentation/d/e/2PACX-1vTYCFxSx9Ivg6GfFEbCEt05C_KAhgFE6R3DZdFczMNXPPgn_alEsHaNFBPuIY6hlCuLPByAHRqPDM6L/pub?start=false&loop=false&delayms=3000&slide=id.p%3E
30,0,0,0,2,0,1,0,0,0.0,0,0,8,0,8,0,0,3.948394345536403,0,0,https://surabaya.go.id/contact
60,0,0,0,3,1,1,0,0,0.0,0,1,10,0,7,1,0,4.21081362239422,0,0,https://www.vivastreet.co.uk/search?q=cybersecurity+research
22,0,0,0,1,0,0,0,0,0.0,0,0,10,0,1,0,0,3.7544418457133455,0,1,http://knjigoskop.com/
83,0,0,0,3,2,1,0,0,0.13253012048192772,0,0,4,0,1,0,0,4.870605438086464,0,1,https://bafkreie4pdizjo3n36fx25nbqcvazgntc3ib5zxygqe6ewmxz2tw5wognm.ipfs.dweb.link/
39,0,0,0,2,1,1,0,0,0.0,0,0,3,0,20,0,0,3.8820930918571057,0,0,https://www.hwg.org/category/news/today
46,0,0,0,2,1,0,0,0,0.0,0,0,7,0,1,0,0,4.159886826639609,0,1,http://newcheckeligibilitypage-ux.netlify.app/
27,0,0,0,2,1,1,0,0,0.07407407407407407,0,0,7,0,1,0,0,4.032303242743952,0,1,https://l1z4sn.webwave.dev/
25,0,0,0,2,1,1,0,0,0.0,0,0,6,0,4,0,0,3.863465189601647,0,0,https://en.hawaii.edu/faq
74,0,0,0,2,1,1,1,0,0.10810810810810811,0,0,8,0,38,0,0,4.576885798730643,0,1,https://allegrolokalnie.465896ee.top/oferta/id-sb6mthuoq-xbox-series-x-1tb
42,0,0,0,1,0,1,0,0,0.0,0,0,10,0,21,0,0,4.061976875613826,0,0,https://kubernetes.io/terms-and-conditions
50,0,0,0,2,1,1,0,0,0.0,0,0,13,0,21,0,0,4.166370130156181,0,0,https://docs.rijksoverheid.nl/terms-and-conditions
60,0,0,0,3,1,1,0,0,0.35,0,0,2,0,9,0,0,4.5810760119146074,0,1,https://pub-850ebb7c3758462ca48cd2eaa0a46768.r2.dev/pcf.html
37,0,0,0,2,1,1,0,0,0.0,0,0,6,0,9,0,0,3.95905708166975,0,1,https://eng-trezo.zapier.app/en-login
24,0,0,0,1,0,0,0,0,0.0,0,0,13,0,0,0,0,3.3197738350294776,0,1,http://hahahahafkoff.com
175,0,0,0,2,1,1,0,0,0.10285714285714286,0,5,6,0,108,3,0,5.639520129739929,0,1,https://docs.google.com/presentation/d/e/2PACX-1vT6L8UNHLX3w0zjMvuT-ZtIk0kS1RFWYSViUEHsZAuvGKv0bUSS9xNFfik__MjtCPNvV_i68NYta8s6/pub?start=false&amp;loop=false&amp;delayms=3000
41,0,0,0,1,0,1,0,0,0.0,0,0,5,0,24,0,0,4.042524029962141,0,0,https://cigna.com/docs/forms/d/e/viewform
141,0,0,1,6,0,1,1,0,0.3120567375886525,0,5,14,0,1,3,0,5.055609910752179,0,1,https://nycendo-onllne.xyz/?secure_connect=czbE)o&_subid=1jgli31.99.2b85c&_token=veph2c1jv9lqr.1784159494.14.c43bf92debe59061434771b0c811be43
25,0,0,0,2,1,1,0,0,0.0,0,0,7,0,1,0,0,3.943465189601647,0,1,https://id.govvbwe.autos/
29,0,0,0,2,1,0,0,0,0.0,0,0,6,0,0,0,0,3.797467632984004,0,1,http://trezuer-suit.framer.ai
62,0,0,0,3,1,1,0,0,0.3548387096774194,0,0,2,0,11,0,0,4.6738079557860015,0,1,https://pub-8fa7234f6f2e46fc933e7662444b9c5d.r2.dev/index.html
37,0,0,0,2,1,1,0,0,0.05405405405405406,0,0,8,0,13,0,0,4.1416216087552495,0,1,https://www.flowcode.com/page/shans90
67,0,0,0,3,1,1,0,0,0.29850746268656714,0,0,2,0,16,0,0,4.678989235688406,0,1,https://pub-25740c3af93d42ee9a06d2743fdd31ed.r2.dev/minewredir.html
118,0,0,0,3,1,1,0,0,0.15254237288135594,0,3,7,0,58,2,0,5.4615596552173304,0,1,https://www.dropbox.com/scl/fi/3q52qfd8lis29v9rhza38/BT-VOICE-NOTIFICATION.papert?rlkey=4b5qojjz6up7wzh96znp6njo3&dl=0
51,0,0,0,3,2,1,0,0,0.058823529411764705,0,0,5,0,22,0,0,4.573619459279186,0,1,https://new.express.adobe.com/webpage/bwHt9T1Bi8kXS
26,0,0,0,2,1,1,0,0,0.0,0,0,5,0,5,0,0,3.5175594295963437,0,0,https://www.jtvnw.net/help
26,0,0,0,1,0,1,0,0,0.0,0,0,7,0,7,0,0,3.873140679513133,0,1,https://alsdvds.com/jurvst
43,0,0,0,2,1,1,0,0,0.0,0,0,6,0,1,0,0,3.175241789133,0,1,https://hjhjhjhjhjhjhjjhjhjjhhj.weebly.com/
36,0,0,0,1,0,1,0,0,0.1388888888888889,0,0,5,0,20,0,0,4.247167197306934,0,0,https://nobat.ir/products/item/10293
40,0,0,0,2,1,1,0,0,0.125,0,0,5,0,20,0,0,4.193942707918269,0,0,https://www.ddizi.im/products/item/10293
23,0,0,0,2,1,1,0,0,0.0,0,0,3,0,7,0,0,3.8820451081368623,0,1,https://l.ead.me/bfIbqh
31,0,0,0,1,0,1,0,0,0.0,0,0,10,0,9,0,0,4.235981390822668,0,1,https://shorturlza.com/rIuxeRUy
27,0,0,0,2,1,1,0,0,0.0,0,0,6,0,5,0,0,3.9582291686698783,0,0,https://www.eukdns.com/help
22,0,0,0,1,0,1,0,1,0.09090909090909091,0,0,3,0,8,0,0,3.936260027531527,0,1,https://bit.ly/4g4kYrV
20,0,0,0,1,0,1,0,0,0.0,0,0,2,0,6,0,0,3.508694969562842,0,0,https://co.com/about
32,0,0,0,2,1,0,0,0,0.28125,0,0,11,0,1,0,0,4.351409765557392,0,1,http://allegro.349j8j67202.shop/
45,0,0,0,2,1,1,0,0,0.0,0,0,4,0,24,0,0,3.8433906637211406,0,0,https://docs.vivo.com/docs/forms/d/e/viewform
13,0,0,0,1,0,1,0,0,0.0,0,0,2,0,0,0,0,3.3927474104487847,0,0,https://ok.ru
39,0,0,1,2,0,1,0,0,0.05128205128205128,0,0,9,0,16,0,0,4.4261772187513015,0,0,https://awsdns-12.co.uk/in/profile-name
86,0,0,0,2,1,1,0,0,0.29069767441860467,0,1,10,0,10,1,0,5.033084085770411,0,1,https://allegro-lokalnie.2391290h45.baby/lokalnie/?id=0u3n6K9J0q3y0e1d7k8J8J1w2t5f8g9b
26,0,0,0,2,1,1,0,0,0.0,0,0,3,0,6,0,0,3.796217602590056,0,0,https://blog.who.int/about
44,0,0,0,2,1,1,0,0,0.0,0,0,8,0,21,0,0,4.010012584300539,0,0,https://en.beatport.com/terms-and-conditions
23,0,0,0,2,1,1,0,0,0.0,0,0,3,0,7,0,0,3.9690016298759927,0,1,https://l.ead.me/bfWqbA
22,0,0,0,1,0,1,0,0,0.045454545454545456,0,0,4,0,7,0,0,4.152391277629866,0,1,https://qrco.de/bfInZ9
28,0,0,0,3,1,1,0,0,0.0,0,0,4,0,5,0,0,3.770942421748537,0,0,https://www.xyyh.com.cn/home
48,0,0,0,2,1,1,0,0,0.0625,0,0,6,0,7,0,0,4.571854365656766,0,1,https://mubeenahmedyt789-dotcom.github.io/INSTA/
46,0,0,0,2,1,1,0,0,0.0,0,0,18,0,8,0,0,3.8254503486993015,0,0,https://support.modarteaccessories.com/contact
24,0,0,0,1,0,1,0,0,0.08333333333333333,0,0,2,0,11,0,0,3.970175521464345,0,1,https://wa.pe/u88HHqEMXX
24,0,0,0,1,0,1,0,0,0.0,0,0,7,0,5,0,0,3.688721875540867,0,0,https://pornoxo.com/help
44,0,0,0,2,1,1,0,0,0.0,0,0,4,0,20,0,0,3.9196905740496963,0,0,https://support.ucsb.edu/conditions/diabetes
63,0,0,0,2,1,1,0,0,0.0,0,0,14,0,12,0,0,4.2336533928338165,0,1,https://sparkassensteamworkspace.myclickfunnels.com/coming-soon
21,0,0,1,1,0,1,0,0,0.0,0,0,3,0,7,0,0,3.8442328987631917,0,1,https://q-r.to/bgaTkb
55,0,0,0,3,1,1,0,0,0.01818181818181818,0,1,6,0,13,1,0,4.710562386441367,0,1,https://www.google.com/share.google?q=OrKxKtVAHTChu2blf
25,0,0,0,2,1,1,0,0,0.0,0,0,6,0,1,0,0,3.7834651896016473,0,1,https://solda.vercel.app/
22,0,0,0,1,0,1,0,1,0.09090909090909091,0,0,3,0,8,0,0,4.027169118440618,0,1,https://bit.ly/3BOnV0P
23,0,0,0,2,1,1,0,0,0.0,0,0,7,0,0,0,0,3.464234652726566,0,0,https://www.pstatic.net
22,0,0,0,1,0,1,0,0,0.0,0,0,4,0,7,0,0,4.0614821867207755,0,1,https://qrco.de/bgnhkV
34,0,0,0,2,1,0,0,0,0.058823529411764705,0,0,4,0,1,0,0,4.24173085589259,0,1,http://hitefrtmuljzve8ce0.bxss.me/
38,0,0,0,2,1,1,0,0,0.0,0,0,11,0,1,0,0,4.398857447483311,0,1,https://jnvfywgscznzg.firebaseapp.com/
24,0,0,0,2,1,1,0,0,0.0,0,0,2,0,6,0,0,3.938721875540867,0,1,https://txj.ru.com/Mypcb
23,0,0,0,2,1,1,0,0,0.08695652173913043,0,0,3,0,7,0,0,3.8820451081368623,0,1,https://l.ead.me/bfU8a8
75,0,0,1,2,1,1,0,0,0.3333333333333333,0,3,16,0,1,2,0,4.827570904765203,0,1,https://us2.campaign-archive.com/?u=05a87545f29e76de88f3838c7&id=d974e3d55e
36,0,0,0,2,1,1,0,0,0.0,0,0,10,0,6,0,0,3.8218881955261783,0,0,https://support.metacritic.com/about
29,0,0,0,2,1,1,0,0,0.0,0,0,8,0,5,0,0,3.693345218892491,0,0,https://www.eltiempo.com/help
29,0,0,0,2,1,1,0,0,0.10344827586206896,0,0,7,0,6,0,0,4.090234012145144,0,0,https://www.360safe.com/about
148,0,0,0,2,1,1,0,0,0.08108108108108109,0,21,8,0,37,11,0,5.136621082160737,0,1,https://rp.mockplus.com/run/6f_i1JBMgb/bVBw6N7Al9/Epiaa8zGWm?cps=hide&rps=hide&nav=0&ha=0&la=0&fc=1&dt=iphoneX&out=0&rt=0&as=true&moduleID=tgADkrlre
22,0,0,0,1,0,1,0,0,0.0,0,0,4,0,7,0,0,4.152391277629866,0,1,https://qrco.de/bfDPmi
23,0,0,0,2,1,1,0,0,0.043478260869565216,0,0,3,0,7,0,0,4.0559581516151235,0,1,https://l.ead.me/bfNy3O
23,0,0,0,1,0,1,0,1,0.043478260869565216,0,0,1,0,11,0,0,4.110093477608015,0,1,https://t.co/ufxHaYP2eQ
45,0,0,0,2,1,1,0,0,0.0,0,0,9,0,6,0,0,4.152638373963222,0,1,https://startio-treziocdn.wixstudio.com/us-en
22,0,0,0,1,0,1,0,0,0.0,0,0,4,0,7,0,0,4.152391277629866,0,1,https://qrco.de/bfIXvm
23,0,0,0,3,1,1,0,0,0.0,0,0,6,0,0,0,0,3.6753108689123635,0,0,https://en.docomo.ne.jp
21,0,0,1,1,0,1,0,0,0.047619047619047616,0,0,3,0,7,0,0,3.8442328987631917,0,1,https://q-r.to/bfI7Co
45,0,0,0,2,1,1,0,0,0.0,0,0,9,0,9,0,0,4.269770463892098,0,1,https://officialtrezrr.wixstudio.com/suite-en
41,0,0,0,2,0,1,0,0,0.0,0,0,7,0,20,0,0,4.092325102644249,0,0,https://kemenag.go.id/category/news/today
30,0,0,1,2,1,1,0,0,0.0,0,0,9,0,5,0,0,3.8980685120588388,0,0,https://www.deepl-cdn.com/home
29,0,0,0,2,1,1,0,0,0.0,0,0,6,0,1,0,0,4.090234012145144,0,1,https://centrumzz.weebly.com/
22,0,0,0,2,1,1,0,0,0.0,0,0,2,0,0,0,0,3.5160276412662306,0,0,https://support.it.com
45,0,0,1,2,1,1,0,0,0.044444444444444446,0,0,9,0,21,0,0,4.108767963940175,0,0,https://en.awsdns-08.com/terms-and-conditions
33,0,0,0,2,0,1,0,0,0.0,0,0,3,0,16,0,0,4.066677073707229,0,0,https://ana.co.jp/in/profile-name
34,0,0,0,2,1,1,1,0,0.0,0,0,16,0,1,0,0,3.7411558556380644,0,1,https://app.clubepontostotal.site/
42,0,0,0,2,1,1,0,0,0.14285714285714285,0,0,6,0,1,0,0,4.33209539866017,0,1,https://biggest-choices-114891.framer.app/
46,0,0,0,2,1,1,0,0,0.043478260869565216,0,1,11,0,6,1,0,4.454838924345488,0,0,https://www.lipetsknews.ru/watch?v=dQw4w9WgXcQ
28,0,0,0,2,1,1,0,0,0.0,0,0,13,0,0,0,0,3.896291529045928,0,0,https://en.gammaplatform.com
59,0,0,0,2,1,1,0,0,0.0,0,1,9,0,7,1,0,4.156397770853972,0,0,https://en.fastpanel.direct/search?q=cybersecurity+research
44,0,0,0,2,1,0,0,0,0.1590909090909091,0,0,5,0,1,0,0,4.371379278161679,0,1,http://iwl-tp313-tna6zp-93ap-5crv.pages.dev/
58,0,0,0,2,1,1,0,0,0.05172413793103448,0,1,4,0,27,1,0,4.734511004459811,0,1,https://docs.zoom.us/doc/Gkk1Ydo1RGysogVghzEV7Q?from=email
23,0,0,0,2,1,1,0,0,0.0,0,0,3,0,7,0,0,3.9690016298759927,0,1,https://l.ead.me/bgnhkV
39,0,0,0,2,1,1,0,0,0.0,0,0,9,0,6,0,0,4.079772731460867,0,1,https://atiomicc-ex.wixstudio.com/en-us
38,0,0,0,2,1,1,0,0,0.0,0,0,6,0,15,0,0,4.221097250057957,0,0,https://docs.arabxn.com/privacy-policy
50,0,0,0,3,1,1,0,0,0.02,0,0,8,0,19,0,0,3.8961746300696416,0,1,https://iydheybdse.w3spaces.com/hydhdhehydhde.html
48,0,0,0,2,1,1,0,0,0.0,0,0,12,0,20,0,0,4.0846289084085825,0,0,https://www.virtualearth.net/category/news/today
38,0,0,1,1,0,1,0,0,0.07894736842105263,0,0,12,0,14,0,0,4.378991986900062,0,0,https://cust-service.com/dp/B08N5WRWNW
46,0,0,0,2,1,1,0,0,0.0,0,0,11,0,20,0,0,4.099997967896925,0,0,https://en.leroymerlin.com/category/news/today
30,0,0,0,1,0,1,0,0,0.0,0,0,3,0,15,0,0,4.0980685120588385,0,0,https://sun.com/privacy-policy
22,0,0,0,1,0,1,0,0,0.045454545454545456,0,0,4,0,7,0,0,3.970573095811685,0,1,https://qrco.de/bfEoE4
53,0,0,0,2,1,1,0,0,0.0,0,0,6,0,29,0,0,3.806251182261986,0,1,https://sites.google.com/view/attttstttegegrsksw/home
14,0,0,0,1,0,1,0,0,0.0,0,0,2,0,0,0,0,3.1820058147602133,0,0,https://ok.xxx
179,0,0,0,2,1,1,0,0,0.15083798882681565,0,5,6,0,1,3,0,5.640704870288723,0,1,https://entregazehoje.vercel.app/?gad_source=1&amp;gad_campaignid=24220200903&amp;gclid=CjwKCAjwwfnUBhAtEiwAfQpAYiWM7uVnbmD7MN87vr7h3bMW094QYv7F5EutQOBG-8XgwUxp3fB85RoCaRcQAvD_BwE
55,0,0,0,5,4,1,0,0,0.03636363636363636,0,0,7,0,1,0,0,4.132210178902157,0,1,https://soliciinternacionalec.z13.web.core.windows.net/
35,0,0,1,1,0,1,0,0,0.0,0,0,9,0,15,0,0,4.11471801682134,0,0,https://rp-online.de/privacy-policy
39,0,0,0,2,1,1,0,0,0.0,0,0,14,0,7,0,0,3.8720838732529215,0,1,https://app.resgatecliente.click/inicio
33,0,0,0,2,1,1,0,0,0.0,0,0,11,0,1,0,0,4.210764573772789,0,1,https://yvuybnuo.firebaseapp.com/
49,0,0,0,2,1,1,0,0,0.10204081632653061,0,0,9,0,20,0,0,4.278302834822065,0,0,https://support.manhuagui.com/products/item/10293
28,0,0,0,1,0,1,0,1,0.10714285714285714,0,0,7,0,9,0,0,4.1550455468258045,0,1,https://tinyurl.com/49sfsmv9
27,0,0,0,2,1,1,0,0,0.0,0,0,11,0,0,0,0,3.8380398168981547,0,0,https://www.myhostadmin.net
32,0,0,0,2,1,1,0,0,0.09375,0,0,7,0,1,0,0,4.351409765557392,0,1,https://zimma-8fc6b7.webflow.io/
24,0,0,0,2,1,1,0,0,0.0,0,0,10,0,0,0,0,3.918295834054489,0,0,https://en.dayunlinks.cn
42,0,0,0,2,1,1,0,0,0.023809523809523808,0,0,6,0,20,0,0,4.020659316244551,0,0,https://blog.strip2.co/conditions/diabetes
33,0,0,1,1,0,1,0,0,0.06060606060606061,0,0,13,0,8,0,0,3.8997141947882312,0,0,https://i18n-pglstatp.com/contact
38,0,0,0,2,1,1,0,0,0.0,0,0,11,0,1,0,0,4.306494947369445,0,1,https://madrtnjkmoulj.firebaseapp.com/
76,0,0,1,2,1,1,0,0,0.3157894736842105,0,3,16,0,1,2,0,4.8905786253373815,0,1,https://us17.campaign-archive.com/?u=79406a8fc6ffa900bc9d72cb6&id=b211418f38
46,0,0,0,2,1,1,0,0,0.13043478260869565,0,0,6,0,1,0,0,4.32173124920605,0,1,https://trustworthy-shallot-648391.framer.app/
28,0,0,0,2,1,1,0,0,0.0,0,0,6,0,1,0,0,4.0836169753972325,0,1,https://xfintnew.weebly.com/
23,0,0,0,2,1,1,0,0,0.0,0,0,3,0,7,0,0,3.762267390651494,0,1,https://l.ead.me/bgaRba
30,0,0,0,1,0,1,0,0,0.03333333333333333,0,0,10,0,7,0,0,4.256564762130954,0,1,https://fidelityap.cyou/8bnuml
42,0,0,0,2,1,1,1,0,0.2857142857142857,0,0,6,0,1,0,0,4.320423374953668,0,1,https://my-site-102029-103594.square.site/
66,0,0,0,2,0,1,0,0,0.06060606060606061,0,3,20,0,8,2,0,4.576696824803633,0,1,https://acessarliberarpontos.digital/2xd.php?2dasw=2x5&amp;true=ok
14,0,0,0,1,0,1,0,0,0.0,0,0,3,0,0,0,0,3.1820058147602133,0,0,https://tci.ir
51,0,0,1,2,1,1,0,0,0.0196078431372549,0,0,7,0,24,0,0,4.1284043932616115,0,0,https://support.napps-1.com/docs/forms/d/e/viewform
52,0,0,0,2,1,1,0,0,0.038461538461538464,0,1,12,0,6,1,0,4.611416824235502,0,0,https://support.jigsawplanet.com/watch?v=dQw4w9WgXcQ
38,0,0,1,2,1,0,0,0,0.13157894736842105,0,0,11,0,0,0,0,4.4713544870139295,0,1,http://allegrolokalnie.smart-93632.cfd
178,0,0,0,3,1,1,0,0,0.06179775280898876,0,7,6,0,108,4,0,5.520544510208771,0,1,https://docs.google.com/presentation/d/e/2PACX-1vSubTHFSBksy_dxwje4lpmwSpHTyQoziswR_GcSgOvHAp_yb2mPQdzk4CEGUVYsh6mokdNFJKSIf3Ns/pub?start=false&loop=false&delayms=3000&slide=id.p
37,0,0,0,2,1,1,0,0,0.0,0,0,5,0,1,0,0,4.003259028248121,0,1,https://bhdcrenditienlinea.iceiy.com/
36,0,0,0,1,0,1,0,0,0.0,0,0,4,0,20,0,0,3.974937501201927,0,0,https://agkn.com/conditions/diabetes
39,0,0,0,2,1,1,0,0,0.0,0,0,7,0,16,0,0,4.3748951674692504,0,0,https://www.bldrdoc.gov/in/profile-name
35,0,0,0,2,1,1,0,0,0.14285714285714285,0,0,5,0,0,0,0,4.226150431961057,0,1,https://allegrolokalnie.32844.click
46,0,0,0,3,1,0,0,0,0.043478260869565216,0,0,7,0,9,0,0,4.251185325340039,0,1,http://merry-dasik-02adea.netlify.app/mkl.html
25,0,0,0,1,0,1,0,0,0.08,0,0,8,0,5,0,0,4.023465189601647,0,0,https://bitrix24.com/help
83,0,0,0,3,2,1,0,0,0.12048192771084337,0,0,4,0,1,0,0,4.833914094018793,0,1,https://bafkreiex7djzfv47muatih4axwbu3vacyg36a7bcp5ayi5elfhdidsjgdm.ipfs.dweb.link/
33,0,0,0,2,1,1,0,0,0.0,0,0,8,0,5,0,0,3.9683403313485464,0,0,https://support.tlivesdk.com/help
33,0,0,0,2,1,1,0,0,0.0,0,0,1,0,16,0,0,4.173033892020166,0,0,https://blog.x.ai/in/profile-name
34,0,0,0,2,1,1,0,0,0.08823529411764706,0,0,5,0,14,0,0,4.337175341123077,0,0,https://www.azure.cn/dp/B08N5WRWNW
27,0,0,0,2,1,1,0,0,0.0,0,0,6,0,1,0,0,4.106377316818026,0,1,https://quhxghg.weebly.com/
38,0,0,0,2,1,1,0,0,0.07894736842105263,0,0,3,0,20,0,0,4.063202513215852,0,0,https://www.360.cn/conditions/diabetes
175,0,0,0,2,1,1,0,0,0.10285714285714286,0,5,6,0,108,3,0,5.517226016964984,0,1,https://docs.google.com/presentation/d/e/2PACX-1vSlJL6u1HlVAjZnlNvNbNJhjKTXZTzKsl5zcd9phlBb26SluhzX7nhbnef397bGgMhqxdcbxvfFND49/pub?start=false&amp;loop=false&amp;delayms=3000
38,0,0,1,2,0,1,0,0,0.0,0,0,16,0,10,0,0,4.13569955274647,0,1,https://eiffage-batiment.com/index.php
24,0,0,0,2,0,1,0,0,0.0,0,0,4,0,5,0,0,3.7720552088742005,0,0,https://htzq.com.cn/news
48,0,0,0,2,1,1,0,0,0.0,0,0,11,0,21,0,0,4.063721875540867,0,0,https://www.wondershare.com/terms-and-conditions
21,0,0,1,1,0,1,0,0,0.09523809523809523,0,0,3,0,7,0,0,3.939470994001287,0,1,https://q-r.to/bgc6J1
23,0,0,0,2,1,1,0,0,0.0,0,0,3,0,7,0,0,3.8492239123906247,0,1,https://l.ead.me/bgbOHt
39,0,0,0,1,0,1,0,0,0.0,0,0,7,0,20,0,0,3.816576256935472,0,0,https://ettdnsv.com/conditions/diabetes
59,0,0,0,2,1,1,0,0,0.13559322033898305,0,0,7,0,30,0,0,5.017904913621946,0,1,https://share-eu1.hsforms.com/2bN4CcHZ2TB6rwGKeduwQOA2ev55y
52,0,0,0,2,1,1,0,0,0.038461538461538464,0,1,13,0,6,1,0,4.603909910282364,0,0,https://support.odnoklassniki.ru/watch?v=dQw4w9WgXcQ
35,0,0,0,1,0,1,0,0,0.0,1,1,8,0,2,0,0,4.193429088311724,0,1,https://gearflon.de//?weblog_title=
35,0,0,0,2,1,1,0,0,0.0,0,0,13,0,5,0,0,4.093149802473811,0,0,https://blog.rateyourmusic.com/home
30,0,0,1,2,1,1,0,0,0.0,0,0,11,0,0,0,0,4.0980685120588385,0,0,https://support.uni-hamburg.de
23,0,0,0,2,1,1,0,0,0.0,0,0,3,0,7,0,0,4.0559581516151235,0,1,https://l.ead.me/bfTrMu
42,0,0,0,1,0,1,0,0,0.11904761904761904,0,0,10,0,20,0,0,4.345313412039782,0,0,https://cloudflare.net/products/item/10293
32,0,0,0,2,1,1,0,0,0.0,0,0,6,0,1,0,0,4.179229296672175,0,1,https://adobepdfinio.weebly.com/
41,0,0,1,1,0,1,0,0,0.0,0,0,10,0,20,0,0,4.169038444783924,0,0,https://e-volution.ai/category/news/today
33,0,0,0,2,1,1,0,0,0.0,0,0,16,0,1,0,0,3.775475847209144,0,1,https://www.assessoriabritto.com/
35,0,0,0,2,1,1,0,0,0.0,0,0,11,0,1,0,0,3.9788640881880974,0,1,https://dgfoodsnet.myportfolio.com/
45,0,0,0,2,1,1,0,0,0.0,0,0,9,0,5,0,0,4.261095807768472,0,1,https://io-start-ledgrecdn.wixstudio.com/home
31,0,0,0,2,1,1,0,0,0.0,0,0,6,0,1,0,0,3.913400745661378,0,1,https://junrecharge.vercel.app/
83,0,0,0,3,2,1,0,0,0.0963855421686747,0,0,4,0,1,0,0,4.765124865771242,0,1,https://bafkreiaxqq7p2jt5ougl7ztzglqetl572afvkeqmugyrpedq7mpfenhdsa.ipfs.dweb.link/
39,0,0,0,2,1,1,0,0,0.0,0,0,18,0,0,0,0,3.996564718695828,0,1,https://mailling.ecolenarutitolarna.com
62,0,0,3,2,1,1,0,0,0.04838709677419355,0,0,32,0,12,0,0,4.401282198491812,0,1,https://www.accurate-proactive-safe-advanced.autos/1k1vnn5ng/l
41,0,0,0,2,1,1,0,0,0.0,0,0,4,0,20,0,0,3.8364659564083206,0,0,https://docs.dior.com/conditions/diabetes
146,0,0,1,6,1,1,0,0,0.0958904109589041,0,12,11,0,13,2,1,4.829958774610997,0,1,https://blog.porta-nuova.ch/wp-login.php?redirect_to=https%3A%2F%2Fblog.porta-nuova.ch%2Fwp-admin%2Fcomment.php%3Faction%3Dspam%26c%3D102&reauth=1
40,0,0,0,2,1,1,0,0,0.15,0,0,6,0,1,0,0,4.408694969562842,0,1,https://unreal-closet-604598.framer.app/
54,0,0,0,2,1,1,0,0,0.1111111111111111,0,0,6,0,30,0,0,4.391021937501532,0,0,https://docs.hdtube.porn/article/2026/05/global-update
30,0,0,1,1,0,1,1,0,0.0,0,0,17,0,1,0,0,3.9898980954642878,0,1,https://credit-securipass.xyz/
115,0,0,0,6,1,1,0,0,0.043478260869565216,0,5,9,0,24,2,0,4.765043413393162,0,1,https://wtx0v4wp17yh-pages-dev.translate.goog/site3.sbisec.co.jp.html?_x_tr_sch=&amp;_x_tr_sl=monex&amp;_x_tr_tl=ja
36,0,0,0,2,1,1,0,0,0.0,0,0,6,0,1,0,0,4.260067015271105,0,1,https://gmx-hilfedienstt.weebly.com/
26,0,0,0,2,1,1,0,0,0.038461538461538464,0,0,4,0,6,0,0,3.873140679513133,0,0,https://www.inf0.net/about
45,0,0,2,2,1,0,0,0,0.0,0,0,19,0,1,0,0,4.246539762611725,0,1,http://meta-business.invoice-ads-program.com/
38,0,0,0,2,1,1,0,0,0.0,0,0,6,0,1,0,0,4.198603750787606,0,1,https://xfinityhomeservice.weebly.com/
46,0,0,0,2,1,1,0,0,0.0,0,0,6,0,20,0,0,4.0480336303846824,0,0,https://support.inbake.com/conditions/diabetes
29,0,0,0,1,0,1,0,0,0.0,0,0,10,0,7,0,0,3.9692072878580085,0,1,https://netflixapp.com/calcul
33,0,0,0,2,1,0,0,0,0.18181818181818182,0,0,6,0,0,0,0,4.101381529092886,0,1,http://allegrolokalnie.785345.lat
22,0,0,0,1,0,1,0,0,0.0,0,0,4,0,6,0,0,3.7544418457133455,0,0,https://faqs.org/about
27,0,0,0,2,1,0,0,0,0.037037037037037035,0,0,7,0,0,0,0,4.032303242743952,0,1,http://huurqr5l.duckdns.org
41,0,0,0,2,1,1,0,0,0.0,0,0,9,0,6,0,0,4.110736992940919,0,1,https://desktop-tower.wixstudio.com/us-en
32,0,0,0,2,1,1,0,0,0.0,0,0,2,0,15,0,0,4.179229296672175,0,0,https://en.lg.com/privacy-policy
43,0,0,0,2,1,1,0,0,0.0,0,0,9,0,6,0,0,4.266397243517744,0,1,https://open-startledgr.wixstudio.com/en-us
35,0,0,0,1,0,1,0,0,0.14285714285714285,0,0,3,0,20,0,0,4.215735346915335,0,0,https://wsj.net/products/item/10293
178,0,0,0,3,1,1,0,0,0.10674157303370786,0,7,6,0,108,4,0,5.541364970422841,0,1,https://docs.google.com/presentation/d/e/2PACX-1vTSV0oTz8JhIP8JGM89tjuTcEJe-Ue5lWRDi_6EPy0vanuk-8CiSy2MQeoiOfo4klgBSo9TSCGY5jqU/pub?start=false&loop=false&delayms=3000&slide=id.p
38,0,0,0,2,1,1,0,0,0.10526315789473684,0,0,5,0,12,0,0,3.9354458560507637,0,1,https://b7t0b4s9.forms.app/att-support
27,0,0,0,2,1,1,0,0,0.0,0,0,5,0,5,0,0,3.884155094595804,0,0,https://blog.jalan.net/home
36,0,0,0,2,1,1,0,0,0.0,0,0,11,0,5,0,0,4.093400348604438,0,0,https://support.gotowebinar.com/help
34,0,0,0,2,1,1,0,0,0.0,0,0,10,0,8,0,0,3.6601297526332566,0,0,https://www.quantcount.com/contact
62,0,0,0,2,1,1,0,0,0.0,0,1,10,0,7,1,0,4.253519949157455,0,0,https://support.mywellness.com/search?q=cybersecurity+research
44,0,0,0,2,0,1,0,0,0.0,0,0,10,0,22,0,0,4.223874164623655,0,1,https://muglagurme.com/jjjj/Sites/index.html
49,0,0,0,3,1,1,0,0,0.0,0,0,5,0,24,0,0,3.9629609263693406,0,0,https://docs.catho.com.br/docs/forms/d/e/viewform
26,0,0,0,1,0,1,0,0,0.0,0,0,14,0,0,0,0,4.026986833359287,0,1,https://cocugunyuzdili.com
39,0,0,0,2,1,1,0,0,0.0,0,0,6,0,1,0,0,3.9846571944212084,0,1,https://steamcommunityitems.weebly.com/
27,0,0,1,1,0,1,0,0,0.0,0,0,11,0,5,0,0,3.81008102052173,0,0,https://ad-contents.jp/help
47,0,0,0,2,1,1,0,0,0.0,0,0,11,0,20,0,0,4.189930011519816,0,0,https://www.centurygame.com/conditions/diabetes
23,0,0,0,2,0,1,0,0,0.0,0,0,9,0,0,0,0,3.8820451081368623,0,0,https://telegraph.co.uk
41,0,0,0,2,1,1,0,0,0.0,0,0,6,0,20,0,0,3.864398810743117,0,0,https://www.hessen.de/category/news/today
51,0,0,0,2,1,1,0,0,0.0392156862745098,0,0,6,0,25,0,0,4.61606645999253,0,1,https://btemail.plutio.com/p/form/eDYqenRRD8GhmPxN5
27,0,0,0,1,0,1,0,0,0.037037037037037035,0,0,9,0,6,0,0,4.106377316818026,0,0,https://ultradns2.com/login
82,0,0,2,2,1,1,0,0,0.17073170731707318,0,0,17,0,37,0,0,4.640356883270831,0,1,https://allegrolokalnie.kup-teraz-5177812.sbs/canona-eos-r50-malo-wyzwolen-z/78688
42,0,0,1,2,1,1,0,0,0.0,0,0,17,0,9,0,0,4.129947184477477,0,1,https://www.zhsh-xinqiusports.com/account/
22,0,0,0,1,0,1,0,1,0.09090909090909091,0,0,3,0,8,0,0,3.936260027531527,0,1,https://bit.ly/4dsJWR1
36,0,0,0,2,1,1,0,0,0.0,0,0,4,0,16,0,0,4.239097917988786,0,0,https://www.utah.gov/in/profile-name
28,0,0,0,2,1,1,0,0,0.0,0,0,5,0,6,0,0,3.7089660826946234,0,0,https://blog.optum.com/about
62,0,0,0,3,1,1,0,0,0.3548387096774194,0,0,2,0,11,0,0,4.732444601324707,0,1,https://pub-7a64fd2efe134c5f9b88199041424f1e.r2.dev/index.html
45,0,0,0,3,2,0,1,0,0.2,0,0,14,0,0,0,0,4.485537262659802,0,1,http://www.allegrolokainie.328238smart843.xyz
44,0,0,0,1,0,1,0,0,0.0,0,0,11,0,21,0,0,3.9196905740496963,0,0,https://ottadvisors.com/terms-and-conditions
39,0,0,0,1,0,1,0,0,0.0,0,0,10,0,16,0,0,3.9552918860179607,0,0,https://impression.link/in/profile-name
54,0,0,0,2,1,1,0,0,0.0,0,1,6,0,7,1,0,4.180154864392035,0,0,https://www.telcel.com/search?q=cybersecurity+research
33,0,0,0,2,1,1,0,0,0.0,0,0,9,0,4,0,0,3.544097907106122,0,0,https://docs.dpbosssss.boston/faq
28,0,0,0,2,1,1,0,0,0.0,0,0,12,0,1,0,0,3.994680368408909,0,1,https://mu.arsalprofile.com/
43,0,0,0,2,1,0,0,0,0.11627906976744186,0,0,15,0,0,0,0,4.188607058216665,0,1,http://allegrolokalnie.ogloszenie62191.shop
44,0,0,0,2,1,1,0,0,0.0,0,0,4,0,24,0,0,3.9158828240715327,0,0,https://docs.cern.ch/docs/forms/d/e/viewform
26,0,0,0,1,0,1,0,0,0.0,0,0,9,0,5,0,0,3.8150724101159432,0,0,https://akamaized.net/news
43,0,0,1,1,0,1,0,0,0.11627906976744186,0,0,11,0,20,0,0,4.312908871424721,0,0,https://dropbox-dns.com/products/item/10293
40,0,0,0,2,1,1,0,0,0.0,0,0,8,0,16,0,0,4.246439344671016,0,0,https://www.humeysha.com/in/profile-name
39,0,0,0,2,1,1,0,0,0.05128205128205128,0,1,4,0,6,1,0,4.438747090435226,0,0,https://en.drpc.org/watch?v=dQw4w9WgXcQ
30,0,0,0,2,1,1,0,0,0.0,0,0,13,0,0,0,0,3.711080496244278,0,0,https://docs.sciencedirect.com
83,0,0,0,2,1,1,0,0,0.04819277108433735,0,1,17,0,26,1,0,4.664869994998238,0,1,https://klelnanzeigen-deutch.desmoinestrailers.com/receive/order/Tzirvgk5Spw?r=0x14
29,0,0,0,2,1,1,0,0,0.0,0,0,7,0,6,0,0,3.8312762533752496,0,0,https://www.comcast.com/login
51,0,0,0,2,1,1,0,0,0.11764705882352941,0,0,17,0,18,0,0,4.4167567141811475,0,1,https://www.aenterofexcellenc.com/amex_tgmail202610
38,0,0,0,2,1,1,0,0,0.0,0,0,7,0,1,0,0,4.221097250057957,0,1,https://ledger-com-stariit.webflow.io/
29,0,0,0,2,1,1,0,0,0.0,0,0,8,0,0,0,0,4.004364184708142,0,1,https://airtoken.typeform.com
58,0,0,0,1,0,1,0,0,0.0,0,1,14,0,7,1,0,4.17193875475135,0,0,https://thenounproject.com/search?q=cybersecurity+research
23,0,0,0,2,1,1,0,0,0.0,0,0,3,0,7,0,0,3.9690016298759927,0,1,https://l.ead.me/bgbiBn
37,0,0,0,1,0,1,0,0,0.13513513513513514,0,0,5,0,21,0,0,4.195675662809303,0,0,https://10086.cn/terms-and-conditions
53,0,0,0,1,0,1,0,0,0.0,0,1,9,0,7,1,0,3.9487376740255122,0,0,https://ctfassets.net/search?q=cybersecurity+research
47,0,0,0,2,1,1,0,0,0.0425531914893617,0,0,4,0,27,0,0,4.628848957968554,0,1,https://docs.zoom.us/doc/8KwQOOMnQDqETjmpFvmb8w
21,0,0,0,1,0,1,1,0,0.14285714285714285,0,0,9,0,0,0,0,3.6304126608739984,0,1,https://ecsite056.top
33,0,0,0,3,1,1,0,0,0.030303030303030304,0,0,2,0,13,0,0,3.9603202553942918,0,1,https://malsjx.us.cc/5g/home.html
50,0,0,0,2,0,1,0,0,0.0,0,0,11,0,28,0,0,4.058171939471839,0,1,https://thetechnofy.in/securefile/pdfdocument.html
22,0,0,0,2,1,1,1,0,0.0,0,0,6,0,0,0,0,3.568084324344715,0,1,https://web.tegtqk.top
88,0,0,0,3,1,1,0,0,0.23863636363636365,0,0,2,0,37,0,0,4.797475943343294,0,1,https://pub-549b5fda7bd04200b17c91c72e4850ac.r2.dev/kmezgdkjrhgkcpbokdrmhctqpphdzkh.html
16,0,0,0,1,0,1,0,0,0.0,0,0,4,0,0,0,0,3.452819531114783,0,0,https://sift.com
58,0,0,0,2,1,1,0,0,0.017241379310344827,0,0,7,0,19,0,0,4.186399798566348,0,1,https://authentificationbp3.wixsite.com/bpostmobileconfirm
39,0,0,0,2,1,0,0,0,0.15384615384615385,0,0,12,0,0,0,0,4.4648893983494276,0,1,http://allegrolokalnie.aukcja437451.cfd
23,0,0,0,2,1,1,0,0,0.0,0,0,3,0,7,0,0,3.9690016298759927,0,1,https://l.ead.me/bgcGSS
36,0,0,2,2,1,1,0,0,0.0,0,0,19,0,1,0,0,4.0860486123130375,0,1,https://www.renouvelle-la-carte.com/
27,0,0,0,2,1,1,0,0,0.0,0,0,7,0,5,0,0,3.884155094595804,0,0,https://en.powerbi.com/news
22,0,0,0,1,0,1,0,0,0.0,0,0,4,0,7,0,0,4.0614821867207755,0,1,https://qrco.de/bggQTn
51,0,0,0,3,2,1,0,0,0.0196078431372549,0,0,5,0,22,0,0,4.524791518187557,0,1,https://new.express.adobe.com/webpage/y2ISnrYWZgJmw
48,0,0,0,2,1,1,0,0,0.0,0,0,6,0,1,0,0,4.020512835516972,0,1,https://creditoseguro--micreditopich.replit.app/
26,0,0,0,1,0,1,0,0,0.0,0,0,7,0,5,0,0,3.921029621737615,0,0,https://discord.media/news
136,0,0,0,3,1,1,0,0,0.13970588235294118,0,5,7,0,64,3,0,5.080865029927056,0,1,https://www.dropbox.com/scl/fi/0n54a300css54cjpsogp6/BT-Broadband-is-becoming-EE.papert?dl=0&rlkey=0ue38ni9llct0miuhmm4ndsmv&st=r0i5yeg4
28,0,0,0,2,1,1,0,0,0.0,0,0,5,0,8,0,0,3.753434386188785,0,0,https://www.blick.ch/contact
39,0,0,1,1,0,1,0,0,0.05128205128205128,0,1,7,0,6,1,0,4.458103180234289,0,0,https://exp-tas.com/watch?v=dQw4w9WgXcQ
23,0,0,0,2,1,1,0,0,0.043478260869565216,0,0,3,0,7,0,0,3.9690016298759927,0,1,https://l.ead.me/bga9IO
62,0,0,0,3,2,1,0,0,0.20967741935483872,0,0,12,0,1,0,0,4.7060660203021305,0,1,https://23891934-dammelee2304-7cljb.sitebeat.crazydomains.com/
25,0,0,0,2,1,1,0,0,0.0,0,0,8,0,1,0,0,3.6430741894285696,0,1,https://www.otincorp.com/
22,0,0,0,1,0,1,0,0,0.09090909090909091,0,0,4,0,7,0,0,4.152391277629866,0,1,https://qrco.de/bga84f
23,0,0,0,2,1,1,0,0,0.043478260869565216,0,0,3,0,7,0,0,4.0559581516151235,0,1,https://l.ead.me/bgZfi4
41,0,0,0,2,1,1,0,0,0.0,0,0,9,0,16,0,0,4.1315846264110005,0,0,https://www.tospotify.com/in/profile-name
23,0,0,0,1,0,1,0,0,0.0,0,0,7,0,4,0,0,3.762267390651494,0,0,https://outlook.com/faq
53,0,0,0,1,0,1,0,0,0.22641509433962265,0,0,11,0,30,0,0,4.456522756728215,0,1,https://surveyheart.com/form/61bf0d0145fd1b7d5acbb11c
21,0,0,0,1,0,1,0,0,0.047619047619047616,0,0,3,0,7,0,0,3.880179922675738,0,1,https://qrz.nu/6PRnyR
31,0,0,0,3,1,1,0,0,0.0,0,0,6,0,6,0,0,3.7567958110719153,0,0,https://docs.google.co.ug/login
30,0,0,0,2,1,1,0,0,0.0,0,0,10,0,6,0,0,3.9898980954642878,0,0,https://en.camstreams.tv/login
40,0,0,0,2,1,1,0,0,0.0,0,0,9,0,15,0,0,4.189822782008756,0,0,https://www.instagram.com/privacy-policy
49,0,0,0,1,0,1,0,0,0.12244897959183673,0,0,7,0,30,0,0,4.410229231693701,0,0,https://hanbiro.com/article/2026/05/global-update
49,0,0,0,2,1,1,0,0,0.0,0,0,11,0,21,0,0,4.237486508291452,0,0,https://blog.amazonalexa.com/terms-and-conditions
22,0,0,0,1,0,1,0,0,0.0,0,0,4,0,7,0,0,4.0614821867207755,0,1,https://qrco.de/bfNzIq
25,0,0,0,1,0,1,0,0,0.24,0,0,12,0,1,0,0,4.183465189601647,0,1,https://z9p3t6k1r8w4.cfd/
55,0,0,0,2,1,1,0,0,0.0,0,1,6,0,7,1,0,4.244932559633425,0,0,https://blog.artnet.com/search?q=cybersecurity+research
22,0,0,0,1,0,1,0,0,0.045454545454545456,0,0,4,0,7,0,0,3.970573095811685,0,1,https://qrco.de/bfP8cf
84,0,0,0,2,1,1,0,0,0.08333333333333333,0,0,6,0,61,0,0,5.277451464543706,0,1,https://docs.google.com/document/d/1Dxy_UjFrg7w98IJpX8pZSRes8jZGqkSKTVL4-XYAmqU/edit
95,0,0,1,2,1,1,0,0,0.14736842105263157,0,0,13,0,66,0,0,4.587616663073043,0,1,https://ipfs.best-practice.se/ipfs/bafybeidltm7ppbseunx3n3aumc73nv7c5i5y365mznjp35ue4aesttnnpq/
24,0,0,0,2,1,1,0,0,0.0,0,0,6,0,4,0,0,3.938721875540867,0,0,https://en.pracuj.pl/faq
50,0,0,0,1,0,1,0,0,0.12,0,0,8,0,30,0,0,4.349275070710713,0,0,https://shalltry.com/article/2026/05/global-update
23,0,0,0,2,1,1,0,0,0.0,0,0,6,0,0,0,0,3.6753108689123635,0,0,https://blog.hotels.com
76,0,0,1,2,1,1,0,0,0.3026315789473684,0,3,16,0,1,2,0,4.9050970864921215,0,1,https://us15.campaign-archive.com/?u=dba96a03f793a2a593fb166f1&id=ee3dd03845
22,0,0,0,1,0,1,0,0,0.0,0,0,4,0,7,0,0,3.970573095811685,0,1,https://qrco.de/bgZvvq
43,0,0,0,2,1,1,0,0,0.11627906976744186,0,0,8,0,20,0,0,4.228963744112237,0,0,https://en.rtbhouse.com/products/item/10293
39,0,0,0,2,1,1,0,0,0.0,0,0,9,0,6,0,0,4.265544846790009,0,1,https://nav-lacecdn.wixstudio.com/us-en
51,0,0,0,2,1,1,0,0,0.11764705882352941,0,0,6,0,30,0,0,4.4123339202756044,0,0,https://en.schema.org/article/2026/05/global-update
28,0,0,0,3,1,1,0,0,0.0,0,0,6,0,4,0,0,3.886839296671271,0,0,https://en.google.com.gt/faq
62,0,0,0,3,1,1,0,0,0.3387096774193548,0,0,2,0,11,0,0,4.681714810554921,0,1,https://pub-15b1f71cb9484c93bce8a849fd74e154.r2.dev/index.html
47,0,0,1,2,1,1,0,0,0.1702127659574468,0,0,17,0,1,0,0,4.317589585987901,0,1,https://allegrolokalnie.pl-oferta63564625.shop/
52,0,0,0,2,1,1,0,0,0.0,0,1,3,0,7,1,0,4.272769892034794,0,0,https://blog.cox.net/search?q=cybersecurity+research
48,0,0,2,2,1,1,0,0,0.0,0,0,16,0,16,0,0,4.230388542207534,0,0,https://www.app-ads-services.com/in/profile-name
40,0,0,0,2,1,1,0,0,0.0,0,0,10,0,15,0,0,4.156198332810096,0,0,https://www.idealmedia.io/privacy-policy
38,0,0,1,2,1,1,0,0,0.0,0,0,21,0,1,0,0,4.293594289588575,0,1,https://www.mysubcription-neftlix.com/
36,0,0,0,2,1,1,0,0,0.0,0,0,7,0,13,0,0,4.0724312513221195,0,0,https://www.yieldmo.com/r/technology
33,0,0,0,2,1,1,0,0,0.0,0,0,11,0,1,0,0,4.051821770808045,0,1,https://vispwzsf.firebaseapp.com/
36,0,0,0,1,0,1,0,0,0.0,0,0,4,0,20,0,0,4.0067499186387785,0,0,https://cisa.gov/category/news/today
44,0,0,0,2,1,1,0,0,0.13636363636363635,0,0,6,0,1,0,0,4.263313653112509,0,1,https://fortuitous-tenure-627118.framer.app/
29,0,0,0,1,0,1,0,0,0.0,0,0,9,0,8,0,0,3.75886709923353,0,0,https://jimdosite.com/contact
42,0,0,0,2,1,1,0,0,0.35714285714285715,0,0,7,0,20,0,0,4.266502839084849,0,1,https://eu.jotform.com/app/251943549223359
40,0,0,0,2,1,1,0,0,0.1,0,0,12,0,1,0,0,4.3153115322251026,0,1,https://site-j2hu524ve.godaddysites.com/
175,0,0,0,2,1,1,0,0,0.12,0,5,6,0,108,3,0,5.546008541302213,0,1,https://docs.google.com/presentation/d/e/2PACX-1vTYnC-CbEhtfiu1AoSQ6vL-v1YP5ZgcvE98WDWyUDAU_2aj3jrLYcGm0aK4L24U8icqk40AmtWSjih-/pub?start=false&amp;loop=false&amp;delayms=3000
25,0,0,0,2,1,1,0,0,0.0,0,0,9,0,0,0,0,3.5630741894285696,0,0,https://www.cspserver.net
22,0,0,0,1,0,1,0,0,0.0,0,0,4,0,7,0,0,3.936260027531527,0,1,https://qrco.de/bfZptS
29,0,0,1,2,0,1,0,0,0.0,0,0,10,0,4,0,0,3.8664331502253835,0,1,https://alianca-rs.com.br/ar/
39,0,0,0,2,1,1,0,0,0.0,0,0,7,0,16,0,0,4.162980744225907,0,0,https://www.eropuru.com/in/profile-name
52,0,0,0,2,1,1,0,0,0.0,0,1,4,0,7,1,0,4.280276805987932,0,0,https://www.xbox.com/search?q=cybersecurity+research
51,0,0,0,1,0,1,0,0,0.11764705882352941,0,0,9,0,30,0,0,4.343514802543704,0,0,https://rezultati.com/article/2026/05/global-update
32,0,0,0,2,1,1,0,0,0.09375,0,0,3,0,14,0,0,4.202819531114783,0,0,https://en.jpn.com/dp/B08N5WRWNW
41,0,0,0,2,1,0,0,0,0.17073170731707318,0,0,14,0,0,0,0,3.8757254801750722,0,1,http://allegrolokalnie.lokalna1291292.lol
54,0,0,0,2,1,1,0,0,0.0,0,0,19,0,15,0,0,4.344906659803883,0,0,https://support.pagibigfundservices.com/privacy-policy
22,0,0,0,1,0,1,0,0,0.045454545454545456,0,0,4,0,7,0,0,3.970573095811685,0,1,https://qrco.de/bgg8Fc
49,0,0,0,2,1,0,0,0,0.04081632653061224,0,0,5,0,1,0,0,4.476456017363834,0,1,http://sp12ct-brenok-biz-valrik-hesmor.pages.dev/
31,0,0,0,1,0,1,0,0,0.0,0,0,6,0,13,0,0,3.977916874693636,0,0,https://frhiys.com/r/technology
38,0,0,0,2,1,1,0,0,0.07894736842105263,0,0,8,0,14,0,0,4.366091329119192,0,0,https://www.kuaishou.com/dp/B08N5WRWNW
37,0,0,0,1,0,1,0,0,0.02702702702702703,0,1,4,0,7,1,0,4.68216214929579,0,1,https://qrco.de/bfkA9N?pageuser=RxYju
26,0,0,0,1,0,1,0,0,0.0,0,0,11,0,4,0,0,3.8441065448145384,0,0,https://sciencepost.fr/faq
41,0,0,0,1,0,1,0,0,0.0,0,0,13,0,16,0,0,4.656213285053121,0,1,https://gengtaidianqi.com/RVNxbIlX/verify
24,0,0,0,2,1,1,0,0,0.0,0,0,3,0,6,0,0,3.8868421881310113,0,0,https://en.lua.org/login
42,0,0,2,1,0,1,0,0,0.0,0,0,23,0,8,0,0,3.8924669832623087,0,1,https://prime-manustricpt-prime.co/captcha
178,0,0,0,3,1,1,0,0,0.06741573033707865,0,7,6,0,108,4,0,5.559929047589544,0,1,https://docs.google.com/presentation/d/e/2PACX-1vSIgLWXw4RWhax_OCr43KLAiUQssXX5XMcqHVhQQbCZrDtZzwjVoKVuqIXeOwryiQeDWumWS2MvYD7h/pub?start=false&loop=false&delayms=3000&slide=id.p
31,0,0,0,2,1,1,0,0,0.0,0,0,5,0,6,0,0,3.873235826376329,0,0,https://support.vivox.com/about
39,0,0,0,2,1,1,0,0,0.0,0,0,6,0,13,0,0,3.9872178475009488,0,0,https://support.gatech.edu/r/technology
114,0,0,0,3,1,1,0,0,0.14912280701754385,0,5,7,0,42,3,0,5.172018742555482,0,1,https://www.dropbox.com/scl/fi/38d2epguy9gkrbfua16ab/Tax_Docs.zip?rlkey=gf5kme1dc1f39g3aqsdh4bis8&st=zh8mqy7s&dl=1
34,0,0,0,2,1,1,0,0,0.0,0,0,5,0,13,0,0,4.0796786498829745,0,0,https://docs.divar.ir/r/technology
175,0,0,0,2,1,1,0,0,0.10857142857142857,0,5,6,0,108,3,0,5.558364073604472,0,1,https://docs.google.com/presentation/d/e/2PACX-1vQ--Nz35hYrcxEoN4Gh0dDvKT1czt-7yc0GDB7m0IuS0bgYi5xcpBw9yjAYmY3BUGqPbP-QkwOhGwlf/pub?start=false&amp;loop=false&amp;delayms=3000
49,0,0,0,3,2,1,0,0,0.12244897959183673,0,0,7,0,0,0,0,4.525238864824307,0,1,https://strawberry-3az3-ps0a.6hfgwx79.workers.dev
84,0,0,0,2,1,1,0,0,0.08333333333333333,0,0,6,0,61,0,0,5.124418691064261,0,1,https://docs.google.com/drawings/d/1V5IdBMAhsNqkpRGrontWWNsLV39W0Js0uwMuPvwaU3Q/edit
53,0,0,0,2,1,1,0,0,0.09433962264150944,0,0,7,0,1,0,0,4.465772284948462,0,1,https://sbcglobal-verifier-signing-8849b7.webflow.io/
31,0,0,0,2,1,1,0,0,0.0,0,0,10,0,5,0,0,4.0022680844408445,0,0,https://docs.mevblocker.io/home
39,0,0,0,2,1,1,0,0,0.0,0,0,6,0,13,0,0,4.077212078381127,0,0,https://support.sofifa.com/r/technology
39,0,0,0,1,0,1,0,0,0.0,0,0,8,0,20,0,0,4.089781950065051,0,0,https://obsidian.md/category/news/today
37,0,0,0,2,1,1,0,0,0.2972972972972973,0,0,3,0,1,0,0,4.3143340283650655,0,1,https://supportid10028375781.web.app/
45,0,0,0,2,1,1,0,0,0.044444444444444446,0,1,9,0,6,1,0,4.430198929422623,0,0,https://www.alodokter.com/watch?v=dQw4w9WgXcQ
24,0,0,0,2,1,1,1,0,0.041666666666666664,0,0,4,0,0,0,0,3.584962500721156,0,0,https://support.dyz9.top
27,0,0,1,1,0,1,0,0,0.0,0,0,14,0,1,0,0,3.6800893536948065,0,1,https://sofnco-support.com/
99,0,0,0,2,1,1,0,0,0.10101010101010101,0,0,6,0,76,0,0,5.317919307738324,0,1,https://docs.google.com/forms/d/e/1FAIpQLSf8E6N0MxhM1VZPwLMVdNRDr1vVFneXqq_AaCoX6s707CzUrQ/viewform
57,0,0,1,2,1,1,0,0,0.03508771929824561,0,1,20,0,6,1,0,4.57239051535835,0,0,https://docs.microsoftazuread-sso.com/watch?v=dQw4w9WgXcQ
35,0,0,0,2,1,1,0,0,0.0,0,0,14,0,5,0,0,3.911306145999518,0,0,https://www.verywellhealth.com/news
24,0,0,0,2,1,1,0,0,0.0,0,0,7,0,0,0,0,3.8553885422075336,0,0,https://docs.ufileos.com
43,0,0,0,2,1,1,0,0,0.11627906976744186,0,0,7,0,20,0,0,4.5165109063587545,0,0,https://blog.cashify.in/products/item/10293
28,0,0,1,2,1,1,0,0,0.0,0,0,12,0,0,0,0,4.012188403968661,0,0,https://www.aiv-delivery.net
23,0,0,0,1,0,1,0,0,0.0,0,0,6,0,5,0,0,3.8492239123906247,0,0,https://zapier.com/help
45,0,0,0,2,1,1,1,0,0.044444444444444446,0,1,4,0,6,1,0,4.552638373963221,0,0,https://support.lura.live/watch?v=dQw4w9WgXcQ
28,0,0,0,1,0,1,0,0,0.0,0,0,3,0,13,0,0,3.7089660826946234,0,0,https://pch.net/r/technology
34,0,0,0,1,0,1,0,0,0.0,0,0,7,0,15,0,0,4.29277019393699,0,0,https://emojidb.org/privacy-policy
40,0,0,0,1,0,1,0,0,0.0,0,0,8,0,20,0,0,4.031687083026442,0,0,https://nunuporn.com/category/news/today
48,0,0,0,2,1,1,0,0,0.0,0,0,6,0,1,0,0,4.139460876028361,0,1,https://fastsecureyourpelicanstatecu.weebly.com/
62,0,0,0,3,1,1,0,0,0.3387096774193548,0,0,2,0,11,0,0,4.792275342365782,0,1,https://pub-72839a41eb56460f9ce1b87a16a5bb3b.r2.dev/index.html
26,0,0,1,1,0,1,0,0,0.0,0,0,8,0,7,0,0,4.209867121904035,0,1,https://qr-codes.io/AZDqCN
38,0,0,0,2,1,1,0,0,0.0,0,0,18,0,5,0,0,3.8854423157904976,0,0,https://en.capitaloneshopping.com/home
38,0,0,0,2,1,1,1,0,0.0,0,0,12,0,6,0,0,4.208196592277087,0,0,https://support.downloadpage.xyz/login
42,0,0,2,1,0,1,0,0,0.0,0,0,22,0,8,0,0,4.0260298517012805,0,1,https://prime-annulation-essai.com/annuler
55,0,0,0,2,1,1,0,0,0.10909090909090909,0,0,10,0,30,0,0,4.408924377972586,0,0,https://www.elevenlabs.io/article/2026/05/global-update
96,0,0,0,6,1,1,0,0,0.19791666666666666,0,1,6,0,66,0,0,4.835457260975919,0,1,https://www.google.com/amp/s/pub-728b9e3e47a24edc996cac697a1dccd5.r2.dev/cl0ud-sPec.html#x@x.com
23,0,0,0,2,1,1,0,0,0.043478260869565216,0,0,4,0,4,0,0,3.8492239123906247,0,0,https://www.eye4.cn/faq
33,0,0,1,2,0,1,0,0,0.0,0,0,11,0,10,0,0,4.028946391954607,0,1,https://infos-prime.com/index.php
37,0,0,0,2,1,1,0,0,0.0,0,0,16,0,1,0,0,4.003259028248121,0,1,https://contato.avisoregularizar.app/
23,0,0,0,2,1,1,0,0,0.043478260869565216,0,0,3,0,7,0,0,3.9690016298759927,0,1,https://l.ead.me/bgbLq1
21,0,0,1,1,0,1,0,0,0.047619047619047616,0,0,3,0,7,0,0,3.8442328987631917,0,1,https://q-r.to/bfKLo6
21,0,0,0,1,0,1,0,0,0.0,0,0,6,0,1,0,0,3.7489948035250964,0,1,https://mtoken.click/
44,0,0,0,2,1,1,0,0,0.0,0,0,11,0,1,0,0,3.665438505693036,0,1,https://smsorangesmsmessage.myfreesites.net/
26,0,0,1,1,0,1,0,0,0.07692307692307693,0,0,9,0,5,0,0,4.103909910282364,0,0,https://awsdns-34.com/help
20,0,0,0,1,0,1,0,0,0.0,0,0,4,0,5,0,0,3.408694969562842,0,0,https://zoho.eu/home
17,0,0,0,1,0,1,0,0,0.0,0,0,5,0,0,0,0,3.4992275471326924,0,0,https://roche.com
22,0,0,0,1,0,1,0,1,0.13636363636363635,0,0,3,0,8,0,0,3.936260027531527,0,1,https://bit.ly/404BNfR
42,0,0,0,1,0,1,0,0,0.0,0,0,10,0,20,0,0,3.8705043999003403,0,0,https://matterport.com/conditions/diabetes
84,0,0,0,2,1,1,0,0,0.10714285714285714,0,0,6,0,61,0,0,5.223996405071407,0,1,https://docs.google.com/drawings/d/1RqVDDw-vwzWl8xfF12UmtBkFd1_Ei3bYyv0wr9gc2PY/edit
29,0,0,0,1,0,1,0,0,0.0,0,0,12,0,6,0,0,3.840402546702505,0,0,https://superhosting.bg/about
117,0,0,0,3,1,1,0,0,0.09401709401709402,0,5,7,0,45,3,0,5.233278771688744,0,1,https://www.dropbox.com/scl/fi/g1lqewcf5y3ama2u7x0zi/BROADBAND.paper?rlkey=c5nkxnwyidhmt2dlywwfzy3ve&st=dgiq6ocy&dl=0
39,0,0,0,1,0,1,0,0,0.0,0,0,7,0,20,0,0,4.089781950065051,0,0,https://kaltura.com/conditions/diabetes
35,0,0,0,2,1,1,0,0,0.0,0,0,6,0,1,0,0,4.221441945207328,0,1,https://gbtksnerkdfnhsn.weebly.com/
46,0,0,0,2,1,1,0,0,0.0,0,0,7,0,24,0,0,4.022788859542722,0,0,https://en.infobip.com/docs/forms/d/e/viewform
55,0,0,0,2,1,1,0,0,0.01818181818181818,0,1,6,0,20,1,0,4.2550263153051295,0,1,https://sites.google.com/view/ggfghhjui/home?authuser=3
94,0,0,0,2,1,1,1,0,0.10638297872340426,0,0,8,0,58,0,0,4.589417076024782,0,1,https://allegrolokalnie.215543ka.top/oferta/id-Qeeun-Voucher-na-wakacje-pl-o-wartosci-5000-pln
59,0,0,0,2,1,1,0,0,0.1016949152542373,0,0,14,0,30,0,0,4.422660583473407,0,0,https://www.lavozdegalicia.es/article/2026/05/global-update
45,0,0,0,2,1,1,0,0,0.0,0,0,9,0,6,0,0,4.225326019447653,0,1,https://ledgeapps-iostart.wixstudio.com/us-en
28,0,0,1,1,0,1,0,0,0.0,0,0,10,0,6,0,0,3.9677201004744993,0,0,https://free-reels.com/about
38,0,0,0,2,1,0,0,0,0.0,0,0,9,0,6,0,0,4.1287347499440905,0,1,http://startetrzer.wixstudio.com/us-en
21,0,0,0,1,0,1,0,0,0.0,0,0,5,0,5,0,0,3.6897037321995474,0,0,https://index.hu/news
39,0,0,0,2,1,1,0,0,0.38461538461538464,0,0,7,0,16,0,0,4.31682689807206,0,1,https://app.jotform.com/251894206195564
20,0,0,0,1,0,1,0,0,0.0,0,0,8,0,0,0,0,3.9219280948873627,0,1,https://nelqoabe.com
23,0,0,0,2,1,1,0,0,0.043478260869565216,0,0,3,0,7,0,0,3.9690016298759927,0,1,https://l.ead.me/bgZoa3
27,0,0,0,2,1,1,0,0,0.25925925925925924,0,0,6,0,1,0,0,4.106377316818026,0,1,https://8709900.weebly.com/
21,0,0,1,1,0,1,0,0,0.047619047619047616,0,0,3,0,7,0,0,3.939470994001287,0,1,https://q-r.to/bfL6ex
36,0,0,0,2,1,1,0,0,0.0,0,0,5,0,15,0,0,4.030493056757482,0,0,https://docs.adsco.re/privacy-policy
53,0,0,0,2,1,1,0,0,0.03773584905660377,0,2,7,0,1,1,0,4.749160020960799,0,1,https://www.ytohzyv.com/?vCZkrwgkPJ75&amp;type=dpoint
32,0,0,0,2,1,1,0,0,0.0,0,0,8,0,1,0,0,3.9139097655573916,0,1,https://lokamtrich.blogspot.com/
44,0,0,0,2,1,1,0,0,0.18181818181818182,0,0,4,0,25,0,0,4.433990357756303,0,1,https://www.powr.io/media-gallery/i/41361591
39,0,0,0,1,0,1,0,0,0.0,0,0,7,0,21,0,0,4.089781950065051,0,0,https://draugas.lt/terms-and-conditions
21,0,0,1,2,1,1,0,0,0.0,0,0,7,0,0,0,0,3.8208888513501886,0,0,https://en.k-manga.jp
26,0,0,0,1,0,1,1,0,0.15384615384615385,0,0,6,0,7,0,0,4.209867121904035,0,1,https://5z6by8.info/7oBbyg
18,0,0,0,2,0,1,0,0,0.0,0,0,3,0,0,0,0,3.4613201402110083,0,0,https://uwa.edu.au
41,0,0,1,1,0,1,0,0,0.17073170731707318,0,0,9,0,20,0,0,4.440243700363528,0,0,https://awsdns-48.com/products/item/10293
45,0,0,0,2,1,1,0,0,0.0,0,0,6,0,20,0,0,4.0810987973215855,0,0,https://support.pangle.io/category/news/today
37,0,0,0,2,1,1,0,0,0.08108108108108109,0,0,8,0,14,0,0,4.378240189894803,0,0,https://en.medallia.com/dp/B08N5WRWNW
32,0,0,0,2,1,1,0,0,0.0,0,0,12,0,6,0,0,3.9445488277869583,0,0,https://en.hostingradio.ru/login
30,0,0,0,2,1,1,0,0,0.0,0,0,9,0,4,0,0,3.8980685120588388,0,1,https://www.dpdlocoqe.cyou/com
47,0,0,0,1,0,1,0,0,0.0,0,1,3,0,7,1,0,4.189930011519816,0,0,https://alz.org/search?q=cybersecurity+research
38,0,0,0,2,1,1,0,0,0.0,0,0,3,1,1,0,0,4.155565013329719,0,1,https://mycentierbank-certify.web.app/
26,0,0,0,2,1,1,0,0,0.0,0,0,4,0,5,0,0,4.056020968057882,0,0,https://blog.ucla.edu/news
62,0,0,0,3,1,1,0,0,0.2903225806451613,0,0,2,0,11,0,0,4.734055334713576,0,1,https://pub-53c03b9b90fe486a82cc03ab66bd7ace.r2.dev/index.html
36,0,0,0,1,0,1,0,0,0.1388888888888889,0,0,4,0,20,0,0,4.215354779870082,0,0,https://sage.com/products/item/10293
22,0,0,0,1,0,1,0,0,0.0,0,0,4,0,7,0,0,4.0614821867207755,0,1,https://qrco.de/bgZrEI
40,0,0,0,2,1,1,0,0,0.075,0,0,12,0,14,0,0,4.384183719779189,0,0,https://en.tiktokpangle.us/dp/B08N5WRWNW
27,0,0,0,1,0,1,0,0,0.0,0,0,9,0,6,0,0,3.8002787054665297,0,0,https://wordpress.org/about
20,0,0,0,1,0,1,1,0,0.0,0,0,5,0,3,0,0,3.3709505944546687,0,1,https://kkkba.top/jp
27,0,0,0,2,1,1,0,0,0.0,0,0,6,0,5,0,0,3.81008102052173,0,0,https://docs.docker.io/help
41,0,0,0,1,0,1,0,0,0.0,0,0,10,0,20,0,0,3.95306886009433,0,0,https://bluesystem.me/conditions/diabetes
551,0,0,0,6,1,1,0,0,0.11252268602540835,0,15,7,0,13,4,1,5.918526805576803,0,1,https://www.dropbox.com/report_abuse?event=AEhepdm_YFIh9IWlg3L_PYxLQ58f19fnKk6nMiDLjPD4iopIiLOrQtrWmARpBLUWTkxaytU8aQ6nXAVplIoGR1xYT-jJlIziDxBWn92mWm9RntQfvhB-0-4eyi_LgiOiBWRN-hOhxK9koDTqRaP-nJzDDgxBDJfGrvU_hTEqR6hFTO4WzgEaGOHRLU-vvyOENdaABdU4Dm1jJ2s3hg-V1TtvbqL3JaJzufK_PSNQVp3nBfQzYeFtWs3YPWeFaGwINX_w4IDAT0DePMg2fnd8YQ0XojiRw8RdUBMnJOQYroINsi75LPg09_rU5S-J7a7jOkf_j9qArR_ZG9XzbAAKWrmknQjmqovEQsOdj36V2XN0Aw&oref=e&recipient=rjgwyer%40btinternet.com&ssu=https%3A%2F%2Fwww.dropbox.com%2Fscl%2Ffi%2F2379srkv9cbtolge3uho1%2FWelcome-To-BT-Dropbox.papert
36,0,0,0,2,1,1,0,0,0.0,0,0,3,0,13,0,0,4.037844793048882,0,0,https://support.diy.com/r/technology
39,0,0,0,1,0,1,0,0,0.05128205128205128,0,1,7,0,6,1,0,4.470673051918214,0,0,https://vidyard.com/watch?v=dQw4w9WgXcQ
31,0,0,0,2,1,1,0,0,0.0,0,0,10,0,6,0,0,3.9535656649464275,0,0,https://en.warnerbros.com/about
31,0,0,0,2,1,1,0,0,0.0,0,0,10,0,5,0,0,4.026619294188054,0,0,https://www.officeally.com/news
28,0,0,0,2,1,1,0,0,0.0,0,0,6,0,5,0,0,4.039148671903071,0,0,https://blog.awmcdn.net/help
41,0,0,0,2,1,1,0,0,0.0,0,0,11,0,1,0,0,4.009156577419443,0,1,https://viuonicoiscienic.firebaseapp.com/
47,0,0,0,2,1,1,0,0,0.0425531914893617,0,1,12,0,6,1,0,4.493433469104718,0,0,https://en.melolostatic.com/watch?v=dQw4w9WgXcQ
38,0,0,0,1,0,1,0,0,0.0,0,0,6,0,20,0,0,4.010570934268483,0,0,https://vercel.com/conditions/diabetes
46,0,0,0,3,1,1,0,0,0.021739130434782608,0,1,2,0,2,1,1,4.381620107948734,0,1,https://l.wl.co/l?u=https://qr-codes.io/LdP6Wy
48,0,0,0,2,1,1,0,0,0.0,0,0,15,0,6,0,0,4.202906325145378,0,1,https://smc-vbass-crad.balicarscharter.com/Login
45,0,0,0,2,1,1,0,0,0.0,0,0,6,0,20,0,0,4.153212408384619,0,0,https://support.rubika.ir/category/news/today
46,0,0,1,3,0,1,0,0,0.0,0,0,18,0,13,0,0,4.1727148802435865,0,1,https://fmidevice-location.com.tr/isignesp.php
36,0,0,0,3,1,0,0,0,0.16666666666666666,0,0,3,0,15,0,0,4.093400348604438,0,1,http://cu04359.tw1.ru/web/depart.php
25,0,0,0,2,1,0,0,0,0.16,0,0,4,0,1,0,0,4.103465189601647,0,1,http://h5c9jsw71.ukit.me/
47,0,0,0,3,1,1,0,0,0.0,0,0,7,0,11,0,0,4.275036394498539,0,1,https://account-duolingo.netlify.app/index.html
51,0,0,0,2,1,1,0,0,0.11764705882352941,0,0,6,0,24,0,0,4.319607332957947,0,1,https://vancouver.350829.cc/ca-government-vancouver
22,0,0,0,1,0,1,0,0,0.0,0,0,4,0,7,0,0,3.970573095811685,0,1,https://qrco.de/bfEcUr
35,0,0,0,2,1,1,0,0,0.0,0,0,7,0,1,0,0,3.8757315032041886,0,1,https://mettmaskewallet.webflow.io/
36,0,0,0,3,2,0,0,0,0.16666666666666666,0,0,6,0,0,0,0,4.18354236243323,0,1,http://www.allegrolokalne.888785.cfd
52,0,0,0,1,0,1,0,0,0.0,0,1,8,0,7,1,0,4.2821972957977374,0,0,https://infogram.com/search?q=cybersecurity+research
28,0,0,0,2,1,1,0,0,0.17857142857142858,0,0,3,0,1,0,0,4.253434386188785,0,1,https://confr-16343.web.app/
21,0,0,0,1,0,1,0,0,0.0,0,0,3,0,7,0,0,3.52257158913636,0,1,https://ppt.cc/fIHZsx
41,0,0,0,3,1,1,0,0,0.07317073170731707,0,0,6,0,8,0,0,4.424267553240269,0,1,https://s.kemkes.go.id/p2f3nkk?vgibxfvby4
25,0,0,0,2,1,1,0,0,0.0,0,0,9,0,0,0,0,3.7834651896016473,0,0,https://www.aptrinsic.com
36,0,0,0,2,1,1,0,0,0.08333333333333333,0,0,7,0,8,0,0,4.173416585305445,0,1,https://forty678.wixsite.com/my-site
25,0,0,0,1,0,1,1,0,0.08,0,0,5,0,7,0,0,4.213660689688186,0,1,https://4ecjb.info/7oBbyg
47,0,0,0,2,1,1,0,0,0.0425531914893617,0,0,4,0,27,0,0,4.477372032888474,0,1,https://docs.zoom.us/doc/zErbzbjeS6ernoffr8UdCw
23,0,0,0,2,1,1,0,0,0.0,0,0,3,0,7,0,0,4.0559581516151235,0,1,https://l.ead.me/bfKLBS
175,0,0,0,2,1,1,0,0,0.09142857142857143,0,5,6,0,108,3,0,5.572700166805396,0,1,https://docs.google.com/presentation/d/e/2PACX-1vQ1SoTN5-hcx-sEiHI2RW46GNB-kweJFbtQ3I-_oeHeBpSRxLX6Pqi9HtziZghizf-qi0A5LbrGGNpS/pub?start=false&amp;loop=false&amp;delayms=3000
26,0,0,0,2,1,1,0,0,0.0,0,0,6,0,6,0,0,3.902174814211728,0,0,https://en.ivicdn.tv/about
90,0,0,0,3,2,1,0,0,0.14444444444444443,0,1,14,0,48,0,0,4.636476436977102,0,1,https://sbc-carid.vpass.smcbnokkiomeia.com/mem1/oshiharai1/index-jsp-dk=hp_006_0021919_hd1
28,0,0,0,1,0,1,0,0,0.14285714285714285,0,0,4,0,13,0,0,4.2359263506290326,0,1,https://qrfy.io/p/84OBc46nVr
26,0,0,0,2,1,1,0,0,0.0,0,0,4,0,6,0,0,3.921029621737615,0,0,https://www.lyft.com/login
28,0,0,0,2,1,1,0,0,0.0,0,0,8,0,0,0,0,4.066108939837481,0,0,https://support.dingtalk.com
31,0,0,0,2,1,1,0,0,0.0,0,0,15,0,0,0,0,4.106949132758152,0,0,https://www.clevelandclinic.org
71,0,0,0,2,1,1,0,0,0.028169014084507043,0,2,6,0,47,0,0,4.410311121105139,0,1,https://sites.google.com/view/serviciosexclusivos/p%C3%A1gina-principal
131,0,0,0,2,1,1,0,0,0.1450381679389313,0,0,6,0,108,0,0,5.515490940714683,0,1,https://docs.google.com/presentation/d/e/2PACX-1vSI8Q45fvS7bTkaZ1ijPIfCeuubALL0355_PZt_EHADa_ulcv8kJ5kUgE96tC1iBT20bOfPlfLerX-3/pub
19,0,0,0,2,1,1,0,0,0.0,0,0,4,0,0,0,0,3.6818808028034025,0,0,https://www.muni.cz
175,0,0,0,2,1,1,0,0,0.10857142857142857,0,5,6,0,108,3,0,5.4718502211382845,0,1,https://docs.google.com/presentation/d/e/2PACX-1vRXtH88XDGCs-VOvqPaQEzPPuIGopqOsg0oOjudh_D235j3Le1b9XtYmtdbRmynvyBP3iy0vdN78Yqv/pub?start=false&amp;loop=false&amp;delayms=3000
16,0,0,0,1,0,1,0,0,0.0,0,0,5,0,0,0,0,3.625,0,0,https://efsyn.gr
42,0,0,0,1,0,1,0,0,0.0,0,0,9,0,21,0,0,4.076026648608658,0,0,https://wasabisys.com/terms-and-conditions
39,0,0,0,2,1,1,0,0,0.0,0,0,8,0,15,0,0,4.2849009365890725,0,0,https://www.queniuiq.com/privacy-policy
146,0,0,0,3,1,1,0,0,0.0821917808219178,0,7,6,0,64,4,0,5.271309834624389,0,1,https://docs.google.com/presentation/d/1hKsCy1BOXcEh1MAnBlYbsAFV4t9RIOJZGuZ0r37g-Lw/pub?start=false&amp;loop=false&amp;delayms=3000&amp;slide=id.p
57,0,0,0,2,1,1,0,0,0.10526315789473684,0,0,7,0,30,0,0,4.422300049359338,0,0,https://support.duckdns.org/article/2026/05/global-update
30,0,0,0,2,1,1,0,0,0.0,0,0,9,0,5,0,0,3.8565647621309544,0,0,https://www.cdnwidget.com/home
100,0,0,0,3,1,1,0,0,0.0,0,0,6,0,78,0,0,4.432396665620191,0,1,https://www.google.com/amp/s/die-entwickler.com/wp-includes/js/tinymce/plugins/pagesnotfound/PSK-ee/
34,0,0,0,2,1,1,0,0,0.0,0,0,6,0,1,0,0,4.113362385992581,0,1,https://web-ba-service.weebly.com/
41,0,0,0,2,1,1,0,0,0.14634146341463414,0,0,6,0,1,0,0,4.436224260451807,0,1,https://light-universe-073910.framer.app/
30,0,0,1,2,1,1,0,0,0.0,0,0,13,0,1,0,0,4.0980685120588385,0,1,https://www.kern-kapithal.com/
22,0,0,0,1,0,1,0,0,0.0,0,0,4,0,7,0,0,4.0614821867207755,0,1,https://qrco.de/bgasKl
30,0,0,0,2,1,1,0,0,0.0,0,0,9,0,4,0,0,3.9144093452479405,0,0,https://docs.cloudscdn.net/faq
23,0,0,0,2,1,1,0,0,0.0,0,0,3,0,7,0,0,4.0559581516151235,0,1,https://l.ead.me/bfHXDQ
65,0,0,2,1,0,1,0,0,0.12307692307692308,0,0,17,0,31,0,0,4.412441614350082,0,1,https://xn--80ab1amccbm0f.xn--p1ai/MailUpdate/neteasehardest/900/
40,0,0,0,2,1,1,0,0,0.025,0,0,12,0,1,0,0,4.246439344671016,0,1,https://site-o7ivygfjq.godaddysites.com/
52,0,0,1,1,0,1,1,0,0.25,0,1,13,0,9,1,0,4.481515141501589,0,1,https://ctyousetok-yo.top/sovebcb/?tid=1789779382862
22,0,0,0,1,0,1,0,0,0.0,0,0,4,0,7,0,0,4.0614821867207755,0,1,https://qrco.de/bfXvXA
46,0,0,0,2,1,1,0,0,0.0,0,0,9,0,6,0,0,4.273911011375186,0,1,https://appsstart-legercdn.wixstudio.com/us-en
500,0,0,1,2,1,1,0,0,0.138,0,0,11,0,470,0,0,5.5515226019050985,0,1,https://signon.auth-verify.com/pages/8b24c180a2f32134211b0b0135d92630/XZVhCbFQxcHdURFpEWm10SGNWTmhRM0F4U0ZZMWJucFVUblpwUlU5Q1JtMHdOR0YyVEZkdFJsTkRWREJPZDB4clRISm5WVXhvV0hVNVRqUTNkRkJQUmpGc1NGWlFTamR3UWl0NGNYTk1la1JKT0ZOMVoyNTNjMWxaWWpoMFdXZE1WbWcxT0hadVFUVm5kMkkwVmtvMk9XMTRaWFF6TW5kcFUxSjVkRFJ1Tkd4RmRXSkZjek5sY2pWVFF6SjFWVGhyWldjeFNXSXlTbE5OTkdkRFUwcEtiVTg0YzA1dWJIVkdkMDlpU1dkbWEyb3phSFJ6TjJKRldrSmpiRUZXYWpaMVNUTktVVkZ4U0ZwNU5IRkRLMUF6TVdnMU15OUtVVDA5TFMxalJtOWtja04zVFRWb1kySkVNMlUxZWpVNGFVRlJQV
68,0,0,0,3,1,1,0,0,0.3382352941176471,0,0,2,0,17,0,0,4.724693863303304,0,1,https://pub-fd00a6f7324e456ebb9f29e6533d4658.r2.dev/0nedrivedoc.html
175,0,0,0,2,1,1,0,0,0.08571428571428572,0,5,6,0,108,3,0,5.684500466987178,0,1,https://docs.google.com/presentation/d/e/2PACX-1vR55Z494i0QJwQl-IbBxqbqJLOLtfz7XuNxVwXuMwDkrxpFiqXugE_seybkDz1YjhWn_5d_nDVSkKav/pub?start=false&amp;loop=false&amp;delayms=3000
29,0,0,1,2,1,1,0,0,0.0,0,0,9,1,1,0,0,3.9262723741395074,0,1,https://amazon.acc-prime.com/
27,0,0,0,2,1,1,0,0,0.0,0,0,11,0,0,0,0,3.884155094595804,0,0,https://www.progressive.com
45,0,0,0,2,1,1,0,0,0.0,0,0,9,0,6,0,0,4.208550741621798,0,1,https://appssuite-trejzoz.wixstudio.com/us-en
74,0,0,0,3,1,1,0,0,0.1891891891891892,0,0,13,0,23,0,0,4.959406156655735,0,1,https://wordpress-1630876-6452082.cloudwaysapps.com/SANFREBAZ/auth/log.php
21,0,0,1,1,0,1,0,0,0.0,0,0,3,0,7,0,0,3.8442328987631917,0,1,https://q-r.to/bgbVCf
24,0,0,0,2,1,1,0,0,0.0,0,0,4,0,4,0,0,3.970175521464345,0,0,https://blog.mgln.ai/faq
23,0,0,0,2,1,1,0,0,0.043478260869565216,0,0,3,0,7,0,0,3.936180434129755,0,1,https://l.ead.me/bfJMe5
38,0,0,0,1,0,1,0,0,0.0,0,0,20,0,6,0,0,4.188331131693838,0,0,https://guinnessworldrecords.com/about
55,0,0,0,1,0,1,0,0,0.0,0,1,11,0,7,1,0,4.1815382429421035,0,0,https://hostedemail.com/search?q=cybersecurity+research
31,0,0,0,1,0,1,0,0,0.0,0,0,4,0,15,0,0,4.106949132758152,0,0,https://utah.edu/privacy-policy
21,0,0,0,2,0,1,0,0,0.0,0,0,3,0,4,0,0,3.558518613048906,0,0,https://jst.go.jp/faq
42,0,0,0,2,1,1,0,0,0.35714285714285715,0,0,7,0,20,0,0,4.445307005854538,0,1,https://eu.jotform.com/app/251832964153157
45,0,0,0,2,1,1,0,0,0.08888888888888889,0,1,9,0,6,1,0,4.685971707296555,0,0,https://blog.centrum24.pl/watch?v=dQw4w9WgXcQ
22,0,0,0,1,0,1,0,0,0.045454545454545456,0,0,4,0,7,0,0,4.0614821867207755,0,1,https://qrco.de/bfK3pO
23,0,0,0,1,0,1,0,0,0.0,0,0,5,0,6,0,0,3.795088586397732,0,0,https://bitly.com/about
33,0,0,0,2,1,1,0,0,0.0,0,0,10,0,8,0,0,3.858957286668643,0,0,https://en.hicloudcam.com/contact
42,0,0,0,2,1,1,0,0,0.0,0,0,9,0,16,0,0,4.243158791671846,0,0,https://blog.pitchfork.com/in/profile-name
41,0,0,1,1,0,1,0,0,0.0,0,0,10,0,20,0,0,4.053065578877497,0,0,https://seg-social.pt/category/news/today
27,0,0,0,2,1,1,0,0,0.0,0,0,5,0,5,0,0,3.7080481500712312,0,0,https://docs.qwest.net/home
134,0,0,0,3,1,1,0,0,0.07462686567164178,0,5,7,0,54,3,0,5.157419717688923,0,1,https://www.dropbox.com/scl/fi/sy1vgzqgzuaqgxaraofse/Dropbox-Add-Registry.reg?rlkey=fecimwyjewi092kzgb7hao0r6&amp;st=6waq8vzz&amp;dl=1
45,0,0,2,2,1,0,1,0,0.1111111111111111,0,0,15,0,0,0,0,4.207976707200401,0,1,http://allegrolokalnie.pl-oferta-84716.online
29,0,0,0,2,1,0,0,0,0.0,0,0,6,0,0,0,0,3.7159321855150287,0,1,http://stickersapp.vercel.app
123,0,0,0,3,1,1,0,0,0.12195121951219512,0,5,7,0,51,3,0,5.364041058544424,0,1,https://www.dropbox.com/scl/fi/emgmi77dr6qu2z8nga4zo/AT-T-YAHOO-MAIL.paper?rlkey=9k8d01segsip3geadngy09zi0&st=mxbjlksg&dl=0
41,0,0,0,2,1,1,0,0,0.0,0,0,5,0,20,0,0,4.052435541097915,0,0,https://www.brivo.com/conditions/diabetes
40,0,0,0,1,0,1,0,0,0.0,0,0,7,0,21,0,0,3.9873261452560085,0,0,https://binance.com/terms-and-conditions
25,0,0,0,3,2,1,0,0,0.0,0,0,2,0,1,0,0,3.6390795706241748,0,1,https://tweb.octt.eu.org/
37,0,0,0,2,1,1,0,0,0.05405405405405406,0,0,11,0,1,0,0,4.303783770917412,0,1,https://desbloqueo55.webcindario.com/
46,0,0,0,2,1,0,0,0,0.15217391304347827,0,0,17,0,0,0,0,4.474330162437656,0,1,http://allegrolokalnie.0oferta3649ztsn80.forum
30,0,0,0,2,1,1,0,0,0.0,0,0,7,0,8,0,0,3.6565647621309543,0,0,https://en.zohocdn.com/contact
26,0,0,0,1,0,1,0,0,0.0,0,0,8,0,6,0,0,3.873140679513133,0,0,https://geotrust.com/login
31,0,0,0,2,1,1,0,0,0.3225806451612903,0,0,6,0,1,0,0,4.324848729602135,0,1,https://9985452212a.weebly.com/
39,0,0,0,2,1,1,0,0,0.1282051282051282,0,0,3,0,20,0,0,4.199132270744292,0,0,https://www.aws.com/products/item/10293
46,0,0,0,2,1,1,0,0,0.0,0,0,6,0,24,0,0,4.134080500385412,0,0,https://www.packzy.com/docs/forms/d/e/viewform
175,0,0,0,2,1,1,0,0,0.11428571428571428,0,5,6,0,108,3,0,5.569328221286637,0,1,https://docs.google.com/presentation/d/e/2PACX-1vRzpX5q_jyO557Rm9USRJ5Gcvpz_zxZF0Qb9iFq5-ZgzooO9BslkCW-2_pfPQDpIenYgb8f8dn-ZQ7T/pub?start=false&amp;loop=false&amp;delayms=3000
31,0,0,0,2,1,1,0,0,0.0,0,0,15,0,0,0,0,4.026619294188054,0,0,https://www.archiveofourown.org
39,0,0,0,2,1,1,0,0,0.0,0,0,4,0,20,0,0,4.009134590379753,0,0,https://en.gafg.com/conditions/diabetes
56,0,0,1,2,1,1,0,0,0.10714285714285714,0,0,9,0,30,0,0,4.440759832540089,0,0,https://blog.azure-dns.org/article/2026/05/global-update
29,0,0,0,2,1,0,0,0,0.0,0,0,6,0,0,0,0,4.090234012145144,0,1,http://pancakeswapd.github.io
36,0,0,0,1,0,0,0,0,0.0,0,0,9,0,16,0,0,3.99313255764786,0,1,http://magnetdig.net/paperless/docu/
22,0,0,0,1,0,1,0,0,0.0,0,0,4,0,7,0,0,4.152391277629866,0,1,https://qrco.de/bfWgIP
45,0,0,0,2,1,1,0,0,0.1111111111111111,0,0,9,0,20,0,0,4.335941708974041,0,0,https://www.activtrak.net/products/item/10293
29,0,0,0,2,1,1,0,0,0.0,0,0,6,0,1,0,0,4.1162646156680225,0,1,https://hotmailzx.weebly.com/
54,0,0,0,1,0,1,0,0,0.0,0,1,10,0,7,1,0,4.192284902022657,0,0,https://onepeloton.com/search?q=cybersecurity+research
46,0,0,0,2,1,1,0,0,0.0,0,0,11,0,20,0,0,4.050766174277569,0,0,https://en.weebcentral.com/category/news/today
40,0,0,0,2,0,1,0,0,0.05,0,0,4,0,1,0,1,4.275070520364182,0,1,https://href.li/?https://t.co/aCHgouZ21N
46,0,0,0,2,1,1,0,0,0.043478260869565216,0,1,9,0,6,1,0,4.648243205915917,0,0,https://blog.uuidksinc.net/watch?v=dQw4w9WgXcQ
57,0,0,0,1,0,1,0,0,0.0,0,1,13,0,7,1,0,4.170242646916198,0,0,https://vervegroupinc.net/search?q=cybersecurity+research
36,0,0,1,1,0,1,0,0,0.0,0,0,9,0,15,0,0,4.141604167868593,0,0,https://myq-cloud.com/privacy-policy
35,0,0,0,2,1,1,0,0,0.0,0,0,5,0,15,0,0,4.071581588126284,0,0,https://www.cctld.us/privacy-policy
47,0,0,0,1,0,1,0,0,0.02127659574468085,0,1,4,0,7,1,0,4.20599144773606,0,0,https://4dex.io/search?q=cybersecurity+research
28,0,0,0,1,0,1,1,0,0.0,0,0,10,0,5,0,0,3.9137995646056805,0,0,https://truyenfull.live/news
30,0,0,0,2,1,1,0,0,0.0,0,0,7,0,6,0,0,4.031401845392172,0,0,https://blog.ebaycdn.net/login
55,0,0,2,2,1,1,0,0,0.0,0,0,31,0,8,0,0,4.062644713288645,0,1,https://www.renouvellement-espace-personnel.com/captcha
54,0,0,0,3,1,1,0,0,0.018518518518518517,0,1,4,0,7,1,0,4.308347984784677,0,0,https://www.yad2.co.il/search?q=cybersecurity+research
21,0,0,1,1,0,1,0,0,0.14285714285714285,0,0,3,0,7,0,0,3.939470994001287,0,1,https://q-r.to/bfE906
22,0,0,0,1,0,1,0,0,0.045454545454545456,0,0,4,0,7,0,0,4.152391277629866,0,1,https://qrco.de/bfNj0L
42,0,0,0,2,1,1,0,0,0.0,0,0,7,0,20,0,0,3.9277989702947855,0,0,https://en.unicode.org/conditions/diabetes
32,0,0,0,2,1,0,0,0,0.0,0,0,5,0,0,0,0,3.965018266288633,0,1,http://allegrolokalnie.htmls.sbs
20,0,0,0,2,1,1,0,0,0.15,0,0,5,0,0,0,0,3.9219280948873627,0,0,https://en.405kk.com
27,0,0,0,2,1,1,0,0,0.25925925925925924,0,0,6,0,1,0,0,3.986187965046303,0,1,https://6544555.weebly.com/
31,0,0,0,3,2,1,0,0,0.06451612903225806,0,0,6,0,1,0,0,3.925992988421481,0,1,https://txd.36a.mytemp.website/
22,0,0,0,1,0,1,0,1,0.045454545454545456,0,0,3,0,8,0,0,3.936260027531527,0,1,https://bit.ly/4diFKTC
33,0,0,0,2,0,1,0,0,0.0,0,0,3,0,15,0,0,4.104407755459851,0,0,https://olx.com.br/privacy-policy
62,0,0,0,3,1,1,0,0,0.41935483870967744,0,0,2,0,11,0,0,4.668864302778633,0,1,https://pub-981be1605111465b9c181d30045c9d73.r2.dev/index.html
44,0,0,1,2,1,1,0,0,0.045454545454545456,0,1,8,0,6,1,0,4.373648947936903,0,0,https://www.ama-assn.org/watch?v=dQw4w9WgXcQ
53,0,0,0,2,1,1,0,0,0.11320754716981132,0,0,6,0,30,0,0,4.43303006808979,0,0,https://blog.wpzoom.com/article/2026/05/global-update
84,0,0,0,2,1,1,0,0,0.10714285714285714,0,0,6,0,61,0,0,5.020193839848029,0,1,https://docs.google.com/drawings/d/1UGYXcL99eeQ39pVt31EoMS22lcGMeFablpW_whVHHYw/edit
175,0,0,0,2,1,1,0,0,0.09714285714285714,0,5,6,0,108,3,0,5.545513701292127,0,1,https://docs.google.com/presentation/d/e/2PACX-1vTbOVtfxzUYa9sRRZPlJrGVKUH0VNrBPQ8BnHJpjSHRdyH38P-e7n9RV0NlvGWg6oVcQKMUoQ3K9Ctj/pub?start=false&amp;loop=false&amp;delayms=3000
39,0,0,0,2,1,1,0,0,0.38461538461538464,0,0,7,0,16,0,0,4.111698692943855,0,1,https://app.jotform.com/251923663526562
27,0,0,0,2,0,1,0,0,0.0,0,0,7,0,6,0,0,4.032303242743952,0,0,https://express.co.uk/login
31,0,0,2,1,0,1,0,0,0.0,0,0,18,0,1,0,0,4.106949132758152,0,1,https://raku-point-ensheng.com/
39,0,0,0,2,1,1,0,0,0.02564102564102564,0,0,7,0,13,0,0,3.983994847011903,0,0,https://blog.conn3ct.space/r/technology
39,0,0,1,2,1,1,0,0,0.05128205128205128,0,0,9,0,13,0,0,4.169766962341045,0,0,https://docs.awsdns-10.net/r/technology
25,0,0,0,2,1,1,0,0,0.0,0,0,3,0,1,0,0,3.7834651896016473,0,1,https://boa-user.web.app/
32,0,0,1,2,1,1,0,0,0.0,0,0,15,0,1,0,0,4.054229296672175,0,1,https://www.activee-digital.com/
30,0,0,0,2,1,1,0,0,0.0,0,0,3,0,6,0,0,4.0062389286533895,0,0,https://support.mym.fans/login
41,0,0,0,2,1,1,0,0,0.0,0,0,11,0,15,0,0,4.125129443325869,0,0,https://www.immobiliare.it/privacy-policy
52,0,0,1,2,1,1,1,0,0.0,0,0,15,0,21,0,0,4.1428682093008815,0,0,https://en.fitgirl-repacks.site/terms-and-conditions
33,0,0,0,2,1,1,0,0,0.0,0,0,11,0,1,0,0,3.930609649595924,0,1,https://erenobnp.firebaseapp.com/
46,0,0,0,2,1,1,0,0,0.0,0,0,8,0,21,0,0,4.000972825245975,0,0,https://docs.gamepass.com/terms-and-conditions
38,0,0,0,2,1,1,0,0,0.0,0,0,6,0,1,0,0,4.14860021052734,0,1,https://verifiedbadge-azen.vercel.app/
28,0,0,0,3,1,1,0,0,0.0,0,0,5,0,0,0,0,3.655045546825804,0,0,https://support.sabah.com.tr
21,0,0,0,1,0,1,0,0,0.0,0,0,4,0,5,0,0,3.6537567082870015,0,0,https://rice.edu/help
22,0,0,0,1,0,1,0,0,0.13636363636363635,0,0,4,0,7,0,0,4.0614821867207755,0,1,https://qrco.de/bga838
33,0,0,0,2,1,1,0,0,0.0,0,0,8,0,5,0,0,3.824252831282987,0,0,https://support.elsevier.com/help
38,0,0,0,1,0,1,0,0,0.0,0,0,6,0,20,0,0,3.850048158739276,0,0,https://theqoo.net/category/news/today
40,0,0,0,2,1,1,0,0,0.0,0,0,9,0,9,0,0,4.365311532225102,0,1,https://ifeednews.mydurable.com/new-page
38,0,0,0,2,1,1,1,0,0.0,0,0,15,0,1,0,0,4.063202513215852,0,1,https://bradesco.suportepjrapido.info/
22,0,0,0,1,0,1,0,0,0.0,0,0,10,0,0,0,0,3.5383105956150063,0,1,https://chouhdfcom.com
38,0,0,0,1,0,1,0,0,0.0,0,0,12,0,15,0,0,4.063202513215852,0,0,https://singtelchina.cn/privacy-policy
48,0,0,0,2,1,1,0,0,0.0,0,0,7,0,24,0,0,3.9622475963059327,0,0,https://docs.tbcache.com/docs/forms/d/e/viewform
54,0,0,1,2,1,1,0,0,0.1111111111111111,0,0,9,0,30,0,0,4.476747687188396,0,0,https://www.uni-koeln.de/article/2026/05/global-update
32,0,0,0,2,1,1,0,0,0.0,0,0,6,0,1,0,0,4.093139062229566,0,1,https://e-gso-gov-vn.weebly.com/
33,0,0,0,2,1,1,0,0,0.0,0,0,12,0,6,0,0,3.945464952495108,0,0,https://en.redditstatic.com/about
28,0,0,0,2,1,1,0,0,0.0,0,0,7,0,5,0,0,3.8248629576173565,0,0,https://www.cornell.edu/news
33,0,0,0,3,2,0,0,0,0.15151515151515152,0,0,9,0,0,0,0,4.165013816065912,0,1,http://www.allegro.ofep23891.shop
23,0,0,0,1,0,1,0,0,0.08695652173913043,0,0,4,0,8,0,0,3.708132064658601,0,1,https://taap.it/PI8j7TT
27,0,0,0,1,0,1,1,0,0.037037037037037035,0,0,7,0,7,0,0,4.078418520441602,0,1,https://tnoalqb.info/7oBbyg
23,0,0,0,1,0,1,0,0,0.0,0,0,3,0,8,0,0,3.468576629687865,0,0,https://iii.com/contact
27,0,0,0,1,0,1,0,0,0.1111111111111111,0,0,14,0,1,0,0,3.9582291686698783,0,1,https://primeamzabo030.pro/
60,0,0,0,3,2,1,0,0,0.1,0,0,7,0,24,0,0,5.102479553833678,0,1,https://2fojkn.share-eu1.hsforms.com/2E0lOVSwhTci69OGvyMFPPA
62,0,0,0,3,1,1,0,0,0.3548387096774194,0,0,2,0,11,0,0,4.740351456093626,0,1,https://pub-d4cfefe908e940139370781b6d281f5d.r2.dev/index.html
48,0,0,0,3,1,1,0,0,0.0,0,0,4,0,11,0,0,4.177694271103767,0,1,https://creditagricole-reac.bolt.host/index.html
42,0,0,2,2,0,1,0,0,0.0,0,0,14,0,16,0,0,4.118275160770976,0,1,https://suivi-infos-ch.com/pages/login.php
82,0,0,0,3,2,0,0,0,0.0975609756097561,0,0,4,0,1,0,0,4.759872359609615,0,1,http://bafybeifcfe5xorgq2rm5cwebwgksa72gyifrf3tmfjqrwcnwpr5qpglvb4.ipfs.dweb.link/
55,0,0,0,2,1,1,0,0,0.0,0,1,4,0,7,1,0,4.072027559554754,0,0,https://support.icio.us/search?q=cybersecurity+research
30,0,0,0,2,1,1,0,0,0.0,0,0,8,0,6,0,0,4.031401845392172,0,0,https://www.queniuum.com/login
34,0,0,0,2,1,1,0,0,0.0,0,0,13,0,5,0,0,4.101881223476018,0,0,https://www.annualreviews.org/home
60,0,0,0,2,1,1,0,0,0.1,0,0,14,0,30,0,0,4.460324136950665,0,0,https://docs.vseinstrumenti.ru/article/2026/05/global-update
23,0,0,0,1,0,0,0,0,0.0,0,0,8,0,5,0,0,3.653996738665709,0,1,http://imosuite.pt/dar/
33,0,0,0,2,1,1,0,0,0.06060606060606061,0,0,11,0,1,0,0,4.248495255525411,0,1,https://toll-2d8.firebaseapp.com/
37,0,0,0,1,0,1,0,0,0.0,0,0,5,0,20,0,0,3.9801575965650575,0,0,https://mitre.org/category/news/today
29,0,0,0,1,0,1,0,0,0.06896551724137931,0,0,7,0,9,0,0,4.073329701949521,0,1,https://scanned.page/p/xV8I5v
46,0,0,0,2,1,1,0,0,0.06521739130434782,0,0,5,0,1,0,0,4.4250983688183,0,1,https://pygq-lulrq-wnc-lv1v2a-hsie2.pages.dev/
190,0,0,0,3,1,1,0,0,0.11052631578947368,0,7,6,0,108,4,0,5.503221971434369,0,1,https://docs.google.com/presentation/d/e/2PACX-1vQBQCIv5ajNYuq9AbmCbt83KFjJ6nPu7rnxGerhhqc23ewefimCUBjzg99Cb5grDyqha8GJxs9n8x0E/pub?start=false&amp;loop=false&amp;delayms=3000&amp;slide=id.p
23,0,0,0,1,0,1,0,0,0.0,0,0,11,0,0,0,0,3.740953260404839,0,0,https://truthsocial.com
48,0,0,0,2,1,1,0,0,0.0625,0,0,5,0,1,0,0,4.537782031835939,0,1,https://sp19ct7-kuref-biz-vasem-doril.pages.dev/
28,0,0,0,1,0,1,0,0,0.0,0,0,17,0,0,0,0,3.8693312611115185,0,1,https://ergoterapiacaribu.ch
60,0,0,0,2,0,1,0,0,0.21666666666666667,0,0,7,0,41,0,0,4.477316637094896,0,1,https://ppcchem.com/marketplace-item-1795243524324/login.php
22,0,0,0,1,0,1,0,0,0.0,0,0,4,0,7,0,0,4.152391277629866,0,1,https://qrco.de/bfJyVP
63,0,0,0,5,3,1,0,0,0.07936507936507936,0,0,11,0,13,0,0,4.398579734509422,0,1,https://metricasweb.s3.us-east-005.backblazeb2.com/aumento.html
51,0,0,0,3,2,1,0,0,0.058823529411764705,0,0,5,0,22,0,0,4.564007204462068,0,1,https://new.express.adobe.com/webpage/1anOhymi7Jl3X
38,0,0,0,2,1,1,0,0,0.02631578947368421,0,0,9,0,14,0,0,4.093340592892869,0,1,https://br.pinterest.com/bancoitau2via
106,0,0,0,1,0,1,0,0,0.14150943396226415,0,1,12,0,3,1,0,5.374694658372406,0,1,https://yetisportbar.com/n/?c3Y9bzM2NV8xX25vbSZyYW5kPVNtZGFUazg9JnVpZD1VU0VSMDYwMzIwMjVVMjEwMzA2MDg=N0123N
57,0,0,0,3,1,1,0,0,0.10526315789473684,0,0,8,0,30,0,0,4.440186891616423,0,0,https://www.meteofor.com.ua/article/2026/05/global-update
23,0,0,0,2,1,1,0,0,0.0,0,0,3,0,7,0,0,4.0559581516151235,0,1,https://l.ead.me/bfIHyL
27,0,0,0,2,1,1,0,0,0.0,0,0,7,0,4,0,0,4.106377316818026,0,0,https://www.videojs.com/faq
59,0,0,0,2,0,0,0,0,0.0,0,0,7,0,42,0,0,4.386360423302623,0,1,http://baradua.it/wp/wp-content/plugins/MADE/files/top.html
35,0,0,0,3,1,1,0,0,0.02857142857142857,0,0,2,0,13,0,0,4.014438730983427,0,1,https://msoiaxsk.us.cc/5g/home.html
42,0,0,1,2,1,1,0,0,0.0,0,0,20,0,5,0,0,4.073648899320328,0,0,https://blog.clashofclans-layouts.com/help
42,0,0,0,1,0,1,0,0,0.0,0,0,9,0,21,0,0,4.129947184477477,0,0,https://bricklink.com/terms-and-conditions
33,0,0,1,1,0,1,0,0,0.0,0,0,21,0,0,0,0,3.919563347274704,0,1,https://onlines-kundendiensts.com
21,0,0,1,1,0,1,0,0,0.0,0,0,3,0,7,0,0,3.8442328987631917,0,1,https://q-r.to/bgcEpx
46,0,0,1,2,1,1,0,0,0.021739130434782608,0,0,7,0,19,0,0,4.385202652217877,0,1,https://okadibs.m-pages.com/WL6LgK/e-e-service
26,0,0,0,1,0,1,0,0,0.0,0,0,6,0,8,0,0,3.796217602590056,0,0,https://zproxy.org/contact
34,0,0,0,3,1,1,0,0,0.0,0,0,7,0,8,0,0,3.777776811456786,0,0,https://www.thestar.com.my/contact
83,0,0,0,3,2,1,0,0,0.12048192771084337,0,0,4,0,1,0,0,4.687240607377144,0,1,https://bafybeigcfh45ff3mwv57hhh5jondj5vn3nwnm5fejbcb4krijzdcsmiawe.ipfs.dweb.link/
27,0,0,0,1,0,1,0,0,0.0,0,0,15,0,0,0,0,3.930270372293453,0,0,https://leadconnectorhq.com
39,0,0,0,2,1,1,0,0,0.0,0,0,15,0,4,0,0,3.9542189634547196,0,0,https://support.betterstackdata.com/faq
44,0,0,0,3,0,1,0,0,0.0,0,0,9,0,23,0,0,4.291611664426975,0,1,https://baytownfc.com/kk/sso.login/index.php
33,0,0,0,2,1,1,0,0,0.0,0,0,11,0,1,0,0,4.020926316000352,0,1,https://mlbvtrea.firebaseapp.com/
161,0,0,0,2,1,1,0,0,0.07453416149068323,0,4,10,0,97,2,0,5.321175655735588,0,1,https://livenorthcentral-my.sharepoint.com/:w:/g/personal/isaac_belman_mail_northcentral_edu/EbiO3jyU_k9CoQbWWc9M378BxEUy-d8wWNATdtbagbCpNg?e=4%3aV69zfQ&amp;at=9
57,0,0,0,2,1,1,0,0,0.10526315789473684,0,0,10,0,30,0,0,4.405099172318177,0,0,https://blog.whitehouse.gov/article/2026/05/global-update
84,0,0,0,2,1,1,0,0,0.08333333333333333,0,0,6,0,61,0,0,5.170541345599109,0,1,https://docs.google.com/drawings/d/1gt5FB0B-XjeK4_3WcLQxwVc3KmZMwGuMx0OgVIewAVY/edit
21,0,0,1,1,0,1,0,0,0.0,0,0,3,0,7,0,0,3.939470994001287,0,1,https://q-r.to/bfTmgi
175,0,0,0,2,1,1,0,0,0.10857142857142857,0,5,6,0,108,3,0,5.499815095364462,0,1,https://docs.google.com/presentation/d/e/2PACX-1vTW2HVajUTyLyZCuYfHk4tDLwE1YLvlEn6ciNTECc01T466FaYg4nMrF_XDb0Fbshv3p8yenhQmbpXo/pub?start=false&amp;loop=false&amp;delayms=1000
25,0,0,0,2,1,1,0,0,0.0,0,0,8,0,0,0,0,3.893660689688186,0,0,https://docs.bingapis.com
34,0,0,0,2,1,1,0,0,0.0,0,0,6,0,1,0,0,4.219528282299547,0,1,https://vuimertdolersa.weebly.com/
30,0,0,0,2,1,1,1,0,0.0,0,0,9,0,5,0,0,3.8062389286533898,0,1,https://www.dpdlocaju.top/com/
50,0,0,0,2,1,1,0,0,0.0,0,0,10,0,24,0,0,4.161076880026372,0,1,https://www.namacolove.com/account/turnstile-check
29,0,0,0,2,1,1,0,0,0.0,0,0,7,0,6,0,0,4.0472990984266435,0,1,https://www.biozium.com/gfszd
145,0,0,1,6,0,1,1,0,0.31724137931034485,0,7,16,0,1,3,0,5.011007260330615,0,1,https://olbivonal-online.xyz/?secure_connect=bd1*4c*&_subid=15ld5h3.80.21hmv&_token=3r8o4ab41odak.1783441020.113.3dfb254dde5cd4a13a99a250451d8a3f
30,0,0,0,2,1,1,0,0,0.13333333333333333,0,0,3,0,1,0,0,4.0980685120588385,0,1,https://sti-vmi-7e921.web.app/
35,0,0,1,1,0,1,0,0,0.0,0,0,16,0,8,0,0,4.025591860285233,0,0,https://minecraft-inside.ru/contact
41,0,0,0,2,1,1,0,0,0.04878048780487805,0,1,5,0,6,1,0,4.338663284842051,0,0,https://www.doviz.com/watch?v=dQw4w9WgXcQ
23,0,0,0,2,1,1,0,0,0.0,0,0,3,0,7,0,0,4.0559581516151235,0,1,https://l.ead.me/bfJiEQ
41,0,0,0,2,1,1,0,0,0.12195121951219512,0,0,2,0,20,0,0,4.150626554487253,0,0,https://support.yr.no/products/item/10293
65,0,0,0,2,1,1,0,0,0.0,0,1,13,0,7,1,0,4.241373683907563,0,0,https://support.samsunghealth.com/search?q=cybersecurity+research
22,0,0,0,1,0,1,0,0,0.0,0,0,4,0,7,0,0,3.8453509366224363,0,1,https://qrco.de/LaPost
42,0,0,0,2,1,1,0,0,0.0,0,0,9,0,16,0,0,4.3087513512471665,0,0,https://docs.bytegecko.com/in/profile-name
37,0,0,1,1,0,1,0,0,0.0,0,0,10,0,15,0,0,4.046762824854521,0,0,https://apache-ssl.org/privacy-policy
21,0,0,1,1,0,1,0,0,0.047619047619047616,0,0,3,0,7,0,0,3.939470994001287,0,1,https://q-r.to/bfMK8l
38,0,0,0,2,1,1,0,0,0.02631578947368421,0,1,8,0,1,1,0,4.168465671110589,0,1,https://machilkhatri.blogspot.com/?m=1
23,0,0,1,2,1,1,0,0,0.0,0,0,8,0,0,0,0,3.9148663038831,0,0,https://en.uc-share.com
25,0,0,0,2,1,1,0,0,0.0,0,0,3,0,6,0,0,3.8332696895151086,0,0,https://www.act.org/login
20,0,0,0,1,0,1,0,0,0.0,0,0,8,0,1,0,0,3.6086949695628423,0,1,https://csmoneys.at/
45,0,0,0,2,1,1,0,0,0.17777777777777778,0,0,6,0,1,0,0,4.2166513633240275,0,1,https://rthjttj7jyju6j776665gthrv.weebly.com/
39,0,0,0,1,0,1,0,0,0.0,0,0,7,0,20,0,0,3.914019053340094,0,0,https://adobedc.net/category/news/today
41,0,0,0,2,1,1,0,0,0.0,0,0,11,0,1,0,0,4.238666566058884,0,1,https://sk-slovensko-dph.firebaseapp.com/
50,0,0,0,3,1,1,0,0,0.04,0,2,8,0,1,1,0,4.5059791299831025,0,1,https://www.sitesgpt.com/?em=informacje%40pkobp.pl
22,0,0,0,1,0,1,0,0,0.045454545454545456,0,0,4,0,7,0,0,3.970573095811685,0,1,https://qrco.de/bgc1Dg
25,0,0,0,2,1,1,0,0,0.0,0,0,10,0,0,0,0,3.8438561897747245,0,0,https://en.cybertrust.com
45,0,0,1,2,1,0,0,0,0.17777777777777778,0,0,17,0,0,0,0,4.324534762707879,0,1,http://allegrolokalne.pl-oferta73072399.click
23,0,0,0,2,1,1,0,0,0.0,0,0,3,0,7,0,0,3.9690016298759927,0,1,https://l.ead.me/bgZyEE
36,0,0,1,2,1,1,0,0,0.027777777777777776,0,0,8,0,0,0,0,4.294653473544342,0,1,https://allegrolokainie.pl-idwx9.sbs
48,0,0,0,3,1,1,0,0,0.0,0,0,5,0,28,0,0,4.173533209849189,0,1,https://www.viapo.it/dab/made-in-chin/index.html
19,0,0,0,1,0,1,0,0,0.0,0,0,3,0,4,0,0,3.747413039531641,0,0,https://kit.edu/faq
39,0,0,0,2,1,1,0,0,0.38461538461538464,0,0,7,0,16,0,0,4.1949067057088945,0,1,https://app.jotform.com/251586004553556
29,0,0,0,2,1,1,0,0,0.2413793103448276,0,0,10,0,0,0,0,4.375222374437917,0,1,https://kadery.hub4571132.pro
36,0,0,0,2,1,1,0,0,0.0,0,0,8,0,13,0,0,3.9166079048099856,0,0,https://en.fortnite.com/r/technology
53,0,0,0,2,1,1,0,0,0.0,0,0,12,0,24,0,0,4.0857400311734375,0,0,https://blog.steampowered.com/docs/forms/d/e/viewform
29,0,0,0,2,1,1,0,0,0.0,0,0,5,0,5,0,0,3.5554141844097327,0,0,https://support.prosv.ru/home
28,0,0,0,1,0,1,0,0,0.0,0,0,13,0,4,0,0,4.226474118254376,0,0,https://bldramaturkey.co/faq
36,0,0,0,1,0,1,0,0,0.0,0,0,4,0,20,0,0,3.9403510429286897,0,0,https://xero.com/conditions/diabetes
38,0,0,0,2,1,1,0,0,0.39473684210526316,0,0,3,0,1,0,0,4.385956789702441,0,1,https://helpid100235789238974.web.app/
45,0,0,1,1,0,1,0,0,0.1111111111111111,0,0,13,0,20,0,0,4.21221289798581,0,0,https://assets-yammer.com/products/item/10293
66,0,0,2,2,1,1,0,0,0.18181818181818182,0,0,21,0,30,0,0,4.664717603813581,0,0,https://www.xn--42cf7cgd7gxbd4m7c.cc/article/2026/05/global-update
129,0,0,1,2,1,0,0,0,0.17829457364341086,0,0,17,0,85,0,0,4.984834100443366,0,1,http://allegrolokalnie.lokalna-ofeta0182.sbs/oferta/Okulary-VR-Meta-Quest-3-512GB-Stan-Jak-Nowy-Gwarancja-do-102027-BOX/738269159
24,0,0,0,1,0,1,0,0,0.0,0,0,5,0,8,0,0,3.5220552088742005,0,0,https://jpush.cn/contact
38,0,0,1,2,1,0,0,0,0.13157894736842105,0,0,8,0,0,0,0,4.208196592277087,0,1,http://allegro-lokalnie.pl-92113.click
35,0,0,0,1,0,1,0,0,0.05714285714285714,0,0,5,0,18,0,0,4.47914337402601,0,1,https://forms.gle/dEdqYrVgEbjeAmj86
2079,0,0,0,2,1,1,0,0,0.16017316017316016,0,1,11,0,10,1,0,6.006691443311304,0,1,https://ad.doubleclick.net/pcs/click?xai=AKAOjssbYLFg1Jg8KeecqwxYozu856GnoCAGhVRKOAUI-RNvM_4zWV41_FLBjqamxI2sAaozzeJH6KtSmMOgHdPgqqgLFmiXdvKx4KVTwan_Q42KpsXa0eeDA9n8AZvusrjD6v9PlkJOvve6awMk0ccADnI5-h0wf_sATvIAcDWU51A37kDlZvQOX1AskE1jc12b9dZ2RUSWuAr_Y7fIyDvTex2BT0o2AKpA9jvq4jd9Th1gLA1dK7IBnNg5BzSRkX8SSgCVgZmaHNoKa2_dm5k6eQ3wOJNI9CNqfI4sk0KyD8kOZQsZF6-8IUoI_vWDWRWTlGMiSSD-aBHPnC99OyOzOC5z0e2LSR9IlBO9hVEklTGdpnEKoDIPb-wEo2RjYPQJtFEHYCD6Ja4IOfWPsri2yl53WFi3QBaxC0Ap0kjobu4JtKKU9_IyJHqwWmp1qnNhxbp4hP0HrjPW-waaRoCVdl98L8jsJ99brVVTAi7RzAuZhS0BRssTeydkoC2cLXh0XfgmYc5EtyI318x7EzOXkl-S-73f2SFGtQ2Dup5KyXLpwoD42y346xcbe0fuQ7UoNCMSTugcbdcIteUP4UQwOa5eIpCotfCdIYIgv8s31an9ouC5FGSHSHMZWZxFkXvKLArZo5psBe-FE-jM695d4SsnXTWdaywEKZ_sStwENyZZ7pOIYMxmPqQtMk-vtgBw9cPeakvAusG_99oRn324uj4ZXis5-RQTDIDE7K4riMFnNFd1g06RRbHA_Pjs6jsZqeQswwWK6f7E2usJ2_emDWh0GpV2XiGD8DITdjhKHKa6QKVxFuxFtE_Yxn1xyNlj4gVM9p23y9ENOnxoAS5RJO15VEr80eY0c_PxPymcFo8XHp6dybcJCSGK9UxSPA3Jr8tiQEsfoAnMJm1Q2SPdSZWP7pDfajEMtC5yMGuZBqLfQEG7nxGxwYgIbdprxfD1qpKto5hC-iaQ9O_EFD55HNpoJf3LDuxu10qCLxlG8L_CueGDUADNpg3iV4fanonEuJ_ZxiQysdyjCM0lw8c_EiQ4pUkkPFpHM32EDkb7rppYCnbPipPQ2kCLp7BZWv-BmRgMGT5LVVC0wLQkHbrnFboUNVylycvDV01iCPs3v6fVEUfxV4IC1KS3x_tR9k1XFZrcrUN2LyvlcM318s3UFvB4BdybtfZFJ3D_yLVvYFDky4Bgnfg42IUts5cv_3FR3iWAT8lJJ57WKxkZEk3GnYeWZS6F67GfN1AuT3KuOYqWRg6DqAMyZFNGRhm_h6mGxH8f88v9mF-XDzuhit8a7gv9zxPNttuUwkw_u-NWrKrZU9axk5SXlWTfuZybN7W5PpGyIJcQ9yk98uP_SXdFFNynmaC_0d8vGuf-4_Y6yxuV3i1Jp8O5MNCg1asSMFKDfxe7OGQ_Q0hw_XQRbMdaI6jP3eUFtCGqsJuaWn6HowhZnK7FL82Lxv6JO85Aax3ldcAObpGS76XlXczF0ZSztxTelKAx4uBWCzcjzC6H_tHQ8fFDUNB7qMqkU8lQgmL9kH9HcKRA5qeTt7pON_wsqz_Ubsh0BfxPENsfSF8QnmObhWQ65FTG41JOr2dUvl2jtyKpbfjLAiQnEz5IKJPVZPsCW2ZAk3QSqSJW3gH7rI8ZTo_KntSk_7qzz1xu2O3yHyKDvYrD0ggl74fndvF7NxuL7FdWUTLkL4uglF-jQXee12T6krFCGTwRD_5zrVBgbmFhV0-T19LxZYVfQaao56bVsfr6rTHX3CWq7DHjDhBmmC8mE1UBDkrSGzWyyLqsUW645fLMfgiC4hEU5jaTH1grAMxOcrBzELySmyCmR7HhKKXHW6J-XK-2G1MU0uzF-KKa_3CSbJri7aRa74kawuL4J0uYY1EASUo6Ohb6BycHWjuCzfX1Etmp9PUd6Q-sAEgYJQtOzbr-zuvMr4nzCQMefzRXWXfGDrH4g7z-05wEQ_l1GpOleBdTMA3hnjpqq7QCk6cQbgBwxKnbQkKowsUj68HHZVutJ1HQOtmbKsrod7io-Q
30,0,0,0,2,1,1,0,0,0.0,0,0,9,0,4,0,0,3.6565647621309543,0,1,https://www.dpdlocoyp.shop/com
35,0,0,0,2,1,1,0,0,0.0,0,0,5,0,1,0,0,3.9328743603470455,0,1,https://accountsfacebok.start.page/
84,0,0,0,2,1,1,0,0,0.07142857142857142,0,0,6,0,61,0,0,4.987397560060369,0,1,https://docs.google.com/drawings/d/1njQMjA6bsNFjdYUshbgRc7Hz3QsU37rB_UeQpFVlVeg/edit
84,0,0,0,2,1,1,0,0,0.05952380952380952,0,0,6,0,61,0,0,5.1334054470423975,0,1,https://docs.google.com/drawings/d/1QyZx2TtFdoievCeJTqxImb0A4n0_-_ymppucOmBP-pk/edit
50,0,0,0,1,0,1,0,0,0.12,0,0,8,0,30,0,0,4.40637013015618,0,0,https://flipkart.com/article/2026/05/global-update
22,0,0,0,2,1,1,0,0,0.0,0,0,5,0,0,0,0,3.6069367321753214,0,0,https://docs.erome.com
24,0,0,0,1,0,1,0,0,0.0,0,0,5,0,8,0,0,3.720175521464345,0,0,https://naver.jp/contact
24,0,0,0,2,1,1,0,0,0.0,0,0,3,0,5,0,0,3.8553885422075336,0,0,https://www.nyc.gov/home
40,0,0,0,2,1,1,0,0,0.025,0,0,6,0,16,0,0,4.003701696057348,0,1,https://sites.google.com/view/we5k-/home
39,0,0,0,2,1,1,0,0,0.07692307692307693,0,0,9,0,14,0,0,4.304257026388136,0,0,https://www.pinterest.com/dp/B08N5WRWNW
35,0,0,0,1,0,1,0,0,0.0,0,0,22,0,1,0,0,3.8513099897106646,0,1,https://empowerherbreastcancer.org/
43,0,0,0,2,0,1,0,0,0.0,0,0,4,0,24,0,0,4.0328659881696876,0,0,https://npci.org.in/docs/forms/d/e/viewform
36,0,0,0,2,1,1,0,0,0.05555555555555555,0,0,4,0,15,0,0,4.218128820706467,0,0,https://docs.hk01.com/privacy-policy
41,0,0,0,1,0,1,0,0,0.0,0,0,9,0,20,0,0,3.9643955295262847,0,0,https://animevost.org/conditions/diabetes
22,0,0,0,1,0,1,0,0,0.0,0,0,4,0,7,0,0,4.0614821867207755,0,1,https://qrco.de/bfPDgq
33,0,0,0,2,1,1,0,0,0.24242424242424243,0,0,12,0,0,0,0,4.271370634378849,0,1,https://allegro.poi78128990x.shop
41,0,0,1,1,0,1,0,0,0.0,0,0,8,0,21,0,0,3.8931837115130166,0,0,https://rima-tde.net/terms-and-conditions
34,0,0,0,1,0,1,0,0,0.0,0,0,2,0,21,0,0,3.881005488054637,0,0,https://di.se/terms-and-conditions
31,0,0,1,1,0,1,0,0,0.0,0,0,15,0,5,0,0,4.018081793978686,0,0,https://credit-agricole.fr/help
167,0,0,0,2,1,1,0,0,0.09580838323353294,0,5,6,0,108,3,0,5.519803188549785,0,1,https://docs.google.com/presentation/d/e/2PACX-1vRHIsocIR7HMHEyZ-m917QbzCbavFiLT51p2qeniudcAYuNtwAD-FDIX-FsNUAYlYuYPHRavPvG-657/pub?start=false&loop=false&delayms=3000
39,0,0,0,2,0,1,0,0,0.0,0,0,17,0,10,0,0,3.9772086288967645,0,1,https://kikishairshoplook.com/feder.php
40,0,0,0,1,0,1,0,0,0.05,0,1,8,0,6,1,0,4.5653115322251026,0,0,https://runwayml.com/watch?v=dQw4w9WgXcQ
36,0,0,0,2,0,1,0,0,0.0,0,0,8,0,16,0,0,4.204511459715549,0,1,https://btokclaw.com/fingerprint.php
41,0,0,0,2,1,1,0,0,0.0,0,0,4,0,21,0,0,4.076348955520991,0,0,https://www.epam.com/terms-and-conditions
55,0,0,0,2,1,1,0,0,0.0,0,0,18,0,20,0,0,4.051624660619801,0,0,https://docs.dickssportinggoods.com/category/news/today
25,0,0,0,1,0,1,0,0,0.0,0,0,9,0,4,0,0,4.083856189774725,0,1,https://qavrilone.com/jp/
53,0,0,0,2,1,1,0,0,0.0,0,0,13,0,20,0,0,4.012942096269216,0,0,https://support.nominaltechno.com/conditions/diabetes
23,0,0,0,2,1,1,0,0,0.0,0,0,3,0,7,0,0,4.0559581516151235,0,1,https://l.ead.me/bfPNKR
27,0,0,0,2,1,1,0,0,0.0,0,0,4,0,6,0,0,3.884155094595804,0,0,https://docs.iana.org/login
33,0,0,1,3,1,1,0,0,0.06060606060606061,0,0,9,0,5,0,0,3.9801694078807643,0,0,https://docs.awsdns-00.co.uk/news
32,0,0,0,2,1,1,0,0,0.0,0,0,3,0,1,0,0,4.218139062229566,0,1,https://raydiumtoken-en.web.app/
53,0,0,0,2,1,1,0,0,0.0,0,1,6,0,7,1,0,4.003390446709281,0,0,https://www.esteri.it/search?q=cybersecurity+research
75,0,0,1,2,1,1,0,0,0.3466666666666667,0,3,16,0,1,2,0,4.911909944222437,0,1,https://us2.campaign-archive.com/?u=77b53f600a3d2b5281048073a&id=8577e4bef4
30,0,0,0,2,1,1,0,0,0.0,0,0,9,0,5,0,0,3.923231428797621,0,0,https://www.notitimba.com/help
50,0,0,0,2,1,1,0,0,0.04,0,1,10,0,6,1,0,4.563074189428569,0,0,https://support.shutterfly.com/watch?v=dQw4w9WgXcQ
41,0,0,0,2,1,1,0,0,0.0,0,0,11,0,1,0,0,4.09476084581766,0,1,https://klantendienstics.firebaseapp.com/
26,0,0,0,1,0,1,0,0,0.0,0,0,10,0,5,0,0,3.8441065448145384,0,0,https://martianinc.co/news
101,0,0,4,3,1,1,0,0,0.3564356435643564,0,0,36,0,41,0,0,4.588581251090159,0,1,https://kwkahijsj.ca6a8b74-32ac-45ea-84f0-fb607b8789ab.click/64cde040-2235-45be-a3f6-4dcd6c886dbe.php
35,0,0,0,1,0,1,0,0,0.0,0,0,18,0,5,0,0,3.897299717551716,0,0,https://livechatenterprise.com/home
41,0,0,0,2,1,1,0,0,0.0,0,0,5,0,20,0,0,4.034023650801244,0,0,https://blog.focus.de/conditions/diabetes
48,0,0,0,2,1,1,0,0,0.10416666666666667,0,0,11,0,20,0,0,4.204115106190033,0,0,https://docs.samsungpass.com/products/item/10293
20,0,0,0,1,0,1,0,0,0.1,0,0,5,0,4,0,0,3.784183719779189,0,0,https://1und1.de/faq
22,0,0,0,1,0,1,0,1,0.13636363636363635,0,0,3,0,8,0,0,4.027169118440618,0,1,https://bit.ly/47Qfu1e
27,0,0,0,2,1,1,0,0,0.0,0,0,6,0,5,0,0,3.574357762129127,0,0,https://www.twword.com/home
53,0,0,0,3,1,1,0,0,0.0,0,0,11,0,20,0,0,4.018423116183429,0,0,https://support.tripadvisor.co.uk/conditions/diabetes
32,0,0,0,1,0,1,0,0,0.125,0,0,5,0,15,0,0,4.304229296672175,0,0,https://b7510.com/privacy-policy
21,0,0,1,1,0,1,0,0,0.0,0,0,3,0,7,0,0,3.939470994001287,0,1,https://q-r.to/bfIlYj
25,0,0,0,2,1,1,0,0,0.0,0,0,10,0,0,0,0,3.733660689688186,0,0,https://www.libertatea.ro
35,0,0,0,2,1,0,0,0,0.0,0,0,8,0,0,0,0,3.897299717551716,0,1,http://bancodeoccidente.blogspot.lt
39,0,0,0,2,1,1,0,0,0.0,0,0,9,0,6,0,0,4.297470808272997,0,1,https://hyperlequid.wixstudio.com/us-en
40,0,0,0,1,0,1,0,0,0.0,0,0,15,0,13,0,0,4.043942707918269,0,0,https://gestiondecuenta.com/r/technology
39,0,0,0,2,1,1,0,0,0.0,0,0,6,0,1,0,0,4.038499898783,0,1,https://cancelcardiffbahora.vercel.app/
45,0,0,0,2,1,1,0,0,0.0,0,0,9,0,6,0,0,4.261095807768472,0,1,https://startinledzer-cdn.wixstudio.com/us-en
35,0,0,0,2,1,1,0,0,0.0,0,0,11,0,8,0,0,3.911306145999518,0,0,https://www.adlightning.com/contact
22,0,0,0,1,0,1,0,0,0.045454545454545456,0,0,4,0,7,0,0,4.0614821867207755,0,1,https://qrco.de/bgbi4W
22,0,0,0,1,0,1,0,1,0.045454545454545456,0,0,3,0,8,0,0,3.8453509366224363,0,1,https://bit.ly/4innCLx
45,0,0,0,2,1,1,0,0,0.0,0,0,5,0,20,0,0,4.089773453445212,0,0,https://support.venmo.com/category/news/today
67,0,0,0,1,0,1,0,0,0.07462686567164178,0,0,4,0,52,0,0,5.1949768325980665,0,1,https://ipfs.io/ipfs/QmcMNrDpFJ74UEnqo6xiBdedtrVYjM4e9ygTGqatiSXPxw
29,0,0,0,2,1,1,0,0,0.0,0,0,6,0,1,0,0,3.8538632199977876,0,1,https://glitcheee.weebly.com/
41,0,0,1,1,0,1,0,0,0.0975609756097561,0,1,9,0,6,1,0,4.442679443536939,0,0,https://awsdns-06.net/watch?v=dQw4w9WgXcQ
33,0,0,0,2,1,1,0,0,0.0,0,0,9,0,8,0,0,3.945464952495108,0,0,https://www.ridibooks.com/contact
91,0,0,0,3,1,1,0,0,0.1978021978021978,0,1,2,0,21,0,0,4.9539776462031035,0,1,https://pub-f1e213d7f7cb4ce7ba1028767eebb8db.r2.dev/docs4u-Signarama&amp;FullyPromoted.html
148,0,0,0,3,1,1,0,0,0.27702702702702703,0,2,2,0,97,0,0,5.50400014032967,0,1,https://pub-63bb274402284d639775cb97e9f64288.r2.dev/sidAAQkADZiMjRkMmYyLWY5ZDktNGEzNS04ZWViLWVkMGVkMzk0MDk2ZQAQALJK8uuVF5VCvag1%252FMcyZE8%253D.html
78,0,0,0,2,1,1,0,0,0.28205128205128205,0,1,11,0,10,1,0,4.984326020716556,0,1,https://allegro.paoso381291.baby/lokalnie/?id=4y4w3s9x5e7a1z0z5v4n3m9v9s3j9u8u
45,0,0,0,2,1,1,0,0,0.1111111111111111,0,0,10,0,20,0,0,4.258876575099364,0,0,https://www.radiopotok.ru/products/item/10293
41,0,0,0,2,1,1,0,0,0.0,0,0,5,0,20,0,0,4.098780285729381,0,0,https://www.zopim.com/category/news/today
33,0,0,0,2,1,1,0,0,0.0,0,0,10,0,6,0,0,4.066677073707229,0,0,https://docs.servenobid.com/about
21,0,0,0,1,0,1,0,0,0.0,0,0,3,0,6,0,0,3.6537567082870015,0,0,https://rfa.org/about
37,0,0,0,2,1,1,0,0,0.0,0,0,10,0,8,0,0,3.839965947708488,0,0,https://support.vanityfair.it/contact
531,0,0,0,9,1,0,0,0,0.1807909604519774,0,39,9,1,18,1,1,5.142429476137009,0,1,http://genealogy.silverelk.net/index_general.php?fileid=%22%2F%3E%3Cimg%20src%3D%22https%3A%2F%2Fgoogle.com%2F7DpRXS1xDLtp2.jpg%22%20onerror%3D%22window.location%3DdecodeURIComponent%28atob%28%27Njg3NDc0NzA3MzNhMmYyZjY0NjY2ZDc2NjU3MDZlNmYyZTYzNjEzNjYxMzg2MjM3MzQyZDMzMzI2MTYzMmQzNDM1NjU2MTJkMzgzNDY2MzAyZDY2NjIzNjMwMzc2MjM4MzczODM5NjE2MjJlNjM2YzY5NjM2YjJmMzYzNDYzNjQ2NTMwMzQzMDJkMzIzMjMzMzUyZDM0MzU2MjY1MmQ2MTMzNjYzNjJkMzQ2NDYzNjQzNjYzMzgzODM2NjQ2MjY1MmU3MDY4NzA%3D%27%29.replace%28%2F%28..%29%2Fg%2C%20%27%25%241%27%29%29%3B%22%3E
38,0,0,0,1,0,1,0,0,0.05263157894736842,0,1,6,0,6,1,0,4.45148902643068,0,0,https://gjacky.com/watch?v=dQw4w9WgXcQ
23,0,0,0,2,1,1,0,0,0.0,0,0,6,0,0,0,0,3.7081320646586016,0,0,https://docs.amazon.com
37,0,0,0,2,1,1,0,0,0.1891891891891892,0,0,11,0,1,0,0,4.303783770917412,0,1,https://free-5555167.webadorsite.com/
48,0,0,0,2,1,1,0,0,0.10416666666666667,0,0,12,0,20,0,0,4.230054949894961,0,0,https://www.ticketmaster.com/products/item/10293
36,0,0,1,2,1,0,0,0,0.16666666666666666,0,0,9,0,0,0,0,4.3921472236645345,0,1,http://allegrolokalnie.nr-238438.cfd
67,0,0,2,2,1,1,0,0,0.04477611940298507,0,1,19,0,1,1,0,4.940953698140546,0,1,https://www.zh-h5-qiyiguosports.com/?login=vYOLkSilZ5siEDEiKB2sOhLA
49,0,0,0,4,2,1,0,0,0.0,0,0,10,0,20,0,0,4.181264314369749,0,1,https://dyc.esl.mybluehost.me/login/app/index.php
24,0,0,0,1,0,1,0,0,0.0,0,0,4,0,9,0,0,3.938721875540867,0,1,https://lnkd.in/d_KQpmtx
34,0,0,0,2,1,1,0,0,0.0,0,0,12,0,5,0,0,3.9764499732851233,0,0,https://docs.pacloudflare.com/help
33,0,0,0,2,1,0,0,0,0.0,0,0,8,0,1,0,0,3.98319563424773,0,1,http://serviceappsm.blogspot.com/
48,0,0,0,2,1,1,0,0,0.0,0,0,4,0,1,0,0,3.9332080733223167,0,1,https://message-hotels-cloudbeds-chat.bolt.host/
53,0,0,4,2,0,1,0,0,0.018867924528301886,0,0,30,0,12,0,0,4.056158965240034,0,1,https://xn--remplacement-cartesant-w8b.co/captcha.php
34,0,0,0,2,1,1,0,0,0.0,0,0,7,0,4,0,0,3.936891797757288,0,1,https://kucoizlogem.gitbook.io/us/
19,0,0,0,2,1,1,0,0,0.0,0,0,4,0,0,0,0,3.431623565847431,0,0,https://www.tori.fi
56,0,0,0,2,1,1,0,0,0.0,0,1,8,0,7,1,0,4.425496386606637,0,0,https://blog.kaufland.de/search?q=cybersecurity+research
21,0,0,0,1,0,1,0,0,0.0,0,0,5,0,5,0,0,3.6897037321995474,0,0,https://juris.de/help
76,0,0,1,2,1,1,0,0,0.2894736842105263,0,3,16,0,1,2,0,4.956625335977564,0,1,https://us18.campaign-archive.com/?u=e25ad3b94697fdfb80ace0912&id=fbde100436
39,0,0,0,2,1,1,0,0,0.1282051282051282,0,0,3,0,20,0,0,4.23105823222728,0,0,https://www.jhu.edu/products/item/10293
84,0,0,0,2,1,1,0,0,0.09523809523809523,0,0,6,0,61,0,0,5.020193839848029,0,1,https://docs.google.com/drawings/d/1JZZG5dJNo1jZVr9g4zCTzRb3XlXvJpcE1JMBJj1ZGjo/edit
40,0,0,0,1,0,1,0,0,0.125,0,0,8,0,20,0,0,4.2439427079182686,0,0,https://samsclub.com/products/item/10293
45,0,0,0,2,1,1,0,0,0.0,0,0,8,0,20,0,0,4.231207408480774,0,0,https://blog.tcdnlive.com/category/news/today
33,0,0,0,2,1,1,0,0,0.0,0,0,3,0,16,0,0,4.0895524525606675,0,0,https://en.sbb.ch/in/profile-name
26,0,0,0,1,0,1,0,0,0.0,0,0,9,0,5,0,0,3.7483286603655745,0,0,https://dnsitalia.net/home
22,0,0,0,1,0,1,0,1,0.13636363636363635,0,0,3,0,8,0,0,4.027169118440618,0,1,https://bit.ly/3YDdC95
35,0,0,1,2,1,1,0,0,0.0,0,0,10,0,8,0,0,3.9357276594930424,0,0,https://blog.d-deltanet.com/contact
37,0,0,0,1,0,1,0,0,0.05405405405405406,0,1,6,0,6,1,0,4.391489514102183,0,0,https://google.tm/watch?v=dQw4w9WgXcQ
31,0,0,0,2,1,1,0,0,0.0,0,0,10,0,6,0,0,4.195816471537619,0,0,https://en.findagrave.com/login
21,0,0,0,1,0,1,0,0,0.0,0,0,4,0,6,0,0,3.8442328987631917,0,0,https://joyn.de/about
175,0,0,0,2,1,1,0,0,0.09142857142857143,0,5,6,0,108,3,0,5.547289587986927,0,1,https://docs.google.com/presentation/d/e/2PACX-1vSq0fsIxJslJNZxE3AOXZ5pZnYkepB9tdkE_EUEaqBowoiy81OqkNccsSNdFBz6jlFrJnGKq8s5LN1H/pub?start=false&amp;loop=false&amp;delayms=3000
28,0,0,0,1,0,1,0,0,0.0,0,0,15,0,1,0,0,3.9677201004744993,0,1,https://hffabricaciones.com/
44,0,0,1,2,1,1,0,0,0.0,0,0,11,0,13,0,0,4.115808539574485,0,0,https://support.srmdata-eur.com/r/technology
30,0,0,0,2,1,1,0,0,0.0,0,0,3,0,14,0,0,4.0062389286533895,0,1,https://l.ead.me/eshdgyjnadiwa
175,0,0,0,2,1,1,0,0,0.11428571428571428,0,5,6,0,108,3,0,5.523019469380475,0,1,https://docs.google.com/presentation/d/e/2PACX-1vSVGiKcWe_lMt_Wx0wxGE3myT6WPerOqpxn9gj9ZKbUoqmn5pCPqaII9uUTE315TSX7js9o73spFEoY/pub?start=false&amp;loop=false&amp;delayms=3000
39,0,0,0,2,1,1,0,0,0.20512820512820512,0,0,11,0,1,0,0,4.143624654426843,0,1,https://server94939434.firebaseapp.com/
35,0,0,0,2,1,1,0,0,0.0,0,0,11,0,4,0,0,4.183014003266002,0,0,https://support.adtelligent.com/faq
39,0,0,0,2,1,1,0,0,0.0,0,0,12,0,5,0,0,4.2336188853070205,0,1,https://t-mobile.conversesgzo.help/pay/
117,0,0,0,3,1,1,0,0,0.6068376068376068,0,0,2,0,66,0,0,4.519937631718072,0,1,https://pub-6ae0497c224b4ee497b9d8906da627d5.r2.dev/USER19062024UNIQUE0417061940202420240619170440_1718992050102.html
26,0,0,0,2,1,1,0,0,0.0,0,0,9,0,0,0,0,3.7773627950641693,0,0,https://docs.indiegogo.com
38,0,0,0,2,1,1,0,0,0.0,0,0,8,0,15,0,0,4.108869289360841,0,0,https://www.lokalise.co/privacy-policy
134,0,0,0,3,1,1,0,0,0.09701492537313433,0,7,6,0,64,4,0,5.234141172446341,0,1,https://docs.google.com/presentation/d/1E3dQ485wYAQxLzYTWIidg4g_k1b3TpuH_USFxYW1mdY/pub?start=false&loop=false&delayms=3000&slide=id.p
28,0,0,0,2,1,1,0,0,0.17857142857142858,0,0,5,0,1,0,0,4.110577243331642,0,1,https://625dffp87.urest.org/
26,0,0,0,2,1,1,0,0,0.0,0,0,5,0,5,0,0,3.6902603909683847,0,0,https://blog.pghub.io/help
49,0,0,0,2,1,1,0,0,0.0,0,0,10,0,23,0,0,4.295746773031725,0,1,https://www.designskou.com/msxlmr/turnstile-check
167,0,0,0,2,1,1,0,0,0.10778443113772455,0,5,6,0,108,3,0,5.435720290466153,0,1,https://docs.google.com/presentation/d/e/2PACX-1vTkaEPqk7VbYz4dpphw1dsShbyT9Jt3z9AkpddVGpObzjvcuInReVsn3aoEhw9o_ooNfo4I915_LygV/pub?start=false&loop=false&delayms=3000
46,0,0,0,2,1,1,0,0,0.0,0,0,6,0,24,0,0,4.150491098258531,0,0,https://www.gallup.com/docs/forms/d/e/viewform
24,0,0,0,1,0,1,0,0,0.0,0,0,11,0,1,0,0,3.8553885422075336,0,1,https://arohiglobal.com/
25,0,0,0,2,1,1,0,0,0.0,0,0,8,0,0,0,0,4.163856189774725,0,0,https://blog.qlivecdn.com
33,0,0,0,2,1,1,0,0,0.0,0,0,3,0,1,0,0,3.5479069076840855,0,1,https://skatteetateennoo.web.app/
39,0,0,0,2,1,1,0,0,0.0,0,0,11,0,1,0,0,4.079772731460867,0,1,https://riosccopudepar.webcindario.com/
33,0,0,0,2,1,1,0,0,0.030303030303030304,0,0,11,0,1,0,0,3.998050937146914,0,1,https://soconct1.firebaseapp.com/
30,0,0,0,2,1,1,0,0,0.0,0,0,11,0,0,0,0,4.21506101220307,0,0,https://blog.midasplayer.cloud
42,0,0,0,2,1,1,0,0,0.0,0,0,7,0,20,0,0,4.02365210241295,0,0,https://en.freebsd.org/category/news/today
22,0,0,0,1,0,1,0,0,0.045454545454545456,0,0,4,0,7,0,0,4.0614821867207755,0,1,https://qrco.de/bfEf2C
32,0,0,1,2,1,1,0,0,0.0,0,0,7,0,5,0,0,3.8636085007312415,0,0,https://support.uta-net.com/help
23,0,0,0,1,0,1,0,0,0.0,0,0,5,0,6,0,0,3.588354347173233,0,0,https://tapad.com/about
19,0,0,0,1,0,1,0,0,0.0,0,0,7,0,0,0,0,3.721611723969901,0,0,https://acronis.com
18,0,0,0,1,0,1,0,0,0.0,0,0,6,0,0,0,0,3.614369445886757,0,0,https://apdcdn.com
36,0,0,0,2,1,1,0,0,0.0,0,0,10,0,6,0,0,4.0067499186387785,0,0,https://support.myheritage.com/about
21,0,0,0,2,1,1,0,0,0.0,0,0,2,0,3,0,0,3.6537567082870015,0,1,https://vrcq.eu.cc/bh
46,0,0,2,2,1,1,0,0,0.0,0,0,19,0,1,0,0,3.9859737831613486,0,1,https://support-tools.busines-help-center.com/
20,0,0,0,2,1,1,0,0,0.0,0,0,1,0,5,0,0,3.584183719779189,0,0,https://en.g.co/news
41,0,0,0,2,1,1,0,0,0.14634146341463414,0,0,6,0,1,0,0,4.129148883237589,0,1,https://positive-spots-703732.framer.app/
130,0,0,0,3,1,1,0,0,0.07692307692307693,0,5,7,0,58,3,0,5.335340940609281,0,1,https://www.dropbox.com/scl/fi/9ws4e7lgtqfspfukkixkb/CONTINUE-SIGN-IN-HERE.papert?dl=0&rlkey=lcn6orpe8oq3jf1tq2noywfxr&st=u7osbqbl
49,0,0,0,2,1,0,0,0,0.08163265306122448,0,0,5,0,1,0,0,4.532678211285537,0,1,http://frenox-plink-d5c471-shrr-dravik.pages.dev/
57,0,0,0,2,1,0,0,0,0.22807017543859648,0,0,5,0,1,0,0,4.712288207481808,0,1,http://majzstic-dout-8241f2-grb1204-bb-2406zcn.pages.dev/
39,0,0,1,2,1,0,0,0,0.23076923076923078,0,0,20,0,0,0,0,4.438747090435226,0,1,http://allegro.twoja-ofera888946563.sbs
47,0,0,0,2,1,1,0,0,0.0,0,0,9,0,20,0,0,4.339282139363515,0,0,https://blog.xxxmovies.life/category/news/today
21,0,0,1,1,0,1,0,0,0.047619047619047616,0,0,3,0,7,0,0,3.939470994001287,0,1,https://q-r.to/bgLd6u
24,0,0,0,2,1,1,0,0,0.0,0,0,6,0,4,0,0,3.8553885422075336,0,0,https://en.nirvam.it/faq
21,0,0,1,1,0,1,0,0,0.0,0,0,3,0,7,0,0,3.939470994001287,0,1,https://q-r.to/bfIlBR
23,0,0,0,1,0,1,0,0,0.0,0,0,6,0,5,0,0,3.588354347173233,0,0,https://dtscdn.com/home
53,0,0,0,1,0,1,0,0,0.0,0,1,9,0,7,1,0,4.208986615619465,0,0,https://disquscdn.com/search?q=cybersecurity+research
162,0,0,0,1,0,1,0,0,0.3765432098765432,0,3,18,0,80,2,0,4.791118223082677,0,1,https://confirmationportal.com/cde2feda-a864-42b3-839c-7a2fa5508400/a/0c6ea613-19e3-408d-b644-ef80407a16a5/ccp?lang=it-IT&lid=c338ad20-3c5d-4297-92a2-7573c6ba6cbd
21,0,0,1,1,0,1,0,0,0.047619047619047616,0,0,3,0,7,0,0,3.939470994001287,0,1,https://q-r.to/bfIV4C
17,0,0,0,1,0,1,0,0,0.17647058823529413,0,0,5,0,0,0,0,3.616874605956222,0,0,https://51cg1.com
25,0,0,1,1,0,1,0,0,0.0,0,0,12,0,1,0,0,3.7034651896016473,0,1,https://pt-novobanco.com/
54,0,0,0,3,1,1,0,0,0.0,0,0,7,0,24,0,0,4.15034670745802,0,0,https://support.gamcare.org.uk/docs/forms/d/e/viewform
28,0,0,0,1,0,1,0,0,0.0,0,0,16,0,0,0,0,4.066108939837481,0,0,https://capitalonegslbex.com
56,0,0,0,2,1,1,0,0,0.08928571428571429,0,2,8,0,1,1,0,4.800845493904028,0,1,https://login.juelipai.com/?3499O1QoyrbW&amp;type=dpoint
19,0,0,0,2,1,1,0,0,0.0,0,0,4,0,0,0,0,3.431623565847431,0,0,https://www.auto.ru
42,0,0,0,3,1,1,0,0,0.0,0,1,2,0,2,1,1,4.272804327334621,0,1,https://l.wl.co/l?u=https://qrco.de/bfPiOf
30,0,0,0,2,0,1,0,0,0.0,0,0,9,0,6,0,0,3.923231428797621,0,0,https://santander.com.br/about
37,0,0,0,2,1,1,0,0,0.05405405405405406,0,0,11,0,0,0,0,4.296630730201454,0,1,https://creditosegu26.webcindario.com
33,0,0,0,1,0,1,0,0,0.0,0,0,9,0,13,0,0,4.003044786734202,0,0,https://kolkataff.tv/r/technology
38,0,0,0,2,1,1,0,0,0.0,0,0,11,0,1,0,0,3.950974552518736,0,1,https://succesjuissif.firebaseapp.com/
35,0,0,0,2,1,1,0,0,0.0,0,0,4,0,16,0,0,4.11471801682134,0,0,https://www.mixi.jp/in/profile-name
24,0,0,0,2,1,1,0,0,0.0,0,0,10,0,0,0,0,3.7720552088742005,0,0,https://en.franceinfo.fr
34,0,0,0,2,1,1,0,0,0.08823529411764706,0,0,6,0,1,0,0,4.256149238118268,0,1,https://xn--zb0bnwz33e.weebly.com/
63,0,0,0,3,1,1,0,0,0.3492063492063492,0,0,2,0,12,0,0,4.6290942573166225,0,1,https://pub-ff634d42ef654127997f95a2f0757fbf.r2.dev/criids.html
22,0,0,0,1,0,1,0,1,0.09090909090909091,0,0,3,0,8,0,0,4.027169118440618,0,1,https://bit.ly/3DxZcz0
23,0,0,0,2,1,1,0,0,0.0,0,0,3,0,7,0,0,4.0559581516151235,0,1,https://l.ead.me/bfUiGo
34,0,0,0,2,1,1,0,0,0.0,0,0,7,0,13,0,0,4.006436738245531,0,0,https://en.claspws.tv/r/technology
175,0,0,0,2,1,1,0,0,0.06857142857142857,0,5,6,0,108,3,0,5.476295793072386,0,1,https://docs.google.com/presentation/d/e/2PACX-1vQIpjjKhQel6FrYyI32TsU-QnpKwoYT0LlkgJM4NBTfMPKngKR_GPhmFQsjzypQUuICQJdGjgeP8Ipj/pub?start=false&amp;loop=false&amp;delayms=3000
30,0,0,0,2,1,1,0,0,0.06666666666666667,0,0,9,0,5,0,0,3.8980685120588388,0,0,https://www.hosting24.com/news
15,0,0,0,1,0,1,0,0,0.0,0,0,4,0,0,0,0,3.106890595608519,0,0,https://seks.ws
36,0,0,0,2,1,1,0,0,0.0,0,0,6,0,13,0,0,4.0724312513221195,0,0,https://blog.indeed.com/r/technology
22,0,0,0,1,0,1,0,0,0.09090909090909091,0,0,4,0,7,0,0,4.0614821867207755,0,1,https://qrco.de/bga6r0
24,0,0,1,1,0,1,0,0,0.0,0,0,10,0,1,0,0,4.0220552088742005,0,1,https://fide-litny.cyou/
19,0,0,0,2,1,1,0,0,0.0,0,0,4,0,0,0,0,3.5766176449086657,0,0,https://www.zadn.vn
31,0,0,0,2,1,1,0,0,0.0,0,0,7,1,1,0,0,4.042433003725894,0,1,https://netflixpage.webflow.io/
38,0,0,0,2,1,1,0,0,0.07894736842105263,0,0,11,0,1,0,0,4.188331131693838,0,1,https://depotfr-8ae92.firebaseapp.com/
33,0,0,1,1,0,1,0,0,0.0,0,0,13,0,8,0,0,4.066677073707229,0,0,https://brand-display.com/contact
64,0,0,1,1,0,1,0,0,0.0,0,0,15,0,37,0,0,4.16058164979857,0,1,https://atom-moustiques.com/ch/ui/app/auth/flow/mycss-login/ext/
45,0,0,0,2,1,1,0,0,0.1111111111111111,0,0,6,0,20,0,0,4.231207408480774,0,0,https://support.claude.ai/products/item/10293
22,0,0,0,1,0,1,0,0,0.0,0,0,4,0,7,0,0,4.152391277629866,0,1,https://qrco.de/bfJaPg
51,0,0,0,2,1,1,0,0,0.0,0,0,15,0,20,0,0,4.184693910972922,0,0,https://docs.wordunscrambler.me/category/news/today
23,0,0,0,2,1,1,0,0,0.043478260869565216,0,0,3,0,7,0,0,3.9690016298759927,0,1,https://l.ead.me/bfP2hX
32,0,0,0,2,1,1,0,0,0.0,0,0,12,0,0,0,0,3.965018266288633,0,0,https://support.handelsblatt.com
43,0,0,0,2,1,1,0,0,0.0,0,0,12,0,1,0,0,4.06279520858371,0,1,https://sweepstakeswinner.godaddysites.com/
31,0,0,0,2,1,1,0,0,0.0,0,0,9,0,5,0,0,3.873235826376329,0,0,https://blog.thoughtco.com/news
25,0,0,0,2,1,1,0,0,0.0,0,0,5,0,0,0,0,3.5238561897747247,0,0,https://support.ggpht.com
38,0,0,0,3,1,1,0,0,0.18421052631578946,0,0,11,0,12,0,0,3.968211974414883,0,1,https://ww.tjcr5781135.pro/captcha.php
19,0,0,0,2,1,1,0,0,0.0,0,0,3,0,0,0,0,3.826874881864638,0,0,https://blog.cri.cn
51,0,0,0,3,2,1,0,0,0.0,0,0,5,0,22,0,0,4.588421175007881,0,1,https://new.express.adobe.com/webpage/gbkziKBGHUvWt
31,0,0,0,2,1,1,0,0,0.0,0,0,7,0,8,0,0,3.7567958110719153,0,0,https://docs.fastpic.ru/contact
38,0,0,0,1,0,1,0,0,0.05263157894736842,0,1,6,0,6,1,0,4.484255144794799,0,0,https://orange.com/watch?v=dQw4w9WgXcQ
137,0,0,0,3,1,1,0,0,0.12408759124087591,0,8,6,0,64,4,0,5.3284488063674145,0,1,https://docs.google.com/presentation/d/1wEMm548VzvFFDn650NvcLwo4AUASP696EVGhP1oEJEQ/pub?start=false&loop=false&delayms=3000&slide=id.p%3E
42,0,0,0,2,1,1,0,0,0.0,0,0,3,0,20,0,0,3.9080627459302515,0,0,https://support.sii.cl/conditions/diabetes
25,0,0,0,1,0,1,0,0,0.0,0,0,8,0,5,0,0,3.7532696895151085,0,0,https://zmaticoo.com/help
90,0,0,0,2,1,1,0,0,0.0,0,0,6,0,60,0,0,4.344824769471692,0,1,https://reim-weib-hr.github.io/turbo-telegrampoiuytrretyuiopkiouytrefghjkytdcgvhbnmoiuytr/
38,0,0,0,2,1,1,0,0,0.0,0,0,13,0,5,0,0,4.14860021052734,0,0,https://support.reviewjournal.com/help
21,0,0,0,2,1,1,0,0,0.0,0,0,5,0,0,0,0,3.6897037321995474,0,0,https://www.gcore.com
21,0,0,1,1,0,1,0,0,0.0,0,0,3,0,7,0,0,3.8442328987631917,0,1,https://q-r.to/bgaqBJ
39,0,0,0,2,1,1,0,0,0.3076923076923077,0,0,3,0,16,0,0,4.4261772187513015,0,1,https://cd263423.tw1.ru/CelkemCVT32200/
39,0,0,0,2,1,1,0,0,0.38461538461538464,0,0,7,0,16,0,0,4.3361829878711236,0,1,https://app.jotform.com/250723980145558
37,0,0,0,1,0,1,0,0,0.0,0,0,10,0,15,0,0,4.013111135723804,0,0,https://fotoscapes.com/privacy-policy
26,0,0,0,3,1,1,0,0,0.0,0,0,7,0,0,0,0,3.921029621737615,0,0,https://www.unimelb.edu.au
20,0,0,0,1,0,1,0,0,0.05,0,0,3,0,6,0,0,3.784183719779189,0,1,https://did.li/9rKOf
65,0,0,0,2,1,1,0,0,0.0,0,1,16,0,7,1,0,4.2222181070177704,0,0,https://docs.androidauthority.com/search?q=cybersecurity+research
51,0,0,0,1,0,1,0,0,0.11764705882352941,0,0,9,0,30,0,0,4.4296002834371,0,0,https://tobsnssdk.com/article/2026/05/global-update
51,0,0,0,2,1,1,0,0,0.0,0,0,11,0,24,0,0,4.012208979950768,0,0,https://www.sacdnssedge.com/docs/forms/d/e/viewform
46,0,0,0,3,1,1,0,0,0.0,0,1,2,0,2,1,1,4.2326037389862705,0,1,https://l.wl.co/l?u=https://qr-codes.io/swStJf
28,0,0,0,1,0,1,0,0,0.0,0,0,11,0,5,0,0,3.6725535823855564,0,0,https://shcilestamp.com/home
42,0,0,0,2,1,1,0,0,0.047619047619047616,0,1,8,0,6,1,0,4.39531020894716,0,0,https://en.mediaset.it/watch?v=dQw4w9WgXcQ
28,0,0,0,2,1,1,0,0,0.0,0,1,3,0,7,0,0,4.182005814760214,0,1,https://l.ead.me/bfIlib?SeO=
35,0,0,0,2,1,1,0,0,0.0,0,0,10,0,5,0,0,3.9217212310452405,0,0,https://support.tubegalore.com/home
37,0,0,1,2,1,0,0,0,0.1891891891891892,0,0,16,0,0,0,0,4.378240189894803,0,1,http://allegro.pl-oferta6482538.click
36,0,0,0,2,1,0,0,0,0.0,0,0,7,0,0,0,0,4.204511459715549,0,1,http://coinsquuuarelogiin.webflow.io
31,0,0,0,1,0,1,0,0,0.0,0,0,3,0,16,0,0,4.180002761999778,0,0,https://fws.gov/in/profile-name
22,0,0,0,1,0,1,0,1,0.13636363636363635,0,0,3,0,8,0,0,3.936260027531527,0,1,https://bit.ly/4di73xD
28,0,0,0,2,0,1,0,0,0.0,0,0,8,0,5,0,0,3.6820058147602137,0,0,https://optusnet.com.au/home
40,0,0,0,2,1,1,0,0,0.025,0,0,10,0,6,0,0,4.246439344671016,0,0,https://support.5movierulz.kitchen/login
23,0,0,0,1,0,1,0,0,0.0,0,0,4,0,8,0,0,3.6753108689123635,0,0,https://bale.ai/contact
62,0,0,0,3,1,1,0,0,0.3548387096774194,0,0,2,0,11,0,0,4.625105536291584,0,1,https://pub-48da1d5c48564855b8875ec78c93eab7.r2.dev/Index.html
175,0,0,0,2,1,1,0,0,0.09714285714285714,0,5,6,0,108,3,0,5.551024773065513,0,1,https://docs.google.com/presentation/d/e/2PACX-1vRPyoi0r4kcbDxhOq_2Cb-3mN6mhkclBukAuyp6yg8q7WrnCcwLseZYxBsxy7G7MuzMzhHhARzYzlH5/pub?start=false&amp;loop=false&amp;delayms=3000
53,0,0,0,2,1,1,0,0,0.1320754716981132,0,0,6,0,1,0,0,4.238567681552869,0,1,https://soportexdeserviciodecorreo0008787.weebly.com/
74,0,0,0,3,1,0,0,0,0.22972972972972974,0,1,3,0,31,0,0,4.738263886701677,0,1,http://cw99716.tw1.ru/garbaderivero/pages/region.php?lca#daa873312cc07c043
26,0,0,0,2,1,1,0,0,0.0,0,0,4,0,5,0,0,3.921029621737615,0,0,https://docs.ietf.org/news
31,0,0,0,1,0,1,0,0,0.0,0,0,6,0,13,0,0,3.977916874693636,0,0,https://ahrefs.com/r/technology
48,0,0,0,2,1,1,0,0,0.0,0,0,7,0,24,0,0,3.9779744192676714,0,0,https://docs.eclipse.org/docs/forms/d/e/viewform
23,0,0,0,1,0,1,0,0,0.0,0,0,6,0,5,0,0,3.7081320646586016,0,0,https://sndcdn.com/help
22,0,0,0,1,0,1,0,0,0.09090909090909091,0,0,4,0,7,0,0,4.0614821867207755,0,1,https://qrco.de/bgc79D
45,0,0,0,2,1,1,0,0,0.0,0,0,6,0,1,0,0,4.1554316410537275,0,1,https://learn-rabbywallot-cdn-sso.wasmer.app/
38,0,0,0,1,0,1,0,0,0.0,0,0,14,0,12,0,0,4.333325210755072,0,1,https://grifogranchimu.com/web-update/
44,0,0,0,2,1,1,0,0,0.0,0,0,9,0,7,0,0,4.263313653112509,0,1,https://starts-platform.wixstudio.com/eng-us
17,0,0,0,1,0,1,0,0,0.0,0,0,1,0,5,0,0,3.4548223999466057,0,1,https://s.ee/cGAw
41,0,0,0,2,1,1,0,0,0.0,0,0,11,0,15,0,0,4.143541333622538,0,0,https://en.theregister.com/privacy-policy
33,0,0,0,2,1,1,0,0,0.0,0,0,12,0,5,0,0,4.0060710131011685,0,0,https://www.richaudience.com/news
175,0,0,0,2,1,1,0,0,0.10285714285714286,0,5,6,0,108,3,0,5.55999834665383,0,1,https://docs.google.com/presentation/d/e/2PACX-1vSUuTqlvhnZuG5q6jXO-4VRZXy5M92rlsLYrsaWfq5QM-b_1K_DgLanoMAfOTr0XkLQ7OmnX8ehdMl9/pub?start=false&amp;loop=false&amp;delayms=3000
62,0,0,0,2,1,1,0,0,0.0,0,1,10,0,7,1,0,4.130783812472989,0,0,https://support.trustpilot.com/search?q=cybersecurity+research
27,0,0,0,2,1,1,0,0,0.0,0,0,8,0,4,0,0,4.032303242743952,0,0,https://www.apiblink.ru/faq
36,0,0,0,2,1,1,0,0,0.0,0,0,8,0,12,0,0,4.0514621540398,0,1,https://www.flowcode.com/page/filler
56,0,0,0,3,1,1,0,0,0.10714285714285714,0,0,8,0,30,0,0,4.556656707462823,0,0,https://www.infoseek.co.jp/article/2026/05/global-update
43,0,0,0,2,1,1,0,0,0.11627906976744186,0,0,8,0,20,0,0,4.3860541511392945,0,0,https://www.cmjornal.pt/products/item/10293
31,0,0,0,1,0,1,0,0,0.0,0,0,11,0,8,0,0,4.014860327200948,0,0,https://fastebridge.com/contact
53,0,0,0,2,1,1,0,0,0.11320754716981132,0,0,7,0,30,0,0,4.4187869076716115,0,0,https://www.redtube.com/article/2026/05/global-update
59,0,0,0,2,1,1,0,0,0.0,0,0,4,0,1,0,0,4.128406508914934,0,1,https://communitycollegeofphiladelphiaemailupdatee.ukit.me/
183,0,0,1,3,1,1,0,0,0.3551912568306011,0,3,16,0,97,1,0,5.412631605530651,0,1,https://sender.zohoinsights-crm.com/ck1/2d6f.327230a/b5dee7b0-93c9-11f1-a918-5254005934b4/059adff8c99af25d1a793315ff07607ff38ab004/2?e=lcXhUUWl49QDqOZjHdJczfg3mwRzV%2FLSOyuJPg6PEb0%3D
32,0,0,0,2,1,1,0,0,0.0,0,0,10,0,5,0,0,3.8820488277869583,0,0,https://docs.chapturist.com/help
28,0,0,0,2,1,1,0,0,0.0,0,0,6,0,1,0,0,3.896291529045928,0,1,https://reorhdhe.weebly.com/
29,0,0,0,2,1,1,0,0,0.0,0,0,7,0,5,0,0,3.53850987421411,0,0,https://blog.onenote.net/help
55,0,0,0,2,1,1,0,0,0.10909090909090909,0,0,1,0,30,0,0,4.243116823813246,0,0,https://support.e.leclerc/article/2026/05/global-update
24,0,0,0,1,0,1,0,1,0.20833333333333334,0,0,3,0,10,0,0,3.8035088547976783,0,1,https://bit.ly/2210strp6
22,0,0,0,1,0,1,0,0,0.0,0,0,4,0,7,0,0,4.0614821867207755,0,1,https://qrco.de/bgaurv
31,0,0,0,2,1,1,0,0,0.0,0,0,14,0,0,0,0,4.042433003725894,0,0,https://docs.xvideosputaria.com
30,0,0,0,2,1,1,0,0,0.0,0,0,10,0,0,0,0,4.002910079649727,0,0,https://support.widgetable.net
21,0,0,0,2,1,1,0,0,0.0,0,0,6,0,0,0,0,3.7849418274376427,0,0,https://www.amazon.ie
44,0,0,0,1,0,1,0,0,0.0,0,0,12,0,20,0,0,4.169547811769946,0,0,https://sexybluefilm.com/conditions/diabetes
36,0,0,0,2,1,1,0,0,0.08333333333333333,0,0,8,0,14,0,0,4.294653473544342,0,0,https://en.jutarnji.hr/dp/B08N5WRWNW
40,0,0,0,2,1,1,0,0,0.0,0,0,8,0,1,0,0,4.212814895472356,0,1,https://renew-domainio-ltd.blogspot.com/
83,0,0,0,3,2,1,0,0,0.12048192771084337,0,0,4,0,1,0,0,4.782111727629279,0,1,https://bafkreiczbv62u23k4kfzrlxzwszoiveowouw6t7lc4xleccswt5gctif2y.ipfs.dweb.link/
28,0,0,0,2,1,1,0,0,0.0,0,0,6,0,1,0,0,3.9407598325400897,0,1,https://sntybnks.weebly.com/
50,0,0,0,2,1,1,0,0,0.04,0,1,14,0,6,1,0,4.583465189601647,0,0,https://www.royalcaribbean.com/watch?v=dQw4w9WgXcQ
33,0,0,1,1,0,1,0,0,0.0,0,0,13,0,5,0,0,3.858957286668643,0,0,https://sex-studentki.studio/home
41,0,0,0,2,1,0,0,0,0.0,0,0,7,0,0,0,0,4.113172736114331,0,1,http://tussaudsdubai----madame.webflow.io
23,0,0,0,2,0,0,0,0,0.0,0,0,9,0,1,0,0,3.9690016298759927,0,1,http://jessegray.co.nz/
372,0,0,1,3,1,1,0,0,0.12096774193548387,0,3,7,0,330,1,0,5.757086892340594,0,1,https://gooqle.www-com.co.uk/XbkhVdkx1MzdhWWM1bjRPTDZsdUtsQ3YwUit3MHpITFVwdWFTRmp1T04zYWcvNUhhMVo5Vk93ZWhrcE5KdHV6ODFEcTkvdEJBZ0xKYldZeEI5ZytxOS9NZDd1Q1ZlWlBjSExsdEtqSHF3bzAydFVFSytIa2psbncvTDJ6NzVMbFgxV2JPN1paQXhLMG9VamNlckx4aHgxSEJoeUR0VEZWaXdwYkpodlBaQWo2Q3pGSW1KZzJLMEVNM0s4NkNOWUNOWEVWVWo1dz0tLWxpRit0alV0b2MrczdESUQtLTFiNElnLzBzdWJORVZFRGFnWWUraXc9PQ==?cid=348790104
23,0,0,0,2,1,1,0,0,0.043478260869565216,0,0,3,0,7,0,0,4.0559581516151235,0,1,https://l.ead.me/bfJRP0
25,0,0,0,2,1,1,0,0,0.0,0,0,5,0,5,0,0,3.863465189601647,0,0,https://www.videy.co/home
44,0,0,0,2,1,1,0,0,0.0,0,0,9,0,6,0,0,4.18581570915303,0,1,https://extn-attomyc-eng.wixstudio.com/en-us
18,0,0,0,2,1,1,0,0,0.0,0,0,4,0,0,0,0,3.5032583347756456,0,0,https://en.isna.ir
24,0,0,0,2,0,1,0,0,0.0,0,0,9,0,0,0,0,3.970175521464345,0,0,https://cifraclub.com.br
76,0,0,1,2,1,1,0,0,0.3026315789473684,0,3,16,0,1,2,0,4.919826237528486,0,1,https://us20.campaign-archive.com/?u=2a40315237aa44b2f1c958f58&id=be01adee6d
42,0,0,0,2,1,1,0,0,0.09523809523809523,0,0,7,0,1,0,0,4.433634982148036,0,1,https://fantab-jk3rihk1w1et4ui.webflow.io/
48,0,0,0,2,1,1,0,0,0.0,0,0,9,0,7,0,0,4.287782031835939,0,1,https://homepage-trezxor-us.wixstudio.com/eng-us
31,0,0,0,2,1,1,0,0,0.22580645161290322,0,0,10,0,1,0,0,4.195816471537619,0,1,https://chimere.hub5723511.pro/
32,0,0,0,2,1,1,0,0,0.0,0,0,17,0,0,0,0,3.7806390622295662,0,0,https://en.solopornoitaliani.xxx
36,0,0,0,2,1,1,0,0,0.0,0,0,16,0,0,0,0,4.030493056757482,0,0,https://support.socialmediagirls.com
27,0,0,0,2,1,1,0,0,0.0,0,0,6,0,5,0,0,3.736006946447656,0,0,https://docs.shodan.io/news
41,0,0,0,1,0,1,0,0,0.0,0,0,9,0,20,0,0,4.004285091072619,0,0,https://packagist.org/category/news/today
43,0,0,0,2,1,1,0,0,0.11627906976744186,0,0,7,0,20,0,0,4.295353348118594,0,0,https://www.paymaya.com/products/item/10293
131,0,0,0,2,1,1,0,0,0.06870229007633588,0,5,6,0,64,3,0,5.266711624181989,0,1,https://docs.google.com/presentation/d/1ZdzzwuaVVAGoQGGDIvVG_uHIBOzJTrHn1QmwrCT455U/pub?start=false&amp;loop=false&amp;delayms=3000
48,0,0,0,1,0,1,0,0,0.125,0,0,6,0,30,0,0,4.381328385912461,0,0,https://mosyle.com/article/2026/05/global-update
75,0,0,1,2,1,1,0,0,0.28,0,3,16,0,1,2,0,4.850150818279112,0,1,https://us6.campaign-archive.com/?u=11deb80d830b9d6bb92f7a4b8&id=2aa010a60f
41,0,0,0,2,1,1,0,0,0.0,0,0,16,0,8,0,0,4.055501322050909,0,0,https://blog.kaiserpermanente.org/contact
38,0,0,0,2,1,1,0,0,0.0,0,0,6,0,1,0,0,4.133071514059368,0,1,https://btconnectserviceuk.weebly.com/
84,0,0,0,2,1,1,0,0,0.08333333333333333,0,0,6,0,61,0,0,5.004598077180087,0,1,https://docs.google.com/drawings/d/1Nzd0mNZnvve3oLSwy7g7zvTtLCAdxS52ozXym-iyrbw/edit
23,0,0,0,2,1,1,0,0,0.0,0,0,3,0,7,0,0,4.0559581516151235,0,1,https://l.ead.me/bfWgIP
38,0,0,0,1,0,1,0,0,0.07894736842105263,0,1,8,0,13,1,0,4.4385883686498095,0,1,https://flowcode.com/p/e8ouZT0yRY?fc=0
38,0,0,0,1,0,1,0,0,0.0,0,0,3,0,24,0,0,3.986976277630595,0,0,https://fnn.jp/docs/forms/d/e/viewform
38,0,0,0,1,0,1,0,0,0.05263157894736842,0,1,7,0,6,1,0,4.484255144794799,0,0,https://allianz.de/watch?v=dQw4w9WgXcQ
36,0,0,0,2,1,1,0,0,0.027777777777777776,0,0,8,0,1,0,0,4.065079515030719,0,1,https://radheshyamrsm5.blogspot.com/
22,0,0,0,1,0,1,0,1,0.045454545454545456,0,0,3,0,8,0,0,3.936260027531527,0,1,https://bit.ly/3XKxDbQ
33,0,0,0,1,0,1,0,0,0.0,0,0,15,0,6,0,0,3.907734270742486,0,0,https://schneevonmorgen.com/login
17,0,0,0,1,0,1,0,0,0.0,0,0,5,0,0,0,0,3.6901165175936645,0,0,https://drift.com
32,0,0,0,2,1,1,1,0,0.0,0,0,7,0,5,0,0,4.077819531114783,0,0,https://blog.cordkit.online/home
54,0,0,0,2,1,1,0,0,0.07407407407407407,0,0,7,0,29,0,0,4.660083511815992,0,1,https://share.hsforms.com/15tQn0XUTTQaMcQVZhuUoHQtgh7v
16,0,0,0,1,0,1,0,0,0.0,0,0,4,0,0,0,0,3.327819531114783,0,0,https://wipo.int
31,0,0,1,2,1,1,0,0,0.0,0,0,16,0,0,0,0,4.17146526179041,0,0,https://en.captcha-delivery.com
45,0,0,0,2,1,1,0,0,0.022222222222222223,0,0,9,0,20,0,0,4.2647579641324835,0,0,https://blog.cloud4box.ru/category/news/today
39,0,0,0,2,1,1,0,0,0.0,0,0,18,0,0,0,0,4.003350936810966,0,1,https://bradesco.netempresasdigital.app
28,0,0,0,2,1,1,0,0,0.0,0,0,6,0,5,0,0,3.994680368408909,0,0,https://blog.javwow.com/home
26,0,0,0,2,1,1,0,0,0.0,0,0,5,0,5,0,0,3.825251737288651,0,0,https://www.vizio.com/news
42,0,0,0,2,1,1,0,0,0.0,0,0,7,0,20,0,0,4.02365210241295,0,0,https://en.airasia.com/category/news/today
42,0,0,0,2,1,1,0,0,0.11904761904761904,0,0,6,0,20,0,0,4.365664673284385,0,0,https://www.inkuai.com/products/item/10293
40,0,0,0,2,1,1,0,0,0.025,0,1,8,0,1,1,0,4.206198332810096,0,1,https://oiazeiuiazolme.blogspot.com/?m=0
40,0,0,0,1,0,1,0,0,0.05,0,1,8,0,6,1,0,4.5964393446710154,0,0,https://fbpigeon.com/watch?v=dQw4w9WgXcQ
52,0,0,1,2,1,1,0,0,0.057692307692307696,0,1,12,0,6,1,0,4.6977673049215225,0,0,https://support.list-manage1.com/watch?v=dQw4w9WgXcQ
50,0,0,0,2,1,1,0,0,0.08,0,0,7,0,1,0,0,4.40637013015618,0,1,https://supports-marvelous-site-09c3e8.webflow.io/
26,0,0,0,2,1,1,0,0,0.07692307692307693,0,0,3,0,1,0,0,3.921029621737615,0,1,https://mtb11info.web.app/
29,0,0,0,2,1,1,0,0,0.0,0,0,8,0,5,0,0,3.607475391455489,0,0,https://www.openxcdn.net/news
33,0,0,0,2,1,1,0,0,0.0,0,0,18,0,0,0,0,4.028946391954607,0,0,https://en.penguinrandomhouse.com
23,0,0,0,1,0,1,0,1,0.13043478260869565,0,0,1,0,11,0,0,3.936180434129755,0,1,https://t.co/ShIA6Tb63Z
55,0,0,0,2,1,1,0,0,0.0,0,1,3,0,7,1,0,4.142469431935249,0,0,https://support.unh.edu/search?q=cybersecurity+research
76,0,0,1,2,1,1,0,0,0.34210526315789475,0,3,16,0,1,2,0,4.8314967174995775,0,1,https://us12.campaign-archive.com/?u=08d5cf101ffdc2013892d4857&id=1708f1e5e4
190,0,0,0,3,1,1,0,0,0.10526315789473684,0,7,6,0,108,4,0,5.576284474662416,0,1,https://docs.google.com/presentation/d/e/2PACX-1vQ-yooX62rB7nVjsAeUzlBbW-KNF_zhTT3m880Hihn6XC_duSCwSHaBq_B8qEYRoPiI29tjk2Il8Wh5/pub?start=false&amp;loop=false&amp;delayms=3000&amp;slide=id.p
44,0,0,0,2,1,1,0,0,0.13636363636363635,0,0,6,0,1,0,0,4.362507470762515,0,1,https://frequent-industry-913696.framer.app/
46,0,0,0,3,1,1,0,0,0.043478260869565216,0,1,2,0,2,1,1,4.294663586209604,0,1,https://l.wl.co/l?u=https://qr-codes.io/A2Tsp8
27,0,0,0,2,1,1,0,0,0.0,0,0,5,0,6,0,0,3.856196298219379,0,0,https://blog.heovl.im/login
112,0,0,0,2,1,1,0,0,0.11607142857142858,0,0,6,0,87,0,0,5.581833663430984,0,1,https://script.google.com/macros/s/AKfycbz2HROI9SDVmk45SvdjVP7wthwXkpZTS7RjfnV1zBCUahPNNsdQk-2heQq49u8I1EQ8/exec
34,0,0,0,2,1,0,0,0,0.2647058823529412,0,0,13,0,0,0,0,4.300554385304355,0,1,http://allegro.123010h8hh45g.click
27,0,0,0,1,0,1,0,0,0.0,0,0,10,0,5,0,0,3.6800893536948065,0,0,https://rednotecdn.com/home
46,0,0,0,2,1,1,0,0,0.0,0,0,10,0,21,0,0,4.162057815120259,0,0,https://en.liebertpub.com/terms-and-conditions
32,0,0,0,2,1,1,0,0,0.0,0,0,7,0,1,0,0,3.9886085007312415,0,1,https://mailnservice.onepage.me/
54,0,0,0,2,1,1,0,0,0.05555555555555555,0,0,7,0,29,0,0,4.8331386593705545,0,1,https://share.hsforms.com/1ZxYyfgBLTOecdvl3OYoPFQtf2da
51,0,0,0,1,0,1,0,0,0.0196078431372549,0,0,10,0,24,0,0,4.325934470146846,0,0,https://5movierulz.plumbing/docs/forms/d/e/viewform
23,0,0,0,1,0,1,0,0,0.0,0,0,7,0,5,0,0,3.9690016298759927,0,0,https://planfix.ru/news
83,0,0,0,3,2,1,0,0,0.10843373493975904,0,0,4,0,1,0,0,4.713432166307949,0,1,https://bafkreiba54kktnegbovai4zncwbbq6q3ykdtazxichfk6fc66wy3elsqpq.ipfs.dweb.link/
46,0,0,0,3,1,1,0,0,0.043478260869565216,0,1,2,0,2,1,1,4.381620107948734,0,1,https://l.wl.co/l?u=https://qr-codes.io/8BLIw0
52,0,0,0,2,1,1,0,0,0.11538461538461539,0,0,6,0,30,0,0,4.377478419689723,0,0,https://www.thecut.com/article/2026/05/global-update
25,0,0,0,2,1,1,0,0,0.04,0,0,3,0,1,0,0,3.943465189601647,0,1,https://on1force.web.app/
21,0,0,0,1,0,1,0,0,0.14285714285714285,0,0,3,0,7,0,0,3.9754180179138334,0,1,https://ume.la/9A9Y7Z
26,0,0,0,2,1,1,0,0,0.0,0,0,10,0,0,0,0,3.9021748142117283,0,0,https://docs._wildcard_.ph
123,0,0,0,3,1,1,0,0,0.08943089430894309,0,3,7,0,63,2,0,5.4168071154198145,0,1,https://www.dropbox.com/scl/fi/vtpqyspgxi9n1evloox84/BT-NEW-SECURITIES-FEATURES.papert?rlkey=f6eqlgql7x3qkvvf0cek21yhm&dl=0
32,0,0,0,2,1,1,0,0,0.0,0,0,16,0,0,0,0,4.007048827786958,0,0,https://www.xxxindianstories.com
24,0,0,0,2,1,1,0,0,0.0,0,0,3,0,4,0,0,3.970175521464345,0,0,https://blog.amd.com/faq
36,0,0,1,2,1,1,0,0,0.08333333333333333,0,0,6,0,14,0,0,4.30827083453526,0,0,https://www.go-vip.net/dp/B08N5WRWNW
50,0,0,0,2,1,1,0,0,0.12,0,0,4,0,30,0,0,4.433269689515108,0,0,https://www.hsbc.com/article/2026/05/global-update
42,0,0,0,2,1,0,0,0,0.0,0,0,9,0,7,0,0,4.189238255803026,0,1,http://legercomstartt.wixstudio.com/com-en
38,0,0,0,2,1,1,0,0,0.0,0,0,9,0,6,0,0,4.221097250057957,0,1,https://us-bovvada.wixstudio.com/en-us
44,0,0,0,2,1,1,0,0,0.0,0,0,8,0,21,0,0,4.174674231978642,0,0,https://www.pokepara.jp/terms-and-conditions
24,0,0,0,2,1,1,0,0,0.0,0,0,4,0,5,0,0,3.7720552088742005,0,0,https://en.ifit.com/news
38,0,0,0,1,0,1,0,0,0.05263157894736842,0,1,6,0,6,1,0,4.41872290806656,0,0,https://jwpltx.com/watch?v=dQw4w9WgXcQ
45,0,0,0,2,1,1,0,0,0.0,0,0,9,0,20,0,0,4.188982196705438,0,0,https://www.pozdravok.com/conditions/diabetes
30,0,0,0,2,1,1,0,0,0.0,0,0,6,0,1,0,0,3.9898980954642878,0,1,https://zedel-kcis.vercel.app/
33,0,0,0,2,1,1,0,0,0.0,0,0,5,0,8,0,0,3.813206528961766,0,0,https://support.blogs.com/contact
64,0,0,0,3,2,1,0,0,0.0,0,0,7,0,7,0,0,4.074994383186907,0,1,https://servicecreditagricolemiseajour.hosted.phplist.com/lists/
36,0,0,0,1,0,1,0,0,0.0,0,0,11,0,13,0,0,4.048688113203415,0,0,https://xosodaiphat.com/r/technology
190,0,0,0,3,1,1,0,0,0.07894736842105263,0,7,6,0,108,4,0,5.64611710668421,0,1,https://docs.google.com/presentation/d/e/2PACX-1vQNsMWYl1jBd9Z_ODZ_yrjiDr6uqtxgvIxKGnyUx5hLQ2wqbSNRzyNqp-ZhMp5c7YHRYKM3wlrI1GP-/pub?start=false&amp;loop=false&amp;delayms=3000&amp;slide=id.p
49,0,0,0,2,1,1,0,0,0.0,0,0,21,0,7,0,0,4.090811181603839,0,1,https://bradesco.pjatendimentojuridico.ink/inicio
21,0,0,1,1,0,1,0,0,0.047619047619047616,0,0,3,0,7,0,0,3.939470994001287,0,1,https://q-r.to/bfNnJ3
44,0,0,0,2,1,1,0,0,0.0,0,0,4,0,24,0,0,3.9613373695260785,0,0,https://www.digg.com/docs/forms/d/e/viewform
53,0,0,0,1,0,1,0,0,0.24528301886792453,0,1,8,0,15,1,0,4.930473992176588,0,1,https://mywkj168.com/uid_8192201297?ticket=mAurNXmMYR
26,0,0,0,2,1,1,0,0,0.0,0,0,5,0,5,0,0,3.7671834678914613,0,0,https://www.salon.com/home
25,0,0,0,2,1,1,0,0,0.0,0,0,3,0,1,0,0,3.6732696895151085,0,1,https://checumat.web.app/
52,0,0,0,2,1,1,0,0,0.0,0,1,5,0,7,1,0,4.196343575668696,0,0,https://www.bazos.cz/search?q=cybersecurity+research
42,0,0,0,2,1,1,0,0,0.0,0,0,9,0,6,0,0,4.141619208183979,0,1,https://nav-pionexx-io.wixstudio.com/us-en
14,0,0,0,1,0,0,0,0,0.0,0,0,3,0,1,0,0,3.1820058147602133,0,1,http://ulu.so/
23,0,0,0,2,1,1,0,0,0.0,0,0,2,0,6,0,0,3.936180434129755,0,0,https://www.vc.ru/login
21,0,0,1,1,0,1,0,0,0.0,0,0,3,0,7,0,0,3.7489948035250964,0,1,https://q-r.to/bfHHcr
24,0,0,0,2,1,1,0,0,0.0,0,0,8,0,0,0,0,3.8868421881310113,0,0,https://www.lokalise.com
22,0,0,0,1,0,1,0,1,0.045454545454545456,0,0,3,0,8,0,0,3.7544418457133455,0,1,https://bit.ly/4ixpAsJ
38,0,0,0,1,0,1,0,0,0.07894736842105263,0,1,8,0,13,1,0,4.41872290806656,0,1,https://flowcode.com/p/eKBiD0YiB7?fc=0
39,0,0,0,1,0,1,0,0,0.0,0,0,11,0,16,0,0,3.9359357962188977,0,1,https://ulysimpayee.com/support/payment
43,0,0,0,2,1,1,0,0,0.13953488372093023,0,0,6,0,1,0,0,4.408254580031927,0,1,https://verication-casefb726811.vercel.app/
133,0,0,0,3,1,1,0,0,0.12781954887218044,0,5,7,0,61,3,0,5.209144751734147,0,1,https://www.dropbox.com/scl/fi/9e5y65pz1xvasuu6he2by/Your-Latest-Bill-Is-Ready.paper?rlkey=zlx4pvwo2rea4kc3j30gcow19&st=yea3kfij&dl=0
22,0,0,0,1,0,1,0,1,0.09090909090909091,0,0,3,0,8,0,0,3.8453509366224363,0,1,https://bit.ly/4qabm4S
35,0,0,0,1,0,1,0,0,0.0,0,0,10,0,13,0,0,4.057575159678482,0,0,https://makemytrip.com/r/technology
27,0,0,0,2,1,1,0,0,0.0,0,0,6,0,1,0,0,4.208410187268525,0,1,https://growfix.weebly.com/
22,0,0,0,1,0,1,0,0,0.045454545454545456,0,0,4,0,7,0,0,3.970573095811685,0,1,https://qrco.de/bgbh0a
24,0,0,0,2,1,1,0,0,0.0,0,0,3,0,5,0,0,3.8035088547976783,0,0,https://docs.liu.se/news
26,0,0,0,1,0,1,0,0,0.0,0,0,8,0,6,0,0,3.921029621737615,0,0,https://ketchcdn.com/login
26,0,0,0,2,0,1,0,0,0.0,0,0,8,0,4,0,0,4.026986833359287,0,0,https://ancestry.co.uk/faq
43,0,0,0,2,1,1,0,0,0.3488372093023256,0,0,9,0,18,0,0,4.34186497602557,0,1,https://www.messenger.com/t/118511174670993
38,0,0,0,1,0,1,0,0,0.0,0,0,13,0,13,0,0,4.0605744745287495,0,0,https://howstuffworks.com/r/technology
22,0,0,0,1,0,1,0,0,0.045454545454545456,0,0,4,0,7,0,0,4.0614821867207755,0,1,https://qrco.de/bgbi9J
131,0,0,0,2,1,1,0,0,0.16030534351145037,0,0,6,0,108,0,0,5.409313559914939,0,1,https://docs.google.com/presentation/d/e/2PACX-1vT1C7Lcji52Ao800AxT0ikh-1Sk3u1IixX16u0NEg_rjkjAxi3tiPk2kfO84BGAP_lPeOqIOXFpj3Gc/pub
35,0,0,1,2,1,0,0,0,0.34285714285714286,0,0,15,0,0,0,0,4.068728288980288,0,1,http://allegro.pl-635373625373.shop
24,0,0,0,2,1,1,0,0,0.0,0,0,4,0,1,0,0,3.938721875540867,0,1,https://dilevry.ukit.me/
66,0,0,0,3,1,1,0,0,0.30303030303030304,0,0,2,0,15,0,0,4.708321248640513,0,1,https://pub-dfa124c0bc8f4f30bb3bb755962d3838.r2.dev/alifedobe.html
175,0,0,0,2,1,1,0,0,0.12571428571428572,0,5,6,0,108,3,0,5.60057354142584,0,1,https://docs.google.com/presentation/d/e/2PACX-1vQcnY-xw7j9OnYp21khr1nBIwYA3n6NkOinSBQfEdxxiGoBP2zENH1VaDo4_m08W3Ff7Lgx3sn7jTdY/pub?start=false&amp;loop=false&amp;delayms=3000
38,0,0,0,1,0,1,0,0,0.05263157894736842,0,1,6,0,6,1,0,4.313459750171824,0,0,https://sfdcfc.net/watch?v=dQw4w9WgXcQ
47,0,0,0,2,1,1,0,0,0.0851063829787234,0,1,10,0,6,1,0,4.4530050748517365,0,0,https://www.xhamster46.desi/watch?v=dQw4w9WgXcQ
21,0,0,1,1,0,1,0,0,0.047619047619047616,0,0,3,0,7,0,0,3.939470994001287,0,1,https://q-r.to/bfMw8U
94,0,0,1,2,1,1,0,0,0.07446808510638298,0,0,13,0,65,0,0,4.741613953540281,0,1,https://ipfs.best-practice.se/ipfs/bafybeic5pqkweobka2tfnltnod732ftxg7ecudziaiquvdqwhbuubslql4
48,0,0,0,1,0,1,0,0,0.125,0,0,6,0,30,0,0,4.3970552088742005,0,0,https://simply.com/article/2026/05/global-update
44,0,0,0,2,1,1,0,0,0.0,0,0,9,0,6,0,0,4.2893419946517515,0,1,https://livestarts-ldger.wixstudio.com/us-en
26,0,0,0,2,1,1,0,0,0.0,0,0,6,0,4,0,0,3.8441065448145384,0,0,https://www.onamae.com/faq
19,0,0,0,2,1,1,0,0,0.0,0,0,4,0,0,0,0,3.5766176449086657,0,0,https://www.bpcl.in
39,0,0,0,2,1,1,0,0,0.0,0,0,11,0,1,0,0,4.1604200911461655,0,1,https://denewpolstlewx.firebaseapp.com/
46,0,0,0,1,0,1,0,0,0.0,0,0,15,0,19,0,0,4.319560260725401,0,1,https://gzjzyhjjsfwyxgs.com/content/fphtrlbkzo
22,0,0,0,1,0,1,0,1,0.09090909090909091,0,0,3,0,8,0,0,3.715589437882739,0,1,https://bit.ly/3VB1Utt
45,0,0,0,2,1,1,0,0,0.0,0,0,9,0,20,0,0,4.144537752260993,0,0,https://www.azureserv.com/category/news/today
39,0,0,0,2,1,1,0,0,0.0,0,0,6,0,1,0,0,4.047846769977879,0,1,https://mcnedraca-cpsessere.weebly.com/
42,0,0,0,2,1,1,0,0,0.0,0,0,7,0,21,0,0,4.0050635535766075,0,0,https://en.discord.gg/terms-and-conditions
25,0,0,0,1,0,1,0,0,0.0,0,0,4,0,10,0,0,3.48307418942857,0,1,https://lhub.to/dhhdeheih
27,0,0,0,2,1,1,0,0,0.0,0,0,10,0,0,0,0,3.9545304475546974,0,0,https://blog.paymetrust.net
221,0,0,1,5,1,1,0,0,0.12669683257918551,0,1,12,0,51,1,0,4.843800235004338,0,1,https://1un1-l0nos.id5212841-de.net/ret_url/ddb4a15656eac15d17d541ba2ef1f695/login.php?error=Kein+Webmail-Konto+mit+dieser+E-Mail-Adresse+gefunden.+Korrigieren+Sie+Ihre+Eingabe+oder+wenden+Sie+sich+an+Ihren+Administrator.
62,0,0,0,3,1,1,0,0,0.3548387096774194,0,0,2,0,11,0,0,4.597116221880139,0,1,https://pub-10457e7e6b8d42279b1152fa77e6eee0.r2.dev/index.html
50,0,0,0,2,1,0,0,0,0.04,0,0,5,0,1,0,0,4.52307418942857,0,1,http://sp12ct-kandor-biz-fravmek-lorsik.pages.dev/
52,0,0,0,3,2,1,0,0,0.0,0,0,7,0,1,0,0,4.082879450093886,0,1,https://vahidfarid.mohammadrezafreenode.workers.dev/
42,0,0,0,1,0,1,0,0,0.023809523809523808,0,0,15,0,15,0,0,4.409359981941992,0,0,https://webdramaturkey2.com/privacy-policy
43,0,0,0,2,1,1,0,0,0.046511627906976744,0,0,4,0,7,0,0,4.443365626644182,0,1,https://perlindungankeluarga.yzza.io/rm58kj
49,0,0,0,1,0,1,0,0,0.0,0,1,5,0,7,1,0,4.132481466909276,0,0,https://xpaja.net/search?q=cybersecurity+research
34,0,0,0,2,1,1,0,0,0.08823529411764706,0,0,3,0,14,0,0,4.219528282299547,0,0,https://docs.tjk.org/dp/B08N5WRWNW
27,0,0,1,3,1,1,0,0,0.07407407407407407,0,0,9,0,0,0,0,3.9582291686698783,0,0,https://www.awsdns-30.co.uk
28,0,0,0,2,1,1,0,0,0.0,0,0,13,0,0,0,0,4.021640636343318,0,0,https://en.digitaltrends.com
14,0,0,0,1,0,1,0,0,0.0,0,0,3,0,0,0,0,3.2359263506290326,0,0,https://dns.cn
113,0,0,0,2,1,1,0,0,0.061946902654867256,0,1,6,0,76,1,0,5.298679710829006,0,1,https://docs.google.com/forms/d/e/1FAIpQLScwzcUqKzRnfT4lwM_92-IHc1DpcE_FxoqLmb5Go1IrdgOUBg/viewform?usp=send_form
54,0,0,0,2,1,1,0,0,0.0,0,1,5,0,7,1,0,4.227045030607582,0,0,https://en.yahoo.cloud/search?q=cybersecurity+research
36,0,0,0,1,0,1,0,0,0.05555555555555555,0,1,4,0,6,1,0,4.342857292808497,0,0,https://asus.com/watch?v=dQw4w9WgXcQ
49,0,0,0,1,0,1,0,0,0.12244897959183673,0,0,7,0,30,0,0,4.474417946545265,0,0,https://wayfair.com/article/2026/05/global-update
175,0,0,0,2,1,1,0,0,0.08,0,5,6,0,108,3,0,5.5369020953397365,0,1,https://docs.google.com/presentation/d/e/2PACX-1vRQfxNqmNDLJA_nSWfCw_MtDPVQmFXf2tLuEyQE5HVgoggaNo25A89PcUkcwVT1aVLfCrsMdaWu-gr4/pub?start=false&amp;loop=false&amp;delayms=3000
50,0,0,0,2,1,1,0,0,0.2,0,0,5,0,1,0,0,4.688367439558378,0,1,https://jzkvm819m-tqbrp341k-3a1e-xwl59p.pages.dev/
25,0,0,0,1,0,1,0,1,0.04,0,0,3,1,11,0,0,3.8332696895151086,0,1,https://bit.ly/paypal-de5
40,0,0,0,2,1,0,0,0,0.0,0,0,9,0,0,0,0,4.215311532225103,0,1,http://io-kucoin-login-com.typedream.app
20,0,0,0,2,1,1,0,0,0.0,0,0,5,0,0,0,0,3.784183719779189,0,0,https://en.xfree.com
29,0,0,0,2,1,1,0,0,0.0,0,0,9,0,4,0,0,3.8833374604210062,0,0,https://docs.thanhnien.vn/faq
38,0,0,1,2,1,1,0,0,0.0,0,0,7,0,15,0,0,4.458453829233059,0,1,https://wuy.m-pages.com/HIEOlM/eevoice
72,0,0,0,3,1,1,0,0,0.19444444444444445,0,0,13,0,21,0,0,4.780851828270856,0,1,https://wordpress-1628565-6437000.cloudwaysapps.com/ZERRZEE/auth/log.php
30,0,0,0,2,1,1,0,0,0.13333333333333333,0,0,6,0,1,0,0,4.0980685120588385,0,1,https://source3433.weebly.com/
29,0,0,1,2,0,1,0,0,0.06896551724137931,0,0,9,0,6,0,0,4.2541956501507805,0,0,https://awsdns-42.co.uk/login
24,0,0,0,2,1,1,0,0,0.0,0,0,10,0,0,0,0,3.7720552088742005,0,0,https://en.ilgiornale.it
167,0,0,0,2,1,1,0,0,0.11377245508982035,0,5,6,0,108,3,0,5.552544301994018,0,1,https://docs.google.com/presentation/d/e/2PACX-1vRfNtoWNhXreJmRaNnCRquuGxzmBy9_tYcsNE9S0aP3-qZ6E0KQ18mMyY50CnLagbFN-fML5j12hBGY/pub?start=false&loop=false&delayms=3000
23,0,0,0,2,1,1,0,0,0.0,0,0,3,0,7,0,0,3.8164027166443866,0,1,https://l.ead.me/bfeEtF
38,0,0,0,2,1,1,0,0,0.05263157894736842,0,0,7,0,1,0,0,4.113206053476119,0,1,https://attserviceupdate11.boxmode.io/
27,0,0,0,2,1,1,0,0,0.0,0,0,6,0,6,0,0,3.9582291686698783,0,0,https://en.debian.org/login
64,0,0,0,2,1,1,0,0,0.0,0,0,7,0,1,0,0,4.202569336880353,0,1,https://dtusryjdtufyiugdyhjku-aetsrykdtufyikuidytuk.teemill.com/
44,0,0,0,2,1,1,0,0,0.0,0,0,9,0,6,0,0,4.146963301322423,0,1,https://apps-trzosuit-en.wixstudio.com/en-us
28,0,0,0,1,0,1,0,0,0.0,0,0,11,0,5,0,0,3.9407598325400897,0,0,https://smilewanted.com/help
52,0,0,0,1,0,1,0,0,0.11538461538461539,0,0,10,0,30,0,0,4.366130526116974,0,0,https://arkoselabs.com/article/2026/05/global-update
35,0,0,0,2,1,1,0,0,0.0,0,0,6,0,15,0,0,3.990017217489903,0,0,https://en.clinch.co/privacy-policy
45,0,0,0,2,1,1,0,0,0.022222222222222223,0,0,8,0,20,0,0,3.9748605961854437,0,0,https://docs.channel4.com/conditions/diabetes
34,0,0,0,1,0,1,0,0,0.14705882352941177,0,0,3,0,20,0,0,4.135564959585625,0,0,https://swr.de/products/item/10293
45,0,0,0,2,1,1,0,0,0.0,0,0,8,0,20,0,0,3.9564401201118784,0,0,https://docs.gamespot.com/category/news/today
50,0,0,0,2,1,0,0,0,0.04,0,0,5,0,1,0,0,4.473269689515108,0,1,http://sp12ct-fravik-biz-holdor-prensak.pages.dev/
46,0,0,0,2,1,1,0,0,0.043478260869565216,0,1,6,0,6,1,0,4.5719437493001145,0,0,https://support.novell.com/watch?v=dQw4w9WgXcQ
35,0,0,0,2,1,1,0,0,0.0,0,0,13,0,5,0,0,3.9328743603470455,0,0,https://blog.marthastewart.com/help
50,0,0,0,2,1,1,0,0,0.12,0,0,3,0,30,0,0,4.448367439558377,0,0,https://docs.qvc.com/article/2026/05/global-update
32,0,0,0,1,0,1,1,0,0.25,0,0,18,0,1,0,0,4.515319531114783,0,1,https://h2w7k9f4p1b6t8s3ny.live/
23,0,0,0,2,1,1,0,0,0.0,0,0,3,0,7,0,0,3.9690016298759927,0,1,https://l.ead.me/bfXWXw
33,0,0,0,1,0,1,0,0,0.0,0,0,6,0,16,0,0,4.066677073707229,0,0,https://kurnik.pl/in/profile-name
39,0,0,0,2,1,1,0,0,0.05128205128205128,0,1,4,0,6,1,0,4.387465039153175,0,0,https://www.jivo.ru/watch?v=dQw4w9WgXcQ
37,0,0,0,1,0,1,0,0,0.08108108108108109,0,0,11,0,14,0,0,4.391489514102183,0,0,https://springserve.com/dp/B08N5WRWNW
29,0,0,0,2,1,1,0,0,0.13793103448275862,0,0,3,0,1,0,0,4.159199529386523,0,1,https://track-id2012.web.app/
38,0,0,0,2,1,1,1,0,0.15789473684210525,0,0,8,0,1,0,0,4.543851526544547,0,1,https://allegro-lokalnie.f958h745.xyz/
46,0,0,0,2,1,1,0,0,0.0,0,0,9,0,6,0,0,4.186954489636056,0,1,https://corporation-gemini.wixstudio.com/us-en
31,0,0,0,2,1,1,0,0,0.0,0,0,6,0,5,0,0,3.784368487596862,0,0,https://support.docker.com/home
53,0,0,0,2,0,1,0,0,0.11320754716981132,0,0,9,0,30,0,0,4.434914322242807,0,0,https://mcdonalds.co.jp/article/2026/05/global-update
49,0,0,0,2,1,1,0,0,0.0,0,0,10,0,20,0,0,4.181264314369749,0,0,https://support.cloudbirds.cn/category/news/today
30,0,0,0,2,1,1,0,0,0.0,0,0,9,0,4,0,0,4.256564762130954,0,0,https://blog.johnlewis.com/faq
46,0,0,0,3,1,1,0,0,0.0,0,1,2,0,2,1,1,4.278252988336485,0,1,https://l.wl.co/l?u=https://qr-codes.io/GVwGhf
38,0,0,0,1,0,1,0,0,0.0,0,0,6,0,20,0,0,3.7904517769895287,0,0,https://sascdn.com/conditions/diabetes
49,0,0,0,2,1,1,0,0,0.0,0,0,10,0,20,0,0,4.020037079065869,0,0,https://support.liberation.fr/conditions/diabetes
29,0,0,0,2,1,1,1,0,0.0,0,0,9,0,4,0,0,3.7193758224153695,0,1,https://www.dpdlocouj.top/com
37,0,0,0,2,1,1,0,0,0.16216216216216217,0,0,6,0,0,0,0,4.280682339234348,0,1,https://allegro-lokalnie.161251.click
33,0,0,0,2,1,1,0,0,0.0,0,0,8,0,5,0,0,3.8360819078152044,0,0,https://support.motorola.com/news
60,0,0,0,3,2,1,0,0,0.11666666666666667,0,0,7,0,24,0,0,4.989898095464287,0,1,https://2ffjq8.share-eu1.hsforms.com/2XXT5pWu-SH2wdKaRNhG0ZQ
29,0,0,0,1,0,1,0,0,0.0,0,0,12,0,5,0,0,3.9523029776623857,0,0,https://browserstack.com/help
39,0,0,0,2,1,1,0,0,0.07692307692307693,0,0,9,0,14,0,0,4.3236131161871985,0,0,https://www.dialmyapp.com/dp/B08N5WRWNW
31,0,0,0,2,1,1,0,0,0.0,0,0,5,0,6,0,0,3.913400745661378,0,0,https://support.houzz.com/login
37,0,0,0,2,1,1,0,0,0.0,0,0,6,0,1,0,0,3.95905708166975,0,1,https://promo-kiteletrico.vercel.app/
44,0,0,0,2,1,1,0,0,0.045454545454545456,0,1,9,0,6,1,0,4.373648947936903,0,0,https://www.etherscan.io/watch?v=dQw4w9WgXcQ
23,0,0,0,2,0,1,0,0,0.17391304347826086,0,0,8,0,0,0,0,3.762267390651494,0,0,https://ruta1000.com.ar
45,0,0,0,2,1,1,0,0,0.0,0,0,9,0,20,0,0,4.116868585642403,0,0,https://www.swagbucks.com/conditions/diabetes
40,0,0,0,1,0,1,0,0,0.05,0,1,8,0,6,1,0,4.396439344671016,0,0,https://spaceweb.pro/watch?v=dQw4w9WgXcQ
22,0,0,0,1,0,1,0,1,0.13636363636363635,0,0,3,0,8,0,0,3.7544418457133455,0,1,https://bit.ly/4o2hM4s
175,0,0,0,2,1,1,0,0,0.11428571428571428,0,5,6,0,108,3,0,5.591606577738524,0,1,https://docs.google.com/presentation/d/e/2PACX-1vRoY3HKoC5AEMK6_q3Z89kIRBfcXW3zATUY3nDgMHuFkY6TX8ysen7_yLwDERaMersa8pKp9mT6SdcG/pub?start=false&amp;loop=false&amp;delayms=3000
46,0,0,0,2,0,1,0,0,0.0,0,0,8,0,24,0,0,3.993550208065626,0,0,https://kemensos.go.id/docs/forms/d/e/viewform
38,0,0,0,2,1,1,0,0,0.0,0,0,10,0,13,0,0,3.964904158123494,0,0,https://en.denverpost.com/r/technology
39,0,0,0,1,0,1,0,0,0.0,0,0,3,0,24,0,0,3.902936912172668,0,0,https://icq.com/docs/forms/d/e/viewform
28,0,0,0,2,1,1,0,0,0.0,0,0,7,0,6,0,0,4.0836169753972325,0,0,https://en.porkbun.com/login
31,0,0,1,2,1,0,1,0,0.0,0,0,11,0,5,0,0,3.6955011488173954,0,1,http://www.pcn-noticyr.top/com/
20,0,0,0,1,0,1,0,0,0.0,0,0,7,0,1,0,0,3.3841837197791893,0,1,https://rdhtire.net/
29,0,0,0,2,1,1,0,0,0.1724137931034483,0,0,7,0,0,0,0,4.004364184708142,0,1,https://allegro.3000h0h.forum
31,0,0,0,2,1,1,0,0,0.0,0,0,11,0,4,0,0,4.235981390822668,0,0,https://www.brandbucket.com/faq
25,0,0,1,1,0,1,0,0,0.08,0,0,9,0,4,0,0,4.103465189601647,0,0,https://awsdns-23.com/faq
44,0,0,0,2,1,1,0,0,0.0,0,0,9,0,20,0,0,4.062069267379024,0,0,https://www.meteociel.fr/conditions/diabetes
47,0,0,0,2,1,1,0,0,0.0,0,0,11,0,20,0,0,4.161313459010318,0,0,https://www.livechatinc.com/category/news/today
41,0,0,0,4,2,0,0,0,0.0,0,0,6,0,13,0,0,3.8453568826668643,0,1,http://moazed.net.moazed.com/awa/joe.html
25,0,0,0,2,1,1,0,0,0.0,0,0,4,0,5,0,0,3.7532696895151085,0,0,https://docs.snai.it/help
31,0,0,0,2,1,1,0,0,0.0,0,0,6,0,1,0,0,3.913400745661378,0,1,https://mycomcastnet.framer.ai/
26,0,0,1,1,0,1,0,0,0.038461538461538464,0,0,8,0,7,0,0,4.132944044980959,0,1,https://qr-codes.io/Cq6SuC
30,0,0,0,2,1,1,0,0,0.0,0,0,7,0,6,0,0,3.9144093452479405,0,0,https://blog.virginm.net/login
71,0,0,0,3,1,0,0,0,0.11267605633802817,0,0,7,0,26,0,0,4.825027225866496,0,1,http://lkjgfdwertyuiop-5137fsshgs.edgeone.dev/2025NewAldomainindex.html
24,0,0,0,2,1,1,0,0,0.0,0,0,3,0,4,0,0,3.8553885422075336,0,0,https://docs.isc.org/faq
22,0,0,0,1,0,1,0,1,0.045454545454545456,0,0,3,0,8,0,0,3.936260027531527,0,1,https://bit.ly/3UMixTH
28,0,0,0,1,0,1,0,0,0.0,0,0,11,0,5,0,0,3.9677201004744993,0,0,https://ringcentral.com/help
43,0,0,0,2,1,1,0,0,0.06976744186046512,0,1,3,0,6,1,0,4.518833359152008,0,0,https://support.a2z.com/watch?v=dQw4w9WgXcQ
36,0,0,0,2,1,1,0,0,0.0,0,0,6,0,0,0,0,4.0514621540398,0,1,https://promericaweb-iota.vercel.app
21,0,0,1,1,0,1,0,0,0.047619047619047616,0,0,3,0,7,0,0,3.8442328987631917,0,1,https://q-r.to/bfEg7s
35,0,0,0,1,0,1,0,0,0.14285714285714285,0,0,3,0,20,0,0,4.068728288980288,0,0,https://att.com/products/item/10293
35,0,0,0,2,1,1,1,0,0.0,0,0,14,0,0,0,0,4.128724445269142,0,0,https://support.myreadingmanga.info
22,0,0,0,2,1,1,0,0,0.0,0,0,8,0,0,0,0,3.641249800455479,0,0,https://en.fortnite.gg
167,0,0,0,2,1,1,0,0,0.09580838323353294,0,5,6,0,108,3,0,5.465601152922034,0,1,https://docs.google.com/presentation/d/e/2PACX-1vTp6AsboSqcqhsJcv9jXQyPbINUGivfrNU1kX_AgFxtI6ZtpPkAZZxFxnYA0cbvn1_52mY3yAYZZ0_b/pub?start=false&loop=false&delayms=3000
36,0,0,0,2,1,1,0,0,0.0,0,0,3,0,1,0,0,4.141604167868594,0,1,https://flomahensinflowrcho.web.app/
55,0,0,0,2,1,1,0,0,0.0,0,1,7,0,7,1,0,4.237835113714095,0,0,https://www.javrate.com/search?q=cybersecurity+research
22,0,0,0,1,0,1,0,0,0.09090909090909091,0,0,4,0,7,0,0,4.0614821867207755,0,1,https://qrco.de/bgc5S9
45,0,0,0,2,1,1,0,0,0.0,0,0,6,0,21,0,0,4.1000933078165485,0,1,https://sites.google.com/view/webdeblack/home
50,0,0,0,2,1,1,0,0,0.0,0,0,15,0,15,0,0,4.041076880026372,0,0,https://support.speedtestcustom.com/privacy-policy
32,0,0,0,2,1,1,0,0,0.125,0,0,6,0,1,0,0,4.304229296672175,0,1,https://jjikrmmj4556.weebly.com/
30,0,0,0,1,0,1,0,0,0.1,0,0,5,0,14,0,0,4.123231428797621,0,0,https://bazos.sk/dp/B08N5WRWNW
22,0,0,0,2,1,1,0,0,0.0,0,0,6,0,0,0,0,3.6978458230844122,0,0,https://docs.rtbcdn.ru
42,0,0,0,3,1,1,0,0,0.07142857142857142,0,0,10,0,14,0,0,4.415661470191763,0,0,https://en.chinadaily.com.cn/dp/B08N5WRWNW
38,0,0,0,2,1,1,0,0,0.0,0,0,11,0,13,0,0,4.155565013329719,0,0,https://en.trafficnews.jp/r/technology
28,0,0,0,1,0,1,0,1,0.07142857142857142,0,0,7,0,9,0,0,4.226474118254376,0,1,https://tinyurl.com/kha7zh9n
47,0,0,0,2,1,1,0,0,0.0,0,0,6,0,1,0,0,4.250669436461801,0,1,https://secureromaniamailddniportal.weebly.com/
54,0,0,0,2,1,1,0,0,0.0,0,0,13,0,24,0,0,4.126810706591364,0,0,https://blog.mcusercontent.com/docs/forms/d/e/viewform
36,0,0,1,2,1,0,0,0,0.3055555555555556,0,0,17,0,0,0,0,4.239097917988786,0,1,http://allegro.ofert34592512-509.lat
47,0,0,0,2,1,1,0,0,0.06382978723404255,0,0,12,0,20,0,0,4.171743778067191,0,0,https://www.planetwin365.it/category/news/today
20,0,0,1,2,0,1,0,0,0.0,0,0,6,0,0,0,0,3.484183719779189,0,0,https://so-net.ne.jp
29,0,0,0,2,1,1,0,0,0.0,0,0,6,0,1,0,0,4.004364184708142,0,1,https://signnning.weebly.com/
48,0,0,0,2,1,1,0,0,0.0625,0,0,9,0,7,0,0,4.537782031835939,0,1,https://desktp-livelegg.wixstudio.com:443/faq-us
23,0,0,0,2,1,1,0,0,0.08695652173913043,0,0,3,0,7,0,0,3.9690016298759927,0,1,https://l.ead.me/bfKa74
30,0,0,1,1,0,1,0,0,0.0,0,0,14,0,5,0,0,3.9144093452479405,0,0,https://hikvision-cctv.su/help
49,0,0,0,2,1,1,1,0,0.04081632653061224,0,0,7,0,24,0,0,4.351115008178604,0,0,https://docs.manga18.club/docs/forms/d/e/viewform
31,0,0,0,2,1,1,0,0,0.0,0,0,6,0,5,0,0,3.8890495359141695,0,0,https://support.health.mil/news
29,0,0,0,2,1,1,0,0,0.034482758620689655,0,0,8,0,1,0,0,4.0472990984266435,0,1,https://jhgfdgf.w3spaces.com/
50,0,0,1,1,0,1,0,0,0.0,0,1,6,0,7,1,0,4.199079570624175,0,0,https://pv-cdn.net/search?q=cybersecurity+research
22,0,0,0,1,0,1,0,0,0.0,0,0,4,0,7,0,0,3.970573095811685,0,1,https://qrco.de/beoBnL
43,0,0,0,2,1,1,0,0,0.0,0,0,11,0,1,0,0,3.998728057370606,0,1,https://mochicatcollection.firebaseapp.com/
100,0,0,0,6,3,1,0,0,0.03,0,1,9,0,11,1,0,4.718402815334882,0,1,https://drift-agate-douse-young.s3.eu-west-1.amazonaws.com/XphBzUAsn0?email=redacted@abuse.ionos.com
114,0,0,1,2,1,1,0,0,0.17543859649122806,0,4,19,0,67,0,0,4.760503177095686,0,1,https://allegrolokalnie.lokalna-ofera757485.sbs/oferta/Konsola-Sony-PlayStation-5-ma%C5%82o-u%C5%BCywana/572290267
38,0,0,0,2,1,1,0,0,0.05263157894736842,0,1,3,0,6,1,0,4.253863368422077,0,0,https://www.rbc.ru/watch?v=dQw4w9WgXcQ
45,0,0,0,2,1,1,0,0,0.0,0,0,8,0,21,0,0,4.180307540581811,0,0,https://www.soinluck.com/terms-and-conditions
42,0,0,0,2,1,1,0,0,0.11904761904761904,0,0,6,0,20,0,0,4.282098601752791,0,0,https://www.mcafee.com/products/item/10293
60,0,0,1,4,2,1,1,0,0.0,0,0,15,0,15,0,0,4.2488248713524515,0,1,https://www.webmail-aruba.pms-areaclienti.top/auth/index.php
27,0,0,0,2,1,1,0,0,0.0,0,0,10,0,0,0,0,3.6339740759971573,0,0,https://docs.telecomsvc.com
21,0,0,1,1,0,1,0,0,0.0,0,0,3,0,7,0,0,3.7849418274376427,0,1,https://q-r.to/bfYutk
29,0,0,0,2,0,1,0,0,0.0,0,0,9,0,5,0,0,3.788341339656749,0,0,https://amazonaws.com.cn/home
29,0,0,0,1,0,1,0,0,0.10344827586206896,0,0,3,0,14,0,0,4.073329701949521,0,0,https://hrw.org/dp/B08N5WRWNW
18,0,0,0,1,0,1,0,0,0.0,0,0,6,0,0,0,0,3.8365916681089787,0,0,https://boeing.com
44,0,0,0,2,1,1,0,0,0.13636363636363635,0,0,6,0,1,0,0,4.3281944024823575,0,1,https://diplomatic-colors-302626.framer.app/
28,0,0,0,2,1,1,0,0,0.0,0,0,6,0,6,0,0,3.9677201004744993,0,0,https://blog.imgsrc.ru/login
63,0,0,0,3,1,0,0,0,0.36507936507936506,0,0,2,0,13,0,0,4.637539796612487,0,1,http://pub-8c1c14c3b0d64d0099312bb4670f2e23.r2.dev/hjokedd.html
59,0,0,0,2,1,1,0,0,0.1016949152542373,0,0,12,0,30,0,0,4.398763811707016,0,0,https://blog.websitedemos.net/article/2026/05/global-update
60,0,0,0,2,1,1,0,0,0.0,0,1,11,0,7,1,0,4.335976539133002,0,0,https://blog.tripadvisor.com/search?q=cybersecurity+research
30,0,0,0,2,1,1,0,0,0.0,0,0,6,0,1,0,0,4.164735178725505,0,1,https://legion-sro.weebly.com/
58,0,0,0,2,1,1,0,0,0.06896551724137931,0,2,6,0,34,0,0,4.578001151032271,0,1,https://sites.google.com/view/zxsw22/p%C3%A1gina-principal
75,0,0,1,2,1,1,0,0,0.37333333333333335,0,3,16,0,1,2,0,4.828344524633782,0,1,https://us3.campaign-archive.com/?u=b85d45e1218d302f335740257&id=a2a0b22442
23,0,0,0,2,1,1,0,0,0.0,0,0,3,0,7,0,0,3.9690016298759927,0,1,https://l.ead.me/bfQfcT
25,0,0,0,2,1,1,0,0,0.0,0,0,8,0,0,0,0,3.863465189601647,0,0,https://www.filmyfly.luxe
40,0,0,0,2,1,1,0,0,0.0,0,0,9,0,9,0,0,4.275070520364182,0,1,https://ledgr-com.wixstudio.com/en-start
42,0,0,0,1,0,1,0,0,0.11904761904761904,0,0,10,0,20,0,0,4.252453066090017,0,0,https://onaudience.com/products/item/10293
34,0,0,0,1,0,1,0,0,0.0,0,0,7,0,15,0,0,3.984234164652488,0,0,https://dochord.com/privacy-policy
21,0,0,0,1,0,1,0,0,0.0,0,0,4,0,6,0,0,3.7849418274376427,0,0,https://nspk.ru/login
46,0,0,0,2,1,1,0,0,0.0,0,0,9,0,20,0,0,3.944666510772433,0,0,https://docs.dynatrace.com/conditions/diabetes
19,0,0,0,1,0,1,0,0,0.0,0,0,7,0,0,0,0,3.5110854081804272,0,0,https://optimum.net
46,0,0,0,2,1,1,0,0,0.0,0,0,9,0,20,0,0,4.108484044539603,0,0,https://blog.geocities.com/category/news/today
21,0,0,1,1,0,1,0,0,0.0,0,0,3,0,7,0,0,3.939470994001287,0,1,https://q-r.to/bgaKeW
30,0,0,0,1,0,1,0,1,0.0,0,0,7,0,11,0,0,4.148394345536404,0,1,https://tinyurl.com/dftyuioZSS
47,0,0,0,2,1,0,0,0,0.06382978723404255,0,0,5,0,1,0,0,4.554172894046704,0,1,http://sp19ct7-duref-biz-salem-forik.pages.dev/
21,0,0,0,2,1,1,0,0,0.0,0,0,6,0,0,0,0,3.558518613048906,0,0,https://www.topdns.me
27,0,0,0,2,1,1,0,0,0.0,0,0,6,0,5,0,0,3.6800893536948065,0,0,https://blog.google.md/help
44,0,0,0,2,1,1,0,0,0.0,0,0,5,0,20,0,0,3.9622883690707695,0,0,https://support.sport.cz/category/news/today
37,0,0,0,2,1,1,0,0,0.02702702702702703,0,0,8,0,13,0,0,4.100816878908575,0,0,https://www.auth0app.com/r/technology
178,0,0,0,3,1,1,0,0,0.09550561797752809,0,7,6,0,108,4,0,5.537727937320915,0,1,https://docs.google.com/presentation/d/e/2PACX-1vSSC_czL7lpEUrO8RY7qgHYo8pwYZK8dZZZdMTRjEiAj2Nqq1rpTec4Ac9tvSxb0GIlsG5sztqhTcGI/pub?start=false&loop=false&delayms=3000&slide=id.p
40,0,0,0,2,1,1,0,0,0.05,0,0,12,0,1,0,0,4.265311532225103,0,1,https://site-agngjkc19.godaddysites.com/
39,0,0,0,2,1,1,0,0,0.07692307692307693,0,0,11,0,1,0,0,4.128494129663178,0,1,https://mmtttb33-opnn5.firebaseapp.com/
51,0,0,0,3,2,1,0,0,0.0392156862745098,0,0,5,0,22,0,0,4.524791518187557,0,1,https://new.express.adobe.com/webpage/pKfNaAb1XYd2i
27,0,0,0,2,1,1,0,0,0.0,0,0,5,0,6,0,0,3.856196298219379,0,0,https://www.veeam.com/about
50,0,0,0,2,1,0,0,0,0.06,0,0,5,0,1,0,0,4.5283674395583775,0,1,http://sp11ct-helnor-biz8-zarsik-folmer.pages.dev/
32,0,0,0,1,0,1,0,0,0.0,0,0,5,0,16,0,0,4.077819531114783,0,0,https://tilda.ws/in/profile-name
54,0,0,0,2,1,1,0,0,0.018518518518518517,0,0,6,0,1,0,0,4.463246651018016,0,1,https://xn--ortaoueknikniversitesituca-2rd.weebly.com/
36,0,0,0,2,1,1,0,0,0.0,0,0,5,0,15,0,0,4.210777084415067,0,0,https://www.getui.com/privacy-policy
29,0,0,0,2,1,1,0,0,0.0,0,0,8,0,5,0,0,4.021268494903765,0,0,https://blog.vodafone.de/news
84,0,0,0,2,1,1,0,0,0.08333333333333333,0,0,6,0,61,0,0,5.229832416924658,0,1,https://docs.google.com/drawings/d/15e0D3Iki9rDV0akuHrceZNmRnDi2vLhQz_MAbOiufzE/edit
20,0,0,0,1,0,1,0,0,0.0,0,0,8,0,0,0,0,3.584183719779189,0,0,https://mktoresp.com
33,0,0,0,2,1,1,0,0,0.0,0,0,5,0,8,0,0,3.8360819078152044,0,0,https://support.qobuz.com/contact
29,0,0,0,2,1,1,0,0,0.0,0,0,7,0,5,0,0,3.9262723741395074,0,0,https://blog.violity.com/help
22,0,0,0,1,0,1,0,0,0.045454545454545456,0,0,4,0,7,0,0,3.970573095811685,0,1,https://qrco.de/bfHqr0
39,0,0,0,2,1,1,0,0,0.07692307692307693,0,0,9,0,14,0,0,4.50938523151634,0,0,https://www.jetbrains.com/dp/B08N5WRWNW
30,0,0,0,3,1,1,0,0,0.0,0,0,6,0,4,0,0,4.056564762130955,0,0,https://docs.census.gov.in/faq
80,0,0,2,2,0,1,0,0,0.0,0,0,18,0,50,0,0,4.196562083645508,0,1,https://ma-facturation-amz.com/pages/mobile/remboursement/prime/confirmation.php
40,0,0,0,2,1,1,0,0,0.0,0,0,6,1,1,0,0,4.312814895472355,0,1,https://video-share-facebook.weebly.com/
24,0,0,0,1,0,1,0,0,0.0,0,0,11,0,1,0,0,3.7720552088742005,0,1,https://buhtaobmena.com/
22,0,0,0,1,0,1,0,0,0.0,0,0,6,0,4,0,0,3.8453509366224363,0,0,https://tripod.com/faq
26,0,0,0,2,1,1,0,0,0.0,0,0,3,0,1,0,0,3.7192945256669794,0,1,https://frpostale.web.app/
59,0,0,0,2,1,1,0,0,0.0,0,1,11,0,7,1,0,4.00068436394392,0,0,https://docs.europapress.es/search?q=cybersecurity+research
57,0,0,2,2,1,0,0,0,0.14035087719298245,0,0,18,0,10,0,0,4.518962768733495,0,1,http://allegrolokalnie.72122648-oferta-pl.click/dashboard
42,0,0,1,2,1,1,0,0,0.0,0,0,18,0,8,0,0,4.040079624696112,0,0,https://docs.my-personaltrainer.it/contact
22,0,0,0,1,0,1,0,0,0.0,0,0,4,0,7,0,0,4.0614821867207755,0,1,https://qrco.de/bfMqOT
327,0,0,0,4,2,1,0,0,0.1712538226299694,0,11,3,0,7,3,0,5.878731169247329,0,1,https://99i5xfhbb.cc.rs6.net/tn.jsp?f=001FYmP_ZemX5YzjvPMRZlQ6Ocdg93C4pE0z0lbZ3g36RDVB0qwRBTmBOBRC7x1dvBOaHnBtrMw4VVd9p0m6WsgdOsr9KE6Xn_jhQsxCw-4wcz9l8obuX80xvndqj5umV36NRcqculLxd1ebWbQ8Y6-Eg==&amp;c=mxem_A6nm2X5NzT3wl7Xc4rLImoPem40-Xi1xCa-SNJ2ph-2eCeWbQ==&amp;ch=&amp;__=abs/rp/ItCMKHtGnUt8xaI/c2FzY2hhQGlwc2EtaW5zdGl0dXQuY29t
21,0,0,1,1,0,1,0,0,0.047619047619047616,0,0,3,0,7,0,0,3.8442328987631917,0,1,https://q-r.to/bgaea3
42,0,0,0,2,1,1,0,0,0.047619047619047616,0,1,6,0,6,1,0,4.39768795823549,0,0,https://docs.hotjar.io/watch?v=dQw4w9WgXcQ
62,0,0,2,2,1,1,0,0,0.0967741935483871,0,0,8,0,1,0,0,5.127031592400677,0,1,https://e-stat.cn-pc-tg.com/?qbQ906BMEZSVfaqYPt7u1r6X?DHnKpGxs
21,0,0,1,1,0,1,0,0,0.0,0,0,3,0,7,0,0,3.8442328987631917,0,1,https://q-r.to/bfHsSj
43,0,0,0,2,1,1,0,0,0.023255813953488372,0,0,7,0,1,0,0,4.0328659881696876,0,1,https://marked-indigo-o5oteekn.edgeone.dev/
59,0,0,0,2,1,1,0,0,0.0,0,1,10,0,7,1,0,4.145295702514081,0,0,https://docs.meteomedia.com/search?q=cybersecurity+research
23,0,0,0,1,0,1,0,0,0.0,0,0,10,0,1,0,0,3.936180434129755,0,1,https://towerbanks.com/
44,0,0,0,3,1,1,0,0,0.022727272727272728,0,0,11,0,11,0,0,4.373648947936903,0,1,https://www2-loja.webcindario.com/index.html
40,0,0,0,2,1,1,0,0,0.0,0,0,9,0,6,0,0,4.018453957701922,0,1,https://startsuitapp.wixstudio.com/en-us
31,0,0,0,1,0,0,0,0,0.0,0,0,14,0,6,0,0,4.0022680844408445,0,1,http://reschiastudios.com/-fr-/
38,0,0,0,1,0,1,0,0,0.02631578947368421,0,0,5,1,18,0,0,4.523986065961298,0,1,https://share.google/OJJtcEEu0xOafMXGH
34,0,0,0,2,1,0,0,0,0.17647058823529413,0,0,6,0,0,0,0,4.182907326480826,0,1,http://allegrolokalnie.123210.shop
46,0,0,0,2,1,1,0,0,0.0,0,0,9,0,6,0,0,4.2924925977289545,0,1,https://learn-trezre-pages.wixstudio.com/pages
32,0,0,0,2,1,1,0,0,0.0,0,0,16,0,0,0,0,3.8667292966721747,0,0,https://www.truepeoplesearch.com
45,0,0,0,2,1,1,0,0,0.0,0,0,10,0,20,0,0,3.9332094188315057,0,0,https://en.igodigital.com/conditions/diabetes
22,0,0,0,2,1,1,0,0,0.0,0,0,8,0,0,0,0,3.8796640049025943,0,0,https://en.bahalmag.ir
175,0,0,0,2,1,1,0,0,0.11428571428571428,0,5,6,0,108,3,0,5.587086374046027,0,1,https://docs.google.com/presentation/d/e/2PACX-1vR-WoIt3foaUjrURnfBGNQdxqvhj70YMjCTZ3ojbp3qQKECbZ0JBZuvQByHoEzf51RUG642sLJ9Ya04/pub?start=false&amp;loop=false&amp;delayms=3000
21,0,0,1,1,0,1,0,0,0.0,0,0,3,0,7,0,0,3.8442328987631917,0,1,https://q-r.to/bgcCfc
49,0,0,0,2,1,1,0,0,0.0,0,0,10,0,24,0,0,3.941440846522543,0,0,https://en.userreport.com/docs/forms/d/e/viewform
23,0,0,0,2,1,1,0,0,0.0,0,0,3,0,7,0,0,4.0559581516151235,0,1,https://l.ead.me/bfYJHP
32,0,0,0,2,1,1,0,0,0.0625,0,0,6,0,1,0,0,4.140319531114783,0,1,https://decesinfos44.weebly.com/
21,0,0,0,1,0,1,0,0,0.0,0,0,9,0,0,0,0,3.9754180179138334,0,0,https://tendawifi.com
74,0,0,0,2,1,1,0,0,0.05405405405405406,0,0,7,0,51,0,0,5.013460210709789,0,1,https://www.dropbox.com/l/AABfhVB_8E2h8Y3nMVTYeTRuyrQdNm_-ErA/report_abuse
173,0,0,0,2,1,1,0,0,0.06358381502890173,0,5,6,0,108,3,0,5.492536991134464,0,1,https://docs.google.com/presentation/d/e/2PACX-1vQw7HnyuwkToHHQJ1uQmTJqJGReq-kjh1ZFlMKG60kSmdEBTGrXdmPmaNoLXm-hzqUcZccghbHUSsZg/pub?start=true&amp;loop=true&amp;delayms=1000
114,0,0,0,2,1,1,0,0,0.07017543859649122,0,0,6,0,89,0,0,5.3308501069961585,0,1,https://script.google.com/macros/s/AKfycbyUw9kqy9_IjV0LCKJ_pcuayPVzDheN06lRltfQuURPhI0cbCyzP4dIccwFZtpRv2cdfQ/exec
64,0,0,1,2,1,1,0,0,0.0,0,0,20,0,0,0,0,4.05246157888382,0,1,https://relanceclient-espacevitales.renewoptions-abonnes.digital
26,0,0,1,1,0,1,0,0,0.038461538461538464,0,0,8,0,7,0,0,4.103909910282364,0,1,https://qr-codes.io/1uJcBs
22,0,0,0,1,0,1,0,0,0.0,0,0,4,0,7,0,0,4.0614821867207755,0,1,https://qrco.de/bfDMDT
24,0,0,0,1,0,1,0,0,0.0,0,0,8,0,3,0,0,3.720175521464345,0,1,https://corireos.bond/bo
37,0,0,0,2,1,1,0,0,0.0,0,0,6,0,1,0,0,4.121219243831912,0,1,https://roundcbecorreomxx.weebly.com/
49,0,0,0,1,0,1,0,0,0.12244897959183673,0,0,7,0,30,0,0,4.280340905640633,0,0,https://calameo.com/article/2026/05/global-update
34,0,0,0,3,1,1,0,0,0.0,0,0,10,0,5,0,0,4.152920561520418,0,0,https://blog.lloydsbank.co.uk/news
175,0,0,0,2,1,1,0,0,0.12571428571428572,0,5,6,0,108,3,0,5.690821307046714,0,1,https://docs.google.com/presentation/d/e/2PACX-1vTj97f0YP7ddnT8KwUKxup3_6vHyA8PJVqII2_-tSL5EanFkXZISphC_92xs7O5jRSFXdsO34hD-MyL/pub?start=false&amp;loop=false&amp;delayms=3000
43,0,0,0,2,1,1,0,0,0.0,0,0,10,0,16,0,0,4.175696440497044,0,0,https://blog.geocaching.com/in/profile-name
35,0,0,1,2,1,0,0,0,0.05714285714285714,0,0,8,0,0,0,0,4.171860873964197,0,1,http://allegrolokainie.pl-pg2i1.sbs
28,0,0,0,2,1,1,0,0,0.0,0,0,6,0,5,0,0,3.7264741182543757,0,0,https://blog.dssott.com/help
22,0,0,0,1,0,1,0,0,0.0,0,0,4,0,7,0,0,4.0614821867207755,0,1,https://qrco.de/bfUwbL
23,0,0,0,2,1,1,0,0,0.0,0,0,6,0,0,0,0,3.8820451081368623,0,0,https://blog.matrix.org
39,0,0,0,2,1,1,0,0,0.0,0,0,8,0,16,0,0,4.150410872541982,0,0,https://www.ratkojat.fi/in/profile-name
47,0,0,0,2,1,1,0,0,0.06382978723404255,0,0,9,0,6,0,0,4.314915181326778,0,1,https://homeapps-trexre.wixstudio.com:443/us-en
27,0,0,0,2,1,1,0,0,0.0,0,0,6,0,5,0,0,3.884155094595804,0,0,https://docs.dellin.ru/help
23,0,0,0,2,1,1,0,0,0.0,0,0,8,0,0,0,0,3.8820451081368623,0,0,https://en.pubmatic.com
33,0,0,0,2,1,0,0,0,0.18181818181818182,0,0,6,0,0,0,0,4.101381529092886,0,1,http://allegrolokalnie.239420.lat
63,0,0,0,2,1,1,0,0,0.031746031746031744,0,1,9,0,9,1,0,5.0107108284272,0,1,https://www.guanchun2.com/SEycdLtg?uid=smx3kLVnhNbuCfmyEzZuWvRp
25,0,0,0,2,1,1,0,0,0.0,0,0,7,0,1,0,0,3.6692750707107136,0,1,https://mt.govgfrt.autos/
25,0,0,0,2,1,1,0,0,0.0,0,0,5,0,5,0,0,3.733660689688186,0,0,https://www.found.io/news
30,0,0,0,1,0,1,0,0,0.0,0,0,12,0,6,0,0,3.872905595320056,0,0,https://asurahosting.com/about
37,0,0,0,1,0,1,0,0,0.13513513513513514,0,0,6,0,20,0,0,4.226628285180294,0,0,https://google.cl/products/item/10293
29,0,0,0,2,1,1,0,0,0.0,0,0,7,0,5,0,0,3.551970547509392,0,0,https://docs.nexcess.net/news
37,0,0,0,2,1,1,0,0,0.02702702702702703,0,0,9,0,5,0,0,3.918252351823076,0,0,https://support.mp4moviez.soccer/home
28,0,0,0,2,1,1,1,0,0.0,0,0,6,0,1,0,0,3.624518654958899,0,1,https://vitejte.square.site/
40,0,0,0,2,1,1,0,0,0.0,0,0,11,0,1,0,0,4.106198332810095,0,1,https://ee-help-account.firebaseapp.com/
39,0,0,0,2,1,1,0,0,0.0,0,0,4,0,1,0,0,3.996564718695828,0,1,https://holmescommunitycollege.ukit.me/
62,0,0,0,3,1,1,0,0,0.3870967741935484,0,0,2,0,11,0,0,4.604348173746375,0,1,https://pub-e2cd3b66c3224213923d1209ac941b05.r2.dev/index.html
84,0,0,0,2,1,1,0,0,0.11904761904761904,0,0,6,0,61,0,0,5.113437399383277,0,1,https://docs.google.com/drawings/d/1EeBv3voLib1reuvq6sfE5HAIXoxLU3l0bg6Z0xU9oNY/edit
37,0,0,0,2,1,1,0,0,0.0,0,0,6,0,16,0,0,3.979459446593087,0,0,https://en.pstatp.com/in/profile-name
23,0,0,0,2,1,1,0,0,0.0,0,0,3,0,7,0,0,4.0559581516151235,0,1,https://l.ead.me/bgcUEX
43,0,0,0,2,1,1,0,0,0.0,0,0,9,0,6,0,0,4.065117661376963,0,1,https://page-appssuites.wixstudio.com/us-en
40,0,0,0,2,1,1,0,0,0.0,0,0,5,0,15,0,0,4.162814895472356,0,0,https://support.gccdn.net/privacy-policy
313,0,0,0,7,3,1,0,0,0.3738019169329074,0,15,9,0,11,0,0,5.000133701434828,0,1,https://secure-ionos.s3.us-east-2.amazonaws.com/index.html#cmVkYWN0ZWRAaW9ub3MuY29t&em=cmd=login_submit&id=222223145.42469946&session=487f7b22f68312d2c1bbc93b1aea445b487f7b22f68312d2c1bbc93b1aea445b&em=cmd=login_submit&id=1228985759.5327299&session=487f7b22f68312d2c1bbc93b1aea445b487f7b22f68312d2c1bbc93b1aea445b
43,0,0,0,2,1,1,0,0,0.20930232558139536,0,0,5,0,1,0,0,4.565344987058984,0,1,https://hl2-6c24ke-3kdno8-l26fx1.pages.dev/
27,0,0,0,2,1,1,0,0,0.0,0,0,4,0,6,0,0,3.9582291686698783,0,1,https://www.kisa.link/rhfSz
28,0,0,0,1,0,1,0,0,0.0,0,0,4,0,13,0,0,3.797902689682947,0,0,https://csic.es/r/technology
31,0,0,0,2,1,1,0,0,0.16129032258064516,0,0,6,0,1,0,0,4.1958164715376185,0,1,https://xfinit11211.weebly.com/
46,0,0,0,2,1,1,0,0,0.0,0,0,6,0,24,0,0,4.012131794419394,0,0,https://www.huawei.com/docs/forms/d/e/viewform
30,0,0,0,2,1,1,0,0,0.0,0,0,8,0,5,0,0,3.8565647621309544,0,0,https://docs.mzstatic.com/news
